{
  "key_points": {
    "shoulders": [
      -0.06084653389767017,
      0.5249753855462427,
      -0.0985614136967197
    ],
    "elbows": [
      0.19314328195808395,
      0.48744877395985003,
      -0.045859977544734414
    ],
    "wrists": [
      0.33022955637922646,
      0.3532104328228144,
      -0.010444051761426223
    ],
    "hips": [
      -0.14234424539985535,
      0.46082633213411817,
      0.003565600664727331
    ],
    "knees": [
      0.131429098006818,
      0.22693639127652687,
      -0.06317092462774218
    ],
    "ankles": [
      0.08327597202872711,
      0.11878670778368644,
      0.009824604130094144
    ]
  },
  "angles": {
    "knee": 112.60309373330425,
    "hip": 116.07945125812547,
    "shoulder": 16.35582795202506,
    "elbow": 15.880062247173615
  },
  "analysis_scores": {
    "alignment": 0.9955501680290125,
    "balance": 0.9503321652761965,
    "form": 0.8617923725092054,
    "stability": 0.6149813866477706,
    "coordination": 0.7743902101093748,
    "precision": 0.9943529104278731,
    "power": 0.9853257147187081,
    "efficiency": 0.9724646743266726,
    "safety": 0.7909576424747337,
    "overall": 0.9354802466170681,
    "shoulder": 0.939771865711805,
    "elbow": 0.72951485734953,
    "wrist": 0.6363844146192641,
    "hip": 0.7451663478292576,
    "knee": 0.7153113425911092,
    "ankle": 0.6191356772852501,
    "back": 0.6829982887888435,
    "neck": 0.937678673165667
  },
  "recommendations": {
    "form": "Good form, continue practicing with current technique",
    "alignment": "Good alignment, maintain current technique",
    "stability": "Good stability, continue with current technique",
    "power": "Good power output, maintain current intensity"
  },
  "safety_considerations": []
}