{
  "power_generation": {
    "explosiveness": 0.5062355368070927,
    "force_transfer": 0.554882113400424,
    "efficiency": 0.9111943537358407
  },
  "technical_metrics": {
    "precision": 0.6258952627231027,
    "consistency": 0.9498103496837392,
    "fluidity": 0.6827679598175275
  },
  "biomechanical_metrics": {
    "joint_loading": 0.9391844645527717,
    "muscle_activation": 0.6255932135700464,
    "energy_efficiency": 0.8775694909465839
  }
}