{
  "key_points": {
    "shoulders": [
      -0.1658467208402964,
      0.5637104793718439,
      -0.08292281179977011
    ],
    "elbows": [
      -0.05752552615251899,
      0.5273822037384169,
      0.06415176894699967
    ],
    "wrists": [
      0.04929505780802479,
      0.36657313523632873,
      -0.08446400743546939
    ],
    "hips": [
      8.275962436191109e-05,
      0.46873386186194554,
      -0.07892208711349687
    ],
    "knees": [
      -0.1928262128196708,
      0.25290838704533014,
      0.008723516011985843
    ],
    "ankles": [
      -0.16419014747177468,
      0.15100200274140682,
      0.09932815112104368
    ]
  },
  "angles": {
    "knee": 45.32386257247063,
    "hip": 75.5321409967437,
    "shoulder": 41.78174444927491,
    "elbow": 60.666592600381136
  },
  "analysis_scores": {
    "alignment": 0.9293764564415862,
    "balance": 0.6454108949769707,
    "form": 0.7695939993900485,
    "stability": 0.8143226050129488,
    "coordination": 0.8443626070787236,
    "precision": 0.8738121725626212,
    "power": 0.945165199736099,
    "efficiency": 0.9582989080270536,
    "safety": 0.7346611823387998,
    "overall": 0.9644850408390733,
    "shoulder": 0.7104288249838594,
    "elbow": 0.9417435259477024,
    "wrist": 0.6237606632038515,
    "hip": 0.9093447088656179,
    "knee": 0.7402635244845438,
    "ankle": 0.6781048721856834,
    "back": 0.9579399506726798,
    "neck": 0.8391017719753069
  },
  "recommendations": {
    "form": "Focus on maintaining proper joint angles during movement",
    "alignment": "Work on maintaining symmetrical movement patterns",
    "stability": "Good stability, continue with current technique",
    "power": "Good power output, maintain current intensity"
  },
  "safety_considerations": []
}