{
  "power_generation": {
    "explosiveness": 0.7434147533751261,
    "force_transfer": 0.6819566908972057,
    "efficiency": 0.9628192101321197
  },
  "technical_metrics": {
    "precision": 0.604294307096338,
    "consistency": 0.6970906325793425,
    "fluidity": 0.5555110474110955
  },
  "biomechanical_metrics": {
    "joint_loading": 0.5266499071922337,
    "muscle_activation": 0.7526284602996038,
    "energy_efficiency": 0.9022084297914168
  }
}