{
  "key_points": {
    "shoulders": [
      -0.17400873891720622,
      0.5089182515944948,
      -0.07174924933952297
    ],
    "elbows": [
      0.1575090059613355,
      0.4641437440371812,
      0.08820732490757985
    ],
    "wrists": [
      0.10054506512556449,
      0.37068609805850317,
      -0.07462127448537947
    ],
    "hips": [
      -0.027710190506434806,
      0.3032930237329785,
      0.043418925865722324
    ],
    "knees": [
      -0.2043421375533701,
      0.26063816482297925,
      -0.08083504673060433
    ],
    "ankles": [
      -0.23002545394512303,
      0.10663543188283729,
      -0.011888178029236168
    ]
  },
  "angles": {
    "knee": 88.08429873394311,
    "hip": 101.51078798761515,
    "shoulder": 52.13566088391948,
    "elbow": 163.043583886816
  },
  "analysis_scores": {
    "alignment": 0.7331155962145632,
    "balance": 0.8644751702070943,
    "form": 0.8119275263629695,
    "stability": 0.7300224461427565,
    "coordination": 0.8060258853660695,
    "precision": 0.6576863169273905,
    "power": 0.839121990979892,
    "efficiency": 0.7606182874598919,
    "safety": 0.6398917812992873,
    "overall": 0.7051866514750604,
    "shoulder": 0.993212986127146,
    "elbow": 0.697848931503037,
    "wrist": 0.8789386770025016,
    "hip": 0.7384853660980701,
    "knee": 0.7195432597647726,
    "ankle": 0.9298406852115579,
    "back": 0.875401648137893,
    "neck": 0.8859897703444557
  },
  "recommendations": {
    "form": "Good form, continue practicing with current technique",
    "alignment": "Work on maintaining symmetrical movement patterns",
    "stability": "Good stability, continue with current technique",
    "power": "Good power output, maintain current intensity"
  },
  "safety_considerations": [
    "Maintain proper hip alignment for movement"
  ]
}