{
  "power_generation": {
    "explosiveness": 0.8478126880288865,
    "force_transfer": 0.8984205008958407,
    "efficiency": 0.9061939418159951
  },
  "technical_metrics": {
    "precision": 0.9541962744255315,
    "consistency": 0.878885884739369,
    "fluidity": 0.8747981537383673
  },
  "biomechanical_metrics": {
    "joint_loading": 0.72591318507224,
    "muscle_activation": 0.6970056352690241,
    "energy_efficiency": 0.8093527143552596
  }
}