{
  "key_points": {
    "shoulders": [
      -0.05799137879412841,
      0.5543142340162528,
      -0.09556263179723207
    ],
    "elbows": [
      -0.1280291988688244,
      0.5190295013171158,
      -0.01445052930763871
    ],
    "wrists": [
      -0.0752922631926255,
      0.3935455393059168,
      -0.06316568565688059
    ],
    "hips": [
      0.033902800773513236,
      0.4507075400440401,
      -0.08384521348094504
    ],
    "knees": [
      -0.2511845264325268,
      0.3840457186453773,
      0.040405306598315704
    ],
    "ankles": [
      0.16102449454597856,
      0.19506518154132302,
      0.09415963738089425
    ]
  },
  "angles": {
    "knee": 130.02721855995415,
    "hip": 92.81049803802338,
    "shoulder": 44.59773311904549,
    "elbow": 101.66900480204627
  },
  "analysis_scores": {
    "alignment": 0.6505807818630133,
    "balance": 0.8071715059816341,
    "form": 0.7749157703201877,
    "stability": 0.886280319202229,
    "coordination": 0.8373717049713842,
    "precision": 0.9630387707196894,
    "power": 0.8627359138960696,
    "efficiency": 0.7360811521039501,
    "safety": 0.8253647219638262,
    "overall": 0.9045959338024837,
    "shoulder": 0.9158733953596001,
    "elbow": 0.8565469103459336,
    "wrist": 0.7176928270370452,
    "hip": 0.6415328029571358,
    "knee": 0.7805172942663295,
    "ankle": 0.705308187597878,
    "back": 0.8799137147978429,
    "neck": 0.6112829431372445
  },
  "recommendations": {
    "form": "Good form, continue practicing with current technique",
    "alignment": "Good alignment, maintain current technique",
    "stability": "Good stability, continue with current technique",
    "power": "Good power output, maintain current intensity"
  },
  "safety_considerations": []
}