{
  "power_generation": {
    "explosiveness": 0.7402420288517703,
    "force_transfer": 0.9071874612380622,
    "efficiency": 0.9100003030926728
  },
  "technical_metrics": {
    "precision": 0.7367420551764472,
    "consistency": 0.7500860626257345,
    "fluidity": 0.9241488479773311
  },
  "biomechanical_metrics": {
    "joint_loading": 0.7674182193784573,
    "muscle_activation": 0.5966830208824563,
    "energy_efficiency": 0.585358588014268
  }
}