{
  "key_points": {
    "shoulders": [
      -0.06368419997578992,
      0.5905309273245789,
      0.07039821961530687
    ],
    "elbows": [
      0.29165809816552984,
      0.5383456434930248,
      0.08673811454237695
    ],
    "wrists": [
      0.31509889034347305,
      0.49423986611070625,
      -0.08007041420816441
    ],
    "hips": [
      0.19308717086418836,
      0.4116873235875832,
      -0.07597530938311524
    ],
    "knees": [
      -0.013577870598274422,
      0.29180935495269256,
      -0.09405706661322011
    ],
    "ankles": [
      -0.03400282972971436,
      0.13170107808685322,
      -0.019731931762045657
    ]
  },
  "angles": {
    "knee": 65.31913265721816,
    "hip": 105.90221076737356,
    "shoulder": 83.76440314384703,
    "elbow": 85.53879266578807
  },
  "analysis_scores": {
    "alignment": 0.7944450508046861,
    "balance": 0.9076348977348,
    "form": 0.821594779476366,
    "stability": 0.9320891127421358,
    "coordination": 0.6424423118069075,
    "precision": 0.977417250999667,
    "power": 0.934598829307005,
    "efficiency": 0.768599034692154,
    "safety": 0.8910105728773211,
    "overall": 0.9018000278470908,
    "shoulder": 0.9434108514246367,
    "elbow": 0.650254780476724,
    "wrist": 0.7695372406459751,
    "hip": 0.9388809369809921,
    "knee": 0.8946733410480558,
    "ankle": 0.8919715228561276,
    "back": 0.8101516507590731,
    "neck": 0.9410061024304517
  },
  "recommendations": {
    "form": "Good form, continue practicing with current technique",
    "alignment": "Work on maintaining symmetrical movement patterns",
    "stability": "Good stability, continue with current technique",
    "power": "Consider increasing intensity gradually"
  },
  "safety_considerations": [
    "Focus on proper shoulder mechanics for accurate passing"
  ]
}