{
  "power_generation": {
    "explosiveness": 0.5116763527183663,
    "force_transfer": 0.923744391168246,
    "efficiency": 0.5410979838246559
  },
  "technical_metrics": {
    "precision": 0.8088287302323108,
    "consistency": 0.9024492359086491,
    "fluidity": 0.9526278138914703
  },
  "biomechanical_metrics": {
    "joint_loading": 0.6155461912508206,
    "muscle_activation": 0.7469353754018526,
    "energy_efficiency": 0.7139917134254921
  }
}