{
  "key_points": {
    "shoulders": [
      -0.027306711962611058,
      0.5726894493537062,
      0.0006920114153168011
    ],
    "elbows": [
      0.181467344127074,
      0.5925297800174809,
      0.07518443415787546
    ],
    "wrists": [
      -0.1015847714523811,
      0.49084209398083617,
      0.08406792782615682
    ],
    "hips": [
      0.056232691085675635,
      0.4645948245853008,
      -0.095267729971224
    ],
    "knees": [
      -0.1823424451015958,
      0.231066286305727,
      -0.09169894957696996
    ],
    "ankles": [
      0.36421343832196595,
      0.11403656256948957,
      -0.01816794583594894
    ]
  },
  "angles": {
    "knee": 49.589238611906865,
    "hip": 62.66265929713097,
    "shoulder": 17.173328217559934,
    "elbow": 37.83959756997614
  },
  "analysis_scores": {
    "alignment": 0.6138507317772882,
    "balance": 0.8973038874000877,
    "form": 0.8019257945858355,
    "stability": 0.8296505025684723,
    "coordination": 0.9253383338107767,
    "precision": 0.7058619966068123,
    "power": 0.9006765996602911,
    "efficiency": 0.6195310204256511,
    "safety": 0.8152289656623155,
    "overall": 0.9279722028903209,
    "shoulder": 0.653070507795467,
    "elbow": 0.6179121961713631,
    "wrist": 0.9086748134974368,
    "hip": 0.611938922227406,
    "knee": 0.8691213400876421,
    "ankle": 0.8751103806316856,
    "back": 0.7308893924815428,
    "neck": 0.9355931220186988
  },
  "recommendations": {
    "form": "Good form, continue practicing with current technique",
    "alignment": "Good alignment, maintain current technique",
    "stability": "Good stability, continue with current technique",
    "power": "Good power output, maintain current intensity"
  },
  "safety_considerations": []
}