{
  "power_generation": {
    "explosiveness": 0.8937395008040807,
    "force_transfer": 0.7587568495339332,
    "efficiency": 0.7664256955154926
  },
  "technical_metrics": {
    "precision": 0.8723001422225523,
    "consistency": 0.9855415202980586,
    "fluidity": 0.6169610655763633
  },
  "biomechanical_metrics": {
    "joint_loading": 0.6006499701814078,
    "muscle_activation": 0.8066380587637735,
    "energy_efficiency": 0.7338393332880218
  }
}