{
  "key_points": {
    "shoulders": [
      0.17974451926261453,
      0.5661625592306295,
      0.03526113267224523
    ],
    "elbows": [
      -0.125168274216946,
      0.5440457708199453,
      -0.053926417178459855
    ],
    "wrists": [
      0.059689333055653104,
      0.46199568536185026,
      0.09751368349701417
    ],
    "hips": [
      0.0613496770998504,
      0.36451935498776983,
      -0.08611104237456689
    ],
    "knees": [
      -0.009120723638836925,
      0.3007795681819388,
      -0.01628863983116538
    ],
    "ankles": [
      0.06174432328094098,
      0.273879919332791,
      0.07897616996729392
    ]
  },
  "angles": {
    "knee": 21.936298566285505,
    "hip": 75.3764033493711,
    "shoulder": 24.150999357802228,
    "elbow": 98.75397857709576
  },
  "analysis_scores": {
    "alignment": 0.6976732418245011,
    "balance": 0.6784165339881828,
    "form": 0.7789064913090065,
    "stability": 0.9264993011837066,
    "coordination": 0.71234577480457,
    "precision": 0.8732008615999728,
    "power": 0.9518316476931621,
    "efficiency": 0.8866470710374638,
    "safety": 0.9013794835066994,
    "overall": 0.6059254009712564,
    "shoulder": 0.6636453866342803,
    "elbow": 0.7690431580867719,
    "wrist": 0.8318769322719474,
    "hip": 0.6977016337722592,
    "knee": 0.8919083116620263,
    "ankle": 0.9898719336662012,
    "back": 0.7649708949182257,
    "neck": 0.9206553146244986
  },
  "recommendations": {
    "form": "Good form, continue practicing with current technique",
    "alignment": "Good alignment, maintain current technique",
    "stability": "Good stability, continue with current technique",
    "power": "Good power output, maintain current intensity"
  },
  "safety_considerations": [
    "Maintain proper hip rotation"
  ]
}