{
  "power_generation": {
    "explosiveness": 0.6179922499281475,
    "force_transfer": 0.8521867590108017,
    "efficiency": 0.6686749658178434
  },
  "technical_metrics": {
    "precision": 0.8002345915054814,
    "consistency": 0.7524923892096688,
    "fluidity": 0.5450398716983162
  },
  "biomechanical_metrics": {
    "joint_loading": 0.5926566791374435,
    "muscle_activation": 0.815458995668985,
    "energy_efficiency": 0.8364432002558291
  }
}