{
  "power_generation": {
    "explosiveness": 0.5064878492974116,
    "force_transfer": 0.7593884600205488,
    "efficiency": 0.9552452252841546
  },
  "technical_metrics": {
    "precision": 0.8912416194619006,
    "consistency": 0.8380726445987489,
    "fluidity": 0.8527321008561557
  },
  "biomechanical_metrics": {
    "joint_loading": 0.6927960584312242,
    "muscle_activation": 0.5149581159815517,
    "energy_efficiency": 0.5207626193721249
  }
}