{
  "key_points": {
    "shoulders": [
      0.18413191144639346,
      0.6539765784698616,
      0.07777029278627054
    ],
    "elbows": [
      0.2555592090329977,
      0.5977077370133627,
      -0.08592606591761842
    ],
    "wrists": [
      0.14837769577315052,
      0.37134887640841896,
      -0.05317704559482875
    ],
    "hips": [
      0.18195385529434616,
      0.37320442596610015,
      0.046165920843557334
    ],
    "knees": [
      0.18198994278515845,
      0.23581038170558738,
      0.0042297603091763225
    ],
    "ankles": [
      -0.14964378117591776,
      0.14412272812946814,
      -0.051214144855221334
    ]
  },
  "angles": {
    "knee": 115.76378616224214,
    "hip": 80.4977985196086,
    "shoulder": 63.76959136778268,
    "elbow": 134.0267532144823
  },
  "analysis_scores": {
    "alignment": 0.8759892888636203,
    "balance": 0.712138958390713,
    "form": 0.9388743605104012,
    "stability": 0.7612844985630656,
    "coordination": 0.779976435280889,
    "precision": 0.7894581227842412,
    "power": 0.8004840702942939,
    "efficiency": 0.9355276976009623,
    "safety": 0.7755465724303956,
    "overall": 0.6178446429672028,
    "shoulder": 0.7693681016784129,
    "elbow": 0.6361703729878849,
    "wrist": 0.6561678381178857,
    "hip": 0.9697445632329555,
    "knee": 0.908359134490839,
    "ankle": 0.7138849542640645,
    "back": 0.893572656799634,
    "neck": 0.6920652837436146
  },
  "recommendations": {
    "form": "Good form, continue practicing with current technique",
    "alignment": "Good alignment, maintain current technique",
    "stability": "Good stability, continue with current technique",
    "power": "Good power output, maintain current intensity"
  },
  "safety_considerations": [
    "Consider reducing jump height to prevent joint stress"
  ]
}