{
  "power_generation": {
    "explosiveness": 0.782898049356187,
    "force_transfer": 0.8128115936422895,
    "efficiency": 0.6123549950707934
  },
  "technical_metrics": {
    "precision": 0.74313899624371,
    "consistency": 0.7987601927413539,
    "fluidity": 0.9308194957764974
  },
  "biomechanical_metrics": {
    "joint_loading": 0.6043320554487032,
    "muscle_activation": 0.9279952151137602,
    "energy_efficiency": 0.9209275911671128
  }
}