{
  "key_points": {
    "shoulders": [
      -0.09826222787130537,
      0.5275746682237179,
      -0.08551123592368
    ],
    "elbows": [
      -0.27773055332754687,
      0.5676875632116162,
      0.0708794412267687
    ],
    "wrists": [
      0.24609203268406865,
      0.4713060265294991,
      0.01836836898380323
    ],
    "hips": [
      0.18238318228913575,
      0.35950909022263805,
      -0.0495222976739991
    ],
    "knees": [
      -0.15341673362192992,
      0.35714129997588223,
      -0.08596482011319531
    ],
    "ankles": [
      0.04912565850314243,
      0.27978893937192745,
      0.04105051117573147
    ]
  },
  "angles": {
    "knee": 52.32665523291994,
    "hip": 74.73707206176746,
    "shoulder": 31.03905115795434,
    "elbow": 75.89724872448518
  },
  "analysis_scores": {
    "alignment": 0.9316735207944914,
    "balance": 0.741684322502282,
    "form": 0.6576804917998923,
    "stability": 0.968613154939025,
    "coordination": 0.690738062851575,
    "precision": 0.674952259833159,
    "power": 0.832295125590858,
    "efficiency": 0.8883487798303699,
    "safety": 0.609970325857808,
    "overall": 0.8246925285411398,
    "shoulder": 0.7263619642667869,
    "elbow": 0.6317414165478256,
    "wrist": 0.6932850815719586,
    "hip": 0.8723888828685877,
    "knee": 0.6804663238022531,
    "ankle": 0.6286266757331251,
    "back": 0.7163385956485163,
    "neck": 0.8948881592166003
  },
  "recommendations": {
    "form": "Good form, continue practicing with current technique",
    "alignment": "Good alignment, maintain current technique",
    "stability": "Good stability, continue with current technique",
    "power": "Good power output, maintain current intensity"
  },
  "safety_considerations": [
    "Maintain hip stability to prevent groin injuries"
  ]
}