{
  "power_generation": {
    "explosiveness": 0.7407105918265458,
    "force_transfer": 0.9257170459830103,
    "efficiency": 0.5949352267409809
  },
  "technical_metrics": {
    "precision": 0.5591531878349455,
    "consistency": 0.6744324999925695,
    "fluidity": 0.5785101531396932
  },
  "biomechanical_metrics": {
    "joint_loading": 0.6154165680994581,
    "muscle_activation": 0.550572021428241,
    "energy_efficiency": 0.5267313265093825
  }
}