{
  "key_points": {
    "shoulders": [
      -0.0327170896087928,
      0.6726468519365725,
      -0.09629150868980887
    ],
    "elbows": [
      0.0077506553671957135,
      0.581455014667176,
      0.06286822358540303
    ],
    "wrists": [
      -0.04515475010434811,
      0.36433536140238487,
      -0.07957070340560146
    ],
    "hips": [
      -0.15350666660345605,
      0.44833172777054003,
      -0.03460060033900776
    ],
    "knees": [
      -0.13594680989313454,
      0.21362584985629582,
      -0.008794181741392168
    ],
    "ankles": [
      0.020613089953540942,
      0.15439860904981423,
      0.036396269956187194
    ]
  },
  "angles": {
    "knee": 43.98379183552335,
    "hip": 56.584118327075934,
    "shoulder": 52.56045414138719,
    "elbow": 146.23664955867676
  },
  "analysis_scores": {
    "alignment": 0.8319223565441011,
    "balance": 0.621084375073023,
    "form": 0.7513169737153401,
    "stability": 0.9879137499399158,
    "coordination": 0.9356688027687371,
    "precision": 0.9926245510006784,
    "power": 0.9105691252155771,
    "efficiency": 0.6516201787811026,
    "safety": 0.8837241555884768,
    "overall": 0.9867619881661147,
    "shoulder": 0.794111901132458,
    "elbow": 0.7125845401063544,
    "wrist": 0.8135987191786905,
    "hip": 0.7977030316933014,
    "knee": 0.6859454551359938,
    "ankle": 0.7246063214430041,
    "back": 0.6635937507044848,
    "neck": 0.7801102875504585
  },
  "recommendations": {
    "form": "Good form, continue practicing with current technique",
    "alignment": "Good alignment, maintain current technique",
    "stability": "Focus on maintaining proper posture and balance",
    "power": "Good power output, maintain current intensity"
  },
  "safety_considerations": []
}