{
  "power_generation": {
    "explosiveness": 0.9738605176120969,
    "force_transfer": 0.9101884966394964,
    "efficiency": 0.8401097450367462
  },
  "technical_metrics": {
    "precision": 0.8851101515501965,
    "consistency": 0.597619067416537,
    "fluidity": 0.8712823355218302
  },
  "biomechanical_metrics": {
    "joint_loading": 0.6917177210570224,
    "muscle_activation": 0.6316750829719977,
    "energy_efficiency": 0.8526816151817136
  }
}