{
  "key_points": {
    "shoulders": [
      0.07962798567146884,
      0.635163333428958,
      0.01551049505229174
    ],
    "elbows": [
      -0.26852124679523914,
      0.41289937073003813,
      0.16625661028516836
    ],
    "wrists": [
      -0.09947850786142631,
      0.31746569785545065,
      0.07886398775375791
    ],
    "hips": [
      -0.22888194848208077,
      0.4020952286041538,
      -0.1207395385783736
    ]
  },
  "angles": {
    "shoulder": 50.18062693441198,
    "elbow": 136.79982255014906
  },
  "analysis_scores": {
    "alignment": 0.8233777213450387,
    "balance": 0.7903653309758512,
    "form": 0.8872041559540749,
    "stability": 0.9726329916981281,
    "coordination": 0.8896387520619708,
    "precision": 0.8955016596584275,
    "power": 0.6267214923106336,
    "efficiency": 0.80349290333525,
    "safety": 0.9061257984467761,
    "overall": 0.7539125518675609,
    "shoulder": 0.7942346644523689,
    "elbow": 0.8544404195568996,
    "wrist": 0.9271773297745131,
    "hip": 0.8663217173939768,
    "knee": 0.7711391070411788,
    "ankle": 0.7150037580076296,
    "back": 0.8017374976671512,
    "neck": 0.7163921859191847
  },
  "recommendations": {
    "form": "Good form, continue practicing with current technique",
    "alignment": "Good alignment, maintain current technique",
    "stability": "Focus on maintaining proper posture and balance",
    "power": "Good power output, maintain current intensity"
  },
  "safety_considerations": []
}