{
  "power_generation": {
    "explosiveness": 0.6591345423661179,
    "force_transfer": 0.6956387144565875,
    "efficiency": 0.6470760427953297
  },
  "technical_metrics": {
    "precision": 0.9404618002799111,
    "consistency": 0.9496597692377537,
    "fluidity": 0.7781717634734803
  },
  "biomechanical_metrics": {
    "joint_loading": 0.5462564742241445,
    "muscle_activation": 0.666531248881286,
    "energy_efficiency": 0.609035490665333
  }
}