{
  "key_points": {
    "shoulders": [
      -0.0479185712618265,
      0.6464047994575473,
      -0.057507948659460476
    ],
    "elbows": [
      -0.1377395819600578,
      0.5128813687604352,
      0.0009725770479345613
    ],
    "wrists": [
      -0.3081048216353178,
      0.32245624981789994,
      -0.012703841102573568
    ],
    "hips": [
      0.0568977074813794,
      0.32243833950776146,
      0.07431040964112942
    ],
    "knees": [
      0.08720668023966027,
      0.21978656144510286,
      0.030117001124969067
    ],
    "ankles": [
      -0.39173409418648686,
      0.15634365702468855,
      0.08645216952055343
    ]
  },
  "angles": {
    "knee": 60.44813396331112,
    "hip": 75.6500858046602,
    "shoulder": 22.10746115376946,
    "elbow": 134.2853592878278
  },
  "analysis_scores": {
    "alignment": 0.692668663246315,
    "balance": 0.6145369361368401,
    "form": 0.9355704051943061,
    "stability": 0.9024828156155729,
    "coordination": 0.8210429786182816,
    "precision": 0.7279663516805395,
    "power": 0.8464062246926606,
    "efficiency": 0.917065008248798,
    "safety": 0.6448280599014826,
    "overall": 0.6434464768103189,
    "shoulder": 0.8309295472882523,
    "elbow": 0.9375424195913362,
    "wrist": 0.7443287257058548,
    "hip": 0.9027315118465541,
    "knee": 0.7933514916273392,
    "ankle": 0.8903207181733201,
    "back": 0.9921735524214654,
    "neck": 0.9974996199369183
  },
  "recommendations": {
    "form": "Good form, continue practicing with current technique",
    "alignment": "Good alignment, maintain current technique",
    "stability": "Good stability, continue with current technique",
    "power": "Good power output, maintain current intensity"
  },
  "safety_considerations": [
    "Focus on proper wrist positioning to prevent strain",
    "Maintain proper elbow alignment to prevent tendonitis"
  ]
}