{
  "power_generation": {
    "explosiveness": 0.8227801940083737,
    "force_transfer": 0.8653051088751277,
    "efficiency": 0.9552422952131561
  },
  "technical_metrics": {
    "precision": 0.9855899015045682,
    "consistency": 0.890530325552437,
    "fluidity": 0.6743819693969801
  },
  "biomechanical_metrics": {
    "joint_loading": 0.7806341195991708,
    "muscle_activation": 0.5221077337373532,
    "energy_efficiency": 0.8571450640622023
  }
}