{
  "key_points": {
    "shoulders": [
      -0.09675975100325603,
      0.546671067790246,
      -0.01703693535116954
    ],
    "elbows": [
      -0.27133320303601466,
      0.552370018964286,
      -0.0963583680809262
    ],
    "wrists": [
      0.27579684164080354,
      0.46236204199997366,
      0.07719554448464522
    ],
    "hips": [
      0.00023164100165748436,
      0.44870952036468853,
      0.043414342508307696
    ],
    "knees": [
      -0.00669991668143094,
      0.29793542725512184,
      -0.05208164508685145
    ],
    "ankles": [
      0.20138983861251192,
      0.18745027486413435,
      -0.036781337303409156
    ]
  },
  "angles": {
    "knee": 35.03487595383902,
    "hip": 77.53481742496892,
    "shoulder": 21.103257651781657,
    "elbow": 91.08921010749724
  },
  "analysis_scores": {
    "alignment": 0.6683551350979197,
    "balance": 0.8758367560734148,
    "form": 0.6307535886995415,
    "stability": 0.6657636719713543,
    "coordination": 0.7668235956371233,
    "precision": 0.7775350694713385,
    "power": 0.9809459836184315,
    "efficiency": 0.7538249856809041,
    "safety": 0.858483305918976,
    "overall": 0.7687689597540184,
    "shoulder": 0.6630315583146585,
    "elbow": 0.9824157530718607,
    "wrist": 0.9596563392217711,
    "hip": 0.6727975533866336,
    "knee": 0.9736973737036665,
    "ankle": 0.8242118854972607,
    "back": 0.7010790793949228,
    "neck": 0.7243304177309513
  },
  "recommendations": {
    "form": "Good form, continue practicing with current technique",
    "alignment": "Work on maintaining symmetrical movement patterns",
    "stability": "Good stability, continue with current technique",
    "power": "Good power output, maintain current intensity"
  },
  "safety_considerations": []
}