{
  "power_generation": {
    "explosiveness": 0.6533843060465183,
    "force_transfer": 0.6480852414155825,
    "efficiency": 0.7644961706034847
  },
  "technical_metrics": {
    "precision": 0.5960849729053628,
    "consistency": 0.9480546073286028,
    "fluidity": 0.751494019627434
  },
  "biomechanical_metrics": {
    "joint_loading": 0.7020405976497224,
    "muscle_activation": 0.8401741999050645,
    "energy_efficiency": 0.7680390453425099
  }
}