{
  "key_points": {
    "shoulders": [
      0.03599195379638903,
      0.5316925732624782,
      0.05376633177232179
    ],
    "elbows": [
      -0.17117609194785277,
      0.573441715924558,
      -0.046866495332245184
    ],
    "wrists": [
      -0.043333730641495816,
      0.3665300095937709,
      0.05290098703830268
    ],
    "hips": [
      -0.0408887106104793,
      0.310603404393654,
      0.011725756139233517
    ],
    "knees": [
      -0.05064022055632322,
      0.3281766840414414,
      -0.03881253450426628
    ],
    "ankles": [
      0.20886747887386792,
      0.2215907025356702,
      -0.0050746687959755815
    ]
  },
  "angles": {
    "knee": 164.45235151319253,
    "hip": 65.17740153105048,
    "shoulder": 43.19055201648228,
    "elbow": 37.28526699829547
  },
  "analysis_scores": {
    "alignment": 0.7858345694730731,
    "balance": 0.8932272394195655,
    "form": 0.8082167812340069,
    "stability": 0.6454184752605043,
    "coordination": 0.695137099182284,
    "precision": 0.8868127566020387,
    "power": 0.8324338942129141,
    "efficiency": 0.9384985378575288,
    "safety": 0.716404085886378,
    "overall": 0.6471024950939589,
    "shoulder": 0.8372420775469975,
    "elbow": 0.7837586297352026,
    "wrist": 0.8598361588291812,
    "hip": 0.7383565412390459,
    "knee": 0.8343666517524002,
    "ankle": 0.7046346272303131,
    "back": 0.8703413961327107,
    "neck": 0.8298389244247123
  },
  "recommendations": {
    "form": "Focus on maintaining proper joint angles during movement",
    "alignment": "Good alignment, maintain current technique",
    "stability": "Good stability, continue with current technique",
    "power": "Good power output, maintain current intensity"
  },
  "safety_considerations": [
    "Focus on maintaining proper back alignment to prevent injury",
    "Maintain proper shoulder mechanics to prevent impingement"
  ]
}