{
  "power_generation": {
    "explosiveness": 0.5514290505771686,
    "force_transfer": 0.9801808327717858,
    "efficiency": 0.9663740096267724
  },
  "technical_metrics": {
    "precision": 0.7316263082778933,
    "consistency": 0.7782791072698367,
    "fluidity": 0.8937066897597821
  },
  "biomechanical_metrics": {
    "joint_loading": 0.7404891792089998,
    "muscle_activation": 0.916163593146366,
    "energy_efficiency": 0.6491263266918543
  }
}