{
  "key_points": {
    "shoulders": [
      0.046320836166546225,
      0.6517293923455091,
      0.04748750394732093
    ],
    "elbows": [
      0.29311694301021346,
      0.42525042867463286,
      -0.08662933275517226
    ],
    "wrists": [
      0.3887732922912519,
      0.4848632892274165,
      -0.004568318818773315
    ],
    "hips": [
      0.07338969200794254,
      0.4051498915178746,
      -0.04532714334202992
    ],
    "knees": [
      -0.2609187886508275,
      0.25443433213884936,
      0.09777604871021736
    ],
    "ankles": [
      0.3514677437403311,
      0.28322964433751596,
      0.019667811186361225
    ]
  },
  "angles": {
    "knee": 68.98386066004265,
    "hip": 106.08306455470203,
    "shoulder": 73.68281345988505,
    "elbow": 25.78749057555856
  },
  "analysis_scores": {
    "alignment": 0.9695931356952853,
    "balance": 0.9807330536157848,
    "form": 0.81052713164521,
    "stability": 0.6370747195093173,
    "coordination": 0.9610210678510055,
    "precision": 0.9561811210134521,
    "power": 0.617291236638568,
    "efficiency": 0.7225066693358105,
    "safety": 0.807621298519122,
    "overall": 0.7547144061029831,
    "shoulder": 0.6459934824413952,
    "elbow": 0.9583947814949076,
    "wrist": 0.7906412463925627,
    "hip": 0.8229383697379189,
    "knee": 0.8340317709983579,
    "ankle": 0.8140985072865456,
    "back": 0.8289330780470006,
    "neck": 0.9755553476239816
  },
  "recommendations": {
    "form": "Focus on maintaining proper joint angles during movement",
    "alignment": "Work on maintaining symmetrical movement patterns",
    "stability": "Focus on maintaining proper posture and balance",
    "power": "Good power output, maintain current intensity"
  },
  "safety_considerations": []
}