{
  "power_generation": {
    "explosiveness": 0.8302169871066316,
    "force_transfer": 0.7946171745737275,
    "efficiency": 0.9424063860172518
  },
  "technical_metrics": {
    "precision": 0.9295664018963341,
    "consistency": 0.5742708803490768,
    "fluidity": 0.5798123009117326
  },
  "biomechanical_metrics": {
    "joint_loading": 0.9830594629834504,
    "muscle_activation": 0.7190622415059958,
    "energy_efficiency": 0.8275959312401698
  }
}