{
  "key_points": {
    "shoulders": [
      0.1625526530003209,
      0.5866779909619176,
      0.06561642114313679
    ],
    "elbows": [
      0.17839562861584174,
      0.5202268809054716,
      0.024497582396180745
    ],
    "wrists": [
      0.022004143992795544,
      0.4402553193036912,
      -0.08411883487697319
    ],
    "hips": [
      0.14205324196840857,
      0.3046679632231845,
      0.07943569628456248
    ],
    "knees": [
      -0.21697453602305292,
      0.30330613605374257,
      -0.00278359319296842
    ],
    "ankles": [
      -0.04584475844230873,
      0.18435825204607392,
      -0.07913579712379513
    ]
  },
  "angles": {
    "knee": 152.90481956672141,
    "hip": 78.82721959667404,
    "shoulder": 37.86114093277035,
    "elbow": 65.6232018188646
  },
  "analysis_scores": {
    "alignment": 0.74440483740206,
    "balance": 0.9616239196783907,
    "form": 0.9667833951824928,
    "stability": 0.7884680495962828,
    "coordination": 0.901594390863873,
    "precision": 0.6555551406482371,
    "power": 0.6355126381141628,
    "efficiency": 0.875098593770651,
    "safety": 0.7692844213151943,
    "overall": 0.6467177194898923,
    "shoulder": 0.9905544088436434,
    "elbow": 0.7042606179558154,
    "wrist": 0.9812660768033281,
    "hip": 0.763249081988031,
    "knee": 0.6245512349930312,
    "ankle": 0.842851280915044,
    "back": 0.9054203567558099,
    "neck": 0.7086850230998047
  },
  "recommendations": {
    "form": "Good form, continue practicing with current technique",
    "alignment": "Good alignment, maintain current technique",
    "stability": "Focus on maintaining proper posture and balance",
    "power": "Good power output, maintain current intensity"
  },
  "safety_considerations": []
}