{
  "power_generation": {
    "explosiveness": 0.914429335813771,
    "force_transfer": 0.6003765625620715,
    "efficiency": 0.7722662516085317
  },
  "technical_metrics": {
    "precision": 0.5194959923896687,
    "consistency": 0.8468521160918563,
    "fluidity": 0.5000125260571127
  },
  "biomechanical_metrics": {
    "joint_loading": 0.5697012498830942,
    "muscle_activation": 0.9899592349345508,
    "energy_efficiency": 0.6739136743477092
  }
}