{
  "key_points": {
    "shoulders": [
      -0.03279500665635271,
      0.6987408643892079,
      -0.02688905697480537
    ],
    "elbows": [
      -0.13433382989163922,
      0.526252750885229,
      -0.005733518320366324
    ],
    "wrists": [
      0.2752502632580589,
      0.4304452271022336,
      -0.0004450071346694118
    ],
    "hips": [
      -0.0016673504541625805,
      0.31421680739157715,
      -0.05048981678862326
    ],
    "knees": [
      0.06697468186820854,
      0.3931245101545181,
      0.0714781110601102
    ],
    "ankles": [
      0.1098145539161326,
      0.21339962877299898,
      -0.09485365998595459
    ]
  },
  "angles": {
    "knee": 44.26172870771478,
    "hip": 57.94496666207855,
    "shoulder": 38.8456441746294,
    "elbow": 77.61342330818225
  },
  "analysis_scores": {
    "alignment": 0.7685358701470678,
    "balance": 0.6525767892479889,
    "form": 0.83975327206645,
    "stability": 0.9325358838937168,
    "coordination": 0.9890931854165284,
    "precision": 0.6356223407636717,
    "power": 0.9736929382760853,
    "efficiency": 0.7326268201104442,
    "safety": 0.7829526668398391,
    "overall": 0.6035388806207986,
    "shoulder": 0.8106362190759585,
    "elbow": 0.650997074333507,
    "wrist": 0.8165740420822291,
    "hip": 0.775200930095879,
    "knee": 0.6670980784766266,
    "ankle": 0.6658223746744707,
    "back": 0.9538100901343312,
    "neck": 0.6113311483901497
  },
  "recommendations": {
    "form": "Good form, continue practicing with current technique",
    "alignment": "Good alignment, maintain current technique",
    "stability": "Good stability, continue with current technique",
    "power": "Good power output, maintain current intensity"
  },
  "safety_considerations": []
}