{
  "power_generation": {
    "explosiveness": 0.6113226285395654,
    "force_transfer": 0.529024393093793,
    "efficiency": 0.8515461752452278
  },
  "technical_metrics": {
    "precision": 0.5720072162045544,
    "consistency": 0.9851249163714754,
    "fluidity": 0.8567293701097686
  },
  "biomechanical_metrics": {
    "joint_loading": 0.7274818333473487,
    "muscle_activation": 0.7453932141578697,
    "energy_efficiency": 0.9294730873272006
  }
}