{
  "key_points": {
    "shoulders": [
      -0.019644651568870464,
      0.634575362835258,
      0.02050759321798165
    ],
    "elbows": [
      -0.10246189461572955,
      0.4696614754428301,
      -0.08785242936809867
    ],
    "wrists": [
      0.32800750982646976,
      0.30525907972946137,
      -0.08716337479722856
    ],
    "hips": [
      -0.188625252816521,
      0.41681476537793466,
      -0.02513219235571311
    ],
    "knees": [
      0.23333210699568258,
      0.34860698642305044,
      0.06693051244790327
    ],
    "ankles": [
      -0.24451872536285074,
      0.234016127205706,
      0.04978216635666444
    ]
  },
  "angles": {
    "knee": 35.686897603188044,
    "hip": 125.01027489982559,
    "shoulder": 14.039454291630435,
    "elbow": 102.51608225765459
  },
  "analysis_scores": {
    "alignment": 0.9368665820388145,
    "balance": 0.6917071383991891,
    "form": 0.6077943204264403,
    "stability": 0.9085288671245382,
    "coordination": 0.9082513731559477,
    "precision": 0.7724788998421463,
    "power": 0.8616544129113137,
    "efficiency": 0.6538991898004753,
    "safety": 0.8940868772234163,
    "overall": 0.9010835835879933,
    "shoulder": 0.8272017082373153,
    "elbow": 0.8419686837377827,
    "wrist": 0.7330644558494703,
    "hip": 0.9666124677678747,
    "knee": 0.9296793298174708,
    "ankle": 0.6546395272977064,
    "back": 0.7915502979119491,
    "neck": 0.6379829794414865
  },
  "recommendations": {
    "form": "Good form, continue practicing with current technique",
    "alignment": "Good alignment, maintain current technique",
    "stability": "Good stability, continue with current technique",
    "power": "Consider increasing intensity gradually"
  },
  "safety_considerations": []
}