{
  "power_generation": {
    "explosiveness": 0.8758488147329794,
    "force_transfer": 0.8571312976394945,
    "efficiency": 0.8968404638864047
  },
  "technical_metrics": {
    "precision": 0.8587998843543697,
    "consistency": 0.965845019964692,
    "fluidity": 0.5643682268687105
  },
  "biomechanical_metrics": {
    "joint_loading": 0.8439084978144455,
    "muscle_activation": 0.9118752284956156,
    "energy_efficiency": 0.7860933477819433
  }
}