{
  "key_points": {
    "shoulders": [
      -0.17137205851730367,
      0.5816170111759335,
      0.013346350309058688
    ],
    "elbows": [
      0.044261684223447895,
      0.4117093060399816,
      0.012104644901868578
    ],
    "wrists": [
      0.25354232789663644,
      0.3016220176005416,
      -0.0776857029676594
    ],
    "hips": [
      -0.09609880404355775,
      0.31244384424085453,
      -0.05922311338590554
    ],
    "knees": [
      0.26728543208873695,
      0.3150579103038932,
      0.08937734069925787
    ],
    "ankles": [
      -0.3588720785774768,
      0.19849723424784743,
      -0.004623511449481504
    ]
  },
  "angles": {
    "knee": 71.90854786339557,
    "hip": 122.33800547480773,
    "shoulder": 4.546414988681028,
    "elbow": 37.0823953677437
  },
  "analysis_scores": {
    "alignment": 0.6482177982181536,
    "balance": 0.8323079808138775,
    "form": 0.7104197864853632,
    "stability": 0.7308399527497056,
    "coordination": 0.7258406242690291,
    "precision": 0.7344789889295249,
    "power": 0.622122708704384,
    "efficiency": 0.6450606736793985,
    "safety": 0.8678166194695368,
    "overall": 0.9748865918286751,
    "shoulder": 0.6690270072030258,
    "elbow": 0.65156760301018,
    "wrist": 0.6434787714023581,
    "hip": 0.9108266318521537,
    "knee": 0.7664786218547165,
    "ankle": 0.6554775560611535,
    "back": 0.7837195611249151,
    "neck": 0.7410919057136853
  },
  "recommendations": {
    "form": "Good form, continue practicing with current technique",
    "alignment": "Good alignment, maintain current technique",
    "stability": "Good stability, continue with current technique",
    "power": "Good power output, maintain current intensity"
  },
  "safety_considerations": []
}