{
  "power_generation": {
    "explosiveness": 0.5923098644729134,
    "force_transfer": 0.6973392000260588,
    "efficiency": 0.9357535984086901
  },
  "technical_metrics": {
    "precision": 0.8826751509422128,
    "consistency": 0.520252998028011,
    "fluidity": 0.7386493077607144
  },
  "biomechanical_metrics": {
    "joint_loading": 0.9402628685746633,
    "muscle_activation": 0.7664138434651215,
    "energy_efficiency": 0.629458181467067
  }
}