{
  "key_points": {
    "shoulders": [
      0.0391459913547722,
      0.5715550427788312,
      0.0360171833498269
    ],
    "elbows": [
      0.27872257438162934,
      0.5992231124849332,
      0.08910324275462542
    ],
    "wrists": [
      0.17437039830174839,
      0.434542915707004,
      0.01955201158859557
    ],
    "hips": [
      -0.18041428508654242,
      0.4915338437075179,
      -0.002252595279897518
    ],
    "knees": [
      -0.17999379937994195,
      0.3701469299236702,
      0.008682185639220255
    ],
    "ankles": [
      -0.09414741268993526,
      0.23653741659407057,
      0.0983868150013594
    ]
  },
  "angles": {
    "knee": 156.49471182488952,
    "hip": 57.31910508132702,
    "shoulder": 76.49059389505344,
    "elbow": 114.47636062378858
  },
  "analysis_scores": {
    "alignment": 0.9445584109531403,
    "balance": 0.7709137223745641,
    "form": 0.986438306665661,
    "stability": 0.7268990069451617,
    "coordination": 0.6645264811817189,
    "precision": 0.8649446784462758,
    "power": 0.6748719150136702,
    "efficiency": 0.6726440569702522,
    "safety": 0.6427813076522754,
    "overall": 0.64378331128451,
    "shoulder": 0.9455767352755904,
    "elbow": 0.9280853316859332,
    "wrist": 0.6949093109502751,
    "hip": 0.791995357027274,
    "knee": 0.6213925395123415,
    "ankle": 0.6248684684955742,
    "back": 0.6306445226819513,
    "neck": 0.7253200195128755
  },
  "recommendations": {
    "form": "Focus on maintaining proper joint angles during movement",
    "alignment": "Good alignment, maintain current technique",
    "stability": "Focus on maintaining proper posture and balance",
    "power": "Good power output, maintain current intensity"
  },
  "safety_considerations": [
    "Focus on maintaining proper back alignment to prevent injury",
    "Maintain proper knee tracking"
  ]
}