{
  "power_generation": {
    "explosiveness": 0.9664497239382985,
    "force_transfer": 0.879801697013235,
    "efficiency": 0.5298356511691654
  },
  "technical_metrics": {
    "precision": 0.5525265410015767,
    "consistency": 0.8495765845433358,
    "fluidity": 0.6060547570647576
  },
  "biomechanical_metrics": {
    "joint_loading": 0.5795745514646559,
    "muscle_activation": 0.8419363878989581,
    "energy_efficiency": 0.8468275352163757
  }
}