{
  "key_points": {
    "shoulders": [
      -0.11527436875408324,
      0.5155493197199875,
      -0.08626584501902107
    ],
    "elbows": [
      0.12665760513223473,
      0.4559582595566974,
      0.01898611494826967
    ],
    "wrists": [
      0.13804893429564158,
      0.36481416210827783,
      0.05188947965648652
    ],
    "hips": [
      -0.14768819196106722,
      0.4429787259321202,
      -0.00994629056022163
    ],
    "knees": [
      0.06485483874294307,
      0.2050672991233567,
      0.09371750009156204
    ],
    "ankles": [
      -0.21665874673447327,
      0.1767244279853336,
      0.03781175918441815
    ]
  },
  "angles": {
    "knee": 23.843362162666786,
    "hip": 42.20015611440581,
    "shoulder": 22.62981257692596,
    "elbow": 84.32806851597337
  },
  "analysis_scores": {
    "alignment": 0.744701678816732,
    "balance": 0.7174953431661567,
    "form": 0.7480099428153995,
    "stability": 0.6041672956839048,
    "coordination": 0.9463034239310844,
    "precision": 0.9001848463155252,
    "power": 0.8599582895577492,
    "efficiency": 0.6883166064774917,
    "safety": 0.8758055554562516,
    "overall": 0.6234812545133522,
    "shoulder": 0.7327482575381639,
    "elbow": 0.6993350737686781,
    "wrist": 0.6109207767082149,
    "hip": 0.982022517453644,
    "knee": 0.7959035219805969,
    "ankle": 0.7097955291564982,
    "back": 0.7772979038638321,
    "neck": 0.971915492233977
  },
  "recommendations": {
    "form": "Good form, continue practicing with current technique",
    "alignment": "Good alignment, maintain current technique",
    "stability": "Good stability, continue with current technique",
    "power": "Good power output, maintain current intensity"
  },
  "safety_considerations": []
}