{
  "power_generation": {
    "explosiveness": 0.8380759073284861,
    "force_transfer": 0.8511047807553016,
    "efficiency": 0.5074734228656604
  },
  "technical_metrics": {
    "precision": 0.9101920851909326,
    "consistency": 0.5501483169472039,
    "fluidity": 0.644716252613444
  },
  "biomechanical_metrics": {
    "joint_loading": 0.8340096028679213,
    "muscle_activation": 0.8155633139102189,
    "energy_efficiency": 0.6707057953941007
  }
}