{
  "key_points": {
    "shoulders": [
      -0.16817596036362917,
      0.6584166932102665,
      -0.09621986362090443
    ],
    "elbows": [
      0.25027534931172496,
      0.5868096354166179,
      -0.019834083183536785
    ],
    "wrists": [
      0.1082182752663221,
      0.48021935784771086,
      0.01105819966257901
    ],
    "hips": [
      0.10915092449893221,
      0.36231745581872016,
      0.08312701843423853
    ],
    "knees": [
      0.1507474697571986,
      0.2314284467550121,
      0.07377825375958655
    ],
    "ankles": [
      -0.15166521644751763,
      0.28618282523935223,
      -0.0070992421364276526
    ]
  },
  "angles": {
    "knee": 110.04609073754852,
    "hip": 120.13620440094165,
    "shoulder": 47.31203303257168,
    "elbow": 79.16368092122596
  },
  "analysis_scores": {
    "alignment": 0.9778592615633845,
    "balance": 0.7083741060582791,
    "form": 0.7516129171874834,
    "stability": 0.7160180709667733,
    "coordination": 0.9919958838907249,
    "precision": 0.8696428109148717,
    "power": 0.7445060932988836,
    "efficiency": 0.924159579128661,
    "safety": 0.6411744583722063,
    "overall": 0.738424359401403,
    "shoulder": 0.7342212658597959,
    "elbow": 0.7545812703795663,
    "wrist": 0.7247062370686297,
    "hip": 0.840061990722651,
    "knee": 0.7896931848178596,
    "ankle": 0.6442166223367924,
    "back": 0.6366577016186273,
    "neck": 0.7624375697399696
  },
  "recommendations": {
    "form": "Good form, continue practicing with current technique",
    "alignment": "Work on maintaining symmetrical movement patterns",
    "stability": "Good stability, continue with current technique",
    "power": "Good power output, maintain current intensity"
  },
  "safety_considerations": []
}