{
  "power_generation": {
    "explosiveness": 0.9671904286508202,
    "force_transfer": 0.5685770623125705,
    "efficiency": 0.7683642028440545
  },
  "technical_metrics": {
    "precision": 0.6614904319951036,
    "consistency": 0.9650224582107481,
    "fluidity": 0.670061360545581
  },
  "biomechanical_metrics": {
    "joint_loading": 0.9336234592353189,
    "muscle_activation": 0.5302931421115447,
    "energy_efficiency": 0.5956235084329866
  }
}