{
  "key_points": {
    "shoulders": [
      -0.10001930299020323,
      0.5184945179164847,
      -0.06777159228606167
    ],
    "elbows": [
      -0.20770541785844926,
      0.4136616720829265,
      0.04639244153139094
    ],
    "wrists": [
      -0.3939675971909309,
      0.41900954502479887,
      0.05047325521272039
    ],
    "hips": [
      0.07949169047119359,
      0.49530998868208753,
      0.03209867093483734
    ],
    "knees": [
      -0.09165599691801227,
      0.35012981969126855,
      0.07743238854233445
    ],
    "ankles": [
      -0.30779333209370185,
      0.15489653316177804,
      0.09644062776933127
    ]
  },
  "angles": {
    "knee": 70.67936120183151,
    "hip": 71.94310889032293,
    "shoulder": 43.6606448879397,
    "elbow": 59.96026689241996
  },
  "analysis_scores": {
    "alignment": 0.9680161625303112,
    "balance": 0.6153710713920243,
    "form": 0.8275037452907701,
    "stability": 0.8853815668517806,
    "coordination": 0.7605320153134453,
    "precision": 0.6805081170870685,
    "power": 0.6117523981617506,
    "efficiency": 0.8724750454596923,
    "safety": 0.9718376890305963,
    "overall": 0.7385772169606785,
    "shoulder": 0.6392977036823345,
    "elbow": 0.7083144548116189,
    "wrist": 0.6065984954656761,
    "hip": 0.7247866519544003,
    "knee": 0.7875199702281335,
    "ankle": 0.7429935999761531,
    "back": 0.6494285892114952,
    "neck": 0.8120512307255102
  },
  "recommendations": {
    "form": "Good form, continue practicing with current technique",
    "alignment": "Good alignment, maintain current technique",
    "stability": "Focus on maintaining proper posture and balance",
    "power": "Good power output, maintain current intensity"
  },
  "safety_considerations": []
}