{
  "power_generation": {
    "explosiveness": 0.9620368007308654,
    "force_transfer": 0.5564871997092449,
    "efficiency": 0.6830881460035401
  },
  "technical_metrics": {
    "precision": 0.8650391180985146,
    "consistency": 0.5610119145135251,
    "fluidity": 0.5772317289217757
  },
  "biomechanical_metrics": {
    "joint_loading": 0.9620268554211215,
    "muscle_activation": 0.8388930618420766,
    "energy_efficiency": 0.9289615101414171
  }
}