{
  "key_points": {
    "shoulders": [
      -0.176375045872557,
      0.6056581001887855,
      0.054176865108149536
    ],
    "elbows": [
      0.15176961121520616,
      0.483158419918325,
      0.006640692867475345
    ],
    "wrists": [
      0.24543402902372358,
      0.36624580311206584,
      -0.038578444758141366
    ],
    "hips": [
      0.1258395193044885,
      0.3850646362487083,
      0.040853813363261354
    ],
    "knees": [
      0.06228837078655103,
      0.3295696619075621,
      -0.026354271493641626
    ],
    "ankles": [
      0.3155710571882545,
      0.24053561210651772,
      0.09937456385216625
    ]
  },
  "angles": {
    "knee": 68.74022002801749,
    "hip": 154.60867029053756,
    "shoulder": 47.62616023099097,
    "elbow": 152.00527236566683
  },
  "analysis_scores": {
    "alignment": 0.7742091111032618,
    "balance": 0.8689802622220246,
    "form": 0.8984327815186551,
    "stability": 0.8659981758243651,
    "coordination": 0.6151213607680269,
    "precision": 0.6640119570028461,
    "power": 0.8694969219893776,
    "efficiency": 0.7326056763040578,
    "safety": 0.6591447322936145,
    "overall": 0.7365789228609938,
    "shoulder": 0.8933999541789797,
    "elbow": 0.6610055615227034,
    "wrist": 0.7519517536218534,
    "hip": 0.8764346381699233,
    "knee": 0.8381315878277146,
    "ankle": 0.6048627232747259,
    "back": 0.7322241172579009,
    "neck": 0.6181547076285355
  },
  "recommendations": {
    "form": "Good form, continue practicing with current technique",
    "alignment": "Work on maintaining symmetrical movement patterns",
    "stability": "Focus on maintaining proper posture and balance",
    "power": "Consider increasing intensity gradually"
  },
  "safety_considerations": []
}