{
  "power_generation": {
    "explosiveness": 0.6193428162755679,
    "force_transfer": 0.6665389298018333,
    "efficiency": 0.9524982111878821
  },
  "technical_metrics": {
    "precision": 0.8649452372379391,
    "consistency": 0.886878366275665,
    "fluidity": 0.7596796534553706
  },
  "biomechanical_metrics": {
    "joint_loading": 0.8305438661843334,
    "muscle_activation": 0.6490779077483386,
    "energy_efficiency": 0.8514580826003451
  }
}