{
  "key_points": {
    "shoulders": [
      -0.18122854429713714,
      0.6714240265336493,
      -0.031187977513986165
    ],
    "elbows": [
      -0.18721643013739198,
      0.56544905053086,
      -0.08813183052474267
    ],
    "wrists": [
      -0.06885270128589116,
      0.34205798044091584,
      0.06750288179612327
    ],
    "hips": [
      0.0816754760983458,
      0.4213297999217254,
      0.08144338155309297
    ],
    "knees": [
      -0.2688382001731481,
      0.21975939103523226,
      -0.09703339987339908
    ],
    "ankles": [
      -0.381072832533942,
      0.2745081858786506,
      0.016629941111172636
    ]
  },
  "angles": {
    "knee": 38.72807238535549,
    "hip": 119.20873883461687,
    "shoulder": 32.50625151125527,
    "elbow": 92.50549563974779
  },
  "analysis_scores": {
    "alignment": 0.6305112560888022,
    "balance": 0.9147655262403886,
    "form": 0.9285050327685803,
    "stability": 0.6026812427550478,
    "coordination": 0.8052947894532098,
    "precision": 0.6870327628926494,
    "power": 0.6634970423808211,
    "efficiency": 0.6809708935149754,
    "safety": 0.6733947833303935,
    "overall": 0.9169083316177575,
    "shoulder": 0.9439770600950588,
    "elbow": 0.9839517508708749,
    "wrist": 0.9309663625485589,
    "hip": 0.6034241957066244,
    "knee": 0.8089473292415604,
    "ankle": 0.9216275951702291,
    "back": 0.7770129971442072,
    "neck": 0.8130589136931357
  },
  "recommendations": {
    "form": "Focus on maintaining proper joint angles during movement",
    "alignment": "Good alignment, maintain current technique",
    "stability": "Good stability, continue with current technique",
    "power": "Good power output, maintain current intensity"
  },
  "safety_considerations": [
    "Focus on proper knee alignment during jumps and turns",
    "Maintain proper hip alignment to prevent hip injuries"
  ]
}