{
  "power_generation": {
    "explosiveness": 0.679937065946377,
    "force_transfer": 0.5868118926532779,
    "efficiency": 0.6362249326731177
  },
  "technical_metrics": {
    "precision": 0.8981264986629955,
    "consistency": 0.7757993829563548,
    "fluidity": 0.5014816430059217
  },
  "biomechanical_metrics": {
    "joint_loading": 0.5943627161263252,
    "muscle_activation": 0.6728199303607916,
    "energy_efficiency": 0.668292086141977
  }
}