{
  "key_points": {
    "shoulders": [
      0.11654516532970133,
      0.5563908464337344,
      -0.03957909322825002
    ],
    "elbows": [
      0.24031309732650213,
      0.4080057513792731,
      -0.005049900130235693
    ],
    "wrists": [
      0.3683609396124786,
      0.46929344609496426,
      0.047717154958585445
    ],
    "hips": [
      0.0702340279134191,
      0.39547644070122495,
      -0.072002332626522
    ],
    "knees": [
      0.18422767137273827,
      0.3903661868708153,
      0.08274630682630241
    ],
    "ankles": [
      -0.26779501259745936,
      0.279744159370075,
      0.028381523947364623
    ]
  },
  "angles": {
    "knee": 81.48412944376182,
    "hip": 134.7583461172991,
    "shoulder": 44.72964966798495,
    "elbow": 87.68890558775884
  },
  "analysis_scores": {
    "alignment": 0.8005608218487852,
    "balance": 0.7768046404639843,
    "form": 0.8020737384885708,
    "stability": 0.6576964776739427,
    "coordination": 0.7907049508772535,
    "precision": 0.744820675924486,
    "power": 0.9981705132454459,
    "efficiency": 0.6400583018326106,
    "safety": 0.744724157367745,
    "overall": 0.9911438291343734,
    "shoulder": 0.8376027155993087,
    "elbow": 0.8054367616954914,
    "wrist": 0.9881014379164353,
    "hip": 0.9277534255880744,
    "knee": 0.9432443206332197,
    "ankle": 0.6314790373955155,
    "back": 0.8885071845525456,
    "neck": 0.9413973803893965
  },
  "recommendations": {
    "form": "Focus on maintaining proper joint angles during movement",
    "alignment": "Work on maintaining symmetrical movement patterns",
    "stability": "Focus on maintaining proper posture and balance",
    "power": "Good power output, maintain current intensity"
  },
  "safety_considerations": []
}