{
  "power_generation": {
    "explosiveness": 0.6246707854263812,
    "force_transfer": 0.5613418867616741,
    "efficiency": 0.7731688510410502
  },
  "technical_metrics": {
    "precision": 0.62903282970988,
    "consistency": 0.9651357103660816,
    "fluidity": 0.7542614809986343
  },
  "biomechanical_metrics": {
    "joint_loading": 0.5229032071176569,
    "muscle_activation": 0.5507333261176075,
    "energy_efficiency": 0.6778240899696371
  }
}