{
  "key_points": {
    "shoulders": [
      -0.15612365799843367,
      0.6938796957307585,
      -0.0750873233734833
    ],
    "elbows": [
      0.23530369829884984,
      0.4556663602285922,
      -0.03200199036242657
    ],
    "wrists": [
      0.13283850789626206,
      0.4590606130519998,
      -0.03543566835143723
    ],
    "hips": [
      0.0070073708851289,
      0.48649448497404346,
      0.008802873851040172
    ],
    "knees": [
      -0.04020663030491656,
      0.3526898124639557,
      -0.006335555342060456
    ],
    "ankles": [
      -0.24206428489653256,
      0.1912614318415122,
      0.05574380818098337
    ]
  },
  "angles": {
    "knee": 157.97427612261382,
    "hip": 107.37611991447518,
    "shoulder": 13.581260604777855,
    "elbow": 98.76778806745983
  },
  "analysis_scores": {
    "alignment": 0.6837031830428562,
    "balance": 0.7020760286400524,
    "form": 0.7773874881630816,
    "stability": 0.9604630585899968,
    "coordination": 0.8587339975298707,
    "precision": 0.9644932841220962,
    "power": 0.6041419918146697,
    "efficiency": 0.7647387707788773,
    "safety": 0.9653197076592033,
    "overall": 0.9471324819337642,
    "shoulder": 0.6026090562748702,
    "elbow": 0.8057366182892854,
    "wrist": 0.9201008347643913,
    "hip": 0.6739885284959003,
    "knee": 0.6921706050040609,
    "ankle": 0.7090091441386608,
    "back": 0.6946590386451579,
    "neck": 0.7331803509134817
  },
  "recommendations": {
    "form": "Good form, continue practicing with current technique",
    "alignment": "Work on maintaining symmetrical movement patterns",
    "stability": "Good stability, continue with current technique",
    "power": "Good power output, maintain current intensity"
  },
  "safety_considerations": []
}