{
  "power_generation": {
    "explosiveness": 0.5067438917595073,
    "force_transfer": 0.9417625459459211,
    "efficiency": 0.8065933519873837
  },
  "technical_metrics": {
    "precision": 0.5704771967174727,
    "consistency": 0.822315479522928,
    "fluidity": 0.8978826490495329
  },
  "biomechanical_metrics": {
    "joint_loading": 0.683266431995396,
    "muscle_activation": 0.6201519284385424,
    "energy_efficiency": 0.5492525809277068
  }
}