{
  "key_points": {
    "shoulders": [
      0.11492130969419573,
      0.6743000372885697,
      -0.09035049422584143
    ],
    "elbows": [
      -0.1748053299489418,
      0.4141753181415884,
      0.0073206461224665925
    ],
    "wrists": [
      0.1398677128260093,
      0.4870369539195923,
      -0.007867929889412734
    ],
    "hips": [
      0.14742976671378494,
      0.3855140648319687,
      0.06882208722219676
    ],
    "knees": [
      0.016970286397171297,
      0.36090493005825325,
      0.007060384404922293
    ],
    "ankles": [
      0.34814682715227974,
      0.21986578905071252,
      -0.05359673045429654
    ]
  },
  "angles": {
    "knee": 122.02666484105119,
    "hip": 93.49886937820193,
    "shoulder": 15.21899715205478,
    "elbow": 156.09144663234142
  },
  "analysis_scores": {
    "alignment": 0.8513311165122812,
    "balance": 0.7587709805284956,
    "form": 0.7341279005805842,
    "stability": 0.6336146309885888,
    "coordination": 0.7429919962064818,
    "precision": 0.6983174777879478,
    "power": 0.9461416214520886,
    "efficiency": 0.6600885838044531,
    "safety": 0.9088042212550407,
    "overall": 0.709156542061329,
    "shoulder": 0.9073308983084043,
    "elbow": 0.9774052799818292,
    "wrist": 0.6201456815954282,
    "hip": 0.6249847898827212,
    "knee": 0.9460013648967074,
    "ankle": 0.6177903172334878,
    "back": 0.7380373539899917,
    "neck": 0.6800647953639325
  },
  "recommendations": {
    "form": "Good form, continue practicing with current technique",
    "alignment": "Good alignment, maintain current technique",
    "stability": "Good stability, continue with current technique",
    "power": "Good power output, maintain current intensity"
  },
  "safety_considerations": [
    "Work on balance and stability to prevent falls"
  ]
}