{
  "power_generation": {
    "explosiveness": 0.5789540477842428,
    "force_transfer": 0.9467068695861227,
    "efficiency": 0.5552414985029311
  },
  "technical_metrics": {
    "precision": 0.9540427978810517,
    "consistency": 0.5679459446148996,
    "fluidity": 0.8332888501693927
  },
  "biomechanical_metrics": {
    "joint_loading": 0.8412037630485085,
    "muscle_activation": 0.6972049831710541,
    "energy_efficiency": 0.7488929755599565
  }
}