{
  "key_points": {
    "shoulders": [
      0.010066610556987488,
      0.612866305853591,
      0.09435122198231105
    ],
    "elbows": [
      -0.14543418820237528,
      0.5442940812500137,
      -0.07634139099307298
    ],
    "wrists": [
      -0.32030715832875273,
      0.34661364193555305,
      0.03964438731426048
    ],
    "hips": [
      0.12769363032316094,
      0.4640508652664466,
      0.01609297343241238
    ],
    "knees": [
      0.013108554661179106,
      0.3034088122129252,
      0.05058748217354253
    ],
    "ankles": [
      0.16306756011956058,
      0.2034397445671072,
      -0.01093381986490069
    ]
  },
  "angles": {
    "knee": 13.630819691392956,
    "hip": 83.21603006582369,
    "shoulder": 9.268811923480717,
    "elbow": 37.712852328322086
  },
  "analysis_scores": {
    "alignment": 0.8281930812363107,
    "balance": 0.7013712354420816,
    "form": 0.7903858953331255,
    "stability": 0.846174437557227,
    "coordination": 0.9064459192874195,
    "precision": 0.6502661965589841,
    "power": 0.6686586508394731,
    "efficiency": 0.9413628676918331,
    "safety": 0.6914047371157663,
    "overall": 0.9921901440836051,
    "shoulder": 0.9199916416726418,
    "elbow": 0.6657594949819378,
    "wrist": 0.6858452188631249,
    "hip": 0.674392045284117,
    "knee": 0.8480725803099658,
    "ankle": 0.9112494111947992,
    "back": 0.7291412771020742,
    "neck": 0.9180062325628681
  },
  "recommendations": {
    "form": "Good form, continue practicing with current technique",
    "alignment": "Work on maintaining symmetrical movement patterns",
    "stability": "Focus on maintaining proper posture and balance",
    "power": "Good power output, maintain current intensity"
  },
  "safety_considerations": []
}