{
  "power_generation": {
    "explosiveness": 0.6077529617696628,
    "force_transfer": 0.9791901598288755,
    "efficiency": 0.7322465951430163
  },
  "technical_metrics": {
    "precision": 0.6785415621389179,
    "consistency": 0.7358956919949153,
    "fluidity": 0.884022377295465
  },
  "biomechanical_metrics": {
    "joint_loading": 0.9897117364780277,
    "muscle_activation": 0.9506049767205769,
    "energy_efficiency": 0.5718015748457133
  }
}