{
  "key_points": {
    "shoulders": [
      -0.04040199585613333,
      0.6258382677886206,
      0.09151201221100727
    ],
    "elbows": [
      0.23736127158640058,
      0.515223394891653,
      0.039288026051603586
    ],
    "wrists": [
      -0.3606794410817492,
      0.3520853009324239,
      -0.0032203769209883937
    ],
    "hips": [
      -0.17461538550400016,
      0.3937335532013559,
      -0.08626936706223197
    ],
    "knees": [
      0.24188460549031615,
      0.371996744868227,
      -0.04217751703537283
    ],
    "ankles": [
      0.030380151524957655,
      0.2787314275874563,
      -0.07964672603288786
    ]
  },
  "angles": {
    "knee": 57.5406673503253,
    "hip": 68.29592306279892,
    "shoulder": 60.76354397832733,
    "elbow": 139.68189966326784
  },
  "analysis_scores": {
    "alignment": 0.7769232631119131,
    "balance": 0.6275854392093939,
    "form": 0.6957047366279056,
    "stability": 0.8926451599653058,
    "coordination": 0.6488226792497641,
    "precision": 0.6242885342037052,
    "power": 0.6165039433838655,
    "efficiency": 0.6285702402240907,
    "safety": 0.9961591167855829,
    "overall": 0.7918062435006806,
    "shoulder": 0.8708398426186267,
    "elbow": 0.6172791895922872,
    "wrist": 0.8129798216871155,
    "hip": 0.7538731107575023,
    "knee": 0.9730509659749054,
    "ankle": 0.8512750503241844,
    "back": 0.6436061611820034,
    "neck": 0.9235207277724363
  },
  "recommendations": {
    "form": "Good form, continue practicing with current technique",
    "alignment": "Work on maintaining symmetrical movement patterns",
    "stability": "Good stability, continue with current technique",
    "power": "Good power output, maintain current intensity"
  },
  "safety_considerations": []
}