{
  "power_generation": {
    "explosiveness": 0.78666857211889,
    "force_transfer": 0.6893713633907703,
    "efficiency": 0.7393268624069111
  },
  "technical_metrics": {
    "precision": 0.8523094907883688,
    "consistency": 0.8298996679857216,
    "fluidity": 0.6383327221238543
  },
  "biomechanical_metrics": {
    "joint_loading": 0.6265970032173561,
    "muscle_activation": 0.747711299234548,
    "energy_efficiency": 0.8950170793528698
  }
}