{
  "key_points": {
    "shoulders": [
      -0.15694329458290435,
      0.6448337821589201,
      0.08957359527208239
    ],
    "elbows": [
      0.20264280723068723,
      0.434532816153744,
      0.0033527686962466496
    ],
    "wrists": [
      -0.03612882132253248,
      0.38854949909342196,
      -0.07695407748017108
    ],
    "hips": [
      -0.0560463833771169,
      0.48266857352408366,
      0.08144532599109255
    ],
    "knees": [
      0.16295137641886998,
      0.3876528439525873,
      -0.03150800146004065
    ],
    "ankles": [
      0.2155733920979197,
      0.13145206866932177,
      0.0807296439794567
    ]
  },
  "angles": {
    "knee": 73.43823233319858,
    "hip": 140.35264958898884,
    "shoulder": 75.10295983886611,
    "elbow": 48.17895790077928
  },
  "analysis_scores": {
    "alignment": 0.6282770261073053,
    "balance": 0.6215861966147813,
    "form": 0.7570927679508543,
    "stability": 0.7406576367723419,
    "coordination": 0.7157698407435772,
    "precision": 0.724153068217919,
    "power": 0.6675771146552985,
    "efficiency": 0.954681514063311,
    "safety": 0.7434135439601941,
    "overall": 0.6331936997637261,
    "shoulder": 0.9823147406846261,
    "elbow": 0.9058545978629884,
    "wrist": 0.7654111976557423,
    "hip": 0.9918582452778703,
    "knee": 0.794608184594569,
    "ankle": 0.8954011077341378,
    "back": 0.973526069859923,
    "neck": 0.7204123874077188
  },
  "recommendations": {
    "form": "Good form, continue practicing with current technique",
    "alignment": "Good alignment, maintain current technique",
    "stability": "Good stability, continue with current technique",
    "power": "Good power output, maintain current intensity"
  },
  "safety_considerations": []
}