{
  "power_generation": {
    "explosiveness": 0.6669447546662575,
    "force_transfer": 0.900881914044166,
    "efficiency": 0.5167025502176416
  },
  "technical_metrics": {
    "precision": 0.9345166705074204,
    "consistency": 0.6610134925763973,
    "fluidity": 0.8747153670240108
  },
  "biomechanical_metrics": {
    "joint_loading": 0.9122072877947642,
    "muscle_activation": 0.8996207588744367,
    "energy_efficiency": 0.7364890183511845
  }
}