{
  "key_points": {
    "shoulders": [
      0.18750060241503047,
      0.59830455912125,
      -0.07112060309694493
    ],
    "elbows": [
      0.16208244333941307,
      0.5304067294267901,
      -0.06537832754703529
    ],
    "wrists": [
      -0.37129359312524646,
      0.4569886742105936,
      -0.06789560785047008
    ],
    "hips": [
      -0.045240114465645714,
      0.4606517533911819,
      -0.07524528626014848
    ],
    "knees": [
      -0.012888277987853247,
      0.30977857152670524,
      0.0501968469042163
    ],
    "ankles": [
      0.36301002092275136,
      0.13284933106757926,
      0.008347483238686698
    ]
  },
  "angles": {
    "knee": 114.88163623380885,
    "hip": 132.1983438059061,
    "shoulder": 28.04914828544781,
    "elbow": 73.981155245642
  },
  "analysis_scores": {
    "alignment": 0.859340989334822,
    "balance": 0.8008816055537646,
    "form": 0.8138896932373857,
    "stability": 0.8835903900709594,
    "coordination": 0.9318585265292082,
    "precision": 0.710738076770406,
    "power": 0.9034376777192685,
    "efficiency": 0.7181998056048309,
    "safety": 0.7434493122176562,
    "overall": 0.7650448044564331,
    "shoulder": 0.8056882091894653,
    "elbow": 0.6659971110641065,
    "wrist": 0.9537777635023049,
    "hip": 0.786288519076809,
    "knee": 0.9041900818506452,
    "ankle": 0.8753391096240475,
    "back": 0.6365439718123984,
    "neck": 0.995410907510057
  },
  "recommendations": {
    "form": "Good form, continue practicing with current technique",
    "alignment": "Good alignment, maintain current technique",
    "stability": "Good stability, continue with current technique",
    "power": "Consider increasing intensity gradually"
  },
  "safety_considerations": []
}