{
  "power_generation": {
    "explosiveness": 0.8199038613237957,
    "force_transfer": 0.7156555806387239,
    "efficiency": 0.5054628704317503
  },
  "technical_metrics": {
    "precision": 0.5944898925398101,
    "consistency": 0.5376649671371918,
    "fluidity": 0.8384221899082684
  },
  "biomechanical_metrics": {
    "joint_loading": 0.8448788948398713,
    "muscle_activation": 0.8976926706149468,
    "energy_efficiency": 0.802871828387091
  }
}