{
  "key_points": {
    "shoulders": [
      0.18037582045687994,
      0.6412442486422772,
      -0.004007215698504901
    ],
    "elbows": [
      0.07160519321756809,
      0.5688916060516155,
      0.0439516919319812
    ],
    "wrists": [
      0.06879519905200021,
      0.3327235409075439,
      0.09362011001414988
    ],
    "hips": [
      -0.14309310265179342,
      0.31548511092560744,
      0.009273306810749185
    ],
    "knees": [
      -0.2632522944485081,
      0.25185493424437455,
      0.04242019059012389
    ],
    "ankles": [
      0.04029405744428588,
      0.11608958886081405,
      -0.08320755758567858
    ]
  },
  "angles": {
    "knee": 64.06990079596467,
    "hip": 149.11959805024043,
    "shoulder": 55.987994191182686,
    "elbow": 143.93206005604048
  },
  "analysis_scores": {
    "alignment": 0.9281681155716948,
    "balance": 0.8291187016751908,
    "form": 0.6895916266766923,
    "stability": 0.8733115848113387,
    "coordination": 0.6786596358671736,
    "precision": 0.87760542639997,
    "power": 0.9021120248491932,
    "efficiency": 0.9679448960874953,
    "safety": 0.6330421599149765,
    "overall": 0.6013841134318648,
    "shoulder": 0.7883097066129447,
    "elbow": 0.8294026392979721,
    "wrist": 0.7042113787013847,
    "hip": 0.902049103903647,
    "knee": 0.6846731805094268,
    "ankle": 0.7863932174422559,
    "back": 0.6519633552329193,
    "neck": 0.7972655212406092
  },
  "recommendations": {
    "form": "Good form, continue practicing with current technique",
    "alignment": "Good alignment, maintain current technique",
    "stability": "Good stability, continue with current technique",
    "power": "Good power output, maintain current intensity"
  },
  "safety_considerations": []
}