{
  "power_generation": {
    "explosiveness": 0.8982787195859434,
    "force_transfer": 0.9826872955399961,
    "efficiency": 0.8203142822716498
  },
  "technical_metrics": {
    "precision": 0.9217511842705144,
    "consistency": 0.8180136211813611,
    "fluidity": 0.649779810672787
  },
  "biomechanical_metrics": {
    "joint_loading": 0.8286531085610376,
    "muscle_activation": 0.633443207752628,
    "energy_efficiency": 0.7020428389233997
  }
}