{
  "key_points": {
    "shoulders": [
      0.14839472748298937,
      0.5495448348255026,
      -0.044278550211679084
    ],
    "elbows": [
      -0.14000565444524346,
      0.48095383427637084,
      -0.0025790964418209716
    ],
    "wrists": [
      0.10638187782230579,
      0.4393972300856788,
      0.03586025562487982
    ],
    "hips": [
      0.1561626063740435,
      0.38225190872889464,
      0.03920996060079823
    ],
    "knees": [
      0.1438074072174219,
      0.2718348906527951,
      0.04946429273355596
    ],
    "ankles": [
      0.011377281080476753,
      0.277442746842713,
      0.048690877570828045
    ]
  },
  "angles": {
    "knee": 7.621784791480414,
    "hip": 108.802312431926,
    "shoulder": 5.67309070010935,
    "elbow": 70.60255975440109
  },
  "analysis_scores": {
    "alignment": 0.6944478085613621,
    "balance": 0.8609781720993193,
    "form": 0.6302847983602996,
    "stability": 0.9976719842522537,
    "coordination": 0.6277736763931637,
    "precision": 0.769100880898757,
    "power": 0.8358726037076109,
    "efficiency": 0.7889642256174698,
    "safety": 0.7824086755474404,
    "overall": 0.7068733611707902,
    "shoulder": 0.9126922348558474,
    "elbow": 0.6862525869868418,
    "wrist": 0.9674737961611846,
    "hip": 0.7449713432795431,
    "knee": 0.9784509433302542,
    "ankle": 0.9851175087859293,
    "back": 0.921273212096159,
    "neck": 0.6099357045085686
  },
  "recommendations": {
    "form": "Focus on maintaining proper joint angles during movement",
    "alignment": "Good alignment, maintain current technique",
    "stability": "Good stability, continue with current technique",
    "power": "Good power output, maintain current intensity"
  },
  "safety_considerations": []
}