{
  "key_points": {
    "shoulders": [
      -0.1425318598858707,
      0.5925042756011556,
      0.09514262241769691
    ],
    "elbows": [
      0.17390584201102782,
      0.4980149912334338,
      -0.09318774598485915
    ],
    "wrists": [
      0.3058905314987077,
      0.3039175847892248,
      -0.03519690111027167
    ],
    "hips": [
      -0.09844931900920183,
      0.3244592633035766,
      0.09561428621234333
    ],
    "knees": [
      -0.1329832157763106,
      0.2642193888179003,
      0.0065673504743712224
    ],
    "ankles": [
      0.3894901098643244,
      0.11528477838968208,
      -0.0008281247779604317
    ]
  },
  "angles": {
    "knee": 83.75882885644884,
    "hip": 144.5703933641824,
    "shoulder": 32.84740135056232,
    "elbow": 164.43047604725405
  },
  "analysis_scores": {
    "alignment": 0.8280726478899254,
    "balance": 0.7854415281207836,
    "form": 0.8995730731525786,
    "stability": 0.9021647076834057,
    "coordination": 0.67692881754133,
    "precision": 0.9923329174764244,
    "power": 0.775785792716076,
    "efficiency": 0.7613589383182717,
    "safety": 0.7590146469297159,
    "overall": 0.6585727482752131,
    "shoulder": 0.8554551769622316,
    "elbow": 0.8148023985662483,
    "wrist": 0.6869690346832374,
    "hip": 0.6174738621541778,
    "knee": 0.6759474701195699,
    "ankle": 0.6707011697929223,
    "back": 0.9644864232309991,
    "neck": 0.989489071928723
  },
  "recommendations": {
    "form": "Good form, continue practicing with current technique",
    "alignment": "Work on maintaining symmetrical movement patterns",
    "stability": "Good stability, continue with current technique",
    "power": "Good power output, maintain current intensity"
  },
  "safety_considerations": [
    "Focus on proper shoulder mechanics for accurate passing"
  ]
}