{
  "power_generation": {
    "explosiveness": 0.8933499518806235,
    "force_transfer": 0.7004971292327984,
    "efficiency": 0.5483119944920901
  },
  "technical_metrics": {
    "precision": 0.8435184780420719,
    "consistency": 0.8220643283395459,
    "fluidity": 0.6601480614565884
  },
  "biomechanical_metrics": {
    "joint_loading": 0.9457712909980838,
    "muscle_activation": 0.8206268758774663,
    "energy_efficiency": 0.8135042939926173
  }
}