{
  "key_points": {
    "shoulders": [
      0.02556321700127273,
      0.6998253498647509,
      0.021913068063516228
    ],
    "elbows": [
      0.14869402365637108,
      0.4923258356183698,
      -0.015741999768178777
    ],
    "wrists": [
      -0.32951718820113696,
      0.42696771642523534,
      0.06587559171202625
    ],
    "hips": [
      0.16777016877885886,
      0.39909909085772327,
      -0.07896486531314262
    ],
    "knees": [
      -0.06047591180488737,
      0.27494161598645783,
      -0.029217126144293268
    ],
    "ankles": [
      0.16632071722353614,
      0.20406295760248638,
      -0.01218791522128175
    ]
  },
  "angles": {
    "knee": 145.15797168276785,
    "hip": 170.29854991464353,
    "shoulder": 32.02600777505829,
    "elbow": 135.1181769860124
  },
  "analysis_scores": {
    "alignment": 0.7369192669834455,
    "balance": 0.7371534609969187,
    "form": 0.9079946101382457,
    "stability": 0.8034417513218237,
    "coordination": 0.9173365635225557,
    "precision": 0.8521190116229106,
    "power": 0.8894747080483065,
    "efficiency": 0.9109909781379407,
    "safety": 0.6884998094408872,
    "overall": 0.8934879152970163,
    "shoulder": 0.9633947194499652,
    "elbow": 0.821238081589067,
    "wrist": 0.912062712806487,
    "hip": 0.6344105319773319,
    "knee": 0.6413783600137273,
    "ankle": 0.9520331740276979,
    "back": 0.8210036125780956,
    "neck": 0.9937292875307999
  },
  "recommendations": {
    "form": "Good form, continue practicing with current technique",
    "alignment": "Work on maintaining symmetrical movement patterns",
    "stability": "Good stability, continue with current technique",
    "power": "Good power output, maintain current intensity"
  },
  "safety_considerations": [
    "Focus on proper wrist positioning to prevent strain"
  ]
}