{
  "power_generation": {
    "explosiveness": 0.5291533938420196,
    "force_transfer": 0.7570020523945951,
    "efficiency": 0.7258313700495651
  },
  "technical_metrics": {
    "precision": 0.9098828345521832,
    "consistency": 0.9984035047573017,
    "fluidity": 0.9824848548187135
  },
  "biomechanical_metrics": {
    "joint_loading": 0.5617100292662459,
    "muscle_activation": 0.877824320251188,
    "energy_efficiency": 0.881343972106619
  }
}