{
  "key_points": {
    "shoulders": [
      -0.03886054961540414,
      0.6537902576466121,
      0.09442278942768587
    ],
    "elbows": [
      -0.28919741223571666,
      0.5923454200979819,
      0.04171748361248004
    ],
    "wrists": [
      -0.23717828130499907,
      0.49049512814646756,
      0.08445198874458351
    ],
    "hips": [
      0.14672374637530772,
      0.42834819497792676,
      0.028483486279605286
    ],
    "knees": [
      0.2804116442575891,
      0.30451701283677246,
      -0.048250565890268174
    ],
    "ankles": [
      -0.01068857781535587,
      0.1593430176577048,
      -0.00984375833996079
    ]
  },
  "angles": {
    "knee": 105.97916932646777,
    "hip": 87.47988701802352,
    "shoulder": 41.54954537568084,
    "elbow": 103.03515314757225
  },
  "analysis_scores": {
    "alignment": 0.7931429496917652,
    "balance": 0.7537051401044021,
    "form": 0.7089396547016109,
    "stability": 0.9160775197935196,
    "coordination": 0.6464025066035723,
    "precision": 0.8269506576665372,
    "power": 0.7954232513926882,
    "efficiency": 0.7545320518218939,
    "safety": 0.8438504322090143,
    "overall": 0.752623364621702,
    "shoulder": 0.9372130588228734,
    "elbow": 0.9739167912887722,
    "wrist": 0.903095309252446,
    "hip": 0.9539201155696599,
    "knee": 0.9356353274129938,
    "ankle": 0.8348929401114495,
    "back": 0.730036885655086,
    "neck": 0.84003214503387
  },
  "recommendations": {
    "form": "Good form, continue practicing with current technique",
    "alignment": "Good alignment, maintain current technique",
    "stability": "Focus on maintaining proper posture and balance",
    "power": "Good power output, maintain current intensity"
  },
  "safety_considerations": []
}