{
  "power_generation": {
    "explosiveness": 0.919732672468233,
    "force_transfer": 0.9803360723606916,
    "efficiency": 0.7084555069731
  },
  "technical_metrics": {
    "precision": 0.7106258966438463,
    "consistency": 0.5086782269615868,
    "fluidity": 0.5460275895214995
  },
  "biomechanical_metrics": {
    "joint_loading": 0.9928610070065007,
    "muscle_activation": 0.7256037601919471,
    "energy_efficiency": 0.7620643850745252
  }
}