{
  "key_points": {
    "shoulders": [
      0.05867931710442892,
      0.5372533233457156,
      0.0239248417447947
    ],
    "elbows": [
      0.17965453097641854,
      0.5974356974010939,
      0.038606889477224626
    ],
    "wrists": [
      -0.0980323061839995,
      0.3985197288785624,
      -0.06535969320926521
    ],
    "hips": [
      -0.17877211635967225,
      0.4374731238556139,
      0.0044063444714932815
    ],
    "knees": [
      -0.1918625448704439,
      0.2492084502894807,
      -0.03901980647589707
    ],
    "ankles": [
      -0.13898002585386732,
      0.240135083116025,
      0.028562977327469846
    ]
  },
  "angles": {
    "knee": 17.01810641528344,
    "hip": 98.03349653629228,
    "shoulder": 4.518742633313972,
    "elbow": 132.12579773593436
  },
  "analysis_scores": {
    "alignment": 0.8276616085410424,
    "balance": 0.8182451094034067,
    "form": 0.8063663124368899,
    "stability": 0.9982856450267401,
    "coordination": 0.8424507171405003,
    "precision": 0.9662653420918026,
    "power": 0.6035062990684829,
    "efficiency": 0.7114339334388442,
    "safety": 0.7512727882691685,
    "overall": 0.8325700770479508,
    "shoulder": 0.8634174424162615,
    "elbow": 0.728235950292536,
    "wrist": 0.736614232562906,
    "hip": 0.6332389588882431,
    "knee": 0.8177121376590161,
    "ankle": 0.8919758016764959,
    "back": 0.7307915979624154,
    "neck": 0.8625824479993544
  },
  "recommendations": {
    "form": "Good form, continue practicing with current technique",
    "alignment": "Good alignment, maintain current technique",
    "stability": "Good stability, continue with current technique",
    "power": "Good power output, maintain current intensity"
  },
  "safety_considerations": [
    "Focus on proper shoulder mechanics to prevent rotator cuff injuries",
    "Maintain proper elbow alignment to prevent tennis elbow"
  ]
}