{
  "power_generation": {
    "explosiveness": 0.8148838395519735,
    "force_transfer": 0.6809629003419442,
    "efficiency": 0.904049003782589
  },
  "technical_metrics": {
    "precision": 0.6887850562344474,
    "consistency": 0.8805876022271408,
    "fluidity": 0.7081607049110596
  },
  "biomechanical_metrics": {
    "joint_loading": 0.7686759608721514,
    "muscle_activation": 0.6202215282933843,
    "energy_efficiency": 0.5160537557319562
  }
}