{
  "key_points": {
    "shoulders": [
      0.1385089906849799,
      0.5163770754137245,
      0.08639719542727181
    ],
    "elbows": [
      0.09915907884984138,
      0.5621402984991405,
      0.07592110916830905
    ],
    "wrists": [
      0.030764646440100296,
      0.4447478826735647,
      0.08421581915322882
    ],
    "hips": [
      -0.11158889831632912,
      0.3204468644586911,
      -0.05766496524297587
    ],
    "knees": [
      0.09468154733179507,
      0.33809927585689203,
      0.025032367185687632
    ],
    "ankles": [
      0.05582826624495241,
      0.26547635578268824,
      -0.090010050864537
    ]
  },
  "angles": {
    "knee": 28.062647702113697,
    "hip": 43.17090677726428,
    "shoulder": 66.0908831852978,
    "elbow": 148.89955300162632
  },
  "analysis_scores": {
    "alignment": 0.9399319395131742,
    "balance": 0.9707177264950456,
    "form": 0.8570448755987403,
    "stability": 0.6769304069713316,
    "coordination": 0.7299292184331112,
    "precision": 0.7286374273506323,
    "power": 0.8987750985626046,
    "efficiency": 0.9045925437401199,
    "safety": 0.8561762099394847,
    "overall": 0.6142033909892721,
    "shoulder": 0.6924926283379085,
    "elbow": 0.7315056374899208,
    "wrist": 0.8510632109327425,
    "hip": 0.6977653632413866,
    "knee": 0.7057914197978525,
    "ankle": 0.7153578240015113,
    "back": 0.9132190927389234,
    "neck": 0.8882135269640528
  },
  "recommendations": {
    "form": "Focus on maintaining proper joint angles during movement",
    "alignment": "Good alignment, maintain current technique",
    "stability": "Focus on maintaining proper posture and balance",
    "power": "Consider increasing intensity gradually"
  },
  "safety_considerations": [
    "Maintain proper hip rotation",
    "Ensure proper body alignment during throw"
  ]
}