{
  "power_generation": {
    "explosiveness": 0.5375903674110298,
    "force_transfer": 0.9334741136649,
    "efficiency": 0.9753510516290309
  },
  "technical_metrics": {
    "precision": 0.9949990834607709,
    "consistency": 0.7898274209456876,
    "fluidity": 0.571323498486842
  },
  "biomechanical_metrics": {
    "joint_loading": 0.6543844337155595,
    "muscle_activation": 0.6912428355837854,
    "energy_efficiency": 0.7142195647511744
  }
}