{
  "key_points": {
    "shoulders": [
      0.017497230578993633,
      0.6697731411897672,
      -0.09706907050752148
    ],
    "elbows": [
      -0.006144552814430437,
      0.43555403535117915,
      0.031489701846306284
    ],
    "wrists": [
      -0.1994435846372376,
      0.4896397426375018,
      0.07979615356613576
    ],
    "hips": [
      0.14396464875801745,
      0.37346608945959364,
      0.04527574340747803
    ],
    "knees": [
      0.16409390737595658,
      0.3621785016987346,
      0.004150015373985919
    ],
    "ankles": [
      0.2979053500415121,
      0.2587294743169285,
      0.012501567776059
    ]
  },
  "angles": {
    "knee": 66.68982015919917,
    "hip": 103.95920539079152,
    "shoulder": 35.741811183974335,
    "elbow": 130.02856584818912
  },
  "analysis_scores": {
    "alignment": 0.9341213472305355,
    "balance": 0.7908483678300882,
    "form": 0.776798820423398,
    "stability": 0.7956263949755937,
    "coordination": 0.9013523902439741,
    "precision": 0.8296815732119187,
    "power": 0.6147982760753804,
    "efficiency": 0.7321097031704994,
    "safety": 0.6682609775413471,
    "overall": 0.8480795353493945,
    "shoulder": 0.7268108309986907,
    "elbow": 0.72270478399013,
    "wrist": 0.8632122324278768,
    "hip": 0.6649918651187573,
    "knee": 0.965965141366637,
    "ankle": 0.6313188019796286,
    "back": 0.7171699830467526,
    "neck": 0.8891368024282231
  },
  "recommendations": {
    "form": "Good form, continue practicing with current technique",
    "alignment": "Good alignment, maintain current technique",
    "stability": "Good stability, continue with current technique",
    "power": "Good power output, maintain current intensity"
  },
  "safety_considerations": []
}