{
  "power_generation": {
    "explosiveness": 0.880468785126306,
    "force_transfer": 0.9882619540096726,
    "efficiency": 0.8094366645419835
  },
  "technical_metrics": {
    "precision": 0.6926929761659402,
    "consistency": 0.6108176945757231,
    "fluidity": 0.8883951766056687
  },
  "biomechanical_metrics": {
    "joint_loading": 0.6473921363346866,
    "muscle_activation": 0.9347119318525778,
    "energy_efficiency": 0.8539789775235688
  }
}