{
  "key_points": {
    "shoulders": [
      -0.184784566816809,
      0.6169621821161614,
      -0.04768627087604176
    ],
    "elbows": [
      0.0713346794846661,
      0.44752931736464463,
      0.03346451840273815
    ],
    "wrists": [
      -0.3176045238281292,
      0.41947334652416945,
      -0.03191871937830286
    ],
    "hips": [
      -0.1598890333711959,
      0.4016696634568834,
      0.02214935322007483
    ],
    "knees": [
      0.22701362717205692,
      0.3977832847626252,
      -0.08834828673383173
    ],
    "ankles": [
      0.1884673699467252,
      0.24575362376986937,
      -0.06733624939433841
    ]
  },
  "angles": {
    "knee": 35.135675783725894,
    "hip": 93.2084098848163,
    "shoulder": 33.191325670483174,
    "elbow": 109.88368805255125
  },
  "analysis_scores": {
    "alignment": 0.8435292809480043,
    "balance": 0.9803623371516405,
    "form": 0.9544105886638095,
    "stability": 0.629165100898634,
    "coordination": 0.7461474640252137,
    "precision": 0.8773414602093265,
    "power": 0.8152055875895803,
    "efficiency": 0.6649984460225506,
    "safety": 0.8905782681219911,
    "overall": 0.8695310854992903,
    "shoulder": 0.642864928259483,
    "elbow": 0.8924739360291419,
    "wrist": 0.6159677216835177,
    "hip": 0.890796187634889,
    "knee": 0.8255650970853091,
    "ankle": 0.7491555131625249,
    "back": 0.9991177839526896,
    "neck": 0.6205944565124343
  },
  "recommendations": {
    "form": "Good form, continue practicing with current technique",
    "alignment": "Work on maintaining symmetrical movement patterns",
    "stability": "Good stability, continue with current technique",
    "power": "Good power output, maintain current intensity"
  },
  "safety_considerations": [
    "Ensure proper ankle stability"
  ]
}