{
  "power_generation": {
    "explosiveness": 0.600990627292081,
    "force_transfer": 0.7812398833982157,
    "efficiency": 0.8928782193517335
  },
  "technical_metrics": {
    "precision": 0.8867604639839899,
    "consistency": 0.5368993207962791,
    "fluidity": 0.9300119773045759
  },
  "biomechanical_metrics": {
    "joint_loading": 0.7108142633783194,
    "muscle_activation": 0.8216965637044604,
    "energy_efficiency": 0.6705168750700781
  }
}