{
  "key_points": {
    "shoulders": [
      0.09490164602130013,
      0.7329151526867504,
      0.010304056426282765
    ],
    "hips": [
      0.08677790284968429,
      0.5605808016471281,
      0.005795087861723669
    ],
    "knees": [
      -6.405872345005559e-05,
      0.36899473172661146,
      -0.017962443460322608
    ],
    "ankles": [
      0.2534285875570471,
      0.2186331821253672,
      0.07888287196181434
    ]
  },
  "angles": {
    "knee": 121.92839829587906,
    "hip": 110.7257637223976,
    "shoulder": 39.09509435197084
  },
  "analysis_scores": {
    "alignment": 1.0,
    "balance": 1.0,
    "form": 0.6843884234777214,
    "stability": 0.9147837301601559,
    "coordination": 0.6088921615337874,
    "precision": 0.6993270806864998,
    "power": 0.6793163602057257,
    "efficiency": 0.9276754274691568,
    "safety": 0.8986726857709626,
    "overall": 0.6680110633054577,
    "shoulder": 0.8654233399786475,
    "elbow": 0.6745113599705077,
    "wrist": 0.6624251554174215,
    "hip": 0.8057611593669555,
    "knee": 0.8264939669380403,
    "ankle": 0.9427442348224827,
    "back": 0.694812366123447,
    "neck": 0.8821921777812751
  },
  "recommendations": {
    "form": "Good form, continue practicing with current technique",
    "alignment": "Good alignment, maintain current technique",
    "stability": "Good stability, continue with current technique",
    "power": "Good power output, maintain current intensity"
  },
  "safety_considerations": []
}