{
  "power_generation": {
    "explosiveness": 0.5009264626728107,
    "force_transfer": 0.8352154589138241,
    "efficiency": 0.6489358144868342
  },
  "technical_metrics": {
    "precision": 0.6414579585982085,
    "consistency": 0.7264935128617572,
    "fluidity": 0.6674525003157323
  },
  "biomechanical_metrics": {
    "joint_loading": 0.6059606772830612,
    "muscle_activation": 0.780649718439107,
    "energy_efficiency": 0.6347931237237816
  }
}