{
  "key_points": {
    "shoulders": [
      -0.1283694260272964,
      0.5304632982163733,
      0.0214564139399442
    ],
    "elbows": [
      0.18774373139740042,
      0.46840614335305303,
      -0.006661380747169238
    ],
    "wrists": [
      0.19836290170077864,
      0.3476921755241339,
      -0.05881091762256874
    ],
    "hips": [
      -0.030379854364238124,
      0.3696848621795509,
      -0.0418123948197799
    ],
    "knees": [
      -0.015620215003525617,
      0.39854299044380087,
      -0.0733436086162878
    ],
    "ankles": [
      -0.16117189075835078,
      0.2095966679951325,
      0.05401996405730039
    ]
  },
  "angles": {
    "knee": 77.06688439044669,
    "hip": 105.1722651583987,
    "shoulder": 21.50363306962561,
    "elbow": 108.02693366769047
  },
  "analysis_scores": {
    "alignment": 0.6542181015658451,
    "balance": 0.9665513204129599,
    "form": 0.9762654195029052,
    "stability": 0.8509010537343649,
    "coordination": 0.7245254211683192,
    "precision": 0.9382264161859253,
    "power": 0.9457266561223548,
    "efficiency": 0.9697069426185212,
    "safety": 0.8344217955116249,
    "overall": 0.8824644128586808,
    "shoulder": 0.6995493568736701,
    "elbow": 0.9702436896911935,
    "wrist": 0.7648281982065227,
    "hip": 0.8417238403414776,
    "knee": 0.701471325145877,
    "ankle": 0.9607146585494821,
    "back": 0.6482330713708232,
    "neck": 0.8524070105184314
  },
  "recommendations": {
    "form": "Good form, continue practicing with current technique",
    "alignment": "Good alignment, maintain current technique",
    "stability": "Good stability, continue with current technique",
    "power": "Good power output, maintain current intensity"
  },
  "safety_considerations": [
    "Maintain proper hip positioning to prevent strain"
  ]
}