{
  "power_generation": {
    "explosiveness": 0.6220230798860209,
    "force_transfer": 0.7294216433807184,
    "efficiency": 0.6739729003427632
  },
  "technical_metrics": {
    "precision": 0.7814493320790591,
    "consistency": 0.9306648542747646,
    "fluidity": 0.8580799613229708
  },
  "biomechanical_metrics": {
    "joint_loading": 0.6813026098449995,
    "muscle_activation": 0.9563141085257636,
    "energy_efficiency": 0.8914381322172096
  }
}