{
  "key_points": {
    "shoulders": [
      -0.0022461839077193846,
      0.5993758358660434,
      -0.011043835889349124
    ],
    "elbows": [
      -0.299865853784218,
      0.4365316571192411,
      0.08390094015205779
    ],
    "wrists": [
      0.19402736814104782,
      0.44789583279556083,
      0.06618969258025462
    ],
    "hips": [
      -0.16086092953133477,
      0.38584014950499423,
      0.03207542532808225
    ],
    "knees": [
      0.23637599893269784,
      0.296075157109356,
      0.04882002499415952
    ],
    "ankles": [
      -0.28178407781424764,
      0.25610801602659106,
      -0.0409394822809577
    ]
  },
  "angles": {
    "knee": 75.11516692474862,
    "hip": 89.1331337128848,
    "shoulder": 29.882981805678053,
    "elbow": 77.09459227059972
  },
  "analysis_scores": {
    "alignment": 0.9683119960898521,
    "balance": 0.6864337410906137,
    "form": 0.9844626518815841,
    "stability": 0.8057442112571703,
    "coordination": 0.9242238551809964,
    "precision": 0.7758125800453701,
    "power": 0.6916633433804387,
    "efficiency": 0.9665054535387808,
    "safety": 0.8261590557588335,
    "overall": 0.6962269914999014,
    "shoulder": 0.9862276311996512,
    "elbow": 0.9189861512077299,
    "wrist": 0.8371376171928696,
    "hip": 0.7787745477225247,
    "knee": 0.7267138157061303,
    "ankle": 0.8646492466736387,
    "back": 0.9787356896810104,
    "neck": 0.7588053010035738
  },
  "recommendations": {
    "form": "Good form, continue practicing with current technique",
    "alignment": "Work on maintaining symmetrical movement patterns",
    "stability": "Good stability, continue with current technique",
    "power": "Good power output, maintain current intensity"
  },
  "safety_considerations": []
}