{
  "power_generation": {
    "explosiveness": 0.6044543812972385,
    "force_transfer": 0.9017877996470094,
    "efficiency": 0.7030146939870241
  },
  "technical_metrics": {
    "precision": 0.9261422219837281,
    "consistency": 0.8857985758420601,
    "fluidity": 0.6699239019496578
  },
  "biomechanical_metrics": {
    "joint_loading": 0.8813297966418221,
    "muscle_activation": 0.6981002555495899,
    "energy_efficiency": 0.7044956148343209
  }
}