{
  "key_points": {
    "shoulders": [
      0.16165425080359141,
      0.6269685945786084,
      0.0610447038701509
    ],
    "elbows": [
      -0.12558393996755196,
      0.4904294311631747,
      0.026684097864680234
    ],
    "wrists": [
      0.2468002939250945,
      0.38386505627156964,
      0.046417042643950246
    ],
    "hips": [
      -0.025280386351805906,
      0.30038901186393924,
      0.09691740331138485
    ],
    "knees": [
      -0.20891791761383655,
      0.2544221639195852,
      0.04079356668788531
    ],
    "ankles": [
      0.0964871334738932,
      0.24786710416191907,
      0.08204809218939821
    ]
  },
  "angles": {
    "knee": 29.989685511641365,
    "hip": 99.36017556668318,
    "shoulder": 12.456421439295807,
    "elbow": 47.32245754676228
  },
  "analysis_scores": {
    "alignment": 0.7835180604583553,
    "balance": 0.7666278760885282,
    "form": 0.9517456301056698,
    "stability": 0.9244096957502547,
    "coordination": 0.9030838175208874,
    "precision": 0.6446968006995802,
    "power": 0.7413338628575837,
    "efficiency": 0.7271124846644328,
    "safety": 0.7586563955137424,
    "overall": 0.939961950368241,
    "shoulder": 0.762138913086203,
    "elbow": 0.6304010745342972,
    "wrist": 0.7670369262958838,
    "hip": 0.8699146974574379,
    "knee": 0.7814163629388005,
    "ankle": 0.6363322024141573,
    "back": 0.8815371525377863,
    "neck": 0.6164357440033447
  },
  "recommendations": {
    "form": "Good form, continue practicing with current technique",
    "alignment": "Work on maintaining symmetrical movement patterns",
    "stability": "Good stability, continue with current technique",
    "power": "Good power output, maintain current intensity"
  },
  "safety_considerations": []
}