{
  "power_generation": {
    "explosiveness": 0.6309355010148215,
    "force_transfer": 0.9550508648975802,
    "efficiency": 0.5989655389733595
  },
  "technical_metrics": {
    "precision": 0.8021956170587287,
    "consistency": 0.9498047541822225,
    "fluidity": 0.6600098732495707
  },
  "biomechanical_metrics": {
    "joint_loading": 0.5541370329737138,
    "muscle_activation": 0.7035886512770267,
    "energy_efficiency": 0.7878426050470209
  }
}