{
  "key_points": {
    "shoulders": [
      -0.11637443577368121,
      0.6728523660003436,
      0.003793093051840807
    ],
    "elbows": [
      0.2150377633420542,
      0.5027596089462416,
      -0.07489898912400002
    ],
    "wrists": [
      0.01009802153389261,
      0.4130334332194869,
      -0.0768837884191367
    ],
    "hips": [
      -0.04571042966492106,
      0.4092146476553786,
      0.04184781688230388
    ],
    "knees": [
      0.06511889740706539,
      0.3796540816112192,
      0.06611000977484252
    ],
    "ankles": [
      -0.24923342495647544,
      0.266825397691696,
      -0.0529983903212939
    ]
  },
  "angles": {
    "knee": 4.788103075994408,
    "hip": 40.691646194632085,
    "shoulder": 49.55288601114988,
    "elbow": 32.778261817991776
  },
  "analysis_scores": {
    "alignment": 0.695925608728857,
    "balance": 0.9582907189422176,
    "form": 0.7632012024400122,
    "stability": 0.6440606797432452,
    "coordination": 0.640796586701081,
    "precision": 0.9412007045301163,
    "power": 0.9645321305665812,
    "efficiency": 0.970125073947488,
    "safety": 0.9503888816690467,
    "overall": 0.9895838543262383,
    "shoulder": 0.8244177935294417,
    "elbow": 0.7029845602626303,
    "wrist": 0.9280898579366019,
    "hip": 0.9760506810575283,
    "knee": 0.9914874889879005,
    "ankle": 0.8154164008125147,
    "back": 0.8209818483520246,
    "neck": 0.6430469121916054
  },
  "recommendations": {
    "form": "Good form, continue practicing with current technique",
    "alignment": "Good alignment, maintain current technique",
    "stability": "Focus on maintaining proper posture and balance",
    "power": "Good power output, maintain current intensity"
  },
  "safety_considerations": []
}