{
  "power_generation": {
    "explosiveness": 0.6531072856151752,
    "force_transfer": 0.6074184963359971,
    "efficiency": 0.6909344245069436
  },
  "technical_metrics": {
    "precision": 0.7489235388301976,
    "consistency": 0.5494628224099003,
    "fluidity": 0.6573224124362256
  },
  "biomechanical_metrics": {
    "joint_loading": 0.7889694790590788,
    "muscle_activation": 0.7109132652933057,
    "energy_efficiency": 0.6687039419887669
  }
}