{
  "key_points": {
    "shoulders": [
      0.1756172955819767,
      0.5416630776149072,
      -0.005075011564822859
    ],
    "elbows": [
      -0.282361448841334,
      0.5363047129573435,
      -0.07306744050684194
    ],
    "wrists": [
      0.2264414766218592,
      0.38075618971816083,
      0.04496297754961501
    ],
    "hips": [
      -0.04246260657889417,
      0.4987193519753901,
      0.062311928797189
    ],
    "knees": [
      0.02363940721809149,
      0.22474803745885338,
      0.040493651990150425
    ],
    "ankles": [
      0.09363365118044176,
      0.20059234626234546,
      -0.011807208286078646
    ]
  },
  "angles": {
    "knee": 92.22586298175862,
    "hip": 143.21551410932366,
    "shoulder": 74.12424926209789,
    "elbow": 80.60629914052709
  },
  "analysis_scores": {
    "alignment": 0.9151226771608754,
    "balance": 0.7662888610002524,
    "form": 0.7639256066659038,
    "stability": 0.8517953066215056,
    "coordination": 0.9216747481850706,
    "precision": 0.8231254393498313,
    "power": 0.8481829794215419,
    "efficiency": 0.6916709627902131,
    "safety": 0.6756790839837646,
    "overall": 0.7576421029420362,
    "shoulder": 0.6228678090059152,
    "elbow": 0.9060871178743162,
    "wrist": 0.6650623528347207,
    "hip": 0.9314411212859137,
    "knee": 0.719924643620244,
    "ankle": 0.7506662062776196,
    "back": 0.8389898390642043,
    "neck": 0.9043671933291181
  },
  "recommendations": {
    "form": "Good form, continue practicing with current technique",
    "alignment": "Good alignment, maintain current technique",
    "stability": "Good stability, continue with current technique",
    "power": "Consider increasing intensity gradually"
  },
  "safety_considerations": []
}