{
  "power_generation": {
    "explosiveness": 0.9185999345265781,
    "force_transfer": 0.9438439866411316,
    "efficiency": 0.5541040795015688
  },
  "technical_metrics": {
    "precision": 0.8753785345441669,
    "consistency": 0.7152594270117045,
    "fluidity": 0.9974680260210025
  },
  "biomechanical_metrics": {
    "joint_loading": 0.5767123533963097,
    "muscle_activation": 0.9787715267794119,
    "energy_efficiency": 0.7699333690515899
  }
}