{
  "key_points": {
    "shoulders": [
      -0.040380117817748584,
      0.6298062725454561,
      -0.09983013585850223
    ],
    "elbows": [
      -0.21163579007101258,
      0.4180058633092595,
      -0.07442153223051698
    ],
    "wrists": [
      0.35469162152119205,
      0.32781118266966575,
      0.02035081498775297
    ],
    "hips": [
      0.09929104896674984,
      0.35169112252742046,
      0.07755052669603105
    ],
    "knees": [
      -0.14008656023304555,
      0.3686461785445375,
      0.046930826024535244
    ],
    "ankles": [
      -0.3600171120481786,
      0.2400626680756775,
      -0.09436624959611434
    ]
  },
  "angles": {
    "knee": 141.79132236554568,
    "hip": 124.38834209035495,
    "shoulder": 50.66134932452463,
    "elbow": 97.65384373775133
  },
  "analysis_scores": {
    "alignment": 0.7790806720387065,
    "balance": 0.8006637874716181,
    "form": 0.9257462545827511,
    "stability": 0.952720245310869,
    "coordination": 0.9011227315629645,
    "precision": 0.6144960205486595,
    "power": 0.6271995480398035,
    "efficiency": 0.9262346049214621,
    "safety": 0.7874296552139669,
    "overall": 0.8059110026952954,
    "shoulder": 0.9618758530627414,
    "elbow": 0.8513142678439614,
    "wrist": 0.9509547914083725,
    "hip": 0.7461952296507847,
    "knee": 0.644476518698137,
    "ankle": 0.8541948691889665,
    "back": 0.8413776887225521,
    "neck": 0.8278576740429842
  },
  "recommendations": {
    "form": "Good form, continue practicing with current technique",
    "alignment": "Good alignment, maintain current technique",
    "stability": "Focus on maintaining proper posture and balance",
    "power": "Good power output, maintain current intensity"
  },
  "safety_considerations": [
    "Maintain hip stability to prevent groin injuries"
  ]
}