{
  "power_generation": {
    "explosiveness": 0.978850955798038,
    "force_transfer": 0.696417832112138,
    "efficiency": 0.5886316217220331
  },
  "technical_metrics": {
    "precision": 0.5268673946037654,
    "consistency": 0.6156998597088388,
    "fluidity": 0.6770542587197848
  },
  "biomechanical_metrics": {
    "joint_loading": 0.9060784661750197,
    "muscle_activation": 0.9710034159065455,
    "energy_efficiency": 0.9208042628684674
  }
}