{
  "key_points": {
    "shoulders": [
      0.15284679493393372,
      0.5107804116947644,
      -0.08957481916803632
    ],
    "elbows": [
      0.0540264857434144,
      0.42514866864395023,
      -0.013293649654031195
    ],
    "wrists": [
      -0.2040954282787281,
      0.38946605846785903,
      0.06269450147877167
    ],
    "hips": [
      0.0550638080189923,
      0.4042027328646848,
      0.0703920654373271
    ],
    "knees": [
      0.280555101804777,
      0.2443266923530198,
      0.06427040736336201
    ],
    "ankles": [
      0.3042097217777495,
      0.23871462352161246,
      0.06582662018100843
    ]
  },
  "angles": {
    "knee": 27.53374758536594,
    "hip": 123.0867618385537,
    "shoulder": 22.533606042403246,
    "elbow": 151.59120731428948
  },
  "analysis_scores": {
    "alignment": 0.6298746976159875,
    "balance": 0.7494058758878585,
    "form": 0.873209266082777,
    "stability": 0.6892935583454964,
    "coordination": 0.7889487608779711,
    "precision": 0.9123739592601094,
    "power": 0.9194835151474188,
    "efficiency": 0.7883397056246518,
    "safety": 0.6166278645642991,
    "overall": 0.6423635236345759,
    "shoulder": 0.7057706541437047,
    "elbow": 0.6727752886887766,
    "wrist": 0.9480658058482705,
    "hip": 0.9260374195297013,
    "knee": 0.9961427089046665,
    "ankle": 0.622628441545049,
    "back": 0.7745980873695949,
    "neck": 0.7876609267927179
  },
  "recommendations": {
    "form": "Focus on maintaining proper joint angles during movement",
    "alignment": "Good alignment, maintain current technique",
    "stability": "Good stability, continue with current technique",
    "power": "Good power output, maintain current intensity"
  },
  "safety_considerations": [
    "Maintain proper hip positioning for stability",
    "Ensure proper knee alignment to prevent injury"
  ]
}