{
  "power_generation": {
    "explosiveness": 0.866637325772887,
    "force_transfer": 0.7907569665314456,
    "efficiency": 0.714458557339954
  },
  "technical_metrics": {
    "precision": 0.520825466799964,
    "consistency": 0.8329344764653228,
    "fluidity": 0.5041939461568989
  },
  "biomechanical_metrics": {
    "joint_loading": 0.7310486095770985,
    "muscle_activation": 0.9024992792495592,
    "energy_efficiency": 0.9648744429041244
  }
}