{
  "key_points": {
    "shoulders": [
      -0.1269144583173452,
      0.6042829483211561,
      -0.06969335441610694
    ],
    "elbows": [
      0.07894736690460619,
      0.5060740899658498,
      -0.0826542728762614
    ],
    "wrists": [
      -0.3275531633581462,
      0.49635029965429056,
      0.09510395223880208
    ],
    "hips": [
      0.05702632442239597,
      0.40247997399520435,
      -0.07195075872520387
    ],
    "knees": [
      -0.0737336370071266,
      0.27646983550753573,
      -0.06749906736905553
    ],
    "ankles": [
      0.2674689169420803,
      0.28686006788157214,
      0.08614398479305799
    ]
  },
  "angles": {
    "knee": 113.07873632512369,
    "hip": 133.49507137975579,
    "shoulder": 27.079929390740702,
    "elbow": 47.128615754701556
  },
  "analysis_scores": {
    "alignment": 0.8252703811031927,
    "balance": 0.8802290833500319,
    "form": 0.6308386793006873,
    "stability": 0.7216801463900886,
    "coordination": 0.9922695756430604,
    "precision": 0.9930483324321406,
    "power": 0.7939589637498692,
    "efficiency": 0.7079504228096964,
    "safety": 0.9317734287783258,
    "overall": 0.762490265904919,
    "shoulder": 0.7572470676895451,
    "elbow": 0.7332541536107599,
    "wrist": 0.6434807840876959,
    "hip": 0.9574904250685464,
    "knee": 0.8528199205642235,
    "ankle": 0.6607569335530175,
    "back": 0.7233467397794087,
    "neck": 0.9935542435647108
  },
  "recommendations": {
    "form": "Good form, continue practicing with current technique",
    "alignment": "Good alignment, maintain current technique",
    "stability": "Good stability, continue with current technique",
    "power": "Consider increasing intensity gradually"
  },
  "safety_considerations": []
}