{
  "power_generation": {
    "explosiveness": 0.8111448791766938,
    "force_transfer": 0.5379418286912179,
    "efficiency": 0.8504512823482396
  },
  "technical_metrics": {
    "precision": 0.6669236725495138,
    "consistency": 0.8833916068691298,
    "fluidity": 0.8027178363653971
  },
  "biomechanical_metrics": {
    "joint_loading": 0.8152196076719777,
    "muscle_activation": 0.5598791184731069,
    "energy_efficiency": 0.7603988973245983
  }
}