{
  "key_points": {
    "shoulders": [
      -0.05762930751353554,
      0.6850343429991697,
      -0.008260320248276984
    ],
    "elbows": [
      -0.23604097351584497,
      0.514231306900675,
      -0.05294379237147302
    ],
    "wrists": [
      0.15265440570270905,
      0.31960131844413947,
      -0.050434948710484574
    ],
    "hips": [
      0.008497215445118833,
      0.3525741603151164,
      0.08586336964137548
    ],
    "knees": [
      -0.28425689067816545,
      0.3740635070609868,
      -0.0436874795862132
    ],
    "ankles": [
      0.3769834093633956,
      0.12283962598712483,
      0.04835243526537206
    ]
  },
  "angles": {
    "knee": 120.76384236782258,
    "hip": 109.63209834059795,
    "shoulder": 5.065522770570679,
    "elbow": 142.13473115176993
  },
  "analysis_scores": {
    "alignment": 0.9612040833083833,
    "balance": 0.9393603195478408,
    "form": 0.8866266797619823,
    "stability": 0.9788614639670911,
    "coordination": 0.7247670856546455,
    "precision": 0.9272465507943932,
    "power": 0.777211736421474,
    "efficiency": 0.9373653392993424,
    "safety": 0.9326041116070619,
    "overall": 0.8650180297731669,
    "shoulder": 0.7428491651310989,
    "elbow": 0.7506206815403896,
    "wrist": 0.9403719496148387,
    "hip": 0.7114674721962008,
    "knee": 0.6315276639400494,
    "ankle": 0.7582979436586851,
    "back": 0.9468116782052464,
    "neck": 0.8045745177264301
  },
  "recommendations": {
    "form": "Focus on maintaining proper joint angles during movement",
    "alignment": "Work on maintaining symmetrical movement patterns",
    "stability": "Focus on maintaining proper posture and balance",
    "power": "Good power output, maintain current intensity"
  },
  "safety_considerations": [
    "Maintain proper hip rotation"
  ]
}