{
  "power_generation": {
    "explosiveness": 0.5017385922983454,
    "force_transfer": 0.8503357271292242,
    "efficiency": 0.6811451156275677
  },
  "technical_metrics": {
    "precision": 0.8188899358785402,
    "consistency": 0.8189107014228079,
    "fluidity": 0.7530510460710163
  },
  "biomechanical_metrics": {
    "joint_loading": 0.6289884063972963,
    "muscle_activation": 0.6306438165807272,
    "energy_efficiency": 0.757405579158978
  }
}