{
  "key_points": {
    "shoulders": [
      0.0044031318969287025,
      0.6268355951162878,
      -0.010603810842679404
    ],
    "elbows": [
      -0.12979998794732184,
      0.590566753790809,
      0.036219555331044956
    ],
    "wrists": [
      -0.06268884109840062,
      0.3787004354775352,
      -0.08097768289536089
    ],
    "hips": [
      -0.036681927912784656,
      0.39367659413310657,
      0.016580093903808837
    ],
    "knees": [
      0.004308408696393429,
      0.32431962748653875,
      0.032391062656748904
    ],
    "ankles": [
      0.3041836568208741,
      0.22498766666137757,
      -0.08607486989991542
    ]
  },
  "angles": {
    "knee": 91.39632689577581,
    "hip": 78.83891342895475,
    "shoulder": 23.370342652370756,
    "elbow": 164.51045443897513
  },
  "analysis_scores": {
    "alignment": 0.930732716167309,
    "balance": 0.6127264727952823,
    "form": 0.6480360788514502,
    "stability": 0.9282837803370865,
    "coordination": 0.7436582577885025,
    "precision": 0.9382678340147342,
    "power": 0.9596884461093749,
    "efficiency": 0.9684097514517549,
    "safety": 0.9824767968758709,
    "overall": 0.6046540560767039,
    "shoulder": 0.6413554884138203,
    "elbow": 0.9335050262595604,
    "wrist": 0.6991248000899237,
    "hip": 0.9134197366006934,
    "knee": 0.758210095839674,
    "ankle": 0.8088541562551304,
    "back": 0.9953557582095696,
    "neck": 0.957459237143654
  },
  "recommendations": {
    "form": "Focus on maintaining proper joint angles during movement",
    "alignment": "Good alignment, maintain current technique",
    "stability": "Good stability, continue with current technique",
    "power": "Good power output, maintain current intensity"
  },
  "safety_considerations": [
    "Focus on proper shoulder mechanics to prevent rotator cuff injuries",
    "Maintain proper elbow alignment to prevent tennis elbow"
  ]
}