{
  "power_generation": {
    "explosiveness": 0.5290394321991472,
    "force_transfer": 0.7661805851638019,
    "efficiency": 0.7518279713535703
  },
  "technical_metrics": {
    "precision": 0.9390380327894294,
    "consistency": 0.6195375594659513,
    "fluidity": 0.8478782027659988
  },
  "biomechanical_metrics": {
    "joint_loading": 0.9850336109351747,
    "muscle_activation": 0.9011520893963476,
    "energy_efficiency": 0.7409154938181179
  }
}