{
  "key_points": {
    "shoulders": [
      -0.186852664597907,
      0.5986178075537237,
      -0.022881857909222217
    ],
    "elbows": [
      0.03837018918826107,
      0.4238408049701421,
      0.0645027012481654
    ],
    "wrists": [
      0.2712184508649229,
      0.4055174995088825,
      0.09539164897749705
    ],
    "hips": [
      -0.0002152188465524285,
      0.4009821804563219,
      -0.049760794761213895
    ],
    "knees": [
      0.032174561734042484,
      0.3655816629650744,
      -0.006967169531680417
    ],
    "ankles": [
      -0.2649963433834711,
      0.2667944952565869,
      0.057105936262901696
    ]
  },
  "angles": {
    "knee": 46.04257362161098,
    "hip": 99.92858909183902,
    "shoulder": 20.824862908098865,
    "elbow": 27.61333931954431
  },
  "analysis_scores": {
    "alignment": 0.9377062558277742,
    "balance": 0.7305091720458298,
    "form": 0.8305663795793152,
    "stability": 0.6336285834763191,
    "coordination": 0.8468341016957733,
    "precision": 0.788383101879457,
    "power": 0.9747105656920361,
    "efficiency": 0.7476360283515852,
    "safety": 0.9118481526277404,
    "overall": 0.9065898895990174,
    "shoulder": 0.6011735638203467,
    "elbow": 0.6925517061957474,
    "wrist": 0.6975359654223638,
    "hip": 0.8242679289758134,
    "knee": 0.8080533570350223,
    "ankle": 0.7681274896093657,
    "back": 0.9208101810489727,
    "neck": 0.6493475904392757
  },
  "recommendations": {
    "form": "Good form, continue practicing with current technique",
    "alignment": "Good alignment, maintain current technique",
    "stability": "Good stability, continue with current technique",
    "power": "Consider increasing intensity gradually"
  },
  "safety_considerations": [
    "Ensure proper bike fit and body alignment"
  ]
}