{
  "power_generation": {
    "explosiveness": 0.8370098705181598,
    "force_transfer": 0.5565933929268964,
    "efficiency": 0.8473231411366193
  },
  "technical_metrics": {
    "precision": 0.827287044932286,
    "consistency": 0.8281010827465989,
    "fluidity": 0.8253248967638773
  },
  "biomechanical_metrics": {
    "joint_loading": 0.8555130964191731,
    "muscle_activation": 0.8416057271848391,
    "energy_efficiency": 0.6767941541858983
  }
}