{
  "key_points": {
    "shoulders": [
      0.15762699573820876,
      0.660021959007562,
      0.03955959024990818
    ],
    "elbows": [
      0.0939625834203347,
      0.4459010671101567,
      0.04766972350900789
    ],
    "wrists": [
      -0.09722562437904958,
      0.32260898048296793,
      0.03744654489790483
    ],
    "hips": [
      0.0781542021789351,
      0.3283625344781721,
      -0.07481284298725131
    ],
    "knees": [
      0.26542456152798716,
      0.26727805519858594,
      0.02180543269090822
    ],
    "ankles": [
      0.1615256967581764,
      0.21037887619560236,
      -0.05913345537729573
    ]
  },
  "angles": {
    "knee": 76.09304746749025,
    "hip": 61.16638766646557,
    "shoulder": 45.391336967755386,
    "elbow": 138.88501031304466
  },
  "analysis_scores": {
    "alignment": 0.9758155840658445,
    "balance": 0.6993023567364914,
    "form": 0.6701340255788633,
    "stability": 0.7533227801611716,
    "coordination": 0.7418063122009355,
    "precision": 0.691112742056338,
    "power": 0.6857479439997631,
    "efficiency": 0.8778182880803527,
    "safety": 0.7574901623545225,
    "overall": 0.9922090470419908,
    "shoulder": 0.8433753033590238,
    "elbow": 0.8458480878827088,
    "wrist": 0.6546040656474903,
    "hip": 0.7298242819016081,
    "knee": 0.6734282502742974,
    "ankle": 0.758608594460054,
    "back": 0.8349751722616736,
    "neck": 0.7686664951236899
  },
  "recommendations": {
    "form": "Good form, continue practicing with current technique",
    "alignment": "Good alignment, maintain current technique",
    "stability": "Good stability, continue with current technique",
    "power": "Good power output, maintain current intensity"
  },
  "safety_considerations": []
}