{
  "power_generation": {
    "explosiveness": 0.5864100666237775,
    "force_transfer": 0.7014325576681106,
    "efficiency": 0.7346431994004547
  },
  "technical_metrics": {
    "precision": 0.9933848235386222,
    "consistency": 0.5588319295277185,
    "fluidity": 0.6517165990559759
  },
  "biomechanical_metrics": {
    "joint_loading": 0.7621133569865441,
    "muscle_activation": 0.7873191076589463,
    "energy_efficiency": 0.946136744820663
  }
}