{
  "key_points": {
    "shoulders": [
      0.010421764132658856,
      0.5243094380600449,
      0.09718579863441304
    ],
    "elbows": [
      0.24037655260497287,
      0.5598840443496733,
      -0.06097713894411221
    ],
    "wrists": [
      0.24694006190978535,
      0.3160564165718539,
      0.03550538637212114
    ],
    "hips": [
      0.03533312331555413,
      0.3369990254133026,
      0.046957243531887544
    ],
    "knees": [
      0.005018680937866282,
      0.3274256499039587,
      -0.09013278064860414
    ],
    "ankles": [
      -0.0005950325659986322,
      0.1414139137029098,
      0.07253303955224885
    ]
  },
  "angles": {
    "knee": 60.63727946060962,
    "hip": 98.99744171077124,
    "shoulder": 48.071960588938936,
    "elbow": 148.3225545600297
  },
  "analysis_scores": {
    "alignment": 0.8042608731629882,
    "balance": 0.6360171049389688,
    "form": 0.774624627741453,
    "stability": 0.6405535117621508,
    "coordination": 0.8079391478708446,
    "precision": 0.7052039729668472,
    "power": 0.8048741514854401,
    "efficiency": 0.9155129989149144,
    "safety": 0.9245538975133525,
    "overall": 0.6305942820605054,
    "shoulder": 0.6090334097277589,
    "elbow": 0.901907373869711,
    "wrist": 0.9237692176917516,
    "hip": 0.806378056933295,
    "knee": 0.6082677131622249,
    "ankle": 0.7473043125568122,
    "back": 0.6526490123958991,
    "neck": 0.755712091741955
  },
  "recommendations": {
    "form": "Focus on maintaining proper joint angles during movement",
    "alignment": "Good alignment, maintain current technique",
    "stability": "Good stability, continue with current technique",
    "power": "Good power output, maintain current intensity"
  },
  "safety_considerations": [
    "Maintain proper elbow alignment",
    "Ensure proper wrist positioning"
  ]
}