{
  "power_generation": {
    "explosiveness": 0.9191097962808995,
    "force_transfer": 0.8687658246775494,
    "efficiency": 0.6323306860575948
  },
  "technical_metrics": {
    "precision": 0.5395300522783733,
    "consistency": 0.5103435672428971,
    "fluidity": 0.9495474109926351
  },
  "biomechanical_metrics": {
    "joint_loading": 0.6179519600354201,
    "muscle_activation": 0.9410321816834655,
    "energy_efficiency": 0.8102827193590063
  }
}