{
  "key_points": {
    "shoulders": [
      -0.15057056809891842,
      0.6114656873880212,
      -0.034715081169312365
    ],
    "elbows": [
      -0.10658470087384955,
      0.40399981186731654,
      0.07513269172549472
    ],
    "wrists": [
      -0.3672033664228702,
      0.3722738938952832,
      0.02617150864699508
    ],
    "hips": [
      -0.09084477047101727,
      0.457860382767063,
      -0.06223567790959439
    ],
    "knees": [
      0.1563102464275612,
      0.39179369143839166,
      -0.039549424422588575
    ],
    "ankles": [
      0.39804722712638485,
      0.197339614736941,
      0.06268828535140045
    ]
  },
  "angles": {
    "knee": 58.880916111337186,
    "hip": 128.62530038666384,
    "shoulder": 47.697303292037574,
    "elbow": 107.87802702259
  },
  "analysis_scores": {
    "alignment": 0.6548367207118103,
    "balance": 0.7036315959365238,
    "form": 0.7818551203509942,
    "stability": 0.9892594571406257,
    "coordination": 0.8878272945041615,
    "precision": 0.9858944569598604,
    "power": 0.9812944288344122,
    "efficiency": 0.7354175233258616,
    "safety": 0.8951350376770693,
    "overall": 0.7227121592805259,
    "shoulder": 0.8138016876921896,
    "elbow": 0.9828073770141872,
    "wrist": 0.6490142684889771,
    "hip": 0.9650274050470975,
    "knee": 0.8685515178163592,
    "ankle": 0.6312686239484293,
    "back": 0.6129645493712697,
    "neck": 0.6169997064019792
  },
  "recommendations": {
    "form": "Good form, continue practicing with current technique",
    "alignment": "Good alignment, maintain current technique",
    "stability": "Good stability, continue with current technique",
    "power": "Good power output, maintain current intensity"
  },
  "safety_considerations": []
}