{
  "power_generation": {
    "explosiveness": 0.7789805001951489,
    "force_transfer": 0.552037350600102,
    "efficiency": 0.7937358837182209
  },
  "technical_metrics": {
    "precision": 0.8755661468762753,
    "consistency": 0.722893000117368,
    "fluidity": 0.7153711302404815
  },
  "biomechanical_metrics": {
    "joint_loading": 0.533205789720938,
    "muscle_activation": 0.9098045257230997,
    "energy_efficiency": 0.6680899061394987
  }
}