{
  "key_points": {
    "shoulders": [
      0.1173977211122092,
      0.6798182041341839,
      -0.029830782460512725
    ],
    "elbows": [
      -0.04297758880937619,
      0.5346569585601777,
      -0.018380018268594547
    ],
    "wrists": [
      0.1002873933634314,
      0.4372666630811556,
      0.012652722389679294
    ],
    "hips": [
      -0.10461976030520725,
      0.3265781506386832,
      -0.06394672920837635
    ],
    "knees": [
      -0.2672559858252904,
      0.28493227409659094,
      -0.08113807796744954
    ],
    "ankles": [
      -0.08743720897800777,
      0.22465507341026678,
      0.02229869426465758
    ]
  },
  "angles": {
    "knee": 92.62398521813336,
    "hip": 54.99222286812727,
    "shoulder": 83.26056887677898,
    "elbow": 36.064138478356874
  },
  "analysis_scores": {
    "alignment": 0.9161649345794698,
    "balance": 0.7299950464650573,
    "form": 0.8306972203682134,
    "stability": 0.9994930854066636,
    "coordination": 0.9674734714079118,
    "precision": 0.7132734152326089,
    "power": 0.6310462628214075,
    "efficiency": 0.7531515833329953,
    "safety": 0.9087599488504454,
    "overall": 0.8410373654206743,
    "shoulder": 0.8467198629773567,
    "elbow": 0.7108836739407092,
    "wrist": 0.87149400243363,
    "hip": 0.9223951441807753,
    "knee": 0.9975364099016873,
    "ankle": 0.971427564095016,
    "back": 0.8503578744494362,
    "neck": 0.9077955345985348
  },
  "recommendations": {
    "form": "Good form, continue practicing with current technique",
    "alignment": "Good alignment, maintain current technique",
    "stability": "Good stability, continue with current technique",
    "power": "Good power output, maintain current intensity"
  },
  "safety_considerations": [
    "Focus on proper shoulder mechanics for throwing",
    "Ensure proper body alignment during throw"
  ]
}