{
  "power_generation": {
    "explosiveness": 0.6940809029344299,
    "force_transfer": 0.5885413029812363,
    "efficiency": 0.6095277391000524
  },
  "technical_metrics": {
    "precision": 0.9245118983868599,
    "consistency": 0.7531757933308023,
    "fluidity": 0.9334837465710796
  },
  "biomechanical_metrics": {
    "joint_loading": 0.8238748413466639,
    "muscle_activation": 0.8047477737335317,
    "energy_efficiency": 0.5238836594790186
  }
}