{
  "key_points": {
    "shoulders": [
      0.08854076650648107,
      0.5445805714634923,
      0.04956886316944531
    ],
    "elbows": [
      0.07442143856486716,
      0.5229746892017967,
      -0.0886732512394392
    ],
    "wrists": [
      -0.2663691198992383,
      0.4417810536586312,
      0.01633973488939737
    ],
    "hips": [
      -0.08041536458693402,
      0.3516068670820546,
      -0.008382551109911443
    ],
    "knees": [
      -0.14259749641211647,
      0.30182694251280584,
      0.09366758619368906
    ],
    "ankles": [
      -0.1530596238856143,
      0.15373500429860984,
      -0.02410730202887612
    ]
  },
  "angles": {
    "knee": 70.31067762506734,
    "hip": 45.39810074622968,
    "shoulder": 72.28496912742199,
    "elbow": 66.27562858746691
  },
  "analysis_scores": {
    "alignment": 0.6298540179107238,
    "balance": 0.9255431516862098,
    "form": 0.7818413448782995,
    "stability": 0.6162320212639245,
    "coordination": 0.8135505988927996,
    "precision": 0.9970151414316122,
    "power": 0.6721003625305942,
    "efficiency": 0.8786452513686375,
    "safety": 0.9665852350835196,
    "overall": 0.8113788675855296,
    "shoulder": 0.65985504331458,
    "elbow": 0.9035236489735059,
    "wrist": 0.8970722212645905,
    "hip": 0.8646035095157366,
    "knee": 0.9866135871720708,
    "ankle": 0.7910351224861746,
    "back": 0.7855760389992215,
    "neck": 0.8393830142226835
  },
  "recommendations": {
    "form": "Good form, continue practicing with current technique",
    "alignment": "Good alignment, maintain current technique",
    "stability": "Good stability, continue with current technique",
    "power": "Good power output, maintain current intensity"
  },
  "safety_considerations": []
}