{
  "power_generation": {
    "explosiveness": 0.7595863091271773,
    "force_transfer": 0.996167217530651,
    "efficiency": 0.7927019383176914
  },
  "technical_metrics": {
    "precision": 0.709336558854546,
    "consistency": 0.7727044351203394,
    "fluidity": 0.8850266716762991
  },
  "biomechanical_metrics": {
    "joint_loading": 0.9805551051506668,
    "muscle_activation": 0.5602734821337678,
    "energy_efficiency": 0.848553481593264
  }
}