{
  "key_points": {
    "shoulders": [
      0.10078865173692647,
      0.5110157831067406,
      -0.06132979684856643
    ],
    "elbows": [
      -0.09931095012590899,
      0.5505647646230203,
      -0.06460514994634148
    ],
    "wrists": [
      -0.12225635213744718,
      0.4836914620188516,
      -0.023136378036364036
    ],
    "hips": [
      -0.07081549445870161,
      0.3831567804936092,
      0.030652565033830403
    ],
    "knees": [
      -0.049820961327180446,
      0.303385894743273,
      -0.03563910542589076
    ],
    "ankles": [
      0.007889557321824614,
      0.23651227044320514,
      0.03069964540515774
    ]
  },
  "angles": {
    "knee": 142.58592705750277,
    "hip": 71.00814980433341,
    "shoulder": 33.04260197569401,
    "elbow": 93.88946839705818
  },
  "analysis_scores": {
    "alignment": 0.7908630354984612,
    "balance": 0.7902775861755427,
    "form": 0.6640371881812324,
    "stability": 0.7981865968525373,
    "coordination": 0.8806852502463886,
    "precision": 0.8018903528027362,
    "power": 0.8285509041815655,
    "efficiency": 0.9041031219485166,
    "safety": 0.7750789061203143,
    "overall": 0.8698575205051692,
    "shoulder": 0.9659954349372545,
    "elbow": 0.7678505918510762,
    "wrist": 0.9522618971473915,
    "hip": 0.8028260229634796,
    "knee": 0.7065097936584321,
    "ankle": 0.8286003753635043,
    "back": 0.8448093284481124,
    "neck": 0.9567928448918968
  },
  "recommendations": {
    "form": "Good form, continue practicing with current technique",
    "alignment": "Good alignment, maintain current technique",
    "stability": "Good stability, continue with current technique",
    "power": "Good power output, maintain current intensity"
  },
  "safety_considerations": []
}