{
  "power_generation": {
    "explosiveness": 0.926715514701653,
    "force_transfer": 0.8238303753246103,
    "efficiency": 0.5688965738390117
  },
  "technical_metrics": {
    "precision": 0.6140165587537607,
    "consistency": 0.5150034718248668,
    "fluidity": 0.5039497438435934
  },
  "biomechanical_metrics": {
    "joint_loading": 0.704702534901656,
    "muscle_activation": 0.7503339649598137,
    "energy_efficiency": 0.7289379179868005
  }
}