{
  "power_generation": {
    "explosiveness": 0.604127041143489,
    "force_transfer": 0.6645047358088094,
    "efficiency": 0.6942783365408761
  },
  "technical_metrics": {
    "precision": 0.9902401616396346,
    "consistency": 0.9201794875884439,
    "fluidity": 0.8288296631982639
  },
  "biomechanical_metrics": {
    "joint_loading": 0.5564978251250985,
    "muscle_activation": 0.736331924285258,
    "energy_efficiency": 0.7104615152334038
  }
}