{
  "key_points": {
    "shoulders": [
      0.13595405197968513,
      0.5550886317861861,
      -0.04669500908575493
    ],
    "elbows": [
      0.19740465982988636,
      0.5891815337763935,
      0.028018043283574434
    ],
    "wrists": [
      0.2610747240694077,
      0.47302837029613476,
      0.038169189919012886
    ],
    "hips": [
      -0.017977106128849007,
      0.4676518334563242,
      0.011896943875456145
    ],
    "knees": [
      0.16356840287562135,
      0.21465858679156502,
      0.004252456160110302
    ],
    "ankles": [
      0.10620893254507169,
      0.11466608858188142,
      -0.06761488374504483
    ]
  },
  "angles": {
    "knee": 5.704533348216893,
    "hip": 55.648215635229725,
    "shoulder": 46.50758485266793,
    "elbow": 131.6262055274069
  },
  "analysis_scores": {
    "alignment": 0.876980543267525,
    "balance": 0.6970858016862713,
    "form": 0.7902749374842456,
    "stability": 0.7169287835656911,
    "coordination": 0.756728283696355,
    "precision": 0.9507982681118892,
    "power": 0.9573544639043773,
    "efficiency": 0.6418398502356849,
    "safety": 0.9485250340493048,
    "overall": 0.9652335360357961,
    "shoulder": 0.6798124261356282,
    "elbow": 0.9407122776600662,
    "wrist": 0.6695859820284902,
    "hip": 0.6119502369811028,
    "knee": 0.8269963559909621,
    "ankle": 0.8523312983670799,
    "back": 0.8625652336134527,
    "neck": 0.6296191598879092
  },
  "recommendations": {
    "form": "Focus on maintaining proper joint angles during movement",
    "alignment": "Work on maintaining symmetrical movement patterns",
    "stability": "Good stability, continue with current technique",
    "power": "Good power output, maintain current intensity"
  },
  "safety_considerations": []
}