{
  "power_generation": {
    "explosiveness": 0.9352092893125379,
    "force_transfer": 0.5754971448482553,
    "efficiency": 0.8771843994378228
  },
  "technical_metrics": {
    "precision": 0.9842921264298647,
    "consistency": 0.9299613213100419,
    "fluidity": 0.6215621557580946
  },
  "biomechanical_metrics": {
    "joint_loading": 0.5974715270716353,
    "muscle_activation": 0.596821888575383,
    "energy_efficiency": 0.9038671181954077
  }
}