{
  "key_points": {
    "shoulders": [
      0.16950803114410873,
      0.5288752038877138,
      -0.06362121437388632
    ],
    "elbows": [
      0.2960139347046536,
      0.5545380336759356,
      0.08447376804951542
    ],
    "wrists": [
      -0.1772223492968336,
      0.3970369984089007,
      -0.04575400022241523
    ],
    "hips": [
      0.08262543102287279,
      0.35765023670792706,
      0.0996509321978235
    ],
    "knees": [
      0.16958658147917177,
      0.3538182599430979,
      -0.013263024203000962
    ],
    "ankles": [
      0.10895046816070497,
      0.2598260752657917,
      -0.08456908321266349
    ]
  },
  "angles": {
    "knee": 94.5216744657774,
    "hip": 66.62823459869753,
    "shoulder": 44.35839682360614,
    "elbow": 99.48958937981604
  },
  "analysis_scores": {
    "alignment": 0.6628249887118508,
    "balance": 0.6932270965339076,
    "form": 0.6052353424177588,
    "stability": 0.7318140234072938,
    "coordination": 0.8139227659063788,
    "precision": 0.9440181610210534,
    "power": 0.8102495116119776,
    "efficiency": 0.7296849012175703,
    "safety": 0.7606715343664593,
    "overall": 0.6156781867589239,
    "shoulder": 0.8005077681170206,
    "elbow": 0.7739679303959492,
    "wrist": 0.9847699064744396,
    "hip": 0.7289541664904344,
    "knee": 0.9440149149971258,
    "ankle": 0.7288702019174708,
    "back": 0.9449047452316982,
    "neck": 0.8621328638824961
  },
  "recommendations": {
    "form": "Good form, continue practicing with current technique",
    "alignment": "Good alignment, maintain current technique",
    "stability": "Good stability, continue with current technique",
    "power": "Good power output, maintain current intensity"
  },
  "safety_considerations": []
}