{
  "power_generation": {
    "explosiveness": 0.5625959723587741,
    "force_transfer": 0.7387895005967537,
    "efficiency": 0.9285026032428014
  },
  "technical_metrics": {
    "precision": 0.7947353163944681,
    "consistency": 0.9369065015921596,
    "fluidity": 0.6684151544621411
  },
  "biomechanical_metrics": {
    "joint_loading": 0.7099241072556535,
    "muscle_activation": 0.9513954666879747,
    "energy_efficiency": 0.5519176849671713
  }
}