{
  "key_points": {
    "shoulders": [
      -0.14186988739345355,
      0.6390642049207533,
      -0.057281562943201796
    ],
    "elbows": [
      -0.1136117713958466,
      0.4648421771517871,
      -0.09419186543673903
    ],
    "wrists": [
      0.29951569926309307,
      0.4417760434421187,
      -0.03170373768641144
    ],
    "hips": [
      -0.09259920520840997,
      0.3081917806736713,
      0.016704997590916856
    ],
    "knees": [
      -0.004842425367491465,
      0.3779908189933338,
      -0.01766688204794857
    ],
    "ankles": [
      -0.2787879732363845,
      0.23618766081011547,
      -0.09478087233405655
    ]
  },
  "angles": {
    "knee": 65.74370554937308,
    "hip": 59.032607121553404,
    "shoulder": 51.15275390787737,
    "elbow": 59.30021676429447
  },
  "analysis_scores": {
    "alignment": 0.9762587890826198,
    "balance": 0.7000766035055477,
    "form": 0.7722012575295681,
    "stability": 0.8423211377126236,
    "coordination": 0.9502345586610841,
    "precision": 0.9394701310217443,
    "power": 0.9883365275355694,
    "efficiency": 0.8445373725770919,
    "safety": 0.9724092752479152,
    "overall": 0.8917334682898654,
    "shoulder": 0.8635083139471711,
    "elbow": 0.9436707160385444,
    "wrist": 0.7469755478466688,
    "hip": 0.9587020491657716,
    "knee": 0.7003545483741485,
    "ankle": 0.7372536761329902,
    "back": 0.8068179345495654,
    "neck": 0.9109647852849547
  },
  "recommendations": {
    "form": "Focus on maintaining proper joint angles during movement",
    "alignment": "Good alignment, maintain current technique",
    "stability": "Focus on maintaining proper posture and balance",
    "power": "Good power output, maintain current intensity"
  },
  "safety_considerations": []
}