{
  "power_generation": {
    "explosiveness": 0.763799127458765,
    "force_transfer": 0.8546067987986756,
    "efficiency": 0.5051679283249357
  },
  "technical_metrics": {
    "precision": 0.6347245106269932,
    "consistency": 0.9257528226012949,
    "fluidity": 0.6598726089881882
  },
  "biomechanical_metrics": {
    "joint_loading": 0.6425156677593185,
    "muscle_activation": 0.6381190159130279,
    "energy_efficiency": 0.800127831882147
  }
}