{
  "key_points": {
    "shoulders": [
      0.1308501912134108,
      0.555492685683483,
      -0.08485052202394712
    ],
    "elbows": [
      0.28888448373233216,
      0.4971332690819137,
      0.002885546677853651
    ],
    "wrists": [
      0.06708093304135287,
      0.3342032573474448,
      -0.0508565925016528
    ],
    "hips": [
      -0.1667671611448716,
      0.39744249023234,
      0.048670744789784615
    ],
    "knees": [
      -0.23207727583376414,
      0.30477987476857393,
      0.09893477603558629
    ],
    "ankles": [
      0.3947257571278885,
      0.29930093485908993,
      -0.016555133522025797
    ]
  },
  "angles": {
    "knee": 62.12526651073622,
    "hip": 128.32146197058657,
    "shoulder": 19.759811267044938,
    "elbow": 136.3398399500591
  },
  "analysis_scores": {
    "alignment": 0.749331425509979,
    "balance": 0.8696240636326629,
    "form": 0.6982804390113873,
    "stability": 0.6338400305061309,
    "coordination": 0.9750841570097875,
    "precision": 0.6563284035282201,
    "power": 0.7943907830464524,
    "efficiency": 0.722117202015794,
    "safety": 0.6060854007013093,
    "overall": 0.9864384049970462,
    "shoulder": 0.8141023258734013,
    "elbow": 0.9507935159779589,
    "wrist": 0.7926726486704949,
    "hip": 0.8808204926785987,
    "knee": 0.9800772347236489,
    "ankle": 0.7830182939986058,
    "back": 0.9892767823792239,
    "neck": 0.6915620014805901
  },
  "recommendations": {
    "form": "Good form, continue practicing with current technique",
    "alignment": "Good alignment, maintain current technique",
    "stability": "Focus on maintaining proper posture and balance",
    "power": "Good power output, maintain current intensity"
  },
  "safety_considerations": []
}