{
  "power_generation": {
    "explosiveness": 0.5058200324190967,
    "force_transfer": 0.7874146284074153,
    "efficiency": 0.5144451894120128
  },
  "technical_metrics": {
    "precision": 0.5646471089892389,
    "consistency": 0.5992562532637615,
    "fluidity": 0.889339233741249
  },
  "biomechanical_metrics": {
    "joint_loading": 0.7940605661015495,
    "muscle_activation": 0.8845091335606301,
    "energy_efficiency": 0.9086370925753632
  }
}