{
  "key_points": {
    "shoulders": [
      -0.1038172400010669,
      0.662227195529778,
      -0.08567789164255245
    ],
    "elbows": [
      0.15533018825826345,
      0.4701518833846268,
      -0.023263997072766565
    ],
    "wrists": [
      0.21020059438048688,
      0.34805582435625926,
      0.03569935298319349
    ],
    "hips": [
      0.18954916150934642,
      0.4012623370479679,
      0.05698414148771111
    ],
    "knees": [
      0.09376693062915026,
      0.3745154807397506,
      -0.09618138501690487
    ],
    "ankles": [
      -0.2589237720211138,
      0.2255749538721104,
      0.0021143992174182252
    ]
  },
  "angles": {
    "knee": 37.04554327351284,
    "hip": 115.53710495707703,
    "shoulder": 32.5805754024999,
    "elbow": 95.63215959502578
  },
  "analysis_scores": {
    "alignment": 0.9823081454616904,
    "balance": 0.9700453967306503,
    "form": 0.7844156615780375,
    "stability": 0.7277455349476869,
    "coordination": 0.8873153600463105,
    "precision": 0.9587489868160498,
    "power": 0.7080299786528388,
    "efficiency": 0.6756036252813804,
    "safety": 0.9876295042109952,
    "overall": 0.8123985558083375,
    "shoulder": 0.7091621893340234,
    "elbow": 0.6763596551981413,
    "wrist": 0.9678278417295807,
    "hip": 0.7304808871645799,
    "knee": 0.6399336038393154,
    "ankle": 0.6896108412175515,
    "back": 0.95600467128469,
    "neck": 0.7207797243803142
  },
  "recommendations": {
    "form": "Good form, continue practicing with current technique",
    "alignment": "Work on maintaining symmetrical movement patterns",
    "stability": "Good stability, continue with current technique",
    "power": "Good power output, maintain current intensity"
  },
  "safety_considerations": [
    "Focus on proper shoulder positioning to prevent impingement"
  ]
}