{
  "power_generation": {
    "explosiveness": 0.6544159933301694,
    "force_transfer": 0.5261638479085158,
    "efficiency": 0.6123327403480008
  },
  "technical_metrics": {
    "precision": 0.6467024171043283,
    "consistency": 0.6866252921404287,
    "fluidity": 0.9561094522565694
  },
  "biomechanical_metrics": {
    "joint_loading": 0.7023919001997119,
    "muscle_activation": 0.508944471916735,
    "energy_efficiency": 0.9335441065749868
  }
}