{
  "key_points": {
    "shoulders": [
      0.10333409141337813,
      0.5717463245255885,
      0.05024548314020785
    ],
    "elbows": [
      -0.2617389311861062,
      0.5305643468321786,
      -0.0875781402856583
    ],
    "wrists": [
      -0.22185047455821696,
      0.41859252372907063,
      0.046389659314112125
    ],
    "hips": [
      -0.1641644697484241,
      0.37696128942955726,
      0.011314051169581618
    ],
    "knees": [
      -0.09525433758207408,
      0.3627769016596527,
      0.013587654251986603
    ],
    "ankles": [
      0.23858098862741228,
      0.21622009627416278,
      0.045110571034009284
    ]
  },
  "angles": {
    "knee": 91.29904141807248,
    "hip": 115.58174806576002,
    "shoulder": 57.79349469673974,
    "elbow": 127.07498084118838
  },
  "analysis_scores": {
    "alignment": 0.6534824172328887,
    "balance": 0.7913660607253318,
    "form": 0.8893018605155587,
    "stability": 0.8724875487714403,
    "coordination": 0.95188016031586,
    "precision": 0.6603765736962769,
    "power": 0.9722753400747763,
    "efficiency": 0.733520800584881,
    "safety": 0.6945820766313076,
    "overall": 0.9672299330487193,
    "shoulder": 0.8972737708370633,
    "elbow": 0.6593063647051574,
    "wrist": 0.8954660385977071,
    "hip": 0.9800157524385508,
    "knee": 0.8256380131884044,
    "ankle": 0.7498563024665607,
    "back": 0.6647410158227063,
    "neck": 0.7863059571637989
  },
  "recommendations": {
    "form": "Good form, continue practicing with current technique",
    "alignment": "Good alignment, maintain current technique",
    "stability": "Good stability, continue with current technique",
    "power": "Consider increasing intensity gradually"
  },
  "safety_considerations": []
}