{
  "power_generation": {
    "explosiveness": 0.9786540492962823,
    "force_transfer": 0.5825208277314675,
    "efficiency": 0.5026102861007518
  },
  "technical_metrics": {
    "precision": 0.8770606532221356,
    "consistency": 0.5066680652403726,
    "fluidity": 0.6644437642777669
  },
  "biomechanical_metrics": {
    "joint_loading": 0.5983565531710583,
    "muscle_activation": 0.689756131200139,
    "energy_efficiency": 0.7559873948977587
  }
}