{
  "key_points": {
    "shoulders": [
      0.05086728003038421,
      0.5263957653895666,
      0.05122773348851714
    ],
    "elbows": [
      -0.23214078103520613,
      0.5822660159818108,
      -0.058931317159491826
    ],
    "wrists": [
      -0.2523092315792592,
      0.3407409197433893,
      0.09374174844928979
    ],
    "hips": [
      0.12578098119739123,
      0.4259059514476229,
      0.037004930623374954
    ],
    "knees": [
      0.2102399699552086,
      0.21571953678579558,
      -0.057120592080971894
    ],
    "ankles": [
      -0.025026703063044053,
      0.29603126916506295,
      0.07610924423380225
    ]
  },
  "angles": {
    "knee": 126.50595767450294,
    "hip": 134.46606943286287,
    "shoulder": 43.43561205423177,
    "elbow": 40.62384412980896
  },
  "analysis_scores": {
    "alignment": 0.8713749431436753,
    "balance": 0.6558607293723914,
    "form": 0.7699043961081815,
    "stability": 0.7965589476265724,
    "coordination": 0.9328327391942688,
    "precision": 0.9526141844516225,
    "power": 0.7083139381190086,
    "efficiency": 0.8747596768471152,
    "safety": 0.7538024513652312,
    "overall": 0.8176617233482255,
    "shoulder": 0.9906544604455086,
    "elbow": 0.6871059987431695,
    "wrist": 0.990804448871903,
    "hip": 0.6765235153670948,
    "knee": 0.7806611367273566,
    "ankle": 0.8563055557086638,
    "back": 0.7718181370119006,
    "neck": 0.6187810409225087
  },
  "recommendations": {
    "form": "Good form, continue practicing with current technique",
    "alignment": "Work on maintaining symmetrical movement patterns",
    "stability": "Good stability, continue with current technique",
    "power": "Good power output, maintain current intensity"
  },
  "safety_considerations": []
}