{
  "power_generation": {
    "explosiveness": 0.6457685818858367,
    "force_transfer": 0.7226346851851964,
    "efficiency": 0.5190426125971188
  },
  "technical_metrics": {
    "precision": 0.6603151462564556,
    "consistency": 0.9482522655485961,
    "fluidity": 0.7521191263735875
  },
  "biomechanical_metrics": {
    "joint_loading": 0.8723965766403119,
    "muscle_activation": 0.9603591949323588,
    "energy_efficiency": 0.5595348170548737
  }
}