{
  "key_points": {
    "shoulders": [
      -0.09999566238567588,
      0.5045369355305696,
      -0.03647070575317524
    ],
    "elbows": [
      0.012876520782331369,
      0.529116163998857,
      0.05038302592760355
    ],
    "wrists": [
      -0.2695471470830423,
      0.3818166550089766,
      0.03070495686524477
    ],
    "hips": [
      -0.008734804899201004,
      0.34660369173356076,
      0.04257902623415613
    ],
    "knees": [
      -0.11688490146808678,
      0.317149428163613,
      0.09549809847565419
    ],
    "ankles": [
      0.04617359257528164,
      0.29630689366310015,
      0.028260140617722945
    ]
  },
  "angles": {
    "knee": 45.40846886382088,
    "hip": 99.92053688045512,
    "shoulder": 22.58432143276424,
    "elbow": 74.18906265053587
  },
  "analysis_scores": {
    "alignment": 0.8831265183032397,
    "balance": 0.8376589670586909,
    "form": 0.8819576783449341,
    "stability": 0.6331307348600984,
    "coordination": 0.6863657529746614,
    "precision": 0.7028044401640536,
    "power": 0.7159690948845763,
    "efficiency": 0.7480747306223476,
    "safety": 0.9278567608442441,
    "overall": 0.62946151707673,
    "shoulder": 0.9690481655812833,
    "elbow": 0.8643825470591207,
    "wrist": 0.9768559165652853,
    "hip": 0.8626040815814207,
    "knee": 0.7575686013905597,
    "ankle": 0.6036944201619384,
    "back": 0.8238628338494272,
    "neck": 0.6812107206040519
  },
  "recommendations": {
    "form": "Good form, continue practicing with current technique",
    "alignment": "Good alignment, maintain current technique",
    "stability": "Focus on maintaining proper posture and balance",
    "power": "Consider increasing intensity gradually"
  },
  "safety_considerations": [
    "Maintain proper knee tracking"
  ]
}