{
  "power_generation": {
    "explosiveness": 0.5639319266192673,
    "force_transfer": 0.5971169232155296,
    "efficiency": 0.5250157617232101
  },
  "technical_metrics": {
    "precision": 0.5835279432810638,
    "consistency": 0.5370594847425829,
    "fluidity": 0.6517481620114401
  },
  "biomechanical_metrics": {
    "joint_loading": 0.7229097198751122,
    "muscle_activation": 0.996723678367571,
    "energy_efficiency": 0.9204085352937799
  }
}