{
  "key_points": {
    "shoulders": [
      -0.04744315250536113,
      0.5793289934375591,
      0.017955745931904785
    ],
    "elbows": [
      -0.0783103286537136,
      0.4626925900925704,
      0.09170194574114973
    ],
    "wrists": [
      0.01741961317417262,
      0.4578232641344767,
      -0.02927263013013902
    ],
    "hips": [
      -0.09903077564214141,
      0.36476360808213204,
      0.03445542291194298
    ],
    "knees": [
      -0.11849860726830255,
      0.34242127170932873,
      -0.03833666369906206
    ],
    "ankles": [
      0.3543467830651932,
      0.2479732728632338,
      0.05134473621704899
    ]
  },
  "angles": {
    "knee": 112.08235686196151,
    "hip": 137.10447430466914,
    "shoulder": 28.78397895128272,
    "elbow": 99.49163050248276
  },
  "analysis_scores": {
    "alignment": 0.6859700740685855,
    "balance": 0.8706179598436906,
    "form": 0.6574711277360527,
    "stability": 0.7781519687291774,
    "coordination": 0.7823306640401668,
    "precision": 0.6945460057675089,
    "power": 0.9404971854325637,
    "efficiency": 0.8958196465107848,
    "safety": 0.7336829434111453,
    "overall": 0.848684236688841,
    "shoulder": 0.8465224869954087,
    "elbow": 0.6228684046877204,
    "wrist": 0.9264888270295718,
    "hip": 0.8377007282805808,
    "knee": 0.6271801583095503,
    "ankle": 0.7265689619132887,
    "back": 0.7854794503039509,
    "neck": 0.9212295044581649
  },
  "recommendations": {
    "form": "Focus on maintaining proper joint angles during movement",
    "alignment": "Good alignment, maintain current technique",
    "stability": "Good stability, continue with current technique",
    "power": "Good power output, maintain current intensity"
  },
  "safety_considerations": []
}