{
  "key_points": {
    "shoulders": [
      -0.1809353891770365,
      0.6866859247805253,
      -0.0406954776228911
    ],
    "elbows": [
      -0.26945739118916534,
      0.5330301263173132,
      -0.06831877550324064
    ],
    "wrists": [
      -0.14216611823246367,
      0.4932148997075232,
      -0.010705372161311427
    ],
    "hips": [
      -0.02031910294001013,
      0.3224314810508791,
      -0.04045763074231486
    ],
    "knees": [
      0.001715394291601835,
      0.22821671294996923,
      0.005072995869751767
    ],
    "ankles": [
      0.1984072652007859,
      0.1622705046912612,
      -0.026964750562664674
    ]
  },
  "angles": {
    "knee": 143.72797270505197,
    "hip": 97.35271928271409,
    "shoulder": 40.026594556090664,
    "elbow": 101.65898996277141
  },
  "analysis_scores": {
    "alignment": 0.7778471510425029,
    "balance": 0.8099452143869618,
    "form": 0.604580439474188,
    "stability": 0.8197109012715448,
    "coordination": 0.6640189067790269,
    "precision": 0.8154407746214862,
    "power": 0.969543559832753,
    "efficiency": 0.6975817156383866,
    "safety": 0.6354858264973496,
    "overall": 0.9620727682828334,
    "shoulder": 0.6183621380143892,
    "elbow": 0.9348330484939933,
    "wrist": 0.6945244655859569,
    "hip": 0.6266026395985913,
    "knee": 0.9746073516960717,
    "ankle": 0.6293530875662634,
    "back": 0.9287580550353296,
    "neck": 0.8977738454339963
  },
  "recommendations": {
    "form": "Good form, continue practicing with current technique",
    "alignment": "Good alignment, maintain current technique",
    "stability": "Focus on maintaining proper posture and balance",
    "power": "Good power output, maintain current intensity"
  },
  "safety_considerations": []
}