{
  "key_points": {
    "shoulders": [
      0.13519652576589025,
      0.5229138334986256,
      -0.014797085204838994
    ],
    "elbows": [
      0.16121647911423026,
      0.46201823776671846,
      0.0335005158722633
    ],
    "wrists": [
      -0.2546392828336185,
      0.3370556840852037,
      -0.023908169765231385
    ],
    "hips": [
      0.033531143882050696,
      0.4990692350034871,
      -0.03663659355870584
    ],
    "knees": [
      0.1219839972069543,
      0.2515754524543478,
      -0.027135445542926268
    ],
    "ankles": [
      0.09869657286681977,
      0.15590350019629085,
      -0.07530920572694376
    ]
  },
  "angles": {
    "knee": 63.14278624950706,
    "hip": 63.17949393220154,
    "shoulder": 82.39047958837592,
    "elbow": 160.01902832485698
  },
  "analysis_scores": {
    "alignment": 0.8668336785726554,
    "balance": 0.8074684454155732,
    "form": 0.886280571551936,
    "stability": 0.751919296187262,
    "coordination": 0.867570517919514,
    "precision": 0.6430221896410158,
    "power": 0.6904038695275085,
    "efficiency": 0.6432959039217756,
    "safety": 0.726548825088521,
    "overall": 0.9047813462739243,
    "shoulder": 0.8915495085829466,
    "elbow": 0.6348712738836668,
    "wrist": 0.9977205660115955,
    "hip": 0.6166608803534049,
    "knee": 0.851162248310348,
    "ankle": 0.6913963173893599,
    "back": 0.8572304826838453,
    "neck": 0.6879990576652053
  },
  "recommendations": {
    "form": "Focus on maintaining proper joint angles during movement",
    "alignment": "Good alignment, maintain current technique",
    "stability": "Good stability, continue with current technique",
    "power": "Consider increasing intensity gradually"
  },
  "safety_considerations": []
}