{
  "power_generation": {
    "explosiveness": 0.8760836593106298,
    "force_transfer": 0.8548391784257758,
    "efficiency": 0.8619573537593361
  },
  "technical_metrics": {
    "precision": 0.6897432784781068,
    "consistency": 0.8372563017227713,
    "fluidity": 0.5375466461989976
  },
  "biomechanical_metrics": {
    "joint_loading": 0.6994231569055567,
    "muscle_activation": 0.6183640397176562,
    "energy_efficiency": 0.7684740704072819
  }
}