{
  "key_points": {
    "shoulders": [
      -0.044223788813037374,
      0.5633145990371621,
      0.054052297575848174
    ],
    "elbows": [
      -0.2760536753860297,
      0.4452306183174716,
      -0.03675562728581783
    ],
    "wrists": [
      0.3376252634827729,
      0.47075058796758795,
      -0.03508543742666541
    ],
    "hips": [
      -0.17911488846554371,
      0.39396955699965186,
      0.06948944224008788
    ],
    "knees": [
      0.22041795289840987,
      0.28123543851700405,
      -0.027459423538349473
    ],
    "ankles": [
      -0.19501564668220955,
      0.13173316745979832,
      0.04885854573446491
    ]
  },
  "angles": {
    "knee": 116.87685342926052,
    "hip": 95.20503459831941,
    "shoulder": 46.68026281905659,
    "elbow": 138.67361836011742
  },
  "analysis_scores": {
    "alignment": 0.8483943784461235,
    "balance": 0.956954283316634,
    "form": 0.7313619552652764,
    "stability": 0.8646090672335167,
    "coordination": 0.9694305407243733,
    "precision": 0.6406049889096226,
    "power": 0.904542707706842,
    "efficiency": 0.7661868736895542,
    "safety": 0.7543193943960183,
    "overall": 0.7667529745025766,
    "shoulder": 0.6686314822255965,
    "elbow": 0.6323435393183869,
    "wrist": 0.6283214817599924,
    "hip": 0.7984735067931716,
    "knee": 0.6478087950076021,
    "ankle": 0.9457759760538711,
    "back": 0.8914997902660156,
    "neck": 0.6438804655359982
  },
  "recommendations": {
    "form": "Good form, continue practicing with current technique",
    "alignment": "Good alignment, maintain current technique",
    "stability": "Good stability, continue with current technique",
    "power": "Good power output, maintain current intensity"
  },
  "safety_considerations": []
}