{
  "power_generation": {
    "explosiveness": 0.5959271155351316,
    "force_transfer": 0.6979363403679428,
    "efficiency": 0.6847810500843565
  },
  "technical_metrics": {
    "precision": 0.9176110200294403,
    "consistency": 0.9896363507649457,
    "fluidity": 0.7849154580007551
  },
  "biomechanical_metrics": {
    "joint_loading": 0.5005390308561277,
    "muscle_activation": 0.801126516447358,
    "energy_efficiency": 0.7321928367167017
  }
}