{
  "key_points": {
    "shoulders": [
      0.11369213036503761,
      0.6604794935846061,
      -0.09034434762674565
    ],
    "elbows": [
      0.24717848187312147,
      0.5022491189979045,
      -0.02437926618481194
    ],
    "wrists": [
      -0.26926271110984035,
      0.3618128937179288,
      -0.014011479727070592
    ],
    "hips": [
      -0.03433465888262091,
      0.3469364021327504,
      0.02175137678187873
    ],
    "knees": [
      -0.1486238638526388,
      0.2302270960935554,
      0.010606233481326055
    ],
    "ankles": [
      -0.10528307020477973,
      0.2610325182529668,
      -0.02920628620124817
    ]
  },
  "angles": {
    "knee": 96.57346309263467,
    "hip": 57.437402212881835,
    "shoulder": 53.713749385102396,
    "elbow": 124.30872435374727
  },
  "analysis_scores": {
    "alignment": 0.8590641539674504,
    "balance": 0.6183764387170463,
    "form": 0.6218912939397194,
    "stability": 0.8487750339094893,
    "coordination": 0.9901376595458873,
    "precision": 0.7280891601605978,
    "power": 0.8289671186487361,
    "efficiency": 0.9941727538358949,
    "safety": 0.9184394734691737,
    "overall": 0.6603229929373469,
    "shoulder": 0.8287161040680688,
    "elbow": 0.7717452261585518,
    "wrist": 0.7616758378503582,
    "hip": 0.6800369387811895,
    "knee": 0.8358145576669802,
    "ankle": 0.6150326085296778,
    "back": 0.8392132484873276,
    "neck": 0.609956639989275
  },
  "recommendations": {
    "form": "Good form, continue practicing with current technique",
    "alignment": "Good alignment, maintain current technique",
    "stability": "Good stability, continue with current technique",
    "power": "Good power output, maintain current intensity"
  },
  "safety_considerations": [
    "Maintain proper hip alignment to prevent hip injuries"
  ]
}