{
  "power_generation": {
    "explosiveness": 0.5863978439644857,
    "force_transfer": 0.5834433825450833,
    "efficiency": 0.606195776962194
  },
  "technical_metrics": {
    "precision": 0.8387964979095757,
    "consistency": 0.8204798719363094,
    "fluidity": 0.5970828481443891
  },
  "biomechanical_metrics": {
    "joint_loading": 0.8061065779854957,
    "muscle_activation": 0.9564621608546016,
    "energy_efficiency": 0.6637660788463916
  }
}