{
  "key_points": {
    "shoulders": [
      -0.06859662878187184,
      0.6566921452412101,
      0.07814971524512943
    ],
    "elbows": [
      -0.09876935091216957,
      0.5912007106062946,
      0.03894267031913834
    ],
    "wrists": [
      -0.16643512538667765,
      0.427157031651071,
      -0.00036174620657580814
    ],
    "hips": [
      0.14206096715712135,
      0.47896351172337137,
      -0.06928300474106848
    ],
    "knees": [
      0.15856832010190208,
      0.3804747274551279,
      -0.050151135671695185
    ],
    "ankles": [
      -0.007954317290039259,
      0.2500606398361126,
      0.014460986239074769
    ]
  },
  "angles": {
    "knee": 26.529035972484955,
    "hip": 63.71179610318064,
    "shoulder": 39.20474022401885,
    "elbow": 133.75233837461354
  },
  "analysis_scores": {
    "alignment": 0.6824451840665379,
    "balance": 0.9625403198929839,
    "form": 0.7296656254082005,
    "stability": 0.7900232577150763,
    "coordination": 0.6959594770254023,
    "precision": 0.6092187332864724,
    "power": 0.8017510881089821,
    "efficiency": 0.7498204843748855,
    "safety": 0.8083388877626898,
    "overall": 0.8056273532302899,
    "shoulder": 0.9801445153407407,
    "elbow": 0.8950215601233773,
    "wrist": 0.6312475538475102,
    "hip": 0.7075485383496865,
    "knee": 0.8656804191570175,
    "ankle": 0.8188540551784389,
    "back": 0.8954757500525236,
    "neck": 0.9329086251246748
  },
  "recommendations": {
    "form": "Good form, continue practicing with current technique",
    "alignment": "Good alignment, maintain current technique",
    "stability": "Good stability, continue with current technique",
    "power": "Good power output, maintain current intensity"
  },
  "safety_considerations": []
}