{
  "key_points": {
    "shoulders": [
      -0.16191199259265088,
      0.5711820321377149,
      -0.07289678237352924
    ],
    "elbows": [
      0.2527090935986234,
      0.411155440778236,
      -0.022902539720644377
    ],
    "wrists": [
      -0.2383863112836922,
      0.32768641048983954,
      -0.012100982067396321
    ],
    "hips": [
      -0.1708689006644309,
      0.32289470545475935,
      -0.06158112036337202
    ],
    "knees": [
      -0.031666562235199036,
      0.28901629507233173,
      -0.017936495344402476
    ],
    "ankles": [
      -0.32126024399940445,
      0.10048350749662048,
      0.05479775196959161
    ]
  },
  "angles": {
    "knee": 130.0827940648474,
    "hip": 92.6664031103388,
    "shoulder": 55.071796716737815,
    "elbow": 127.61922673892765
  },
  "analysis_scores": {
    "alignment": 0.6777218873775948,
    "balance": 0.8184658357092036,
    "form": 0.6254063485013646,
    "stability": 0.8825281003033716,
    "coordination": 0.6433942060491493,
    "precision": 0.6563855401150795,
    "power": 0.9177533793978178,
    "efficiency": 0.6172411021363172,
    "safety": 0.9033135425950202,
    "overall": 0.7116573751260753,
    "shoulder": 0.6319519880845196,
    "elbow": 0.8412603666964815,
    "wrist": 0.9265217074192582,
    "hip": 0.8476668123041005,
    "knee": 0.7531338034341948,
    "ankle": 0.8815727837538787,
    "back": 0.8627663298582404,
    "neck": 0.9708010022316951
  },
  "recommendations": {
    "form": "Good form, continue practicing with current technique",
    "alignment": "Good alignment, maintain current technique",
    "stability": "Good stability, continue with current technique",
    "power": "Good power output, maintain current intensity"
  },
  "safety_considerations": []
}