{
  "power_generation": {
    "explosiveness": 0.9385534677871655,
    "force_transfer": 0.7942227269440303,
    "efficiency": 0.6866119088126463
  },
  "technical_metrics": {
    "precision": 0.7402358662102556,
    "consistency": 0.8492967769830904,
    "fluidity": 0.5539768335194091
  },
  "biomechanical_metrics": {
    "joint_loading": 0.8667293865975831,
    "muscle_activation": 0.6796843791115892,
    "energy_efficiency": 0.760340261369701
  }
}