{
  "key_points": {
    "shoulders": [
      -0.12737155691804417,
      0.7599663114607937,
      0.03813683522296435
    ],
    "hips": [
      -0.19389479852404481,
      0.4423153133807341,
      -0.02610573603445393
    ],
    "knees": [
      0.38669174877736334,
      0.450658829753258,
      0.16976662712305673
    ],
    "ankles": [
      -0.49161027573722027,
      0.3553765984843421,
      0.026185441662833903
    ]
  },
  "angles": {
    "knee": 19.7045561185766,
    "hip": 66.93615614234034,
    "shoulder": 46.185005063890664
  },
  "analysis_scores": {
    "alignment": 0.6807135117824148,
    "balance": 0.6136157391439879,
    "form": 0.7123586473731742,
    "stability": 0.9175845186115801,
    "coordination": 0.8174782895132411,
    "precision": 0.7666669104291064,
    "power": 0.7777491255158906,
    "efficiency": 0.8180965171469265,
    "safety": 0.9741916780420261,
    "overall": 0.6756456912500051,
    "shoulder": 0.7844449399590665,
    "elbow": 0.9815676348168252,
    "wrist": 0.7965598983608895,
    "hip": 1.0,
    "knee": 1.0,
    "ankle": 0.7911096666504485,
    "back": 0.8276193453392308,
    "neck": 0.8927044812162777
  },
  "recommendations": {
    "form": "Focus on maintaining proper joint angles during movement",
    "alignment": "Good alignment, maintain current technique",
    "stability": "Good stability, continue with current technique",
    "power": "Good power output, maintain current intensity"
  },
  "safety_considerations": []
}