{
  "key_points": {
    "shoulders": [
      0.08082693003624464,
      0.5199499634145325,
      -0.07005808656993953
    ],
    "elbows": [
      -0.24350611951152326,
      0.41198990324149165,
      0.040436317946703576
    ],
    "wrists": [
      -0.38191225281571184,
      0.40129738007992705,
      -0.036625417058245166
    ],
    "hips": [
      0.18726801349769295,
      0.38364562978917854,
      0.08212543858525392
    ],
    "knees": [
      -0.0795731015991199,
      0.3310418613155137,
      -0.07414029845934855
    ],
    "ankles": [
      0.35230393011002226,
      0.17530915168568006,
      -0.09053614067394405
    ]
  },
  "angles": {
    "knee": 67.7357194140833,
    "hip": 90.25756985508089,
    "shoulder": 58.73647213294172,
    "elbow": 133.2702413483251
  },
  "analysis_scores": {
    "alignment": 0.8256726077179497,
    "balance": 0.7818001189283992,
    "form": 0.7121318369220501,
    "stability": 0.688081320140683,
    "coordination": 0.7133039612872343,
    "precision": 0.6692041628067463,
    "power": 0.9241016346136421,
    "efficiency": 0.6417634902986646,
    "safety": 0.6165608069473117,
    "overall": 0.655863654286231,
    "shoulder": 0.9370812706710452,
    "elbow": 0.8726366504644953,
    "wrist": 0.6622602502693081,
    "hip": 0.7584838375359664,
    "knee": 0.8846529759534448,
    "ankle": 0.7304854180979352,
    "back": 0.7173851152812488,
    "neck": 0.618493917818967
  },
  "recommendations": {
    "form": "Good form, continue practicing with current technique",
    "alignment": "Good alignment, maintain current technique",
    "stability": "Good stability, continue with current technique",
    "power": "Good power output, maintain current intensity"
  },
  "safety_considerations": []
}