{
  "power_generation": {
    "explosiveness": 0.8050490786693751,
    "force_transfer": 0.9482058401065787,
    "efficiency": 0.7553694766014458
  },
  "technical_metrics": {
    "precision": 0.8512571187801314,
    "consistency": 0.7881233467875244,
    "fluidity": 0.8900481138254231
  },
  "biomechanical_metrics": {
    "joint_loading": 0.6564491186900538,
    "muscle_activation": 0.5622598242394985,
    "energy_efficiency": 0.5187892509037165
  }
}