{
  "key_points": {
    "shoulders": [
      -0.12130583201134933,
      0.6608073132786172,
      -0.06282974403519492
    ],
    "elbows": [
      -0.19009872250504942,
      0.5847360520004841,
      0.08714504137667253
    ],
    "wrists": [
      0.16165407348450522,
      0.48478527192514426,
      0.02393279205175311
    ],
    "hips": [
      -0.004658322735792808,
      0.3641148269682162,
      0.022811813652461432
    ],
    "knees": [
      0.07061204283386047,
      0.33070560897966744,
      -0.07907618687416942
    ],
    "ankles": [
      0.2524983183410596,
      0.158734543248474,
      0.041122857846322414
    ]
  },
  "angles": {
    "knee": 139.20751210134532,
    "hip": 117.29302900047392,
    "shoulder": 44.494952298873066,
    "elbow": 119.57310934040683
  },
  "analysis_scores": {
    "alignment": 0.9198926753603973,
    "balance": 0.7958760820261294,
    "form": 0.6684470199314775,
    "stability": 0.8466733422200782,
    "coordination": 0.9429521323712402,
    "precision": 0.699831497107452,
    "power": 0.7934857090890093,
    "efficiency": 0.635689206228009,
    "safety": 0.9180385112817823,
    "overall": 0.9757661071111224,
    "shoulder": 0.6583871745727625,
    "elbow": 0.6292720866706366,
    "wrist": 0.8683812413870036,
    "hip": 0.6730955412019753,
    "knee": 0.6773478161133036,
    "ankle": 0.6958001789432715,
    "back": 0.7769547388180921,
    "neck": 0.8356957717636925
  },
  "recommendations": {
    "form": "Good form, continue practicing with current technique",
    "alignment": "Good alignment, maintain current technique",
    "stability": "Good stability, continue with current technique",
    "power": "Good power output, maintain current intensity"
  },
  "safety_considerations": []
}