{
  "key_points": {
    "shoulders": [
      0.04600052746121194,
      0.6467402159382041,
      0.051889427743113226
    ],
    "elbows": [
      0.20482106432937436,
      0.4696291951896596,
      -0.02171397221021043
    ],
    "wrists": [
      -0.2857979585625904,
      0.48832312195956895,
      0.06646272971059947
    ],
    "hips": [
      0.1611122838679665,
      0.32035170341202773,
      0.010633818166799022
    ],
    "knees": [
      0.08216656791494881,
      0.26436586024108333,
      -0.06142371730316048
    ],
    "ankles": [
      0.13092168177792718,
      0.1785009027739037,
      0.043578896134073564
    ]
  },
  "angles": {
    "knee": 109.44469388295876,
    "hip": 145.89973580088517,
    "shoulder": 40.59789555944286,
    "elbow": 67.85888100001142
  },
  "analysis_scores": {
    "alignment": 0.6838227278179498,
    "balance": 0.9354275413814321,
    "form": 0.9876378435261566,
    "stability": 0.6723845667341719,
    "coordination": 0.8713692148341928,
    "precision": 0.6366839168799971,
    "power": 0.9365734113287026,
    "efficiency": 0.9377957430166179,
    "safety": 0.7126076378656134,
    "overall": 0.6134222789535003,
    "shoulder": 0.7760677949495648,
    "elbow": 0.8779603540916383,
    "wrist": 0.9087403419421523,
    "hip": 0.6941737585972998,
    "knee": 0.913245675054068,
    "ankle": 0.7501604798649296,
    "back": 0.9998603082862219,
    "neck": 0.7031984881465784
  },
  "recommendations": {
    "form": "Focus on maintaining proper joint angles during movement",
    "alignment": "Good alignment, maintain current technique",
    "stability": "Good stability, continue with current technique",
    "power": "Good power output, maintain current intensity"
  },
  "safety_considerations": []
}