{
  "power_generation": {
    "explosiveness": 0.8211753171709326,
    "force_transfer": 0.6860465258539115,
    "efficiency": 0.5554041770949917
  },
  "technical_metrics": {
    "precision": 0.6978915702198045,
    "consistency": 0.7500969174067458,
    "fluidity": 0.5431373279510682
  },
  "biomechanical_metrics": {
    "joint_loading": 0.5918829025545055,
    "muscle_activation": 0.5661775169412676,
    "energy_efficiency": 0.8589950906251171
  }
}