{
  "key_points": {
    "shoulders": [
      0.08201991557669419,
      0.5579086371839472,
      -0.02038558152730756
    ],
    "elbows": [
      0.1362224683719292,
      0.5366343549140702,
      -0.018577457871084155
    ],
    "wrists": [
      -0.05320579287662214,
      0.4493690482837056,
      0.011583050648598589
    ],
    "hips": [
      0.11955054222045203,
      0.4697333509965548,
      0.01678994220470964
    ],
    "knees": [
      -0.2622544977580908,
      0.3648485001092575,
      -0.03399044617108973
    ],
    "ankles": [
      -0.2786944229275745,
      0.13146409491739436,
      -0.026730897611754983
    ]
  },
  "angles": {
    "knee": 49.53173438864773,
    "hip": 100.42177057859826,
    "shoulder": 16.936041795008943,
    "elbow": 91.0192837523732
  },
  "analysis_scores": {
    "alignment": 0.714069222037833,
    "balance": 0.9986915237405427,
    "form": 0.8374894255637506,
    "stability": 0.6065334991659225,
    "coordination": 0.6833944672766068,
    "precision": 0.8673402948449921,
    "power": 0.8268063910525731,
    "efficiency": 0.8612952557724318,
    "safety": 0.7956921839075672,
    "overall": 0.6215990789066629,
    "shoulder": 0.7240198936410303,
    "elbow": 0.6270647340984319,
    "wrist": 0.9840268982316275,
    "hip": 0.6233136402660233,
    "knee": 0.9779744151048849,
    "ankle": 0.898174142292065,
    "back": 0.8785716673957408,
    "neck": 0.7424731511832395
  },
  "recommendations": {
    "form": "Good form, continue practicing with current technique",
    "alignment": "Good alignment, maintain current technique",
    "stability": "Good stability, continue with current technique",
    "power": "Consider increasing intensity gradually"
  },
  "safety_considerations": []
}