{
  "power_generation": {
    "explosiveness": 0.8436801449033617,
    "force_transfer": 0.5174204392317348,
    "efficiency": 0.5104983717619025
  },
  "technical_metrics": {
    "precision": 0.9618992400974355,
    "consistency": 0.9726604867438738,
    "fluidity": 0.5614305315050578
  },
  "biomechanical_metrics": {
    "joint_loading": 0.5070285979637661,
    "muscle_activation": 0.5211708805862187,
    "energy_efficiency": 0.9242386912121886
  }
}