{
  "key_points": {
    "shoulders": [
      0.14770424544154287,
      0.5165846966315143,
      -0.09837790410781073
    ],
    "elbows": [
      -0.06709440270275929,
      0.40453153291743926,
      -0.023097296304437687
    ],
    "wrists": [
      -0.22560330771875237,
      0.30159612986334444,
      0.04892532688266446
    ],
    "hips": [
      0.1715574675628621,
      0.46024718731679565,
      0.0997242925266183
    ],
    "knees": [
      -0.18456455072764597,
      0.26546192744817987,
      0.022632814770334103
    ],
    "ankles": [
      0.009049242454522932,
      0.2486107577296689,
      -0.07835749403116876
    ]
  },
  "angles": {
    "knee": 37.03988934834877,
    "hip": 101.23811914164592,
    "shoulder": 54.1218454722002,
    "elbow": 92.93668091196535
  },
  "analysis_scores": {
    "alignment": 0.6267404341723207,
    "balance": 0.7405603237817348,
    "form": 0.7372455259193605,
    "stability": 0.8377791067302014,
    "coordination": 0.9394384279045142,
    "precision": 0.9461737438303546,
    "power": 0.783155161989705,
    "efficiency": 0.8640755993467275,
    "safety": 0.8076640001641952,
    "overall": 0.6155183682474192,
    "shoulder": 0.9975529559434597,
    "elbow": 0.6784437210795389,
    "wrist": 0.6108901080716576,
    "hip": 0.7216109311927434,
    "knee": 0.9597457376275227,
    "ankle": 0.7844589359171039,
    "back": 0.9476658662553029,
    "neck": 0.6576969891746333
  },
  "recommendations": {
    "form": "Good form, continue practicing with current technique",
    "alignment": "Good alignment, maintain current technique",
    "stability": "Good stability, continue with current technique",
    "power": "Good power output, maintain current intensity"
  },
  "safety_considerations": [
    "Focus on maintaining proper alignment"
  ]
}