{
  "key_points": {
    "shoulders": [
      0.03066546166041645,
      0.636895226733744,
      -0.059137687028583685
    ],
    "elbows": [
      -0.2678110726345639,
      0.5047855752970765,
      -0.06389725189130568
    ],
    "wrists": [
      -0.2117340337040406,
      0.33087036380677026,
      0.07935462095279963
    ],
    "hips": [
      0.184231980563611,
      0.3370686456881218,
      -0.009677610212718096
    ],
    "knees": [
      -0.08011632750113842,
      0.24091427312545577,
      0.05303469587268836
    ],
    "ankles": [
      0.22167422911078016,
      0.27751073091482825,
      -0.06672324881875866
    ]
  },
  "angles": {
    "knee": 58.886039715795626,
    "hip": 74.5346082632855,
    "shoulder": 20.421696687671123,
    "elbow": 75.55749697369636
  },
  "analysis_scores": {
    "alignment": 0.6038065503957942,
    "balance": 0.9510742146049725,
    "form": 0.7665917105063733,
    "stability": 0.9583835588700643,
    "coordination": 0.8754655384744492,
    "precision": 0.601430470491761,
    "power": 0.6417431977723836,
    "efficiency": 0.7211352472452093,
    "safety": 0.9411657265583311,
    "overall": 0.719875450721944,
    "shoulder": 0.7820461305247519,
    "elbow": 0.6889605777604011,
    "wrist": 0.6182621600876685,
    "hip": 0.6381215962139551,
    "knee": 0.7066577022542679,
    "ankle": 0.6598078939400829,
    "back": 0.9153278162450946,
    "neck": 0.7995148273987667
  },
  "recommendations": {
    "form": "Focus on maintaining proper joint angles during movement",
    "alignment": "Work on maintaining symmetrical movement patterns",
    "stability": "Good stability, continue with current technique",
    "power": "Good power output, maintain current intensity"
  },
  "safety_considerations": []
}