{
  "power_generation": {
    "explosiveness": 0.7585246909306765,
    "force_transfer": 0.5750822477935449,
    "efficiency": 0.9601399185126533
  },
  "technical_metrics": {
    "precision": 0.9581303223372883,
    "consistency": 0.8779504082457736,
    "fluidity": 0.9608525890976689
  },
  "biomechanical_metrics": {
    "joint_loading": 0.5167551254178971,
    "muscle_activation": 0.6922704768263541,
    "energy_efficiency": 0.7836245990888349
  }
}