{
  "power_generation": {
    "explosiveness": 0.7068270868231963,
    "force_transfer": 0.8672235354486976,
    "efficiency": 0.5497723404356332
  },
  "technical_metrics": {
    "precision": 0.9399407119367925,
    "consistency": 0.7091332500317619,
    "fluidity": 0.788802207773877
  },
  "biomechanical_metrics": {
    "joint_loading": 0.5600761827488203,
    "muscle_activation": 0.8729141019716344,
    "energy_efficiency": 0.6719343931537051
  }
}