{
  "key_points": {
    "shoulders": [
      0.1448178510499073,
      0.5595030240530957,
      0.03215267582182943
    ],
    "elbows": [
      -0.016568123368696397,
      0.5896525884929023,
      -0.05760932568730048
    ],
    "wrists": [
      0.3286713533524298,
      0.4970092059563917,
      0.05598567603598506
    ],
    "hips": [
      0.10902628634343481,
      0.44248526136293276,
      -0.05066501778669768
    ],
    "knees": [
      -0.28228745934875377,
      0.2467200568660346,
      -0.003154184213560368
    ],
    "ankles": [
      -0.36973930403925453,
      0.13804663359504182,
      0.08863084709674249
    ]
  },
  "angles": {
    "knee": 56.28856134148849,
    "hip": 92.52192621888234,
    "shoulder": 9.809287955847676,
    "elbow": 45.852254165523156
  },
  "analysis_scores": {
    "alignment": 0.9141070173739306,
    "balance": 0.6459219156247387,
    "form": 0.9486127937045575,
    "stability": 0.6415834854915227,
    "coordination": 0.8322289687976014,
    "precision": 0.9624878327658928,
    "power": 0.7292936983119495,
    "efficiency": 0.9819261974803002,
    "safety": 0.7171457154803295,
    "overall": 0.6868971015821517,
    "shoulder": 0.7839237488964309,
    "elbow": 0.8324082572478027,
    "wrist": 0.987034166336711,
    "hip": 0.8468450146025587,
    "knee": 0.7586797495458419,
    "ankle": 0.9574854763152854,
    "back": 0.8415136760418578,
    "neck": 0.7517499554624549
  },
  "recommendations": {
    "form": "Good form, continue practicing with current technique",
    "alignment": "Work on maintaining symmetrical movement patterns",
    "stability": "Good stability, continue with current technique",
    "power": "Good power output, maintain current intensity"
  },
  "safety_considerations": []
}