{
  "power_generation": {
    "explosiveness": 0.8540813303905441,
    "force_transfer": 0.7209540881703294,
    "efficiency": 0.6256100622858971
  },
  "technical_metrics": {
    "precision": 0.8930727396278535,
    "consistency": 0.6313130847331154,
    "fluidity": 0.525816231607052
  },
  "biomechanical_metrics": {
    "joint_loading": 0.64247171597859,
    "muscle_activation": 0.8077579337854917,
    "energy_efficiency": 0.9871231984287061
  }
}