{
  "key_points": {
    "shoulders": [
      -0.1360740438388778,
      0.5620595735283024,
      -0.03256195144904682
    ],
    "elbows": [
      0.0015838130277425755,
      0.5838505507238358,
      -0.052725477030007344
    ],
    "wrists": [
      0.0058979733722204775,
      0.32850761417669816,
      -0.08096226282510482
    ],
    "hips": [
      -0.015301771471454562,
      0.3970383940622264,
      0.041298578247118745
    ],
    "knees": [
      -0.26294106121150357,
      0.3612145228480382,
      0.04533562435198851
    ],
    "ankles": [
      -0.07647463412860878,
      0.2321184163896485,
      -0.097680570049497
    ]
  },
  "angles": {
    "knee": 44.8180508219916,
    "hip": 75.3522519027775,
    "shoulder": 28.10083033201114,
    "elbow": 171.44770064020676
  },
  "analysis_scores": {
    "alignment": 0.8423086165620746,
    "balance": 0.8371461186928502,
    "form": 0.8443875446670631,
    "stability": 0.8290785489876438,
    "coordination": 0.7915060048118983,
    "precision": 0.7243781448922383,
    "power": 0.6578176071951501,
    "efficiency": 0.8550379738902335,
    "safety": 0.9267395853465339,
    "overall": 0.7919670116052755,
    "shoulder": 0.7301365551186444,
    "elbow": 0.6934755361651961,
    "wrist": 0.7970260487406304,
    "hip": 0.6347628644298554,
    "knee": 0.9930950582412801,
    "ankle": 0.6835577762316466,
    "back": 0.7081256154430572,
    "neck": 0.7312207793671657
  },
  "recommendations": {
    "form": "Good form, continue practicing with current technique",
    "alignment": "Good alignment, maintain current technique",
    "stability": "Good stability, continue with current technique",
    "power": "Good power output, maintain current intensity"
  },
  "safety_considerations": [
    "Focus on proper shoulder mechanics to prevent rotator cuff injuries",
    "Maintain proper elbow alignment to prevent tennis elbow"
  ]
}