{
  "power_generation": {
    "explosiveness": 0.744153044643397,
    "force_transfer": 0.8555197086083468,
    "efficiency": 0.8534225895353269
  },
  "technical_metrics": {
    "precision": 0.7273697693980606,
    "consistency": 0.8406909588721396,
    "fluidity": 0.5113674331250578
  },
  "biomechanical_metrics": {
    "joint_loading": 0.9180108278610639,
    "muscle_activation": 0.9821150739140301,
    "energy_efficiency": 0.5784793189452316
  }
}