{
  "power_generation": {
    "explosiveness": 0.6564714989782869,
    "force_transfer": 0.8431997452154034,
    "efficiency": 0.8877753792378673
  },
  "technical_metrics": {
    "precision": 0.9615709352436189,
    "consistency": 0.7881032870051103,
    "fluidity": 0.9620251111945112
  },
  "biomechanical_metrics": {
    "joint_loading": 0.7406276088576136,
    "muscle_activation": 0.8336462313769185,
    "energy_efficiency": 0.7543394502849698
  }
}