{
  "key_points": {
    "shoulders": [
      -0.17409686990962983,
      0.646971185145984,
      -0.0886960025813056
    ],
    "elbows": [
      -0.05559859625540936,
      0.47750920326721424,
      -0.09697440153581233
    ],
    "wrists": [
      0.08041860763163422,
      0.4268940776042546,
      0.09370802452799806
    ],
    "hips": [
      -0.14651286275603967,
      0.320964418393025,
      0.012479004007522845
    ],
    "knees": [
      -0.24954634948387797,
      0.2341951036653106,
      -0.06607800725523194
    ],
    "ankles": [
      0.33482626806207605,
      0.2136086740243591,
      0.09250452556075647
    ]
  },
  "angles": {
    "knee": 48.26294137441393,
    "hip": 121.6094297947382,
    "shoulder": 71.33645341536875,
    "elbow": 158.78554014518272
  },
  "analysis_scores": {
    "alignment": 0.6734375859556675,
    "balance": 0.9853978186157196,
    "form": 0.8028524245070213,
    "stability": 0.7029673359505483,
    "coordination": 0.9981555275166012,
    "precision": 0.6470743846566391,
    "power": 0.6442869002122847,
    "efficiency": 0.8707075610226176,
    "safety": 0.7518281981363789,
    "overall": 0.8296785362846275,
    "shoulder": 0.6296270693688439,
    "elbow": 0.6010408988180582,
    "wrist": 0.9438110740928931,
    "hip": 0.7638601498356793,
    "knee": 0.8336296202166716,
    "ankle": 0.7512247755067684,
    "back": 0.6227063378491571,
    "neck": 0.7315707054915624
  },
  "recommendations": {
    "form": "Good form, continue practicing with current technique",
    "alignment": "Work on maintaining symmetrical movement patterns",
    "stability": "Good stability, continue with current technique",
    "power": "Good power output, maintain current intensity"
  },
  "safety_considerations": []
}