{
  "power_generation": {
    "explosiveness": 0.8062855781614816,
    "force_transfer": 0.5846246624877864,
    "efficiency": 0.913102672054857
  },
  "technical_metrics": {
    "precision": 0.8211688680480627,
    "consistency": 0.7623027015837359,
    "fluidity": 0.6227126326347765
  },
  "biomechanical_metrics": {
    "joint_loading": 0.6596788443929161,
    "muscle_activation": 0.9959377170087924,
    "energy_efficiency": 0.7922055595737817
  }
}