{
  "power_generation": {
    "explosiveness": 0.8955659468697366,
    "force_transfer": 0.7480122560769459,
    "efficiency": 0.7935641694984891
  },
  "technical_metrics": {
    "precision": 0.6818359859233054,
    "consistency": 0.6994496203306837,
    "fluidity": 0.920817281250345
  },
  "biomechanical_metrics": {
    "joint_loading": 0.7876020696857688,
    "muscle_activation": 0.5513631875467142,
    "energy_efficiency": 0.8388867849122337
  }
}