{
  "key_points": {
    "shoulders": [
      -0.1799725609076838,
      0.5139677748609978,
      -0.06150935978793164
    ],
    "elbows": [
      0.1873901919975432,
      0.5214247372714282,
      0.01406998657793801
    ],
    "wrists": [
      -0.36715710279836183,
      0.3308060696888282,
      -0.07522332176107159
    ],
    "hips": [
      0.18010823807218074,
      0.32558343723879385,
      -0.06997099711861808
    ],
    "knees": [
      -0.10059280357990841,
      0.37183773951006777,
      -0.09528418278065201
    ],
    "ankles": [
      -0.17875499975001877,
      0.2319119170692196,
      -0.01765387741195361
    ]
  },
  "angles": {
    "knee": 64.83951922216713,
    "hip": 77.88158946973535,
    "shoulder": 86.35214280713909,
    "elbow": 99.5040070026305
  },
  "analysis_scores": {
    "alignment": 0.8062318594987605,
    "balance": 0.727080729151952,
    "form": 0.8980606039280009,
    "stability": 0.9397024199760711,
    "coordination": 0.9882800026765262,
    "precision": 0.6516326521351965,
    "power": 0.9248084220986974,
    "efficiency": 0.9629854501513984,
    "safety": 0.7908954856512106,
    "overall": 0.8447207447312772,
    "shoulder": 0.9640389532194786,
    "elbow": 0.640811891997263,
    "wrist": 0.8637291494549013,
    "hip": 0.8167679820522753,
    "knee": 0.6499221388268331,
    "ankle": 0.7476876481255297,
    "back": 0.7165774824211351,
    "neck": 0.9443239646684063
  },
  "recommendations": {
    "form": "Good form, continue practicing with current technique",
    "alignment": "Good alignment, maintain current technique",
    "stability": "Good stability, continue with current technique",
    "power": "Consider increasing intensity gradually"
  },
  "safety_considerations": []
}