{
  "power_generation": {
    "explosiveness": 0.9665058901290495,
    "force_transfer": 0.6030607425837476,
    "efficiency": 0.72658168203248
  },
  "technical_metrics": {
    "precision": 0.8526838341649976,
    "consistency": 0.6876049256445148,
    "fluidity": 0.8061946694777173
  },
  "biomechanical_metrics": {
    "joint_loading": 0.9195830478321625,
    "muscle_activation": 0.9361260428879835,
    "energy_efficiency": 0.5093717152728707
  }
}