{
  "key_points": {
    "shoulders": [
      -0.06532282255281366,
      0.519781910452444,
      -0.01037734085890489
    ],
    "elbows": [
      -0.06963936929972678,
      0.5814305685340574,
      0.046142336894926694
    ],
    "wrists": [
      -0.01854823102552733,
      0.4077687168918884,
      0.044210073309185804
    ],
    "hips": [
      -0.06841808667185187,
      0.46517438073984063,
      -0.018050215817511622
    ],
    "knees": [
      -0.004449296846443795,
      0.23885233673560552,
      -0.060990278258617095
    ],
    "ankles": [
      -0.005537901725150174,
      0.14514358973353542,
      0.04734743485609111
    ]
  },
  "angles": {
    "knee": 147.65744695249106,
    "hip": 156.01179904831676,
    "shoulder": 56.2626784468135,
    "elbow": 135.2203913270521
  },
  "analysis_scores": {
    "alignment": 0.7229455292028484,
    "balance": 0.633943432023025,
    "form": 0.8693821428396432,
    "stability": 0.6897517792036634,
    "coordination": 0.6588167633954854,
    "precision": 0.9701293457143128,
    "power": 0.7428913990190238,
    "efficiency": 0.7303813385244136,
    "safety": 0.890757810766283,
    "overall": 0.6915717126601703,
    "shoulder": 0.6715767726176523,
    "elbow": 0.8396554605823061,
    "wrist": 0.6470615984728788,
    "hip": 0.8407297458306525,
    "knee": 0.6673106523904201,
    "ankle": 0.8917780467405177,
    "back": 0.6684407718516949,
    "neck": 0.8547821741342397
  },
  "recommendations": {
    "form": "Good form, continue practicing with current technique",
    "alignment": "Good alignment, maintain current technique",
    "stability": "Focus on maintaining proper posture and balance",
    "power": "Good power output, maintain current intensity"
  },
  "safety_considerations": [
    "Focus on proper knee alignment to prevent overuse injuries",
    "Ensure proper bike fit and body alignment"
  ]
}