{
  "power_generation": {
    "explosiveness": 0.5749295465693203,
    "force_transfer": 0.7037993731475978,
    "efficiency": 0.5921661444662594
  },
  "technical_metrics": {
    "precision": 0.7768063968691339,
    "consistency": 0.9494239589689948,
    "fluidity": 0.7896251161246137
  },
  "biomechanical_metrics": {
    "joint_loading": 0.6136817033452868,
    "muscle_activation": 0.7096942224035737,
    "energy_efficiency": 0.614561392579803
  }
}