{
  "key_points": {
    "shoulders": [
      0.05120547646991008,
      0.6982771471878476,
      0.00505701110614791
    ],
    "elbows": [
      0.048589167604212946,
      0.5462980707392767,
      0.06979766902981982
    ],
    "wrists": [
      0.21687923715638002,
      0.3345193569734878,
      -0.06819631325588119
    ],
    "hips": [
      0.15040664511033514,
      0.36417524685340547,
      -0.007128171664789559
    ],
    "knees": [
      0.2589919365652084,
      0.3853923207906492,
      0.05301503014041073
    ],
    "ankles": [
      0.003319472545378399,
      0.1831224489223025,
      0.08303424462839229
    ]
  },
  "angles": {
    "knee": 159.52958034793164,
    "hip": 103.64343641396408,
    "shoulder": 28.757513240877362,
    "elbow": 85.19215388372278
  },
  "analysis_scores": {
    "alignment": 0.9255221965563301,
    "balance": 0.8212659410149227,
    "form": 0.7503597778037678,
    "stability": 0.7517345212396883,
    "coordination": 0.6452262091010329,
    "precision": 0.9661956043642828,
    "power": 0.6267143818365329,
    "efficiency": 0.8298917103600052,
    "safety": 0.9677154373916713,
    "overall": 0.9787846458044439,
    "shoulder": 0.7942298594558386,
    "elbow": 0.9033752886461731,
    "wrist": 0.689355447328617,
    "hip": 0.799969365525321,
    "knee": 0.7863578070290588,
    "ankle": 0.8198312496357028,
    "back": 0.788318567918927,
    "neck": 0.9911008272887941
  },
  "recommendations": {
    "form": "Good form, continue practicing with current technique",
    "alignment": "Good alignment, maintain current technique",
    "stability": "Good stability, continue with current technique",
    "power": "Consider increasing intensity gradually"
  },
  "safety_considerations": []
}