{
  "key_points": {
    "shoulders": [
      0.10002537631759473,
      0.5747529943409893,
      -0.028465822104063787
    ],
    "elbows": [
      0.07348584901982302,
      0.5908718461735519,
      0.06389598933037358
    ],
    "wrists": [
      -0.23260118687853187,
      0.40182317445431365,
      -0.0483082365355237
    ],
    "hips": [
      -0.0323176628445844,
      0.36297733716123004,
      0.007279451991069871
    ],
    "knees": [
      0.1691983432612107,
      0.20649468233284438,
      0.08801763519240238
    ],
    "ankles": [
      -0.11123750867581894,
      0.28769100577635565,
      -0.027010688738369357
    ]
  },
  "angles": {
    "knee": 38.744504705049835,
    "hip": 78.90038994447629,
    "shoulder": 25.04795751835861,
    "elbow": 53.22496740317859
  },
  "analysis_scores": {
    "alignment": 0.8318030714591318,
    "balance": 0.7843719920980831,
    "form": 0.6416697233279309,
    "stability": 0.8619224756380208,
    "coordination": 0.6199525526258843,
    "precision": 0.9711122124856955,
    "power": 0.604350337660187,
    "efficiency": 0.8661921232296446,
    "safety": 0.8899190674611297,
    "overall": 0.7440886374364802,
    "shoulder": 0.9510640421526146,
    "elbow": 0.9371361508676438,
    "wrist": 0.7400852242060951,
    "hip": 0.8640644519399499,
    "knee": 0.703405655447396,
    "ankle": 0.7375942835967899,
    "back": 0.6122595853556438,
    "neck": 0.76946894278927
  },
  "recommendations": {
    "form": "Good form, continue practicing with current technique",
    "alignment": "Good alignment, maintain current technique",
    "stability": "Focus on maintaining proper posture and balance",
    "power": "Good power output, maintain current intensity"
  },
  "safety_considerations": []
}