{
  "power_generation": {
    "explosiveness": 0.5577199653422114,
    "force_transfer": 0.5267072372758137,
    "efficiency": 0.8872629765334665
  },
  "technical_metrics": {
    "precision": 0.6519027953602259,
    "consistency": 0.8089847266634684,
    "fluidity": 0.7809719252688532
  },
  "biomechanical_metrics": {
    "joint_loading": 0.5032358656040645,
    "muscle_activation": 0.7224728957784036,
    "energy_efficiency": 0.714287893090265
  }
}