{
  "key_points": {
    "shoulders": [
      -0.10185460963822811,
      0.5749552276420787,
      -0.003485040415955612
    ],
    "elbows": [
      -0.2876811199486751,
      0.43147950309316335,
      -0.021991061790586824
    ],
    "wrists": [
      0.22594864437335416,
      0.33230532660986506,
      0.03424871052190387
    ],
    "hips": [
      0.15178458247425358,
      0.462511885384476,
      -0.06060404603083385
    ],
    "knees": [
      0.2824984181037609,
      0.37607887330532763,
      0.08941018353428257
    ],
    "ankles": [
      -0.06004763131609947,
      0.20238301379216517,
      0.03185832076873146
    ]
  },
  "angles": {
    "knee": 56.563645820611335,
    "hip": 113.83722240980858,
    "shoulder": 32.229404352477644,
    "elbow": 104.27315145076923
  },
  "analysis_scores": {
    "alignment": 0.7161598093013343,
    "balance": 0.8740321773767891,
    "form": 0.8315580653301183,
    "stability": 0.7750851639226481,
    "coordination": 0.8887966797510127,
    "precision": 0.8268922690765061,
    "power": 0.9969963852445934,
    "efficiency": 0.7612951428260275,
    "safety": 0.8595368508002827,
    "overall": 0.7626117525005881,
    "shoulder": 0.8224990904617735,
    "elbow": 0.8556224315747933,
    "wrist": 0.6170475512848838,
    "hip": 0.7004808979421635,
    "knee": 0.8700319060375089,
    "ankle": 0.8278295427386514,
    "back": 0.6463537911184765,
    "neck": 0.9034380005220596
  },
  "recommendations": {
    "form": "Good form, continue practicing with current technique",
    "alignment": "Work on maintaining symmetrical movement patterns",
    "stability": "Good stability, continue with current technique",
    "power": "Good power output, maintain current intensity"
  },
  "safety_considerations": [
    "Maintain proper hip rotation mechanics"
  ]
}