{
  "power_generation": {
    "explosiveness": 0.6013450912617752,
    "force_transfer": 0.8938597586657916,
    "efficiency": 0.8920529160029467
  },
  "technical_metrics": {
    "precision": 0.5050744957377171,
    "consistency": 0.7373537752819042,
    "fluidity": 0.681489898831922
  },
  "biomechanical_metrics": {
    "joint_loading": 0.922016920072386,
    "muscle_activation": 0.5170333151971516,
    "energy_efficiency": 0.5866827112842737
  }
}