{
  "key_points": {
    "shoulders": [
      0.021615762856326853,
      0.6392935398854187,
      0.07276791783728251
    ],
    "elbows": [
      0.19617670288095423,
      0.4683760234929192,
      -0.07228150188898122
    ],
    "wrists": [
      -0.21944346212405963,
      0.4833080884065572,
      0.06079547455144291
    ],
    "hips": [
      0.030413281869360015,
      0.42579156811330876,
      0.02497526949346654
    ],
    "knees": [
      0.08835430727050497,
      0.235267225815865,
      0.07967897991782752
    ],
    "ankles": [
      -0.3639673787241282,
      0.2213003890310168,
      0.054357858864952285
    ]
  },
  "angles": {
    "knee": 14.197571299899,
    "hip": 54.39226593179543,
    "shoulder": 35.792352013034495,
    "elbow": 66.78165100066153
  },
  "analysis_scores": {
    "alignment": 0.7500151401570484,
    "balance": 0.9053131212801773,
    "form": 0.7297667173953101,
    "stability": 0.8370229673050166,
    "coordination": 0.6417431234115735,
    "precision": 0.625878671030959,
    "power": 0.8929872185193843,
    "efficiency": 0.9116509929820864,
    "safety": 0.8403234413149139,
    "overall": 0.963182366426317,
    "shoulder": 0.7580767509968165,
    "elbow": 0.9089944692695766,
    "wrist": 0.8149806108422417,
    "hip": 0.7211194734093269,
    "knee": 0.7202927415821389,
    "ankle": 0.9548980654414743,
    "back": 0.6857786810871177,
    "neck": 0.8023207518463745
  },
  "recommendations": {
    "form": "Good form, continue practicing with current technique",
    "alignment": "Good alignment, maintain current technique",
    "stability": "Good stability, continue with current technique",
    "power": "Good power output, maintain current intensity"
  },
  "safety_considerations": [
    "Ensure proper hip hinge mechanics",
    "Maintain proper knee tracking"
  ]
}