{
  "key_points": {
    "shoulders": [
      -0.1750712626543519,
      0.5951913414750639,
      0.05846590185851663
    ],
    "elbows": [
      -0.0904255324230292,
      0.5105319897162617,
      -0.012262889549370312
    ],
    "wrists": [
      0.26453305377084746,
      0.33128497264405143,
      -0.02064881319820111
    ],
    "hips": [
      -0.08293386891536475,
      0.45867027913450975,
      0.09809657743442832
    ],
    "knees": [
      -0.2977753289444,
      0.26963047197450324,
      -0.06584825292167984
    ],
    "ankles": [
      0.07186954038370563,
      0.2869844405470089,
      0.08806428477815123
    ]
  },
  "angles": {
    "knee": 89.56826420570067,
    "hip": 119.76213887112974,
    "shoulder": 28.76618450916623,
    "elbow": 118.39364587120085
  },
  "analysis_scores": {
    "alignment": 0.9250796404634339,
    "balance": 0.9478970793814693,
    "form": 0.8755531919322205,
    "stability": 0.8744251921865437,
    "coordination": 0.7160118371688093,
    "precision": 0.6456712322617181,
    "power": 0.8207459146017554,
    "efficiency": 0.7254410867063077,
    "safety": 0.9152295690988586,
    "overall": 0.7285233355626058,
    "shoulder": 0.6465183553194037,
    "elbow": 0.6825665361438472,
    "wrist": 0.8855297936261224,
    "hip": 0.657454099968825,
    "knee": 0.6040584410171045,
    "ankle": 0.8004962068911277,
    "back": 0.8881699485936392,
    "neck": 0.8335054329268514
  },
  "recommendations": {
    "form": "Good form, continue practicing with current technique",
    "alignment": "Good alignment, maintain current technique",
    "stability": "Good stability, continue with current technique",
    "power": "Good power output, maintain current intensity"
  },
  "safety_considerations": []
}