{
  "power_generation": {
    "explosiveness": 0.9545951441999384,
    "force_transfer": 0.6970803631756873,
    "efficiency": 0.9436205059752116
  },
  "technical_metrics": {
    "precision": 0.5893538917803006,
    "consistency": 0.7173159416453957,
    "fluidity": 0.5506303974611245
  },
  "biomechanical_metrics": {
    "joint_loading": 0.8663786832173317,
    "muscle_activation": 0.8083739964332072,
    "energy_efficiency": 0.9733011653955996
  }
}