{
  "key_points": {
    "shoulders": [
      -0.12065467675902997,
      0.5631246968070327,
      0.07122138454299332
    ],
    "elbows": [
      -0.04772858178450323,
      0.48911538621645806,
      -0.06082283522875605
    ],
    "wrists": [
      0.13559167267066596,
      0.4014604105420876,
      -0.08700712797414448
    ],
    "hips": [
      0.00011265313141484157,
      0.38052133867941657,
      0.02172243472901561
    ],
    "knees": [
      0.03463919521344927,
      0.22406285971252085,
      0.041358675885628776
    ],
    "ankles": [
      0.37227369322532755,
      0.19473876622827896,
      0.09772885884768254
    ]
  },
  "angles": {
    "knee": 36.71516108572291,
    "hip": 77.65779316645308,
    "shoulder": 55.05959783884783,
    "elbow": 38.575981262912556
  },
  "analysis_scores": {
    "alignment": 0.9873463575771864,
    "balance": 0.7336206594412589,
    "form": 0.6215845380919266,
    "stability": 0.8968025677207316,
    "coordination": 0.78826269934607,
    "precision": 0.9658293099406302,
    "power": 0.8177431502019533,
    "efficiency": 0.8142153437744531,
    "safety": 0.7467172243017208,
    "overall": 0.6621660289935888,
    "shoulder": 0.7981209911036182,
    "elbow": 0.9908876712869301,
    "wrist": 0.6364648603786348,
    "hip": 0.871232766356866,
    "knee": 0.6827018118144002,
    "ankle": 0.956967386216882,
    "back": 0.8310619591034129,
    "neck": 0.85554537470497
  },
  "recommendations": {
    "form": "Good form, continue practicing with current technique",
    "alignment": "Good alignment, maintain current technique",
    "stability": "Good stability, continue with current technique",
    "power": "Good power output, maintain current intensity"
  },
  "safety_considerations": [
    "Focus on maintaining proper back alignment to prevent injury"
  ]
}