{
  "power_generation": {
    "explosiveness": 0.5912416053163687,
    "force_transfer": 0.9004980391978366,
    "efficiency": 0.7869462918972943
  },
  "technical_metrics": {
    "precision": 0.5380619358227937,
    "consistency": 0.9673966009685112,
    "fluidity": 0.6529028184885106
  },
  "biomechanical_metrics": {
    "joint_loading": 0.5764273040201746,
    "muscle_activation": 0.7416230646217691,
    "energy_efficiency": 0.7783660284698728
  }
}