{
  "key_points": {
    "shoulders": [
      0.049013497112459226,
      0.6428470701854743,
      -0.03968387347108533
    ],
    "elbows": [
      -0.23935954801016657,
      0.5340278627261309,
      -0.062136723960016196
    ],
    "wrists": [
      0.00839515549220815,
      0.475554623532289,
      0.026593353651928053
    ],
    "hips": [
      -0.051661339249355454,
      0.36180032357900754,
      0.08362072365329895
    ],
    "knees": [
      -0.18521262469689848,
      0.3007545983189913,
      0.020284503577366247
    ],
    "ankles": [
      -0.20809861549532452,
      0.1386113551878418,
      -0.07808063297904873
    ]
  },
  "angles": {
    "knee": 88.73425770459833,
    "hip": 111.72070444111213,
    "shoulder": 30.638974431843614,
    "elbow": 105.04818951001573
  },
  "analysis_scores": {
    "alignment": 0.6607021848774252,
    "balance": 0.949624325735425,
    "form": 0.7486659353324764,
    "stability": 0.8400638602903623,
    "coordination": 0.8211849941042291,
    "precision": 0.709520248502137,
    "power": 0.9923457155635638,
    "efficiency": 0.6972199403453376,
    "safety": 0.7212301261072118,
    "overall": 0.9628758064108435,
    "shoulder": 0.6768795008949079,
    "elbow": 0.8179513684261887,
    "wrist": 0.8837225665093986,
    "hip": 0.6285444690922987,
    "knee": 0.9518322183302887,
    "ankle": 0.7338700706018496,
    "back": 0.6595927251973394,
    "neck": 0.9561738311194471
  },
  "recommendations": {
    "form": "Focus on maintaining proper joint angles during movement",
    "alignment": "Good alignment, maintain current technique",
    "stability": "Good stability, continue with current technique",
    "power": "Good power output, maintain current intensity"
  },
  "safety_considerations": []
}