{
  "power_generation": {
    "explosiveness": 0.5748416979085749,
    "force_transfer": 0.7040362481530498,
    "efficiency": 0.807730796632717
  },
  "technical_metrics": {
    "precision": 0.7547015867879425,
    "consistency": 0.987399385380006,
    "fluidity": 0.5614915834112418
  },
  "biomechanical_metrics": {
    "joint_loading": 0.7138284831120718,
    "muscle_activation": 0.7980249769306794,
    "energy_efficiency": 0.7624103225333838
  }
}