{
  "key_points": {
    "shoulders": [
      -0.07676051612217966,
      0.6971231898491079,
      0.051901967431629975
    ],
    "elbows": [
      -0.26749743589409564,
      0.5710880250425152,
      -0.008308293146423784
    ],
    "wrists": [
      -0.39647127847670394,
      0.4136297888606316,
      -0.042553555639080455
    ],
    "hips": [
      -0.17348404415905883,
      0.3090677122944864,
      0.09505078735442804
    ],
    "knees": [
      0.08596788405702238,
      0.35693268246966914,
      -0.054681487383150595
    ],
    "ankles": [
      0.22964102527956365,
      0.13432562226527606,
      -0.0904128061593958
    ]
  },
  "angles": {
    "knee": 22.866760503075675,
    "hip": 73.05893696131427,
    "shoulder": 13.543913408552722,
    "elbow": 6.393660448464147
  },
  "analysis_scores": {
    "alignment": 0.7226396793961904,
    "balance": 0.910976041168862,
    "form": 0.9352002326413894,
    "stability": 0.6487554515267938,
    "coordination": 0.8454749270078943,
    "precision": 0.9689184797912043,
    "power": 0.8200113324706438,
    "efficiency": 0.9911554470298763,
    "safety": 0.7463376211437072,
    "overall": 0.7658236486552339,
    "shoulder": 0.8480061341410188,
    "elbow": 0.8385469872012102,
    "wrist": 0.9888282220882483,
    "hip": 0.8453677556723762,
    "knee": 0.9779200822354386,
    "ankle": 0.6773296891602825,
    "back": 0.9385684500022657,
    "neck": 0.6689329165750119
  },
  "recommendations": {
    "form": "Focus on maintaining proper joint angles during movement",
    "alignment": "Good alignment, maintain current technique",
    "stability": "Good stability, continue with current technique",
    "power": "Consider increasing intensity gradually"
  },
  "safety_considerations": []
}