{
  "power_generation": {
    "explosiveness": 0.9843528993115014,
    "force_transfer": 0.6866415268942656,
    "efficiency": 0.9922283182297928
  },
  "technical_metrics": {
    "precision": 0.5667702318586868,
    "consistency": 0.5511829942594202,
    "fluidity": 0.6833628712627927
  },
  "biomechanical_metrics": {
    "joint_loading": 0.910085316891613,
    "muscle_activation": 0.6126767727395244,
    "energy_efficiency": 0.9187415539345718
  }
}