{
  "key_points": {
    "shoulders": [
      0.1270750357265899,
      0.6544828005270233,
      0.030943897153091815
    ],
    "elbows": [
      -0.06775457633596932,
      0.4846563402556085,
      -0.005839587785102143
    ],
    "wrists": [
      -0.3660741599977523,
      0.4168294992823255,
      -0.04028012719396952
    ],
    "hips": [
      0.18808803030610766,
      0.3742857595521477,
      -0.03557352592223166
    ],
    "knees": [
      0.17674370802671485,
      0.3631794180765103,
      0.09457176971554085
    ],
    "ankles": [
      -0.12382511435446747,
      0.17522020151790374,
      0.07252826157011252
    ]
  },
  "angles": {
    "knee": 39.738506447255595,
    "hip": 114.99527790163552,
    "shoulder": 29.250620883494157,
    "elbow": 116.36649559245626
  },
  "analysis_scores": {
    "alignment": 0.6193999868970297,
    "balance": 0.7132606746145089,
    "form": 0.6923877732950973,
    "stability": 0.8923674702659949,
    "coordination": 0.9334300796391662,
    "precision": 0.9734946222137355,
    "power": 0.8554170870034059,
    "efficiency": 0.6571600260989211,
    "safety": 0.9267558642947988,
    "overall": 0.6621200979257421,
    "shoulder": 0.9601576340651643,
    "elbow": 0.6669433364051461,
    "wrist": 0.8623188371362931,
    "hip": 0.7922973355352629,
    "knee": 0.8341941266781243,
    "ankle": 0.6039346522546057,
    "back": 0.8501108093925172,
    "neck": 0.9403874360067621
  },
  "recommendations": {
    "form": "Good form, continue practicing with current technique",
    "alignment": "Good alignment, maintain current technique",
    "stability": "Good stability, continue with current technique",
    "power": "Good power output, maintain current intensity"
  },
  "safety_considerations": []
}