{
  "power_generation": {
    "explosiveness": 0.9983537846937292,
    "force_transfer": 0.5257898142949362,
    "efficiency": 0.5172294106080222
  },
  "technical_metrics": {
    "precision": 0.9459992249974658,
    "consistency": 0.5736111155494374,
    "fluidity": 0.9469627466468238
  },
  "biomechanical_metrics": {
    "joint_loading": 0.6778907395094809,
    "muscle_activation": 0.6895394399391326,
    "energy_efficiency": 0.9933846846499877
  }
}