{
  "key_points": {
    "shoulders": [
      0.13656346474422026,
      0.6151308656987223,
      0.07695166398578862
    ],
    "elbows": [
      0.04501721958393523,
      0.5736284723258134,
      -0.011634609032605117
    ],
    "wrists": [
      -0.241700289367206,
      0.46747379439648273,
      -0.06957370851777206
    ],
    "hips": [
      -0.001176954827325133,
      0.3183827883762469,
      -0.06071816032129791
    ],
    "knees": [
      0.28778843744105226,
      0.21310070476025078,
      0.09405623889594172
    ],
    "ankles": [
      -0.0897854832875501,
      0.16869097322483334,
      0.0795081306885228
    ]
  },
  "angles": {
    "knee": 118.90169812107646,
    "hip": 126.39969753558096,
    "shoulder": 28.803536232589277,
    "elbow": 153.7277155870051
  },
  "analysis_scores": {
    "alignment": 0.8098426553669087,
    "balance": 0.6066772071223285,
    "form": 0.7415217855368916,
    "stability": 0.7285063692121305,
    "coordination": 0.9042734324336097,
    "precision": 0.7807301894739708,
    "power": 0.8373641777455938,
    "efficiency": 0.9344496701111387,
    "safety": 0.7885644236106752,
    "overall": 0.7911039048282128,
    "shoulder": 0.6247931764771771,
    "elbow": 0.6107506838543499,
    "wrist": 0.7694961436087993,
    "hip": 0.6679242699630793,
    "knee": 0.6001461682723044,
    "ankle": 0.8535091797503072,
    "back": 0.6780312291804627,
    "neck": 0.9829110205757622
  },
  "recommendations": {
    "form": "Good form, continue practicing with current technique",
    "alignment": "Good alignment, maintain current technique",
    "stability": "Good stability, continue with current technique",
    "power": "Good power output, maintain current intensity"
  },
  "safety_considerations": [
    "Ensure proper body alignment to prevent falls"
  ]
}