{
  "power_generation": {
    "explosiveness": 0.5133405660976359,
    "force_transfer": 0.9753778503264918,
    "efficiency": 0.6911903633070904
  },
  "technical_metrics": {
    "precision": 0.9007006317307176,
    "consistency": 0.5347841620696614,
    "fluidity": 0.9598134320062611
  },
  "biomechanical_metrics": {
    "joint_loading": 0.91671846627896,
    "muscle_activation": 0.5187331349461712,
    "energy_efficiency": 0.7126842289337351
  }
}