{
  "key_points": {
    "shoulders": [
      0.13733185465736308,
      0.5629102110227975,
      -0.025613485233062422
    ],
    "elbows": [
      0.049968574027142276,
      0.45843049161242433,
      -0.01481859710774594
    ],
    "wrists": [
      -0.1458117644335057,
      0.4903378882366939,
      0.04594236305307195
    ],
    "hips": [
      -0.0325738690037875,
      0.3247823086440312,
      0.015861151402854073
    ],
    "knees": [
      0.19592652780384917,
      0.38357592190790957,
      0.09869302386841591
    ],
    "ankles": [
      0.2962019890141625,
      0.14684439408813965,
      -0.029362549008091807
    ]
  },
  "angles": {
    "knee": 31.772582158728426,
    "hip": 97.69422403772322,
    "shoulder": 27.410960988635708,
    "elbow": 125.76069119911674
  },
  "analysis_scores": {
    "alignment": 0.9012519989107363,
    "balance": 0.7700780679081852,
    "form": 0.8833435393512342,
    "stability": 0.9643384073056074,
    "coordination": 0.6406095353858576,
    "precision": 0.9325798127275011,
    "power": 0.7387031177489497,
    "efficiency": 0.942038843573056,
    "safety": 0.9467152632235462,
    "overall": 0.9222118733110459,
    "shoulder": 0.8188793040880926,
    "elbow": 0.6814232846421849,
    "wrist": 0.7919728911721187,
    "hip": 0.8409633713504041,
    "knee": 0.7616371728153941,
    "ankle": 0.8025104469362978,
    "back": 0.6534301168234005,
    "neck": 0.8459809589473821
  },
  "recommendations": {
    "form": "Good form, continue practicing with current technique",
    "alignment": "Good alignment, maintain current technique",
    "stability": "Good stability, continue with current technique",
    "power": "Good power output, maintain current intensity"
  },
  "safety_considerations": []
}