{
  "power_generation": {
    "explosiveness": 0.7148135700524023,
    "force_transfer": 0.8978572359043844,
    "efficiency": 0.5577455968475504
  },
  "technical_metrics": {
    "precision": 0.8245630562199722,
    "consistency": 0.6487650632199993,
    "fluidity": 0.7682280269622187
  },
  "biomechanical_metrics": {
    "joint_loading": 0.5741594101487354,
    "muscle_activation": 0.6353822670738642,
    "energy_efficiency": 0.8427810573639722
  }
}