{
  "key_points": {
    "shoulders": [
      -0.047107685557411016,
      0.7392153091543288,
      -0.032888481251345525
    ],
    "hips": [
      0.23383975724800987,
      0.46310957706832184,
      0.08477794980482278
    ],
    "knees": [
      0.20777489106423697,
      0.4206162740388803,
      0.13214211557699396
    ],
    "ankles": [
      -0.46590245492696836,
      0.24861816791894842,
      -0.14180242315529923
    ]
  },
  "angles": {
    "knee": 50.95354137751277,
    "hip": 90.24946714722198,
    "shoulder": 12.942453703553282
  },
  "analysis_scores": {
    "alignment": 0.7037252325245795,
    "balance": 0.7557081102799532,
    "form": 0.6454580459274734,
    "stability": 0.8584620507136873,
    "coordination": 0.6156300925157487,
    "precision": 0.9045497019774035,
    "power": 0.7818768480318808,
    "efficiency": 0.7382871064755677,
    "safety": 0.8046410291089369,
    "overall": 0.6559458969831364,
    "shoulder": 0.724610251908831,
    "elbow": 0.8304795015286185,
    "wrist": 0.6761059475049713,
    "hip": 0.9169742652392376,
    "knee": 0.7215145702625695,
    "ankle": 1.0,
    "back": 0.8146105737573061,
    "neck": 0.8806417990033636
  },
  "recommendations": {
    "form": "Focus on maintaining proper joint angles during movement",
    "alignment": "Good alignment, maintain current technique",
    "stability": "Good stability, continue with current technique",
    "power": "Good power output, maintain current intensity"
  },
  "safety_considerations": []
}