{
  "power_generation": {
    "explosiveness": 0.9434550248678009,
    "force_transfer": 0.5926524581382248,
    "efficiency": 0.5017369001875548
  },
  "technical_metrics": {
    "precision": 0.5453252389397907,
    "consistency": 0.6349388214926406,
    "fluidity": 0.6492961906064061
  },
  "biomechanical_metrics": {
    "joint_loading": 0.83285136337149,
    "muscle_activation": 0.820731270068092,
    "energy_efficiency": 0.9758341574861423
  }
}