{
  "key_points": {
    "shoulders": [
      0.15335516717164016,
      0.5532703278054685,
      -0.009946573815172013
    ],
    "elbows": [
      -4.857177798972545e-05,
      0.5673019932920699,
      -0.07849253838613919
    ],
    "wrists": [
      0.09789524987962928,
      0.3532859949538747,
      -0.08866464067027163
    ],
    "hips": [
      -0.18269445512218835,
      0.3232695238432836,
      0.023027028292373575
    ],
    "knees": [
      -0.0680970582419343,
      0.22610321107759535,
      -0.08467830380900956
    ],
    "ankles": [
      0.002815306430946296,
      0.25313151068663886,
      -0.001919082379230802
    ]
  },
  "angles": {
    "knee": 51.73596196742737,
    "hip": 125.9613273009746,
    "shoulder": 75.03525370377248,
    "elbow": 81.23599838668426
  },
  "analysis_scores": {
    "alignment": 0.8750892174036999,
    "balance": 0.7852666077145097,
    "form": 0.7058760419673713,
    "stability": 0.6584753394119359,
    "coordination": 0.935383905936145,
    "precision": 0.9697306723564724,
    "power": 0.9192893069653381,
    "efficiency": 0.7898493978886965,
    "safety": 0.8103931372365014,
    "overall": 0.8710699885825612,
    "shoulder": 0.9115356192740462,
    "elbow": 0.7109917159460516,
    "wrist": 0.9082692567415234,
    "hip": 0.6475240540366701,
    "knee": 0.6939019510623746,
    "ankle": 0.8758150669111417,
    "back": 0.7024266145896212,
    "neck": 0.9179001881752951
  },
  "recommendations": {
    "form": "Focus on maintaining proper joint angles during movement",
    "alignment": "Good alignment, maintain current technique",
    "stability": "Good stability, continue with current technique",
    "power": "Consider increasing intensity gradually"
  },
  "safety_considerations": []
}