{
  "key_points": {
    "shoulders": [
      0.11446482283114784,
      0.5426910411098598,
      -0.04144840168546309
    ],
    "elbows": [
      -0.14413733358439126,
      0.5230342237563879,
      0.0567589300204093
    ],
    "wrists": [
      0.2820121799677543,
      0.403265557624686,
      -0.03648049266961624
    ],
    "hips": [
      -0.12272956281528408,
      0.46854742966589613,
      -0.08440841705435415
    ],
    "knees": [
      -0.008805296538703988,
      0.35934405955638515,
      0.010505699159472706
    ],
    "ankles": [
      0.053184801138575655,
      0.20287978135994866,
      -0.0740975361903499
    ]
  },
  "angles": {
    "knee": 24.67450211575471,
    "hip": 87.61152678357254,
    "shoulder": 28.071701473102177,
    "elbow": 65.18989202004977
  },
  "analysis_scores": {
    "alignment": 0.8019700234332852,
    "balance": 0.9994535410626566,
    "form": 0.9184798634356977,
    "stability": 0.6540242569636282,
    "coordination": 0.8827175604231691,
    "precision": 0.8517054072931911,
    "power": 0.7738401635853951,
    "efficiency": 0.9708499141132625,
    "safety": 0.9482946961583337,
    "overall": 0.6476279435754467,
    "shoulder": 0.9591360797693028,
    "elbow": 0.7717049751854669,
    "wrist": 0.6052685824273516,
    "hip": 0.8290051042201119,
    "knee": 0.7188712923018065,
    "ankle": 0.653458502734886,
    "back": 0.8135037954307004,
    "neck": 0.6909297789231436
  },
  "recommendations": {
    "form": "Focus on maintaining proper joint angles during movement",
    "alignment": "Good alignment, maintain current technique",
    "stability": "Good stability, continue with current technique",
    "power": "Good power output, maintain current intensity"
  },
  "safety_considerations": [
    "Ensure proper shoulder mechanics during swing"
  ]
}