{
  "power_generation": {
    "explosiveness": 0.86423778766455,
    "force_transfer": 0.7351323603307218,
    "efficiency": 0.7585397359642272
  },
  "technical_metrics": {
    "precision": 0.9742419359845139,
    "consistency": 0.8327086629215656,
    "fluidity": 0.843101113187888
  },
  "biomechanical_metrics": {
    "joint_loading": 0.641914823222038,
    "muscle_activation": 0.9752217466063253,
    "energy_efficiency": 0.77713883747882
  }
}