{
  "key_points": {
    "shoulders": [
      0.029529480973275735,
      0.614393186745257,
      0.012762909349798138
    ],
    "elbows": [
      -0.17843300919445187,
      0.500453449585901,
      -0.06090083757351253
    ],
    "wrists": [
      0.03685670592393464,
      0.4123828491818838,
      0.07386597768084538
    ],
    "hips": [
      0.061749250747606454,
      0.42340992275119815,
      0.08432209970562807
    ],
    "knees": [
      0.15740844120799125,
      0.369708138704116,
      -0.0579301541988456
    ],
    "ankles": [
      0.24078300563607968,
      0.19200702548037837,
      -0.013502558323982727
    ]
  },
  "angles": {
    "knee": 113.30724604048982,
    "hip": 118.46840893565685,
    "shoulder": 68.53624991223143,
    "elbow": 152.35485174272432
  },
  "analysis_scores": {
    "alignment": 0.8509078112378239,
    "balance": 0.6754864093239403,
    "form": 0.7974771106655615,
    "stability": 0.8325350407745906,
    "coordination": 0.6796818439336623,
    "precision": 0.6721769203894029,
    "power": 0.6194585766140422,
    "efficiency": 0.715256712782208,
    "safety": 0.7059690874065087,
    "overall": 0.9801415221674405,
    "shoulder": 0.7921851764787262,
    "elbow": 0.6028234919660347,
    "wrist": 0.969369647168181,
    "hip": 0.7950746283948127,
    "knee": 0.875236069889072,
    "ankle": 0.9961645682791322,
    "back": 0.9593858675767595,
    "neck": 0.9464654906915827
  },
  "recommendations": {
    "form": "Focus on maintaining proper joint angles during movement",
    "alignment": "Work on maintaining symmetrical movement patterns",
    "stability": "Good stability, continue with current technique",
    "power": "Good power output, maintain current intensity"
  },
  "safety_considerations": []
}