{
  "power_generation": {
    "explosiveness": 0.718752445503754,
    "force_transfer": 0.7136235572540391,
    "efficiency": 0.9294682271981689
  },
  "technical_metrics": {
    "precision": 0.7353905117487536,
    "consistency": 0.9310839689204017,
    "fluidity": 0.8134837194532143
  },
  "biomechanical_metrics": {
    "joint_loading": 0.581734058229137,
    "muscle_activation": 0.5083748777986863,
    "energy_efficiency": 0.6755257914699824
  }
}