{
  "key_points": {
    "shoulders": [
      -0.125486118510329,
      0.6039860740608023,
      -0.0541757105300958
    ],
    "elbows": [
      -0.15180441596167293,
      0.5694856040309813,
      0.007219906450157437
    ],
    "wrists": [
      0.29526802812312736,
      0.33939509492575376,
      -0.02745591088017317
    ],
    "hips": [
      -0.18610235370452666,
      0.398886354797625,
      0.07551280349228237
    ],
    "knees": [
      0.049784381440614756,
      0.33901807267560913,
      -0.05718159862623032
    ],
    "ankles": [
      0.21064433300173757,
      0.1278259715284693,
      -0.07437457843600447
    ]
  },
  "angles": {
    "knee": 139.49744292495822,
    "hip": 81.85676682275665,
    "shoulder": 82.3998111447368,
    "elbow": 15.830575695556083
  },
  "analysis_scores": {
    "alignment": 0.6911128591579874,
    "balance": 0.915772857990417,
    "form": 0.8726217989302343,
    "stability": 0.7887560755249743,
    "coordination": 0.891531083490049,
    "precision": 0.8512412473624976,
    "power": 0.7197764314480017,
    "efficiency": 0.7528069609836255,
    "safety": 0.7317976464727288,
    "overall": 0.6845343735254837,
    "shoulder": 0.7038836691521096,
    "elbow": 0.9052641901889293,
    "wrist": 0.6015769384239474,
    "hip": 0.8035940027268359,
    "knee": 0.7635948157106336,
    "ankle": 0.7977620370120386,
    "back": 0.7257383173724837,
    "neck": 0.6081729908125841
  },
  "recommendations": {
    "form": "Good form, continue practicing with current technique",
    "alignment": "Good alignment, maintain current technique",
    "stability": "Focus on maintaining proper posture and balance",
    "power": "Good power output, maintain current intensity"
  },
  "safety_considerations": []
}