{
  "power_generation": {
    "explosiveness": 0.7843585587827795,
    "force_transfer": 0.5729449534593107,
    "efficiency": 0.5317157693915555
  },
  "technical_metrics": {
    "precision": 0.7480009233797911,
    "consistency": 0.6728641959886834,
    "fluidity": 0.6895564177316289
  },
  "biomechanical_metrics": {
    "joint_loading": 0.5475495328594215,
    "muscle_activation": 0.9894524376094191,
    "energy_efficiency": 0.5172189132018962
  }
}