{
  "key_points": {
    "shoulders": [
      -0.019522293169678656,
      0.6477239150637566,
      -0.09220980664007872
    ],
    "elbows": [
      0.02652196691820452,
      0.5248121781513682,
      -0.02117728320947121
    ],
    "wrists": [
      -0.19075313490802986,
      0.4200054012856397,
      0.047581081358539556
    ],
    "hips": [
      0.01907214325298004,
      0.38448808185392513,
      -0.013108222035345604
    ],
    "knees": [
      -0.23832322353519297,
      0.3207780246992105,
      -0.02664452186305115
    ],
    "ankles": [
      0.2452709637544025,
      0.1454776519741193,
      0.014961914311523244
    ]
  },
  "angles": {
    "knee": 136.47302556583728,
    "hip": 81.49640839841338,
    "shoulder": 37.95014500351402,
    "elbow": 47.41193621509445
  },
  "analysis_scores": {
    "alignment": 0.985391945422549,
    "balance": 0.736838412104853,
    "form": 0.81702493122287,
    "stability": 0.8153726908880888,
    "coordination": 0.956004988422443,
    "precision": 0.9934904221392451,
    "power": 0.7049239623258079,
    "efficiency": 0.6866721510234277,
    "safety": 0.7534967223560417,
    "overall": 0.9271348390553604,
    "shoulder": 0.7377856089026019,
    "elbow": 0.8641348917043965,
    "wrist": 0.6084899682565278,
    "hip": 0.6069177749065233,
    "knee": 0.6732031920729444,
    "ankle": 0.9210249699946496,
    "back": 0.6676974826845926,
    "neck": 0.6806289782394613
  },
  "recommendations": {
    "form": "Good form, continue practicing with current technique",
    "alignment": "Work on maintaining symmetrical movement patterns",
    "stability": "Good stability, continue with current technique",
    "power": "Good power output, maintain current intensity"
  },
  "safety_considerations": [
    "Maintain proper hip alignment to prevent lower back strain",
    "Ensure proper kick technique to prevent knee injuries"
  ]
}