{
  "power_generation": {
    "explosiveness": 0.5077420699310822,
    "force_transfer": 0.7287637024554423,
    "efficiency": 0.9846847063450115
  },
  "technical_metrics": {
    "precision": 0.9894724616540319,
    "consistency": 0.8114881564553806,
    "fluidity": 0.5194530138486403
  },
  "biomechanical_metrics": {
    "joint_loading": 0.9082358419098895,
    "muscle_activation": 0.5685221861241959,
    "energy_efficiency": 0.7046408610920412
  }
}