{
  "key_points": {
    "shoulders": [
      0.06576497608004339,
      0.6849415682236677,
      -0.038211250073140725
    ],
    "elbows": [
      -0.24156656832803292,
      0.4778406583063375,
      0.017000586622876138
    ],
    "wrists": [
      0.20311118447879606,
      0.49545994804528803,
      0.038689741318437804
    ],
    "hips": [
      -0.03014772085781975,
      0.4554920239796224,
      0.06917442471992574
    ],
    "knees": [
      -0.1713340072017721,
      0.3584407405297343,
      0.07430591973420658
    ],
    "ankles": [
      0.3687595203284667,
      0.268136305840995,
      -0.061448286859730875
    ]
  },
  "angles": {
    "knee": 25.111889253180916,
    "hip": 39.940548747563966,
    "shoulder": 52.92739214917779,
    "elbow": 166.29560551436018
  },
  "analysis_scores": {
    "alignment": 0.9111113318880592,
    "balance": 0.8856593343381647,
    "form": 0.8045473547854561,
    "stability": 0.832279663460171,
    "coordination": 0.6087422994318078,
    "precision": 0.8682586879381811,
    "power": 0.875713814241133,
    "efficiency": 0.7410883225020348,
    "safety": 0.6584644288051343,
    "overall": 0.9820452421339373,
    "shoulder": 0.9925317387793954,
    "elbow": 0.7290061843766842,
    "wrist": 0.8731828913803319,
    "hip": 0.8991055130138177,
    "knee": 0.8750279327934607,
    "ankle": 0.6051118209640911,
    "back": 0.9548270183588983,
    "neck": 0.9374181643200183
  },
  "recommendations": {
    "form": "Focus on maintaining proper joint angles during movement",
    "alignment": "Good alignment, maintain current technique",
    "stability": "Focus on maintaining proper posture and balance",
    "power": "Good power output, maintain current intensity"
  },
  "safety_considerations": []
}