{
  "power_generation": {
    "explosiveness": 0.5612931734113653,
    "force_transfer": 0.7187853662464416,
    "efficiency": 0.9999368357204499
  },
  "technical_metrics": {
    "precision": 0.9596628318771487,
    "consistency": 0.7610225230305702,
    "fluidity": 0.8920836129769937
  },
  "biomechanical_metrics": {
    "joint_loading": 0.8478698862607432,
    "muscle_activation": 0.9591373702157031,
    "energy_efficiency": 0.5311280888429762
  }
}