{
  "key_points": {
    "shoulders": [
      -0.0013804363900437322,
      0.5213478689912928,
      -0.035668491613217904
    ],
    "elbows": [
      0.2337693566209465,
      0.4113092768963855,
      -0.07957774119957384
    ],
    "wrists": [
      0.15760350011037727,
      0.49027205683455966,
      -0.02221715368923169
    ],
    "hips": [
      0.04545101687833997,
      0.4899774518060843,
      -0.027056397335613852
    ],
    "knees": [
      0.17993052777311502,
      0.23029421414922457,
      -0.003500727033455636
    ],
    "ankles": [
      0.14205318365632047,
      0.11567714243450036,
      -0.014378654886931103
    ]
  },
  "angles": {
    "knee": 57.58225296459862,
    "hip": 90.10654840997098,
    "shoulder": 24.021819585419934,
    "elbow": 159.6681056426591
  },
  "analysis_scores": {
    "alignment": 0.9760857482852232,
    "balance": 0.687900782467485,
    "form": 0.8265233854796709,
    "stability": 0.8264010168365757,
    "coordination": 0.9416684129202672,
    "precision": 0.8132858143151065,
    "power": 0.8401332127832176,
    "efficiency": 0.605758458878801,
    "safety": 0.938709784569397,
    "overall": 0.7483434716427791,
    "shoulder": 0.7599487632409829,
    "elbow": 0.9569332157254086,
    "wrist": 0.6907698441051686,
    "hip": 0.6823566722563569,
    "knee": 0.6907425202724875,
    "ankle": 0.6446985114586604,
    "back": 0.8740002567066706,
    "neck": 0.9484684562232614
  },
  "recommendations": {
    "form": "Good form, continue practicing with current technique",
    "alignment": "Work on maintaining symmetrical movement patterns",
    "stability": "Good stability, continue with current technique",
    "power": "Good power output, maintain current intensity"
  },
  "safety_considerations": []
}