{
  "power_generation": {
    "explosiveness": 0.9697240847685031,
    "force_transfer": 0.5547650512935697,
    "efficiency": 0.8711704045107029
  },
  "technical_metrics": {
    "precision": 0.8097230861855917,
    "consistency": 0.5982619583751125,
    "fluidity": 0.5894320744127204
  },
  "biomechanical_metrics": {
    "joint_loading": 0.7872593940912906,
    "muscle_activation": 0.713409422039355,
    "energy_efficiency": 0.941127470763155
  }
}