{
  "key_points": {
    "shoulders": [
      0.013674993995029805,
      0.6376439791570153,
      0.09319680180285514
    ],
    "elbows": [
      0.07888525802934643,
      0.5342769467428471,
      -0.06391035282051685
    ],
    "wrists": [
      0.30602900358502094,
      0.3764276514003248,
      -0.06716815329878212
    ],
    "hips": [
      -0.049784366834766336,
      0.38610680910315665,
      0.08698350175003211
    ],
    "knees": [
      0.13937674150068968,
      0.27000364355530826,
      0.08617170792702455
    ],
    "ankles": [
      0.03689756657068377,
      0.21712666729666485,
      0.022006453132314932
    ]
  },
  "angles": {
    "knee": 50.18541445246182,
    "hip": 54.19385756378391,
    "shoulder": 30.48385687507047,
    "elbow": 26.586956570997
  },
  "analysis_scores": {
    "alignment": 0.7237569569209518,
    "balance": 0.9069742122668898,
    "form": 0.681737627427803,
    "stability": 0.8356068674316787,
    "coordination": 0.9432979068632781,
    "precision": 0.831237645418461,
    "power": 0.7065213409903919,
    "efficiency": 0.728815368995021,
    "safety": 0.8697610633461486,
    "overall": 0.871508178029631,
    "shoulder": 0.7937229250909166,
    "elbow": 0.8904009243429379,
    "wrist": 0.9572826548134127,
    "hip": 0.9796481197436075,
    "knee": 0.611611635951242,
    "ankle": 0.9117485242410155,
    "back": 0.8705733048309174,
    "neck": 0.6931563683171816
  },
  "recommendations": {
    "form": "Focus on maintaining proper joint angles during movement",
    "alignment": "Good alignment, maintain current technique",
    "stability": "Good stability, continue with current technique",
    "power": "Good power output, maintain current intensity"
  },
  "safety_considerations": [
    "Consider running on softer surfaces to reduce impact"
  ]
}