{
  "power_generation": {
    "explosiveness": 0.5135776924831195,
    "force_transfer": 0.7762791161336212,
    "efficiency": 0.9232039791942566
  },
  "technical_metrics": {
    "precision": 0.690013512818149,
    "consistency": 0.7227958851290183,
    "fluidity": 0.5551241430569109
  },
  "biomechanical_metrics": {
    "joint_loading": 0.8085204939579833,
    "muscle_activation": 0.7851875425553436,
    "energy_efficiency": 0.6285353095225708
  }
}