{
  "key_points": {
    "shoulders": [
      -0.24461574620635418,
      0.5121798510249903,
      0.037243330734814784
    ],
    "elbows": [
      -0.0524534020712914,
      0.5160024714089468,
      0.1944151702948716
    ],
    "wrists": [
      0.1938019919073134,
      0.4893023949110688,
      -0.09950929753499001
    ],
    "hips": [
      0.09778146192458742,
      0.40468562093957,
      0.1588346056429651
    ]
  },
  "angles": {
    "shoulder": 62.192707302391135,
    "elbow": 151.2786088668742
  },
  "analysis_scores": {
    "alignment": 0.7301092983898787,
    "balance": 0.8387467727858087,
    "form": 0.6243662384778957,
    "stability": 0.8731704986881728,
    "coordination": 0.66625697717857,
    "precision": 0.6407675463744522,
    "power": 0.7925580903481207,
    "efficiency": 0.8044871516695354,
    "safety": 0.7204107747938088,
    "overall": 0.7238916956083039,
    "shoulder": 1.0,
    "elbow": 1.0,
    "wrist": 1.0,
    "hip": 0.9945982985540132,
    "knee": 0.7372714801260544,
    "ankle": 0.7602172909623387,
    "back": 0.6148469612674576,
    "neck": 0.6880592832514287
  },
  "recommendations": {
    "form": "Good form, continue practicing with current technique",
    "alignment": "Good alignment, maintain current technique",
    "stability": "Good stability, continue with current technique",
    "power": "Good power output, maintain current intensity"
  },
  "safety_considerations": []
}