{
  "power_generation": {
    "explosiveness": 0.6169252915812349,
    "force_transfer": 0.8279667272190521,
    "efficiency": 0.6550997272142455
  },
  "technical_metrics": {
    "precision": 0.9374135093876966,
    "consistency": 0.9107861720641575,
    "fluidity": 0.944689689096378
  },
  "biomechanical_metrics": {
    "joint_loading": 0.7198721070159515,
    "muscle_activation": 0.7777994957460727,
    "energy_efficiency": 0.5033412830154952
  }
}