{
  "key_points": {
    "shoulders": [
      0.23408823179211097,
      0.6240665788140168,
      -0.06282129507262449
    ],
    "elbows": [
      -0.2896265957226158,
      0.5217692294921432,
      -0.14876734993778734
    ],
    "wrists": [
      -0.1603059298255307,
      0.44419360443667055,
      -0.0645584870111727
    ],
    "hips": [
      0.1273423000363466,
      0.46354920842016495,
      -0.17695140256390296
    ]
  },
  "angles": {
    "shoulder": 60.229688300121076,
    "elbow": 142.99849682614186
  },
  "analysis_scores": {
    "alignment": 0.8250353671723973,
    "balance": 0.618266280113362,
    "form": 0.8970718035085286,
    "stability": 0.9121017278458301,
    "coordination": 0.9578728503895622,
    "precision": 0.7601938034878566,
    "power": 0.7836975992060655,
    "efficiency": 0.6466271438031261,
    "safety": 0.6324616699198763,
    "overall": 0.9351447331513177,
    "shoulder": 1.0,
    "elbow": 0.8132507199367764,
    "wrist": 0.7907656544473459,
    "hip": 0.7507523862522408,
    "knee": 0.7981432463119695,
    "ankle": 0.8480246848242476,
    "back": 0.9621103206317632,
    "neck": 0.7930347769361461
  },
  "recommendations": {
    "form": "Good form, continue practicing with current technique",
    "alignment": "Good alignment, maintain current technique",
    "stability": "Good stability, continue with current technique",
    "power": "Good power output, maintain current intensity"
  },
  "safety_considerations": []
}