{
  "power_generation": {
    "explosiveness": 0.7022099250132771,
    "force_transfer": 0.7457675293841712,
    "efficiency": 0.7775979382477262
  },
  "technical_metrics": {
    "precision": 0.8959998363589425,
    "consistency": 0.6409471743133474,
    "fluidity": 0.6220681389719795
  },
  "biomechanical_metrics": {
    "joint_loading": 0.9157206236211926,
    "muscle_activation": 0.6872131657468583,
    "energy_efficiency": 0.5437435728690706
  }
}