{
  "key_points": {
    "shoulders": [
      0.13570496243816627,
      0.5289920622037821,
      -0.05464884665988306
    ],
    "elbows": [
      0.12187169343253224,
      0.5154957827312463,
      0.052053148905870594
    ],
    "wrists": [
      0.3817460155990874,
      0.3033117301571415,
      -0.033723615163571724
    ],
    "hips": [
      -0.1646168976507934,
      0.34312124419746787,
      0.04630255052540522
    ],
    "knees": [
      -0.025479748065033503,
      0.2502153500145932,
      0.0341788204806103
    ],
    "ankles": [
      0.3745319197417125,
      0.29907295000558054,
      -0.0902427544633448
    ]
  },
  "angles": {
    "knee": 35.32818895313892,
    "hip": 72.96852831034211,
    "shoulder": 26.687205728290284,
    "elbow": 106.33226923997212
  },
  "analysis_scores": {
    "alignment": 0.79817986162473,
    "balance": 0.9921784758711069,
    "form": 0.6991090356539538,
    "stability": 0.7071799974985974,
    "coordination": 0.6794239381630733,
    "precision": 0.8900342861331219,
    "power": 0.7651616025177443,
    "efficiency": 0.6868777401722872,
    "safety": 0.6779241244773915,
    "overall": 0.8067192898202539,
    "shoulder": 0.6079297947805572,
    "elbow": 0.81523419552216,
    "wrist": 0.9443760643689507,
    "hip": 0.6221879115897747,
    "knee": 0.6870266708980464,
    "ankle": 0.8217017661350394,
    "back": 0.707957017294456,
    "neck": 0.6177691258878483
  },
  "recommendations": {
    "form": "Focus on maintaining proper joint angles during movement",
    "alignment": "Good alignment, maintain current technique",
    "stability": "Good stability, continue with current technique",
    "power": "Consider increasing intensity gradually"
  },
  "safety_considerations": []
}