{
  "power_generation": {
    "explosiveness": 0.7131478001730385,
    "force_transfer": 0.5622051681540182,
    "efficiency": 0.8494865497218553
  },
  "technical_metrics": {
    "precision": 0.5891243635390562,
    "consistency": 0.9617943557821113,
    "fluidity": 0.5612135692865179
  },
  "biomechanical_metrics": {
    "joint_loading": 0.6054913181159927,
    "muscle_activation": 0.8336695377461028,
    "energy_efficiency": 0.6821323338686516
  }
}