{
  "key_points": {
    "shoulders": [
      -0.049013579342694985,
      0.6995851233194038,
      -0.09549816921976605
    ],
    "elbows": [
      -0.12669757444772892,
      0.557214803563558,
      0.03977025322401598
    ],
    "wrists": [
      0.19641789169689727,
      0.395840801627777,
      -0.0640007395501028
    ],
    "hips": [
      0.10302143865578572,
      0.3939685313019524,
      0.09462833997841086
    ],
    "knees": [
      0.11456177561322761,
      0.2946692630386741,
      -0.032395337342155675
    ],
    "ankles": [
      -0.20414511180426162,
      0.2335798163896383,
      -0.04304665255753329
    ]
  },
  "angles": {
    "knee": 123.60194746819948,
    "hip": 54.57618142230938,
    "shoulder": 55.81889681964886,
    "elbow": 132.38014193772867
  },
  "analysis_scores": {
    "alignment": 0.8901811309167804,
    "balance": 0.7216103241100749,
    "form": 0.727678181864416,
    "stability": 0.8015537481614817,
    "coordination": 0.904472516511043,
    "precision": 0.7214715743691141,
    "power": 0.728997285208617,
    "efficiency": 0.7563239750161632,
    "safety": 0.6503841597098386,
    "overall": 0.8537339210195212,
    "shoulder": 0.9262245167376602,
    "elbow": 0.9072786783798932,
    "wrist": 0.7627444962818757,
    "hip": 0.9097007663836574,
    "knee": 0.7824256707824986,
    "ankle": 0.8886695386276157,
    "back": 0.6465597607948762,
    "neck": 0.7677938811827262
  },
  "recommendations": {
    "form": "Good form, continue practicing with current technique",
    "alignment": "Good alignment, maintain current technique",
    "stability": "Good stability, continue with current technique",
    "power": "Consider increasing intensity gradually"
  },
  "safety_considerations": [
    "Focus on proper shoulder mechanics during dynamic movements"
  ]
}