{
  "power_generation": {
    "explosiveness": 0.8209158038547921,
    "force_transfer": 0.9819158823035763,
    "efficiency": 0.647881502960959
  },
  "technical_metrics": {
    "precision": 0.9137741735963086,
    "consistency": 0.9245581449096842,
    "fluidity": 0.7953293277795886
  },
  "biomechanical_metrics": {
    "joint_loading": 0.9462586143964977,
    "muscle_activation": 0.7586324400937355,
    "energy_efficiency": 0.9748237858541358
  }
}