{
  "key_points": {
    "shoulders": [
      -0.0679490783017041,
      0.5406102344852554,
      0.004253420419103995
    ],
    "elbows": [
      0.016295252872922217,
      0.5368256304966996,
      -0.007966281234576988
    ],
    "wrists": [
      -0.31875093236390867,
      0.4741048312524577,
      0.01325395461167736
    ],
    "hips": [
      -0.16572907784820365,
      0.4100184292554715,
      -0.03093036119992401
    ],
    "knees": [
      -0.10820689522664945,
      0.2210660644124811,
      0.07795849490132786
    ],
    "ankles": [
      0.311827966718777,
      0.24269367374570222,
      -0.05948184091308606
    ]
  },
  "angles": {
    "knee": 27.648208107492167,
    "hip": 63.92270827061626,
    "shoulder": 42.26799027782669,
    "elbow": 127.83268651628384
  },
  "analysis_scores": {
    "alignment": 0.7806248852544222,
    "balance": 0.6800541948002021,
    "form": 0.9883863363259523,
    "stability": 0.8355377695065562,
    "coordination": 0.9845749838564766,
    "precision": 0.6707053747174686,
    "power": 0.9126304105137182,
    "efficiency": 0.6008933582840937,
    "safety": 0.8723455340019626,
    "overall": 0.8188444711572596,
    "shoulder": 0.7082959032079017,
    "elbow": 0.9891822062336448,
    "wrist": 0.9072856002020692,
    "hip": 0.7818865340010742,
    "knee": 0.7585354731783207,
    "ankle": 0.7169547343335738,
    "back": 0.6463769746388103,
    "neck": 0.6428490071276902
  },
  "recommendations": {
    "form": "Good form, continue practicing with current technique",
    "alignment": "Good alignment, maintain current technique",
    "stability": "Focus on maintaining proper posture and balance",
    "power": "Good power output, maintain current intensity"
  },
  "safety_considerations": []
}