{
  "power_generation": {
    "explosiveness": 0.9454682362972404,
    "force_transfer": 0.6145618688221975,
    "efficiency": 0.7548452650418783
  },
  "technical_metrics": {
    "precision": 0.7383959150959816,
    "consistency": 0.5665474115879476,
    "fluidity": 0.6499199061503071
  },
  "biomechanical_metrics": {
    "joint_loading": 0.9380384073054093,
    "muscle_activation": 0.8539070836728028,
    "energy_efficiency": 0.5017902506034613
  }
}