{
  "key_points": {
    "shoulders": [
      0.19608412173478507,
      0.6102496699830134,
      0.02857022805820375
    ],
    "hips": [
      0.11527399803996902,
      0.410942462008326,
      -0.00715070584186292
    ],
    "knees": [
      0.15408759963073165,
      0.4292505730202732,
      0.02196620083517535
    ],
    "ankles": [
      -0.2847239458077028,
      0.33624519374339457,
      -0.004454909161693374
    ]
  },
  "angles": {
    "knee": 108.37593462795496,
    "hip": 28.98194154522232,
    "shoulder": 52.41688816913069
  },
  "analysis_scores": {
    "alignment": 1.0,
    "balance": 0.9497425381721636,
    "form": 0.9358750000486105,
    "stability": 0.8045015873049917,
    "coordination": 0.8749974430054019,
    "precision": 0.6029828391970383,
    "power": 0.6170885230632873,
    "efficiency": 0.6237582154884974,
    "safety": 0.6445603267034185,
    "overall": 0.7845737751788278,
    "shoulder": 0.9064646749882945,
    "elbow": 0.6516589128207836,
    "wrist": 0.6109732772045914,
    "hip": 0.6043158848584597,
    "knee": 0.8285280364160426,
    "ankle": 0.8609394208584908,
    "back": 0.6540532348532367,
    "neck": 0.9092273177914698
  },
  "recommendations": {
    "form": "Focus on maintaining proper joint angles during movement",
    "alignment": "Good alignment, maintain current technique",
    "stability": "Good stability, continue with current technique",
    "power": "Good power output, maintain current intensity"
  },
  "safety_considerations": []
}