{
  "power_generation": {
    "explosiveness": 0.7797835759800242,
    "force_transfer": 0.7395968455771813,
    "efficiency": 0.8074909333102847
  },
  "technical_metrics": {
    "precision": 0.5789171828412489,
    "consistency": 0.9867382124573231,
    "fluidity": 0.707965417620864
  },
  "biomechanical_metrics": {
    "joint_loading": 0.500664578245873,
    "muscle_activation": 0.8263645581179796,
    "energy_efficiency": 0.9636195742195546
  }
}