{
  "key_points": {
    "shoulders": [
      0.043723613011870915,
      0.5126320041961991,
      0.08303404245178106
    ],
    "elbows": [
      0.13172805711502583,
      0.41020034468648775,
      0.03676206272754268
    ],
    "wrists": [
      -0.20582716688413286,
      0.3006298161334831,
      0.0002926113269558217
    ],
    "hips": [
      0.07046404750322888,
      0.3101217915374137,
      0.09464339180118181
    ],
    "knees": [
      0.1734321483772806,
      0.3002788874929484,
      -0.08849119697479522
    ],
    "ankles": [
      0.17950698472984217,
      0.10483245512385282,
      0.09816247667873093
    ]
  },
  "angles": {
    "knee": 61.357534291449525,
    "hip": 62.43605894986646,
    "shoulder": 43.317601562871225,
    "elbow": 141.98703222143442
  },
  "analysis_scores": {
    "alignment": 0.9743006412867725,
    "balance": 0.6197008646655221,
    "form": 0.6397308050465257,
    "stability": 0.8121738382127137,
    "coordination": 0.7542167806531941,
    "precision": 0.6445892147342421,
    "power": 0.7474252604496704,
    "efficiency": 0.67298356134667,
    "safety": 0.8490954200046976,
    "overall": 0.650196274418491,
    "shoulder": 0.7201901270304693,
    "elbow": 0.6741169726283623,
    "wrist": 0.8434077639164758,
    "hip": 0.8345195868294942,
    "knee": 0.9568743737923637,
    "ankle": 0.7164545942834699,
    "back": 0.9204314316533954,
    "neck": 0.8141313786645077
  },
  "recommendations": {
    "form": "Good form, continue practicing with current technique",
    "alignment": "Work on maintaining symmetrical movement patterns",
    "stability": "Focus on maintaining proper posture and balance",
    "power": "Consider increasing intensity gradually"
  },
  "safety_considerations": []
}