{
  "power_generation": {
    "explosiveness": 0.5850973802174186,
    "force_transfer": 0.6461185468005165,
    "efficiency": 0.7756257883780542
  },
  "technical_metrics": {
    "precision": 0.7436578355241459,
    "consistency": 0.6851326166738291,
    "fluidity": 0.9281887331708956
  },
  "biomechanical_metrics": {
    "joint_loading": 0.8308257618072872,
    "muscle_activation": 0.5152327973050639,
    "energy_efficiency": 0.9254272449025723
  }
}