{
  "key_points": {
    "shoulders": [
      0.1353236458156165,
      0.5738734029266894,
      0.069834233907478
    ],
    "elbows": [
      0.09999195911022035,
      0.42458742889218615,
      0.048044969530762066
    ],
    "wrists": [
      0.2652230025975104,
      0.36737771633343913,
      -0.022534173073682662
    ],
    "hips": [
      -0.08876169294771429,
      0.32360642275251766,
      -0.023366563576745977
    ],
    "knees": [
      0.10101557046288157,
      0.21768421016680917,
      -0.03043357904807964
    ],
    "ankles": [
      -0.276854836940378,
      0.28420146576375926,
      0.020022635153055066
    ]
  },
  "angles": {
    "knee": 45.82903195580633,
    "hip": 40.31883875668067,
    "shoulder": 68.19791402011198,
    "elbow": 138.6907916021777
  },
  "analysis_scores": {
    "alignment": 0.9587069445965163,
    "balance": 0.9631157747359093,
    "form": 0.7118617260920925,
    "stability": 0.7623424962862175,
    "coordination": 0.6417035768274436,
    "precision": 0.6610148743216676,
    "power": 0.9036822080754235,
    "efficiency": 0.8890684231553319,
    "safety": 0.808312310097,
    "overall": 0.740678289586313,
    "shoulder": 0.9500576289971943,
    "elbow": 0.8838702825828135,
    "wrist": 0.8710805247489894,
    "hip": 0.98709900440093,
    "knee": 0.6593526142974816,
    "ankle": 0.8331169489767201,
    "back": 0.9824810563337631,
    "neck": 0.905222827549084
  },
  "recommendations": {
    "form": "Good form, continue practicing with current technique",
    "alignment": "Good alignment, maintain current technique",
    "stability": "Good stability, continue with current technique",
    "power": "Good power output, maintain current intensity"
  },
  "safety_considerations": []
}