{
  "power_generation": {
    "explosiveness": 0.6059895195254719,
    "force_transfer": 0.9660942604800207,
    "efficiency": 0.5640040791326406
  },
  "technical_metrics": {
    "precision": 0.5855116301042071,
    "consistency": 0.6114696382270385,
    "fluidity": 0.6766648958078667
  },
  "biomechanical_metrics": {
    "joint_loading": 0.7107459392745921,
    "muscle_activation": 0.8712900192841725,
    "energy_efficiency": 0.7806461506401267
  }
}