{
  "key_points": {
    "shoulders": [
      0.0010044252477472981,
      0.5538735928300924,
      -0.04782525858071134
    ],
    "elbows": [
      -0.1619007787332214,
      0.5992400770528756,
      0.08430935667752223
    ],
    "wrists": [
      -0.2314168464021522,
      0.32735455149793047,
      -0.09624551460287603
    ],
    "hips": [
      -0.17851533909710116,
      0.4233244112540184,
      0.08308644180991417
    ],
    "knees": [
      0.04370271955423566,
      0.37643989640982584,
      0.07313463032360754
    ],
    "ankles": [
      0.16648538915018551,
      0.23543639531483002,
      0.09248688097615895
    ]
  },
  "angles": {
    "knee": 105.68311638656823,
    "hip": 156.69173820426929,
    "shoulder": 44.02316890080352,
    "elbow": 62.863986846323684
  },
  "analysis_scores": {
    "alignment": 0.6933971367972044,
    "balance": 0.8730196553575662,
    "form": 0.7474537878112586,
    "stability": 0.9438807766882209,
    "coordination": 0.8622221686756562,
    "precision": 0.6628437865129697,
    "power": 0.77035009305833,
    "efficiency": 0.8939453794221137,
    "safety": 0.8511946730035587,
    "overall": 0.7878571336614958,
    "shoulder": 0.8685024574340809,
    "elbow": 0.8896719676983768,
    "wrist": 0.7245183532759126,
    "hip": 0.6289765110419329,
    "knee": 0.7491884985791415,
    "ankle": 0.7166609060692694,
    "back": 0.9200058686299081,
    "neck": 0.9080198592885934
  },
  "recommendations": {
    "form": "Focus on maintaining proper joint angles during movement",
    "alignment": "Good alignment, maintain current technique",
    "stability": "Good stability, continue with current technique",
    "power": "Consider increasing intensity gradually"
  },
  "safety_considerations": []
}