{
  "power_generation": {
    "explosiveness": 0.5075158511061137,
    "force_transfer": 0.8628126412033807,
    "efficiency": 0.7643432991586049
  },
  "technical_metrics": {
    "precision": 0.7125797581385729,
    "consistency": 0.6349108181451202,
    "fluidity": 0.7607128234641987
  },
  "biomechanical_metrics": {
    "joint_loading": 0.5078031290309175,
    "muscle_activation": 0.7346966397657855,
    "energy_efficiency": 0.6716707292680704
  }
}