{
  "key_points": {
    "shoulders": [
      -0.10145255021920847,
      0.5129781462630643,
      -0.004512371901619683
    ],
    "elbows": [
      0.15338420868073016,
      0.5555217980621074,
      -0.004779342486914612
    ],
    "wrists": [
      -0.09921287030911535,
      0.410285633812156,
      0.04335038101360361
    ],
    "hips": [
      -0.13573635660323138,
      0.41640109329775143,
      0.014223241131086334
    ],
    "knees": [
      -0.0916157882355563,
      0.25607571890539954,
      0.05408696161192664
    ],
    "ankles": [
      0.07815979601198358,
      0.24963396916203645,
      -0.05579540781635568
    ]
  },
  "angles": {
    "knee": 85.58337733409996,
    "hip": 128.54320575022916,
    "shoulder": 32.215000954446054,
    "elbow": 138.7330802674461
  },
  "analysis_scores": {
    "alignment": 0.7444763628410125,
    "balance": 0.9335044599996553,
    "form": 0.6800535264493905,
    "stability": 0.7093427282432347,
    "coordination": 0.9125837763612614,
    "precision": 0.8268528519381342,
    "power": 0.7770197557979943,
    "efficiency": 0.8226087559729963,
    "safety": 0.8377263504545253,
    "overall": 0.8036982228552538,
    "shoulder": 0.6435531616004934,
    "elbow": 0.7685231139200309,
    "wrist": 0.862474937409407,
    "hip": 0.7904465865396095,
    "knee": 0.8802896743933935,
    "ankle": 0.9621845602609468,
    "back": 0.8412896482925023,
    "neck": 0.904357703498997
  },
  "recommendations": {
    "form": "Focus on maintaining proper joint angles during movement",
    "alignment": "Good alignment, maintain current technique",
    "stability": "Good stability, continue with current technique",
    "power": "Consider increasing intensity gradually"
  },
  "safety_considerations": [
    "Focus on proper shoulder mechanics for throwing"
  ]
}