{
  "power_generation": {
    "explosiveness": 0.6279763325500427,
    "force_transfer": 0.879862097000242,
    "efficiency": 0.8784247421743879
  },
  "technical_metrics": {
    "precision": 0.925599334861558,
    "consistency": 0.6978118731695211,
    "fluidity": 0.8447921921445991
  },
  "biomechanical_metrics": {
    "joint_loading": 0.5668391945410661,
    "muscle_activation": 0.6362719700379049,
    "energy_efficiency": 0.520330979074936
  }
}