{
  "key_points": {
    "shoulders": [
      -0.08261423354458147,
      0.5469706131716847,
      -0.03731378925484925
    ],
    "elbows": [
      -0.019399448362821814,
      0.5679883810075952,
      -0.08130447850827385
    ],
    "wrists": [
      -0.20194551767146898,
      0.33955856185524014,
      -0.0525728550840457
    ],
    "hips": [
      -0.0613620432123303,
      0.3922881107036531,
      -0.0838361944405629
    ],
    "knees": [
      0.17918047458519687,
      0.30014834179745925,
      -0.030033308184760243
    ],
    "ankles": [
      0.12161623137260646,
      0.10183548289767519,
      -0.03792098969632292
    ]
  },
  "angles": {
    "knee": 149.80050273716068,
    "hip": 76.57248955061242,
    "shoulder": 45.28708592206853,
    "elbow": 144.0724773355865
  },
  "analysis_scores": {
    "alignment": 0.6177141592240903,
    "balance": 0.6204384850084761,
    "form": 0.8820381031939613,
    "stability": 0.6927495503565501,
    "coordination": 0.6844938459182421,
    "precision": 0.7321452407398942,
    "power": 0.9693474248005751,
    "efficiency": 0.6459672549306309,
    "safety": 0.9264136942479323,
    "overall": 0.8355305397894703,
    "shoulder": 0.6832435542179411,
    "elbow": 0.7557418881032423,
    "wrist": 0.9587975196261769,
    "hip": 0.8870169031324469,
    "knee": 0.9243876553336042,
    "ankle": 0.9140831092852245,
    "back": 0.7133384276724831,
    "neck": 0.9045573961759009
  },
  "recommendations": {
    "form": "Good form, continue practicing with current technique",
    "alignment": "Work on maintaining symmetrical movement patterns",
    "stability": "Good stability, continue with current technique",
    "power": "Consider increasing intensity gradually"
  },
  "safety_considerations": []
}