{
  "power_generation": {
    "explosiveness": 0.8239357187020047,
    "force_transfer": 0.5630837350325905,
    "efficiency": 0.9193358641722595
  },
  "technical_metrics": {
    "precision": 0.8540959097986228,
    "consistency": 0.9602717485764365,
    "fluidity": 0.5674810792811519
  },
  "biomechanical_metrics": {
    "joint_loading": 0.730357987732005,
    "muscle_activation": 0.5621240991987756,
    "energy_efficiency": 0.8613737713641645
  }
}