{
  "key_points": {
    "shoulders": [
      -0.11083299550933418,
      0.6455249667559776,
      0.029632639598593496
    ],
    "elbows": [
      0.1908193234065903,
      0.5017937181254273,
      -0.06084857912665403
    ],
    "wrists": [
      -0.2554650400918706,
      0.437444362942251,
      -0.07078231233928706
    ],
    "hips": [
      0.1322534933522272,
      0.37166560196159126,
      0.08346322704182627
    ],
    "knees": [
      0.23953214716537058,
      0.34973307303332396,
      0.07776620240037024
    ],
    "ankles": [
      0.04341208131714003,
      0.1766038418041117,
      -0.0035445186455879407
    ]
  },
  "angles": {
    "knee": 139.19022141404446,
    "hip": 115.6883591678176,
    "shoulder": 29.662371182286098,
    "elbow": 130.66425319927401
  },
  "analysis_scores": {
    "alignment": 0.8194270448220651,
    "balance": 0.968677530252096,
    "form": 0.6275262760641944,
    "stability": 0.8334646797483307,
    "coordination": 0.9414662312500233,
    "precision": 0.9806937529334212,
    "power": 0.9950266966274532,
    "efficiency": 0.6059068401078068,
    "safety": 0.6383040548588937,
    "overall": 0.9638331624182161,
    "shoulder": 0.6089870416538579,
    "elbow": 0.8703625371482113,
    "wrist": 0.9989671097417507,
    "hip": 0.698050909585769,
    "knee": 0.7384834714247185,
    "ankle": 0.6789686213861192,
    "back": 0.8941280889104297,
    "neck": 0.8280930610346147
  },
  "recommendations": {
    "form": "Good form, continue practicing with current technique",
    "alignment": "Good alignment, maintain current technique",
    "stability": "Focus on maintaining proper posture and balance",
    "power": "Good power output, maintain current intensity"
  },
  "safety_considerations": [
    "Ensure proper knee alignment during kicking motion"
  ]
}