{
  "power_generation": {
    "explosiveness": 0.7020704959868642,
    "force_transfer": 0.8296658761743875,
    "efficiency": 0.6522699489620836
  },
  "technical_metrics": {
    "precision": 0.5441166846270598,
    "consistency": 0.9648026784961617,
    "fluidity": 0.6587667984217445
  },
  "biomechanical_metrics": {
    "joint_loading": 0.5920128800966471,
    "muscle_activation": 0.657315812522012,
    "energy_efficiency": 0.6551860166811736
  }
}