{
  "key_points": {
    "shoulders": [
      -0.07436340482693474,
      0.5997984453019226,
      0.0036120292531387904
    ],
    "elbows": [
      0.11331867604452583,
      0.5521935275890822,
      0.04327475531170169
    ],
    "wrists": [
      -0.1309576211320928,
      0.45302880456191574,
      0.011193179860440439
    ],
    "hips": [
      0.07226221816697376,
      0.4917082767840463,
      0.08422961417291988
    ],
    "knees": [
      0.28896919318298825,
      0.22708369694748826,
      0.0010651709700587875
    ],
    "ankles": [
      0.20849639603684755,
      0.16718307857438602,
      -0.062103837256946015
    ]
  },
  "angles": {
    "knee": 84.76784105487476,
    "hip": 58.849430949394275,
    "shoulder": 50.22518381704688,
    "elbow": 118.1028187985602
  },
  "analysis_scores": {
    "alignment": 0.6900239559777007,
    "balance": 0.8714878731630549,
    "form": 0.8829360512647754,
    "stability": 0.8905814043460336,
    "coordination": 0.644747101606947,
    "precision": 0.7555534493392999,
    "power": 0.938305644214996,
    "efficiency": 0.6517289852870267,
    "safety": 0.6549107635587057,
    "overall": 0.6946747717936862,
    "shoulder": 0.8675642979005911,
    "elbow": 0.8138036445767607,
    "wrist": 0.763338592940943,
    "hip": 0.9410580414241778,
    "knee": 0.9959605202102679,
    "ankle": 0.8421079851715298,
    "back": 0.6871793997417459,
    "neck": 0.9486587917340974
  },
  "recommendations": {
    "form": "Focus on maintaining proper joint angles during movement",
    "alignment": "Good alignment, maintain current technique",
    "stability": "Good stability, continue with current technique",
    "power": "Consider increasing intensity gradually"
  },
  "safety_considerations": []
}