{
  "power_generation": {
    "explosiveness": 0.8532635430476475,
    "force_transfer": 0.7455332041672066,
    "efficiency": 0.9610090829374559
  },
  "technical_metrics": {
    "precision": 0.7745814272420125,
    "consistency": 0.5571161406583194,
    "fluidity": 0.6034212043029888
  },
  "biomechanical_metrics": {
    "joint_loading": 0.8724410841694139,
    "muscle_activation": 0.8885622698323852,
    "energy_efficiency": 0.5289180395044725
  }
}