{
  "key_points": {
    "shoulders": [
      -0.0775475048845757,
      0.6377784440692835,
      0.07203825791504093
    ],
    "elbows": [
      0.2579760147039108,
      0.5727054525256411,
      -0.060807393981816074
    ],
    "wrists": [
      0.07879868892150715,
      0.39350325437846145,
      0.040165816172516494
    ],
    "hips": [
      0.01110037168197947,
      0.43305197972628834,
      0.053007382586121726
    ],
    "knees": [
      0.10061692600371763,
      0.38304563087906973,
      0.06852673428770742
    ],
    "ankles": [
      -0.19424742550265775,
      0.19321488578074625,
      0.06586393401496693
    ]
  },
  "angles": {
    "knee": 62.609217975457284,
    "hip": 73.72817822846672,
    "shoulder": 74.56303764686675,
    "elbow": 142.79673793424652
  },
  "analysis_scores": {
    "alignment": 0.8245922955075449,
    "balance": 0.9895472490048894,
    "form": 0.768506687833629,
    "stability": 0.8028098511892421,
    "coordination": 0.9062378244780296,
    "precision": 0.8713710703356441,
    "power": 0.9399873831767361,
    "efficiency": 0.6984361918170494,
    "safety": 0.7192110428689001,
    "overall": 0.6828348207577856,
    "shoulder": 0.6325075127236836,
    "elbow": 0.7463214037554236,
    "wrist": 0.9829731508134663,
    "hip": 0.7907592196239577,
    "knee": 0.8946799098800341,
    "ankle": 0.9082306627374499,
    "back": 0.9967639113525395,
    "neck": 0.8109798570912968
  },
  "recommendations": {
    "form": "Good form, continue practicing with current technique",
    "alignment": "Work on maintaining symmetrical movement patterns",
    "stability": "Good stability, continue with current technique",
    "power": "Good power output, maintain current intensity"
  },
  "safety_considerations": [
    "Focus on proper knee alignment to prevent overuse injuries"
  ]
}