{
  "power_generation": {
    "explosiveness": 0.7281832806121001,
    "force_transfer": 0.7305599452782296,
    "efficiency": 0.7495215820860345
  },
  "technical_metrics": {
    "precision": 0.528527418467153,
    "consistency": 0.7836507041146321,
    "fluidity": 0.9750108490393163
  },
  "biomechanical_metrics": {
    "joint_loading": 0.6304862876823082,
    "muscle_activation": 0.7737264476768945,
    "energy_efficiency": 0.793545627759396
  }
}