{
  "key_points": {
    "shoulders": [
      -0.09507230600626718,
      0.7691889336206087,
      -0.08470413916370388
    ],
    "hips": [
      0.17042311826254064,
      0.44496992766996085,
      -0.03830564142341038
    ],
    "knees": [
      -0.2477017950749555,
      0.4236348536782728,
      0.018039796750110873
    ],
    "ankles": [
      -0.1719809773221213,
      0.2672603287564708,
      0.02917169245534937
    ]
  },
  "angles": {
    "knee": 149.80426472228598,
    "hip": 85.08116929754505,
    "shoulder": 45.503411375969876
  },
  "analysis_scores": {
    "alignment": 1.0,
    "balance": 0.9164638947160433,
    "form": 0.8527519087870651,
    "stability": 0.6873792175084418,
    "coordination": 0.7630712378330528,
    "precision": 0.7939199278298061,
    "power": 0.7499346347946539,
    "efficiency": 0.8777262290311604,
    "safety": 0.7931789932275098,
    "overall": 0.962507408270747,
    "shoulder": 0.6827485027352591,
    "elbow": 0.615727983264902,
    "wrist": 0.7904564314096221,
    "hip": 0.8940124151920706,
    "knee": 0.8708584221526025,
    "ankle": 0.9760028105695799,
    "back": 0.7322973024343153,
    "neck": 0.9445687884780496
  },
  "recommendations": {
    "form": "Good form, continue practicing with current technique",
    "alignment": "Good alignment, maintain current technique",
    "stability": "Good stability, continue with current technique",
    "power": "Good power output, maintain current intensity"
  },
  "safety_considerations": []
}