{
  "power_generation": {
    "explosiveness": 0.6002801601514615,
    "force_transfer": 0.6210566743995241,
    "efficiency": 0.7635674080051967
  },
  "technical_metrics": {
    "precision": 0.5736930957403256,
    "consistency": 0.5939174677961535,
    "fluidity": 0.9418323259048863
  },
  "biomechanical_metrics": {
    "joint_loading": 0.6501301765844607,
    "muscle_activation": 0.7039222361400288,
    "energy_efficiency": 0.7853347617714288
  }
}