{
  "key_points": {
    "shoulders": [
      0.0771318120303432,
      0.5739138047381381,
      0.07276831162007874
    ],
    "elbows": [
      -0.020147859543851454,
      0.5953904436796378,
      0.05619275341743976
    ],
    "wrists": [
      -0.25390055089293173,
      0.4896995451767835,
      0.06409112004318915
    ],
    "hips": [
      0.07083451947420782,
      0.4804203867359774,
      -0.09651159652453756
    ],
    "knees": [
      0.12690561645595977,
      0.3591431972795326,
      0.04507094704922421
    ],
    "ankles": [
      0.01756133773905122,
      0.2831504345680596,
      -0.004681692505470195
    ]
  },
  "angles": {
    "knee": 64.0220386149065,
    "hip": 125.56904213320563,
    "shoulder": 7.086359590409086,
    "elbow": 123.93634434771259
  },
  "analysis_scores": {
    "alignment": 0.7739801363556648,
    "balance": 0.9387763506746363,
    "form": 0.9128654864367305,
    "stability": 0.8037764170659744,
    "coordination": 0.6454249313854798,
    "precision": 0.8448722445379212,
    "power": 0.682671212935405,
    "efficiency": 0.8188673313495095,
    "safety": 0.6439939248259791,
    "overall": 0.7773371531588252,
    "shoulder": 0.9375177533979155,
    "elbow": 0.6786188852830216,
    "wrist": 0.6881674892834092,
    "hip": 0.7674518896624225,
    "knee": 0.927999026403116,
    "ankle": 0.7883192981881826,
    "back": 0.808301052355519,
    "neck": 0.6122433698800454
  },
  "recommendations": {
    "form": "Good form, continue practicing with current technique",
    "alignment": "Work on maintaining symmetrical movement patterns",
    "stability": "Good stability, continue with current technique",
    "power": "Consider increasing intensity gradually"
  },
  "safety_considerations": []
}