{
  "power_generation": {
    "explosiveness": 0.5747679255418756,
    "force_transfer": 0.5619983541119682,
    "efficiency": 0.9700107187629994
  },
  "technical_metrics": {
    "precision": 0.9541764100037542,
    "consistency": 0.8987394919410496,
    "fluidity": 0.5180639928422683
  },
  "biomechanical_metrics": {
    "joint_loading": 0.6005300332712495,
    "muscle_activation": 0.84654490521887,
    "energy_efficiency": 0.5534942837284781
  }
}