{
  "key_points": {
    "shoulders": [
      -0.05563033447600674,
      0.5936629600713315,
      0.021536252099800077
    ],
    "elbows": [
      -0.2709355047041023,
      0.4728772922472083,
      0.09781259567962503
    ],
    "wrists": [
      0.2722876573748899,
      0.3743295498214092,
      0.09065974884815836
    ],
    "hips": [
      -0.005004488248654321,
      0.3210034295274399,
      0.05343323154994792
    ],
    "knees": [
      0.021057889949822772,
      0.3037219350872366,
      0.08527389794896309
    ],
    "ankles": [
      -0.09224740532828213,
      0.1992552833491416,
      0.06588378774770695
    ]
  },
  "angles": {
    "knee": 80.99319094121294,
    "hip": 70.75137794046543,
    "shoulder": 35.80852722483504,
    "elbow": 84.95904459732431
  },
  "analysis_scores": {
    "alignment": 0.7270974809779489,
    "balance": 0.701483476433155,
    "form": 0.7507732548727359,
    "stability": 0.9400333381400532,
    "coordination": 0.627693213550734,
    "precision": 0.8648618863901397,
    "power": 0.8206223552230663,
    "efficiency": 0.7866988340901191,
    "safety": 0.8442585814684885,
    "overall": 0.9266151027440788,
    "shoulder": 0.6464267642648168,
    "elbow": 0.6090560396600916,
    "wrist": 0.6898928444501511,
    "hip": 0.7306975982320223,
    "knee": 0.963787981497072,
    "ankle": 0.6342029670268469,
    "back": 0.7701387394810296,
    "neck": 0.7875199547743449
  },
  "recommendations": {
    "form": "Good form, continue practicing with current technique",
    "alignment": "Good alignment, maintain current technique",
    "stability": "Focus on maintaining proper posture and balance",
    "power": "Good power output, maintain current intensity"
  },
  "safety_considerations": []
}