{
  "power_generation": {
    "explosiveness": 0.8783555551105608,
    "force_transfer": 0.9546917839578806,
    "efficiency": 0.8368424328676797
  },
  "technical_metrics": {
    "precision": 0.7905994241452291,
    "consistency": 0.8666776866255781,
    "fluidity": 0.5231022625582342
  },
  "biomechanical_metrics": {
    "joint_loading": 0.7792519414119778,
    "muscle_activation": 0.5295051751028882,
    "energy_efficiency": 0.5180004763476017
  }
}