{
  "key_points": {
    "shoulders": [
      -0.010065452294044486,
      0.5368129637490329,
      0.0792018982977028
    ],
    "elbows": [
      -0.10462072053740107,
      0.4572502979987871,
      -0.0003089606857126642
    ],
    "wrists": [
      0.09098248594865616,
      0.4368025824257269,
      -0.03820211440598675
    ],
    "hips": [
      0.13589235496228158,
      0.39559581330554144,
      -0.025742496335538184
    ],
    "knees": [
      0.1359859076994382,
      0.20265220297716485,
      0.04535541550388508
    ],
    "ankles": [
      0.04453529396954997,
      0.26704812727295685,
      0.08795389500193138
    ]
  },
  "angles": {
    "knee": 49.995573901433886,
    "hip": 48.88301637033282,
    "shoulder": 57.6151254674245,
    "elbow": 168.1165239100432
  },
  "analysis_scores": {
    "alignment": 0.801550469069277,
    "balance": 0.9257521579162021,
    "form": 0.6818961921265201,
    "stability": 0.627414522330126,
    "coordination": 0.9748822428179532,
    "precision": 0.7078186522062947,
    "power": 0.838834625577431,
    "efficiency": 0.9325862775275131,
    "safety": 0.6668432388980391,
    "overall": 0.7441896716331609,
    "shoulder": 0.667303888221699,
    "elbow": 0.6615603854736377,
    "wrist": 0.8560434455329804,
    "hip": 0.7999838920619795,
    "knee": 0.7225753284370344,
    "ankle": 0.8852709512358594,
    "back": 0.8337755567518808,
    "neck": 0.6565136892642014
  },
  "recommendations": {
    "form": "Good form, continue practicing with current technique",
    "alignment": "Work on maintaining symmetrical movement patterns",
    "stability": "Good stability, continue with current technique",
    "power": "Good power output, maintain current intensity"
  },
  "safety_considerations": [
    "Consider reducing jump height to prevent joint stress",
    "Ensure proper landing technique to prevent knee injuries"
  ]
}