{
  "power_generation": {
    "explosiveness": 0.5610695826717549,
    "force_transfer": 0.77558819846963,
    "efficiency": 0.7249431063897428
  },
  "technical_metrics": {
    "precision": 0.9600352503837943,
    "consistency": 0.9269128051306472,
    "fluidity": 0.9770152544466031
  },
  "biomechanical_metrics": {
    "joint_loading": 0.6034378798659163,
    "muscle_activation": 0.9179187146145411,
    "energy_efficiency": 0.8667187090412325
  }
}