{
  "key_points": {
    "shoulders": [
      0.11674408609663389,
      0.6518986364152275,
      -0.06358689941939938
    ],
    "hips": [
      -0.14860759967500564,
      0.48857163367770096,
      0.06705037640769476
    ],
    "knees": [
      0.054573152654574186,
      0.3392399089620366,
      -0.07647705056921666
    ],
    "ankles": [
      0.0397473689267861,
      0.3318761110296161,
      0.07138663953797264
    ]
  },
  "angles": {
    "knee": 118.66783349522244,
    "hip": 84.08205681807101,
    "shoulder": 50.397179697592286
  },
  "analysis_scores": {
    "alignment": 0.8076136297168376,
    "balance": 0.9734023826887923,
    "form": 0.7378607596846123,
    "stability": 0.9055274661223728,
    "coordination": 0.7148519303474885,
    "precision": 0.8402773055428097,
    "power": 0.9408441697519384,
    "efficiency": 0.9080007200794289,
    "safety": 0.9627426267274501,
    "overall": 0.9576996014278587,
    "shoulder": 0.7769825573984244,
    "elbow": 0.8556963580877235,
    "wrist": 0.7579132781019379,
    "hip": 0.90216106147377,
    "knee": 0.9621431452518032,
    "ankle": 0.7748336753288271,
    "back": 0.9324844487786139,
    "neck": 0.9799331934430079
  },
  "recommendations": {
    "form": "Good form, continue practicing with current technique",
    "alignment": "Good alignment, maintain current technique",
    "stability": "Good stability, continue with current technique",
    "power": "Consider increasing intensity gradually"
  },
  "safety_considerations": []
}