{
  "power_generation": {
    "explosiveness": 0.9741737226863096,
    "force_transfer": 0.9939737423009034,
    "efficiency": 0.5317052582107007
  },
  "technical_metrics": {
    "precision": 0.8822499621216708,
    "consistency": 0.9618581154082341,
    "fluidity": 0.7962023543245957
  },
  "biomechanical_metrics": {
    "joint_loading": 0.6078442332752896,
    "muscle_activation": 0.9156440729613182,
    "energy_efficiency": 0.8919767342814235
  }
}