{
  "key_points": {
    "shoulders": [
      -0.19602750363095672,
      0.5844039571953628,
      -0.006911271636652616
    ],
    "elbows": [
      0.04510763990536465,
      0.48358041224005965,
      -0.018779870748983754
    ],
    "wrists": [
      0.3959490533314094,
      0.307165279194997,
      0.03453771463072755
    ],
    "hips": [
      -0.08676700913767088,
      0.30448726885989746,
      0.011896560233119732
    ],
    "knees": [
      -0.0026691851011891865,
      0.3599500953308118,
      -0.04964137008667183
    ],
    "ankles": [
      0.3125618027313861,
      0.1713411128365874,
      0.023588576724235172
    ]
  },
  "angles": {
    "knee": 86.26109371429861,
    "hip": 75.22426629283578,
    "shoulder": 49.995273551618844,
    "elbow": 128.567976511013
  },
  "analysis_scores": {
    "alignment": 0.8990910438637634,
    "balance": 0.78997370130165,
    "form": 0.7158765460619814,
    "stability": 0.9222922529656211,
    "coordination": 0.9537313744647133,
    "precision": 0.8630292215672404,
    "power": 0.8347284005677266,
    "efficiency": 0.9992462128138322,
    "safety": 0.8469850226512882,
    "overall": 0.9203921370345557,
    "shoulder": 0.9419631614079633,
    "elbow": 0.7542330808713892,
    "wrist": 0.8461346196539695,
    "hip": 0.789437537266358,
    "knee": 0.9949183615259627,
    "ankle": 0.9268906318100293,
    "back": 0.9967946195142481,
    "neck": 0.8108714912557137
  },
  "recommendations": {
    "form": "Focus on maintaining proper joint angles during movement",
    "alignment": "Work on maintaining symmetrical movement patterns",
    "stability": "Good stability, continue with current technique",
    "power": "Good power output, maintain current intensity"
  },
  "safety_considerations": []
}