{
  "power_generation": {
    "explosiveness": 0.7370511917549336,
    "force_transfer": 0.9151390447068949,
    "efficiency": 0.8949041293036627
  },
  "technical_metrics": {
    "precision": 0.8814838308995252,
    "consistency": 0.5133131508554332,
    "fluidity": 0.9601202509003577
  },
  "biomechanical_metrics": {
    "joint_loading": 0.9150004689404221,
    "muscle_activation": 0.8673828847877114,
    "energy_efficiency": 0.7778767946370896
  }
}