{
  "key_points": {
    "shoulders": [
      -0.018405732102471845,
      0.6353218893417241,
      -0.0664524271435861
    ],
    "elbows": [
      0.08145543378174736,
      0.5596404828011409,
      0.024542892478751605
    ],
    "wrists": [
      0.14235397166784647,
      0.3029246472221,
      -0.03204029705633056
    ],
    "hips": [
      0.12152403320607041,
      0.4942068040968215,
      0.07525371379441198
    ],
    "knees": [
      -0.25006909666263766,
      0.24162896928009792,
      -0.03583676023616304
    ],
    "ankles": [
      -0.32078594969134433,
      0.2138605937811356,
      0.06657774249247181
    ]
  },
  "angles": {
    "knee": 75.1194439132027,
    "hip": 89.51378563115681,
    "shoulder": 70.91483648498603,
    "elbow": 154.82628180422242
  },
  "analysis_scores": {
    "alignment": 0.8932508551138023,
    "balance": 0.981453006376027,
    "form": 0.9729919223365376,
    "stability": 0.8586476598647456,
    "coordination": 0.967674140396803,
    "precision": 0.8982855660421607,
    "power": 0.7309504616650695,
    "efficiency": 0.7292742385275254,
    "safety": 0.8562927542501788,
    "overall": 0.8170864403385465,
    "shoulder": 0.8196812887118734,
    "elbow": 0.9218763989498766,
    "wrist": 0.9609361830220555,
    "hip": 0.9167796835543777,
    "knee": 0.924287127081968,
    "ankle": 0.9080506301742078,
    "back": 0.7526934240850891,
    "neck": 0.7054900733487935
  },
  "recommendations": {
    "form": "Good form, continue practicing with current technique",
    "alignment": "Good alignment, maintain current technique",
    "stability": "Good stability, continue with current technique",
    "power": "Good power output, maintain current intensity"
  },
  "safety_considerations": [
    "Focus on maintaining proper back alignment to prevent injury",
    "Maintain proper shoulder mechanics to prevent impingement",
    "Ensure proper wrist positioning to prevent strain"
  ]
}