{
  "power_generation": {
    "explosiveness": 0.6409858008418763,
    "force_transfer": 0.8043109890692277,
    "efficiency": 0.8215404755345166
  },
  "technical_metrics": {
    "precision": 0.8729006626686459,
    "consistency": 0.8519337008577539,
    "fluidity": 0.5898750764963729
  },
  "biomechanical_metrics": {
    "joint_loading": 0.8985747353871056,
    "muscle_activation": 0.6434090873415241,
    "energy_efficiency": 0.5371028042150601
  }
}