{
  "key_points": {
    "shoulders": [
      -0.036055054011987886,
      0.5194589250964515,
      0.057701905888942806
    ],
    "elbows": [
      -0.1321151252381413,
      0.448540316695155,
      0.07787274301379735
    ],
    "wrists": [
      0.008425478322341473,
      0.38375663077571276,
      0.0798497177525743
    ],
    "hips": [
      0.08264466228540712,
      0.4142062643008852,
      -0.03194416168053189
    ],
    "knees": [
      -0.0024475410551665355,
      0.31255013803525766,
      0.08118498229846591
    ],
    "ankles": [
      0.29978274792359627,
      0.1395138125056251,
      -0.05434997018984984
    ]
  },
  "angles": {
    "knee": 74.63543853457686,
    "hip": 141.1352325013131,
    "shoulder": 30.822975341137727,
    "elbow": 118.26399946773785
  },
  "analysis_scores": {
    "alignment": 0.7318707622049044,
    "balance": 0.9404300371377035,
    "form": 0.980681768031769,
    "stability": 0.8901964789623767,
    "coordination": 0.6224480869603674,
    "precision": 0.879121200596406,
    "power": 0.6643034900687237,
    "efficiency": 0.6865854036107107,
    "safety": 0.8808818635199407,
    "overall": 0.7002439226766353,
    "shoulder": 0.994090774350801,
    "elbow": 0.602893268860129,
    "wrist": 0.6397718584938166,
    "hip": 0.9444803246684446,
    "knee": 0.9005990401198951,
    "ankle": 0.6924910612690942,
    "back": 0.9427893151218284,
    "neck": 0.9357077469484177
  },
  "recommendations": {
    "form": "Focus on maintaining proper joint angles during movement",
    "alignment": "Good alignment, maintain current technique",
    "stability": "Good stability, continue with current technique",
    "power": "Good power output, maintain current intensity"
  },
  "safety_considerations": []
}