{
  "power_generation": {
    "explosiveness": 0.7045121937808498,
    "force_transfer": 0.7172057550273767,
    "efficiency": 0.8109994891473951
  },
  "technical_metrics": {
    "precision": 0.7014012202066084,
    "consistency": 0.782007103942246,
    "fluidity": 0.5056829917929315
  },
  "biomechanical_metrics": {
    "joint_loading": 0.5640384435369632,
    "muscle_activation": 0.7854781965111186,
    "energy_efficiency": 0.6916690403668069
  }
}