{
  "key_points": {
    "shoulders": [
      -0.1222658643380104,
      0.5919886725792212,
      -0.04850835018705562
    ],
    "elbows": [
      0.261469915896214,
      0.479538717953343,
      -0.02179103006790359
    ],
    "wrists": [
      0.34366546153634836,
      0.44711009303186994,
      -0.05261163434364655
    ],
    "hips": [
      0.07347162022566384,
      0.42788741297625854,
      -0.009293513268442119
    ],
    "knees": [
      -0.04103069655126834,
      0.3747676338361108,
      0.008491393486990975
    ],
    "ankles": [
      -0.019219184674352352,
      0.26872512073058885,
      0.0006623804896548069
    ]
  },
  "angles": {
    "knee": 64.4048534721199,
    "hip": 76.12869253378669,
    "shoulder": 59.061722168615994,
    "elbow": 81.12812688311867
  },
  "analysis_scores": {
    "alignment": 0.7441386300797836,
    "balance": 0.9214182586952517,
    "form": 0.7791800386720484,
    "stability": 0.7905030719622826,
    "coordination": 0.9536449927218178,
    "precision": 0.7438557095448601,
    "power": 0.921784802456847,
    "efficiency": 0.8484609625742671,
    "safety": 0.9739560323212447,
    "overall": 0.64742602027579,
    "shoulder": 0.9769878025208897,
    "elbow": 0.7468433404959935,
    "wrist": 0.7079846194196562,
    "hip": 0.9955522954349849,
    "knee": 0.7614247170347211,
    "ankle": 0.7017399132961055,
    "back": 0.7203319183484367,
    "neck": 0.6791115937128088
  },
  "recommendations": {
    "form": "Good form, continue practicing with current technique",
    "alignment": "Good alignment, maintain current technique",
    "stability": "Good stability, continue with current technique",
    "power": "Good power output, maintain current intensity"
  },
  "safety_considerations": []
}