{
  "power_generation": {
    "explosiveness": 0.9480480549326518,
    "force_transfer": 0.9487381578180663,
    "efficiency": 0.8992836404569654
  },
  "technical_metrics": {
    "precision": 0.7261298731197632,
    "consistency": 0.5087377888264686,
    "fluidity": 0.8444761698771477
  },
  "biomechanical_metrics": {
    "joint_loading": 0.7883283433797081,
    "muscle_activation": 0.8232312899531341,
    "energy_efficiency": 0.8194139129209264
  }
}