{
  "key_points": {
    "shoulders": [
      -0.0898165603508613,
      0.6251451033574262,
      -0.030799235018576385
    ],
    "elbows": [
      0.1884404691556983,
      0.47554704706033546,
      0.06300149392579915
    ],
    "wrists": [
      -0.08113537194904918,
      0.40336093098048237,
      0.060312760778936686
    ],
    "hips": [
      -0.0417303059923993,
      0.4263974472511234,
      0.0484104873472056
    ],
    "knees": [
      0.08315247747457927,
      0.33188766274960824,
      0.001333430029620275
    ],
    "ankles": [
      0.04250952508968292,
      0.2557936679948717,
      -0.06972363199040583
    ]
  },
  "angles": {
    "knee": 16.579303439521997,
    "hip": 69.50970687564411,
    "shoulder": 44.21858446936238,
    "elbow": 119.05781905613219
  },
  "analysis_scores": {
    "alignment": 0.9571264833052614,
    "balance": 0.7108188841414445,
    "form": 0.6434452170288063,
    "stability": 0.6829387309564786,
    "coordination": 0.7481198130230728,
    "precision": 0.8773360059195914,
    "power": 0.8548997713307573,
    "efficiency": 0.6555337671893826,
    "safety": 0.9878760834976246,
    "overall": 0.7334815271896353,
    "shoulder": 0.9992096931075032,
    "elbow": 0.7281100339693072,
    "wrist": 0.9982866287650438,
    "hip": 0.721843704801214,
    "knee": 0.7223327956024453,
    "ankle": 0.9139748560475474,
    "back": 0.8477550213955016,
    "neck": 0.9923769783540907
  },
  "recommendations": {
    "form": "Focus on maintaining proper joint angles during movement",
    "alignment": "Good alignment, maintain current technique",
    "stability": "Good stability, continue with current technique",
    "power": "Consider increasing intensity gradually"
  },
  "safety_considerations": [
    "Maintain proper hip alignment"
  ]
}