{
  "power_generation": {
    "explosiveness": 0.5729845419113981,
    "force_transfer": 0.806793281311367,
    "efficiency": 0.7428152247830213
  },
  "technical_metrics": {
    "precision": 0.8284112308594993,
    "consistency": 0.9088519529007504,
    "fluidity": 0.8903526649555451
  },
  "biomechanical_metrics": {
    "joint_loading": 0.6581793884457694,
    "muscle_activation": 0.7223843278404078,
    "energy_efficiency": 0.6267843040578904
  }
}