{
  "key_points": {
    "shoulders": [
      0.06472759071451634,
      0.575253295462931,
      -0.025829809523651354
    ],
    "elbows": [
      0.17187837975240083,
      0.40944736589874386,
      0.07532565149838194
    ],
    "wrists": [
      0.12853983023335425,
      0.3624756348999434,
      0.027031904941298507
    ],
    "hips": [
      -0.01217603911425319,
      0.49691638735652827,
      -0.0015535910140279385
    ],
    "knees": [
      -0.03037089776377755,
      0.31652758078578375,
      0.07458503308203829
    ],
    "ankles": [
      0.24986657139335333,
      0.25652872474656774,
      0.08224167449950673
    ]
  },
  "angles": {
    "knee": 41.48450423255746,
    "hip": 115.33456311591837,
    "shoulder": 35.76505496452536,
    "elbow": 44.05006995878814
  },
  "analysis_scores": {
    "alignment": 0.6323180330821231,
    "balance": 0.6984931022065389,
    "form": 0.893282545147124,
    "stability": 0.6063191322681031,
    "coordination": 0.6788765050553566,
    "precision": 0.9941532412115518,
    "power": 0.8925387073513664,
    "efficiency": 0.7445416790735001,
    "safety": 0.7060073585779771,
    "overall": 0.8857979057242759,
    "shoulder": 0.7758498844008713,
    "elbow": 0.9174940963928108,
    "wrist": 0.723964894217216,
    "hip": 0.7694855332967165,
    "knee": 0.7980267779932656,
    "ankle": 0.7695809368072389,
    "back": 0.9008602218721669,
    "neck": 0.615751993188446
  },
  "recommendations": {
    "form": "Good form, continue practicing with current technique",
    "alignment": "Good alignment, maintain current technique",
    "stability": "Good stability, continue with current technique",
    "power": "Consider increasing intensity gradually"
  },
  "safety_considerations": []
}