{
  "power_generation": {
    "explosiveness": 0.7018159948628739,
    "force_transfer": 0.7793849105386885,
    "efficiency": 0.654767909440247
  },
  "technical_metrics": {
    "precision": 0.6482649489454744,
    "consistency": 0.7883104215285328,
    "fluidity": 0.7657960043481453
  },
  "biomechanical_metrics": {
    "joint_loading": 0.6608684551247727,
    "muscle_activation": 0.62024639242322,
    "energy_efficiency": 0.7573173477057408
  }
}