{
  "key_points": {
    "shoulders": [
      -0.10517297596888434,
      0.5778136094941336,
      -0.0037852092255210995
    ],
    "elbows": [
      -0.25905560518646237,
      0.49826338756249927,
      -0.012662981680281016
    ],
    "wrists": [
      -0.3465793013667371,
      0.43557639537108706,
      -0.024283707145950822
    ],
    "hips": [
      -0.1297348641001954,
      0.3775634794065293,
      -0.09851716711382635
    ],
    "knees": [
      -0.1156465670342404,
      0.37402459540812044,
      0.023172808534772243
    ],
    "ankles": [
      0.36465193826592823,
      0.2645115189718962,
      -0.053194842337371664
    ]
  },
  "angles": {
    "knee": 142.45590901609677,
    "hip": 37.648770248501236,
    "shoulder": 62.55643346315673,
    "elbow": 148.90905381961338
  },
  "analysis_scores": {
    "alignment": 0.7822054287444024,
    "balance": 0.7760278473053872,
    "form": 0.8125475282961073,
    "stability": 0.6379120074772338,
    "coordination": 0.7229418376104066,
    "precision": 0.9865739681297001,
    "power": 0.9084500703605097,
    "efficiency": 0.6532453355711398,
    "safety": 0.61582989671517,
    "overall": 0.9899578932732472,
    "shoulder": 0.8936610264412261,
    "elbow": 0.9579156342479314,
    "wrist": 0.7377316213382863,
    "hip": 0.9849195858593566,
    "knee": 0.6384953586572145,
    "ankle": 0.8959454032704557,
    "back": 0.779226971338759,
    "neck": 0.8789454654182685
  },
  "recommendations": {
    "form": "Good form, continue practicing with current technique",
    "alignment": "Good alignment, maintain current technique",
    "stability": "Good stability, continue with current technique",
    "power": "Good power output, maintain current intensity"
  },
  "safety_considerations": [
    "Focus on maintaining proper back alignment to prevent injury"
  ]
}