{
  "power_generation": {
    "explosiveness": 0.7151706680758894,
    "force_transfer": 0.8206580752429002,
    "efficiency": 0.8861486418067666
  },
  "technical_metrics": {
    "precision": 0.9060571006447835,
    "consistency": 0.5282590009999473,
    "fluidity": 0.7101103976585472
  },
  "biomechanical_metrics": {
    "joint_loading": 0.6429246497402423,
    "muscle_activation": 0.7904212798172024,
    "energy_efficiency": 0.8450836604072542
  }
}