{
  "power_generation": {
    "explosiveness": 0.836977112879836,
    "force_transfer": 0.9745911667405813,
    "efficiency": 0.6702684013140541
  },
  "technical_metrics": {
    "precision": 0.6102319145054091,
    "consistency": 0.7481204993195445,
    "fluidity": 0.652358800442212
  },
  "biomechanical_metrics": {
    "joint_loading": 0.6187204507565109,
    "muscle_activation": 0.7858057878228688,
    "energy_efficiency": 0.512736423066321
  }
}