{
  "key_points": {
    "shoulders": [
      -0.1635360182307386,
      0.6916145122545287,
      -0.08969744612259373
    ],
    "elbows": [
      0.1988869270927433,
      0.5330629152927543,
      -0.007033216630753181
    ],
    "wrists": [
      0.10562794367246076,
      0.3118093927070973,
      0.020344059205893814
    ],
    "hips": [
      0.06376915134910172,
      0.3177827529449648,
      -0.08818848860037348
    ],
    "knees": [
      0.15277419442412277,
      0.21611783591890132,
      0.029413889513127817
    ],
    "ankles": [
      0.06514439114815229,
      0.17930802735680768,
      -0.08429150383096068
    ]
  },
  "angles": {
    "knee": 53.071574545012346,
    "hip": 91.0584742936574,
    "shoulder": 15.898958304339242,
    "elbow": 101.1373971967028
  },
  "analysis_scores": {
    "alignment": 0.8053466866316291,
    "balance": 0.981240856660641,
    "form": 0.689811033114419,
    "stability": 0.7494995236381028,
    "coordination": 0.7841482304945443,
    "precision": 0.936614677405884,
    "power": 0.6710298546576287,
    "efficiency": 0.6913508940637858,
    "safety": 0.7029616180238996,
    "overall": 0.8109798184942751,
    "shoulder": 0.8672640705088936,
    "elbow": 0.6314382936786437,
    "wrist": 0.8257637481827255,
    "hip": 0.6619209040184224,
    "knee": 0.8341956001424436,
    "ankle": 0.9730232270754217,
    "back": 0.7062782649444193,
    "neck": 0.81363568042981
  },
  "recommendations": {
    "form": "Good form, continue practicing with current technique",
    "alignment": "Work on maintaining symmetrical movement patterns",
    "stability": "Good stability, continue with current technique",
    "power": "Good power output, maintain current intensity"
  },
  "safety_considerations": [
    "Focus on proper shoulder mechanics to prevent rotator cuff injuries",
    "Ensure proper wrist alignment to prevent sprains"
  ]
}