{
  "power_generation": {
    "explosiveness": 0.5026714867955792,
    "force_transfer": 0.7139245182360089,
    "efficiency": 0.7108392517503843
  },
  "technical_metrics": {
    "precision": 0.7892126763084109,
    "consistency": 0.6739717023933045,
    "fluidity": 0.7329313944242959
  },
  "biomechanical_metrics": {
    "joint_loading": 0.7219842759910808,
    "muscle_activation": 0.5460784137363084,
    "energy_efficiency": 0.7837728914637305
  }
}