{
  "key_points": {
    "shoulders": [
      -0.1986067418338164,
      0.6428542708360436,
      0.06220959682571378
    ],
    "elbows": [
      -0.20503042932366822,
      0.4796896755855443,
      0.07271942275349397
    ],
    "wrists": [
      -0.3981744101835875,
      0.35092819756058125,
      -0.027019178353594603
    ],
    "hips": [
      0.10892042438371596,
      0.42229245490367584,
      0.025835200148019904
    ],
    "knees": [
      0.2355238475812897,
      0.3551349705397484,
      -0.08181883206770152
    ],
    "ankles": [
      -0.25252964039181364,
      0.1371087850476666,
      0.02741125046283055
    ]
  },
  "angles": {
    "knee": 31.157173417050753,
    "hip": 146.21355583820792,
    "shoulder": 44.41236344047609,
    "elbow": 50.954615477570826
  },
  "analysis_scores": {
    "alignment": 0.8227672690333145,
    "balance": 0.8120929265676085,
    "form": 0.6827369080258812,
    "stability": 0.8993068619967546,
    "coordination": 0.6437337263846196,
    "precision": 0.7570289022969244,
    "power": 0.8559984622425656,
    "efficiency": 0.781339504640506,
    "safety": 0.6803195975453175,
    "overall": 0.8108210916485641,
    "shoulder": 0.8423663566903272,
    "elbow": 0.7648186453959173,
    "wrist": 0.8511419969570194,
    "hip": 0.9908908873013114,
    "knee": 0.7382452511480069,
    "ankle": 0.9848112097011891,
    "back": 0.8254156935509354,
    "neck": 0.971469260988977
  },
  "recommendations": {
    "form": "Good form, continue practicing with current technique",
    "alignment": "Good alignment, maintain current technique",
    "stability": "Good stability, continue with current technique",
    "power": "Consider increasing intensity gradually"
  },
  "safety_considerations": []
}