{
  "key_points": {
    "shoulders": [
      0.14228860079618505,
      0.643329231823439,
      -0.02003629377044973
    ],
    "elbows": [
      0.2659306036511038,
      0.40185750725795255,
      0.01720510801676807
    ],
    "wrists": [
      0.16641813718685483,
      0.42273298173008617,
      -0.03355020634634416
    ],
    "hips": [
      0.05406542224616229,
      0.46879620003537786,
      0.04660941894598372
    ],
    "knees": [
      -0.14587622878347412,
      0.2783904669520604,
      -0.08727636754796814
    ],
    "ankles": [
      0.3253427825815416,
      0.161172206131322,
      -0.0485584447246179
    ]
  },
  "angles": {
    "knee": 72.41014359360425,
    "hip": 132.32151258411065,
    "shoulder": 19.916651329481308,
    "elbow": 156.0285508408795
  },
  "analysis_scores": {
    "alignment": 0.8947517946886574,
    "balance": 0.6491574137617767,
    "form": 0.8835171691268424,
    "stability": 0.801808614295791,
    "coordination": 0.7348758380653304,
    "precision": 0.9375095323525757,
    "power": 0.6306399349006534,
    "efficiency": 0.7946967502885111,
    "safety": 0.6953409489755642,
    "overall": 0.8185802497117116,
    "shoulder": 0.8603771861692202,
    "elbow": 0.8534264728899932,
    "wrist": 0.8288190385796783,
    "hip": 0.8062508074196315,
    "knee": 0.8712878890311123,
    "ankle": 0.6427041515794638,
    "back": 0.704216828423691,
    "neck": 0.6936656643714527
  },
  "recommendations": {
    "form": "Good form, continue practicing with current technique",
    "alignment": "Good alignment, maintain current technique",
    "stability": "Good stability, continue with current technique",
    "power": "Consider increasing intensity gradually"
  },
  "safety_considerations": []
}