{
  "power_generation": {
    "explosiveness": 0.8472807393817697,
    "force_transfer": 0.7728007857367181,
    "efficiency": 0.6357273432399965
  },
  "technical_metrics": {
    "precision": 0.6937018168684017,
    "consistency": 0.7595956624463642,
    "fluidity": 0.7031388326890257
  },
  "biomechanical_metrics": {
    "joint_loading": 0.9044004048544629,
    "muscle_activation": 0.5331063742006927,
    "energy_efficiency": 0.9172554515963949
  }
}