{
  "key_points": {
    "shoulders": [
      0.06525274658705094,
      0.6689950007426726,
      -0.012432138956810418
    ],
    "elbows": [
      -0.004475467507721875,
      0.5661279762651967,
      0.03537825467992112
    ],
    "wrists": [
      -0.3383676964623228,
      0.3347109023460659,
      0.0012410929120414832
    ],
    "hips": [
      -0.06780147892074972,
      0.3184901996144699,
      0.0891279984442914
    ],
    "knees": [
      -0.11689644266791327,
      0.3832770324279813,
      -0.06190978193427554
    ],
    "ankles": [
      0.06248525101106078,
      0.1769319143245614,
      -0.014855375292582823
    ]
  },
  "angles": {
    "knee": 57.55807523822775,
    "hip": 42.343307120045765,
    "shoulder": 36.04617445586282,
    "elbow": 124.21159570707454
  },
  "analysis_scores": {
    "alignment": 0.7174016660503966,
    "balance": 0.9873820619957866,
    "form": 0.9725696294761845,
    "stability": 0.7219371982591644,
    "coordination": 0.9665686284013744,
    "precision": 0.798371950664475,
    "power": 0.8183179787195086,
    "efficiency": 0.6191268212017231,
    "safety": 0.8630713619611935,
    "overall": 0.7910327406578609,
    "shoulder": 0.6969292616043694,
    "elbow": 0.7852842834651601,
    "wrist": 0.8414019076127648,
    "hip": 0.894120153327439,
    "knee": 0.8103899346013782,
    "ankle": 0.8774478190839603,
    "back": 0.8614519828487273,
    "neck": 0.6955790108862328
  },
  "recommendations": {
    "form": "Good form, continue practicing with current technique",
    "alignment": "Good alignment, maintain current technique",
    "stability": "Focus on maintaining proper posture and balance",
    "power": "Good power output, maintain current intensity"
  },
  "safety_considerations": [
    "Maintain proper hip rotation"
  ]
}