{
  "power_generation": {
    "explosiveness": 0.8883343432622802,
    "force_transfer": 0.626641528355946,
    "efficiency": 0.7686219073787921
  },
  "technical_metrics": {
    "precision": 0.5634568998923413,
    "consistency": 0.7394019740988349,
    "fluidity": 0.8690651052586212
  },
  "biomechanical_metrics": {
    "joint_loading": 0.8022307554916543,
    "muscle_activation": 0.5930878463904912,
    "energy_efficiency": 0.5373492963821667
  }
}