{
  "key_points": {
    "shoulders": [
      0.15302713015235092,
      0.546093136279031,
      -0.007033063823584013
    ],
    "elbows": [
      -0.22281242668096962,
      0.5170139855193139,
      0.08452140639942993
    ],
    "wrists": [
      -0.17341160300608777,
      0.45061969372264127,
      0.011548217072778338
    ],
    "hips": [
      -0.15406837460124914,
      0.46467739528536656,
      0.040700345814353195
    ],
    "knees": [
      -0.27639192324390566,
      0.39804517584687554,
      -0.01585199409790132
    ],
    "ankles": [
      0.10058657265756488,
      0.14601154797212615,
      -0.023568864281167806
    ]
  },
  "angles": {
    "knee": 130.4057066371992,
    "hip": 93.39308381417987,
    "shoulder": 22.054169806626398,
    "elbow": 83.18501642548215
  },
  "analysis_scores": {
    "alignment": 0.7622605512606762,
    "balance": 0.7873369032887205,
    "form": 0.613514042764536,
    "stability": 0.9225963004417632,
    "coordination": 0.6657571472402641,
    "precision": 0.7405895593677488,
    "power": 0.8051186698931558,
    "efficiency": 0.766578860103907,
    "safety": 0.769866355396609,
    "overall": 0.9375002970812099,
    "shoulder": 0.9612805538275941,
    "elbow": 0.8074073360366865,
    "wrist": 0.9852241639716691,
    "hip": 0.9666396117006676,
    "knee": 0.6075691780661435,
    "ankle": 0.8735867514035659,
    "back": 0.7205693689163313,
    "neck": 0.9397826069896245
  },
  "recommendations": {
    "form": "Good form, continue practicing with current technique",
    "alignment": "Good alignment, maintain current technique",
    "stability": "Focus on maintaining proper posture and balance",
    "power": "Consider increasing intensity gradually"
  },
  "safety_considerations": [
    "Maintain proper elbow alignment",
    "Ensure proper wrist positioning"
  ]
}