{
  "power_generation": {
    "explosiveness": 0.792879821394735,
    "force_transfer": 0.7880685700946279,
    "efficiency": 0.5367671792911493
  },
  "technical_metrics": {
    "precision": 0.6773770029291315,
    "consistency": 0.6662448722172734,
    "fluidity": 0.8028659608778288
  },
  "biomechanical_metrics": {
    "joint_loading": 0.7980021576418161,
    "muscle_activation": 0.8221163826188468,
    "energy_efficiency": 0.988827545919567
  }
}