{
  "key_points": {
    "shoulders": [
      0.17398925637610652,
      0.6944454217022548,
      0.08136029326885386
    ],
    "elbows": [
      0.09030932797679525,
      0.4724527275817236,
      -0.04268715627634359
    ],
    "wrists": [
      0.25203088640088134,
      0.40485071831952946,
      -0.08693708816856041
    ],
    "hips": [
      -0.013196647661582295,
      0.4359696402340494,
      0.07991644710847845
    ],
    "knees": [
      -0.07785273223801539,
      0.3724179443743862,
      0.038200096626906044
    ],
    "ankles": [
      0.040855713213931444,
      0.24314791618395853,
      -0.07896456826014633
    ]
  },
  "angles": {
    "knee": 95.47791921529735,
    "hip": 141.17135912499532,
    "shoulder": 28.652716999661727,
    "elbow": 76.99204211315569
  },
  "analysis_scores": {
    "alignment": 0.7166680948136062,
    "balance": 0.7164279672230551,
    "form": 0.8357326921488921,
    "stability": 0.7649111180793844,
    "coordination": 0.7940298982202564,
    "precision": 0.8916976533994645,
    "power": 0.7701082669299207,
    "efficiency": 0.8953780904608855,
    "safety": 0.884294441473698,
    "overall": 0.6252402623514054,
    "shoulder": 0.9720867138073066,
    "elbow": 0.6557837257968644,
    "wrist": 0.7584086928288413,
    "hip": 0.6057584344518914,
    "knee": 0.8180785511969784,
    "ankle": 0.8613541896773764,
    "back": 0.874614172272347,
    "neck": 0.8003240968454803
  },
  "recommendations": {
    "form": "Good form, continue practicing with current technique",
    "alignment": "Good alignment, maintain current technique",
    "stability": "Good stability, continue with current technique",
    "power": "Good power output, maintain current intensity"
  },
  "safety_considerations": []
}