{
  "power_generation": {
    "explosiveness": 0.9089214470312421,
    "force_transfer": 0.8620663819702366,
    "efficiency": 0.9291336362350692
  },
  "technical_metrics": {
    "precision": 0.6918557839331121,
    "consistency": 0.5798413935482558,
    "fluidity": 0.8220473551608252
  },
  "biomechanical_metrics": {
    "joint_loading": 0.5245408400808133,
    "muscle_activation": 0.9750370902699554,
    "energy_efficiency": 0.5479987258258967
  }
}