{
  "key_points": {
    "shoulders": [
      0.02047527562593915,
      0.5154481941969604,
      0.034302317665685866
    ],
    "elbows": [
      -0.016402114649134103,
      0.5095414497956118,
      0.0779210195352456
    ],
    "wrists": [
      -0.16268419280866286,
      0.35383327338050297,
      -0.03313645506446765
    ],
    "hips": [
      0.005732663775663449,
      0.41312077703311245,
      0.0671543372592725
    ],
    "knees": [
      0.01360115842313192,
      0.2108384334945523,
      0.050463077043962995
    ],
    "ankles": [
      0.022757365513117134,
      0.2499810206054406,
      0.03465667028013833
    ]
  },
  "angles": {
    "knee": 137.42765271387685,
    "hip": 118.21263169926631,
    "shoulder": 22.6784368138813,
    "elbow": 104.20408084689954
  },
  "analysis_scores": {
    "alignment": 0.6738986827963666,
    "balance": 0.6877197359081479,
    "form": 0.6282148446893814,
    "stability": 0.635355728530631,
    "coordination": 0.8130727292930525,
    "precision": 0.9992833751353869,
    "power": 0.8605926200312881,
    "efficiency": 0.8142154053151713,
    "safety": 0.6020301662013622,
    "overall": 0.6588883193905003,
    "shoulder": 0.9121094610077239,
    "elbow": 0.7906326729080575,
    "wrist": 0.8719193507836532,
    "hip": 0.6382826033730208,
    "knee": 0.8579255675769732,
    "ankle": 0.9822757941033791,
    "back": 0.6578471436297404,
    "neck": 0.9310135052261636
  },
  "recommendations": {
    "form": "Good form, continue practicing with current technique",
    "alignment": "Work on maintaining symmetrical movement patterns",
    "stability": "Good stability, continue with current technique",
    "power": "Good power output, maintain current intensity"
  },
  "safety_considerations": []
}