{
  "power_generation": {
    "explosiveness": 0.9209684695404011,
    "force_transfer": 0.6561507641389472,
    "efficiency": 0.7828483159065045
  },
  "technical_metrics": {
    "precision": 0.7987513041487403,
    "consistency": 0.6299385635555615,
    "fluidity": 0.5560002291947035
  },
  "biomechanical_metrics": {
    "joint_loading": 0.5371262803312267,
    "muscle_activation": 0.7634880674753478,
    "energy_efficiency": 0.782385383293021
  }
}