{
  "key_points": {
    "shoulders": [
      0.17652947457988027,
      0.5829417973013211,
      -0.069249486403758
    ],
    "elbows": [
      -0.11750743620887152,
      0.5961221369023365,
      0.07848607901167806
    ],
    "wrists": [
      0.2438937833714221,
      0.4382327656596712,
      -0.007675895455340087
    ],
    "hips": [
      -0.0052789745190787996,
      0.47854745673759386,
      0.04222226838687054
    ],
    "knees": [
      0.22987044801850592,
      0.3898934181504054,
      0.0181040104572259
    ],
    "ankles": [
      0.005743770276715299,
      0.2794755662735775,
      0.034104580999774176
    ]
  },
  "angles": {
    "knee": 67.50838338948729,
    "hip": 137.924825020122,
    "shoulder": 42.45567265827642,
    "elbow": 122.13377044670949
  },
  "analysis_scores": {
    "alignment": 0.6914450065444201,
    "balance": 0.6342437733277089,
    "form": 0.9116134358918656,
    "stability": 0.8461562214851475,
    "coordination": 0.6891711659405023,
    "precision": 0.872211843242185,
    "power": 0.9482248163437289,
    "efficiency": 0.6797555070961487,
    "safety": 0.894716757953812,
    "overall": 0.8827549778977704,
    "shoulder": 0.7621666543904456,
    "elbow": 0.9003312336420053,
    "wrist": 0.8493000639368258,
    "hip": 0.7511971010815444,
    "knee": 0.638267523725411,
    "ankle": 0.7092396812066231,
    "back": 0.7629353699312997,
    "neck": 0.8020981182484649
  },
  "recommendations": {
    "form": "Good form, continue practicing with current technique",
    "alignment": "Work on maintaining symmetrical movement patterns",
    "stability": "Good stability, continue with current technique",
    "power": "Good power output, maintain current intensity"
  },
  "safety_considerations": []
}