{
  "power_generation": {
    "explosiveness": 0.9933009229073082,
    "force_transfer": 0.7708152562440571,
    "efficiency": 0.7672994462050382
  },
  "technical_metrics": {
    "precision": 0.9478598972215713,
    "consistency": 0.6590567420439535,
    "fluidity": 0.74263998307687
  },
  "biomechanical_metrics": {
    "joint_loading": 0.8303689376712262,
    "muscle_activation": 0.5960242231578847,
    "energy_efficiency": 0.5284370554005133
  }
}