{
  "key_points": {
    "shoulders": [
      0.13245132601824328,
      0.5733617610547239,
      0.03795333536853229
    ],
    "elbows": [
      -0.24557704185043616,
      0.4627070805470563,
      -0.05949467512137385
    ],
    "wrists": [
      -0.058392523311898425,
      0.4581614353056717,
      0.012418868983220824
    ],
    "hips": [
      0.0029475556821957627,
      0.36688354429679043,
      0.02881441800942261
    ],
    "knees": [
      0.17016538064401693,
      0.28845642703693075,
      0.08656222682661185
    ],
    "ankles": [
      -0.07840157154407013,
      0.1771762775668414,
      -0.024346593298825644
    ]
  },
  "angles": {
    "knee": 92.80681278517646,
    "hip": 173.64871579666215,
    "shoulder": 20.163294098472708,
    "elbow": 117.50975360268335
  },
  "analysis_scores": {
    "alignment": 0.6548683828902401,
    "balance": 0.7773200287893112,
    "form": 0.8682239140114877,
    "stability": 0.9882932695995548,
    "coordination": 0.6356682005345468,
    "precision": 0.6238273433767692,
    "power": 0.9648534851208699,
    "efficiency": 0.7875645430353551,
    "safety": 0.6521078797221805,
    "overall": 0.8701920082180141,
    "shoulder": 0.6239002516574946,
    "elbow": 0.6303386564010031,
    "wrist": 0.6784679238963628,
    "hip": 0.9862664085770185,
    "knee": 0.7820819695853056,
    "ankle": 0.9449912048461491,
    "back": 0.9509634250782529,
    "neck": 0.819715008222061
  },
  "recommendations": {
    "form": "Focus on maintaining proper joint angles during movement",
    "alignment": "Good alignment, maintain current technique",
    "stability": "Good stability, continue with current technique",
    "power": "Good power output, maintain current intensity"
  },
  "safety_considerations": []
}