{
  "power_generation": {
    "explosiveness": 0.762999526799792,
    "force_transfer": 0.6594318186071584,
    "efficiency": 0.9601917003617161
  },
  "technical_metrics": {
    "precision": 0.9119988753872015,
    "consistency": 0.9554106176127509,
    "fluidity": 0.7772563435905674
  },
  "biomechanical_metrics": {
    "joint_loading": 0.9703746211176889,
    "muscle_activation": 0.6227547461463258,
    "energy_efficiency": 0.711606432141453
  }
}