{
  "key_points": {
    "shoulders": [
      0.11452843627431786,
      0.6233413478833802,
      0.08690852788829564
    ],
    "elbows": [
      -0.16764499639593863,
      0.5906557609989189,
      -0.03514423557495831
    ],
    "wrists": [
      -0.3737050085311593,
      0.3106294277557619,
      -0.03162746878843173
    ],
    "hips": [
      -0.06118201130246287,
      0.40992138572094267,
      -0.011275325088458674
    ],
    "knees": [
      0.1652527911339804,
      0.23502751806178424,
      -0.05146071113846429
    ],
    "ankles": [
      0.013976615571748563,
      0.11931428033368299,
      -0.0009009196265640229
    ]
  },
  "angles": {
    "knee": 74.20884675857305,
    "hip": 71.90841422866241,
    "shoulder": 65.96182676074574,
    "elbow": 171.7097812267495
  },
  "analysis_scores": {
    "alignment": 0.916514818118761,
    "balance": 0.6417842937809194,
    "form": 0.7714639618826147,
    "stability": 0.6331216913707846,
    "coordination": 0.6441627591309281,
    "precision": 0.9634347313369582,
    "power": 0.9916629206181692,
    "efficiency": 0.7431747939279492,
    "safety": 0.6310361396252272,
    "overall": 0.8880374969436831,
    "shoulder": 0.9247052932684314,
    "elbow": 0.6533734974962166,
    "wrist": 0.889176095146521,
    "hip": 0.8725441954625535,
    "knee": 0.7068394027842742,
    "ankle": 0.741610335295527,
    "back": 0.7898461246917882,
    "neck": 0.9440255143054738
  },
  "recommendations": {
    "form": "Focus on maintaining proper joint angles during movement",
    "alignment": "Good alignment, maintain current technique",
    "stability": "Good stability, continue with current technique",
    "power": "Consider increasing intensity gradually"
  },
  "safety_considerations": []
}