{
  "power_generation": {
    "explosiveness": 0.8497905785622328,
    "force_transfer": 0.884397595588108,
    "efficiency": 0.6122709052828801
  },
  "technical_metrics": {
    "precision": 0.7320416950315212,
    "consistency": 0.763001775059962,
    "fluidity": 0.5930544551475931
  },
  "biomechanical_metrics": {
    "joint_loading": 0.7925723645995144,
    "muscle_activation": 0.5146617817402614,
    "energy_efficiency": 0.9511638153870697
  }
}