{
  "key_points": {
    "shoulders": [
      -0.13683904500302424,
      0.5679822146232951,
      -0.03300628961267815
    ],
    "elbows": [
      0.14825965919762513,
      0.5422812245545804,
      -0.004405609304284935
    ],
    "wrists": [
      0.045819771162985135,
      0.48886254101727844,
      -0.06833521433244746
    ],
    "hips": [
      -0.002901338419356081,
      0.48082360678925745,
      0.048406089704228855
    ],
    "knees": [
      -0.18049257041273908,
      0.25154068644395433,
      0.04317641254218113
    ],
    "ankles": [
      -0.03679640962534919,
      0.26909114106707843,
      -0.09340732969309949
    ]
  },
  "angles": {
    "knee": 16.932344039035268,
    "hip": 135.9491109229689,
    "shoulder": 23.13526251417639,
    "elbow": 111.24112516160541
  },
  "analysis_scores": {
    "alignment": 0.6350409480049647,
    "balance": 0.7872427487447341,
    "form": 0.9414892326458328,
    "stability": 0.9060920043162266,
    "coordination": 0.9324058451260095,
    "precision": 0.9371299922043168,
    "power": 0.8228036552483835,
    "efficiency": 0.912612931001214,
    "safety": 0.7717672083154419,
    "overall": 0.757844116157132,
    "shoulder": 0.9774578515588597,
    "elbow": 0.9969557322004609,
    "wrist": 0.6704614949255234,
    "hip": 0.7499634883787922,
    "knee": 0.6295591022524077,
    "ankle": 0.6296502027082891,
    "back": 0.833479977272028,
    "neck": 0.9424394106311882
  },
  "recommendations": {
    "form": "Focus on maintaining proper joint angles during movement",
    "alignment": "Work on maintaining symmetrical movement patterns",
    "stability": "Focus on maintaining proper posture and balance",
    "power": "Consider increasing intensity gradually"
  },
  "safety_considerations": [
    "Ensure proper wrist alignment to prevent sprains"
  ]
}