{
  "key_points": {
    "shoulders": [
      0.12115443326763531,
      0.5284831521037745,
      -0.09016256684406894
    ],
    "elbows": [
      0.20432485849660026,
      0.47662049247296784,
      -0.036981382165464524
    ],
    "wrists": [
      0.04024360465240839,
      0.46022680186377124,
      -0.013756240657022328
    ],
    "hips": [
      0.05648821316269059,
      0.4108300343959068,
      -0.05259622776121915
    ],
    "knees": [
      0.20120314511733656,
      0.34021190488595565,
      0.0843166503471093
    ],
    "ankles": [
      -0.37458871226892054,
      0.19722360343195483,
      -0.09566620453549696
    ]
  },
  "angles": {
    "knee": 112.27486481465694,
    "hip": 49.51056925417683,
    "shoulder": 34.964084028603,
    "elbow": 42.076807817605754
  },
  "analysis_scores": {
    "alignment": 0.7117988389497125,
    "balance": 0.8089799145731456,
    "form": 0.7762582800018756,
    "stability": 0.8618222814346418,
    "coordination": 0.7363475367966688,
    "precision": 0.6676237241145767,
    "power": 0.7869165473231148,
    "efficiency": 0.6701637027247778,
    "safety": 0.9928004068395173,
    "overall": 0.9921785086999966,
    "shoulder": 0.935448734739606,
    "elbow": 0.8379798193500194,
    "wrist": 0.988992301772438,
    "hip": 0.7121389538497191,
    "knee": 0.6731733865808875,
    "ankle": 0.923407602145478,
    "back": 0.7466832472483802,
    "neck": 0.6064448805739698
  },
  "recommendations": {
    "form": "Good form, continue practicing with current technique",
    "alignment": "Good alignment, maintain current technique",
    "stability": "Good stability, continue with current technique",
    "power": "Good power output, maintain current intensity"
  },
  "safety_considerations": [
    "Ensure proper wrist positioning"
  ]
}