{
  "power_generation": {
    "explosiveness": 0.9422072140579958,
    "force_transfer": 0.7315949074446093,
    "efficiency": 0.6818864311921569
  },
  "technical_metrics": {
    "precision": 0.5193918205216452,
    "consistency": 0.9429638700182732,
    "fluidity": 0.6734942435397593
  },
  "biomechanical_metrics": {
    "joint_loading": 0.5038515324931339,
    "muscle_activation": 0.9900115641149037,
    "energy_efficiency": 0.9907146349070564
  }
}