{
  "key_points": {
    "shoulders": [
      0.03333844375993866,
      0.6408138714627164,
      -0.06299422785414684
    ],
    "elbows": [
      -0.15955244542485808,
      0.5706103938165241,
      -0.010421360037004085
    ],
    "wrists": [
      -0.15063879701589178,
      0.3777954091234946,
      -0.07692990117450203
    ],
    "hips": [
      -0.15438512082260167,
      0.39192471297923787,
      -0.04756012044793843
    ],
    "knees": [
      -0.022432475116919037,
      0.3652685176592175,
      -0.07773152110101877
    ],
    "ankles": [
      0.29012803481871974,
      0.29335604479121313,
      -0.044502721583120367
    ]
  },
  "angles": {
    "knee": 54.23993133234809,
    "hip": 148.11419398007635,
    "shoulder": 26.45262992852416,
    "elbow": 40.39278637744129
  },
  "analysis_scores": {
    "alignment": 0.8611829122117621,
    "balance": 0.8100564535223492,
    "form": 0.9341262110140539,
    "stability": 0.6097893308737811,
    "coordination": 0.7500842639730195,
    "precision": 0.8425212605577367,
    "power": 0.7023832611521628,
    "efficiency": 0.740783065742507,
    "safety": 0.8816451924750573,
    "overall": 0.7475909081810765,
    "shoulder": 0.9506889670690152,
    "elbow": 0.7841983262756157,
    "wrist": 0.6712463855358509,
    "hip": 0.7720779965168401,
    "knee": 0.8740642884529171,
    "ankle": 0.9828728839274121,
    "back": 0.9985843635924777,
    "neck": 0.8874701515860759
  },
  "recommendations": {
    "form": "Good form, continue practicing with current technique",
    "alignment": "Good alignment, maintain current technique",
    "stability": "Good stability, continue with current technique",
    "power": "Consider increasing intensity gradually"
  },
  "safety_considerations": []
}