{
  "power_generation": {
    "explosiveness": 0.679596843640069,
    "force_transfer": 0.9047428569553337,
    "efficiency": 0.7100723263994599
  },
  "technical_metrics": {
    "precision": 0.9069980446707174,
    "consistency": 0.7254900060436494,
    "fluidity": 0.9398328185274708
  },
  "biomechanical_metrics": {
    "joint_loading": 0.806111062169486,
    "muscle_activation": 0.9118970795344391,
    "energy_efficiency": 0.5410940567278306
  }
}