{
  "key_points": {
    "shoulders": [
      0.09435082073510359,
      0.669707577983389,
      0.03894891131126785
    ],
    "elbows": [
      -0.07239279766102918,
      0.5863616393347476,
      -0.07569340627159436
    ],
    "wrists": [
      0.2505454727687134,
      0.46670464256178695,
      -0.07972954669548285
    ],
    "hips": [
      0.03350967845411387,
      0.39269522609051133,
      0.06886750798209668
    ],
    "knees": [
      0.08224840796975202,
      0.3981053610115036,
      -0.041468867548517356
    ],
    "ankles": [
      0.3515700440935532,
      0.29523990539152756,
      -0.007101468328772148
    ]
  },
  "angles": {
    "knee": 93.38100565777955,
    "hip": 109.1006582377371,
    "shoulder": 53.497603655559246,
    "elbow": 108.90422733863291
  },
  "analysis_scores": {
    "alignment": 0.9766790176716392,
    "balance": 0.702493507074662,
    "form": 0.6459965585610726,
    "stability": 0.8071487907332963,
    "coordination": 0.9078778173955129,
    "precision": 0.916065668671274,
    "power": 0.7718531506000752,
    "efficiency": 0.7511846760513564,
    "safety": 0.7883743057183483,
    "overall": 0.952787522676146,
    "shoulder": 0.6871298093614555,
    "elbow": 0.7668833408176475,
    "wrist": 0.9863627202968858,
    "hip": 0.7751838717587572,
    "knee": 0.7666199656672407,
    "ankle": 0.9786576865406336,
    "back": 0.8081167513970215,
    "neck": 0.6496565469819272
  },
  "recommendations": {
    "form": "Good form, continue practicing with current technique",
    "alignment": "Good alignment, maintain current technique",
    "stability": "Good stability, continue with current technique",
    "power": "Good power output, maintain current intensity"
  },
  "safety_considerations": [
    "Work on balance and stability during movement"
  ]
}