{
  "power_generation": {
    "explosiveness": 0.6462221395494085,
    "force_transfer": 0.8987900232823537,
    "efficiency": 0.9210393333264162
  },
  "technical_metrics": {
    "precision": 0.9942611315392864,
    "consistency": 0.9407784412355511,
    "fluidity": 0.5710917404065978
  },
  "biomechanical_metrics": {
    "joint_loading": 0.903209199759977,
    "muscle_activation": 0.7700665746831095,
    "energy_efficiency": 0.8991800219598204
  }
}