{
  "key_points": {
    "shoulders": [
      0.14063988454683451,
      0.5675271452130346,
      -0.07880375651409144
    ],
    "elbows": [
      -0.296519734328038,
      0.4624199327109085,
      -0.09466556346994282
    ],
    "wrists": [
      -0.08923182641495708,
      0.3807015768625832,
      -0.0956851321480182
    ],
    "hips": [
      0.12654134882930218,
      0.42636078549389594,
      -0.09080420259111424
    ],
    "knees": [
      0.1442770766715894,
      0.31729012552737385,
      -0.041828921116237684
    ],
    "ankles": [
      0.06680831072999444,
      0.17803919967397344,
      -0.04460451568519437
    ]
  },
  "angles": {
    "knee": 106.19980361777706,
    "hip": 112.58905770793865,
    "shoulder": 37.35016392761149,
    "elbow": 74.45526319054909
  },
  "analysis_scores": {
    "alignment": 0.7883714863548449,
    "balance": 0.8180083324236775,
    "form": 0.7009443161344908,
    "stability": 0.6131057520060094,
    "coordination": 0.8261946972351643,
    "precision": 0.7621345172191294,
    "power": 0.7852145388419979,
    "efficiency": 0.9519334006864951,
    "safety": 0.9808985381290594,
    "overall": 0.6543688417243924,
    "shoulder": 0.9368668173385908,
    "elbow": 0.7238443052388124,
    "wrist": 0.6438807472911372,
    "hip": 0.8991312941735621,
    "knee": 0.6078950063335665,
    "ankle": 0.9942467912922555,
    "back": 0.7148015673899215,
    "neck": 0.6060616221519567
  },
  "recommendations": {
    "form": "Good form, continue practicing with current technique",
    "alignment": "Good alignment, maintain current technique",
    "stability": "Good stability, continue with current technique",
    "power": "Good power output, maintain current intensity"
  },
  "safety_considerations": [
    "Focus on proper shoulder positioning to prevent impingement"
  ]
}