{
  "power_generation": {
    "explosiveness": 0.8934759659612859,
    "force_transfer": 0.8098592648349877,
    "efficiency": 0.6986716095027494
  },
  "technical_metrics": {
    "precision": 0.6236016694609148,
    "consistency": 0.6512285983004926,
    "fluidity": 0.7165251192768063
  },
  "biomechanical_metrics": {
    "joint_loading": 0.9785277383956675,
    "muscle_activation": 0.7856694071124898,
    "energy_efficiency": 0.9157649828630507
  }
}