{
  "key_points": {
    "shoulders": [
      0.14831176779900834,
      0.6188253056540073,
      -0.06425486745179615
    ],
    "elbows": [
      -0.10991929587228322,
      0.42742995735740136,
      -0.07155789201605844
    ],
    "wrists": [
      0.389331973956754,
      0.4574319512862494,
      0.007050300451595423
    ],
    "hips": [
      -0.075926811861632,
      0.42648476179344974,
      0.0844661649184438
    ],
    "knees": [
      -0.0803089831864923,
      0.30557192400209054,
      -0.021319743526234752
    ],
    "ankles": [
      0.25750663465661017,
      0.27262092932849574,
      -0.09465589081281962
    ]
  },
  "angles": {
    "knee": 45.954386225968506,
    "hip": 110.26040166811488,
    "shoulder": 33.534868330218636,
    "elbow": 119.26851952309922
  },
  "analysis_scores": {
    "alignment": 0.9628148786507778,
    "balance": 0.6838784572600679,
    "form": 0.7963112394989817,
    "stability": 0.9218191612585238,
    "coordination": 0.7698822489975913,
    "precision": 0.7413847207362783,
    "power": 0.7364547159155054,
    "efficiency": 0.6409050767016587,
    "safety": 0.8719444020054965,
    "overall": 0.9956742630431796,
    "shoulder": 0.785120965672953,
    "elbow": 0.7829926443143934,
    "wrist": 0.9704543299747778,
    "hip": 0.9857730077111979,
    "knee": 0.9225930762465199,
    "ankle": 0.671385826705041,
    "back": 0.8443764262261475,
    "neck": 0.6735848111966521
  },
  "recommendations": {
    "form": "Good form, continue practicing with current technique",
    "alignment": "Good alignment, maintain current technique",
    "stability": "Focus on maintaining proper posture and balance",
    "power": "Consider increasing intensity gradually"
  },
  "safety_considerations": [
    "Focus on proper shoulder mechanics to prevent rotator cuff injuries"
  ]
}