{
  "power_generation": {
    "explosiveness": 0.8345082009446155,
    "force_transfer": 0.5185751055621797,
    "efficiency": 0.639025600974384
  },
  "technical_metrics": {
    "precision": 0.5535084120705439,
    "consistency": 0.8899414145361905,
    "fluidity": 0.9260328342921712
  },
  "biomechanical_metrics": {
    "joint_loading": 0.7357254687422716,
    "muscle_activation": 0.6106540627594017,
    "energy_efficiency": 0.6758791844837361
  }
}