{
  "key_points": {
    "shoulders": [
      0.03548681584203767,
      0.6954924476163632,
      -0.05432804626535053
    ],
    "elbows": [
      -0.06365998278993348,
      0.45030598186501536,
      0.007414715593553403
    ],
    "wrists": [
      -0.3160590196376113,
      0.3564141976364849,
      -0.06538098117180594
    ],
    "hips": [
      0.12468809969613981,
      0.35023763634192484,
      -0.04856977518053518
    ],
    "knees": [
      -0.03364803481058998,
      0.30119803315472965,
      -0.07957467971773796
    ],
    "ankles": [
      0.3592213906398476,
      0.12650497763058072,
      0.023232206621827123
    ]
  },
  "angles": {
    "knee": 160.85652824696714,
    "hip": 79.29485447891473,
    "shoulder": 50.135663342839905,
    "elbow": 86.46106876949503
  },
  "analysis_scores": {
    "alignment": 0.799562514623131,
    "balance": 0.737704501953525,
    "form": 0.6959773127793087,
    "stability": 0.6968750625279971,
    "coordination": 0.6064680474042609,
    "precision": 0.8593704656103603,
    "power": 0.6673362479367569,
    "efficiency": 0.8529063727338335,
    "safety": 0.8148294607988295,
    "overall": 0.9844512602427706,
    "shoulder": 0.8966733713760642,
    "elbow": 0.6852010621704099,
    "wrist": 0.7975529131148243,
    "hip": 0.9489664403586171,
    "knee": 0.7238327209026956,
    "ankle": 0.8995613137963874,
    "back": 0.6209166184273563,
    "neck": 0.9136958916207624
  },
  "recommendations": {
    "form": "Focus on maintaining proper joint angles during movement",
    "alignment": "Good alignment, maintain current technique",
    "stability": "Good stability, continue with current technique",
    "power": "Good power output, maintain current intensity"
  },
  "safety_considerations": [
    "Ensure proper shoulder engagement to prevent impingement"
  ]
}