{
  "power_generation": {
    "explosiveness": 0.954707687868679,
    "force_transfer": 0.5980701785684008,
    "efficiency": 0.8760662727191943
  },
  "technical_metrics": {
    "precision": 0.9464258031684449,
    "consistency": 0.9179652406537466,
    "fluidity": 0.9689352694120796
  },
  "biomechanical_metrics": {
    "joint_loading": 0.5754649686429327,
    "muscle_activation": 0.880622046715408,
    "energy_efficiency": 0.8537510051020527
  }
}