{
  "power_generation": {
    "explosiveness": 0.9834141083721117,
    "force_transfer": 0.927223859508171,
    "efficiency": 0.6524557760979648
  },
  "technical_metrics": {
    "precision": 0.8226512219131739,
    "consistency": 0.9082506451409316,
    "fluidity": 0.6217892427045808
  },
  "biomechanical_metrics": {
    "joint_loading": 0.9549359824989119,
    "muscle_activation": 0.6733737725633513,
    "energy_efficiency": 0.5244327748594173
  }
}