{
  "key_points": {
    "shoulders": [
      -0.04041142700872641,
      0.5123633719258064,
      -0.07391980605778675
    ],
    "elbows": [
      -0.0416783592785846,
      0.48446980878332996,
      0.02651471238630293
    ],
    "wrists": [
      -0.2898753879350829,
      0.4999759891353995,
      -0.051167998686935626
    ],
    "hips": [
      0.006252333029296647,
      0.3488301413968199,
      0.025416033292245288
    ],
    "knees": [
      0.20986930576021195,
      0.2553567121182557,
      -0.011906689875170184
    ],
    "ankles": [
      -0.1572474290738108,
      0.15494985678516912,
      0.08895333916188933
    ]
  },
  "angles": {
    "knee": 34.46341073341724,
    "hip": 59.86379748807004,
    "shoulder": 46.993238549181186,
    "elbow": 111.60125157307051
  },
  "analysis_scores": {
    "alignment": 0.6329874096988672,
    "balance": 0.8219227624740406,
    "form": 0.8323654917543217,
    "stability": 0.7232703990123185,
    "coordination": 0.7094617565394883,
    "precision": 0.6709059882947153,
    "power": 0.7321934547751306,
    "efficiency": 0.7788727804991187,
    "safety": 0.8853927782428188,
    "overall": 0.6836862995046378,
    "shoulder": 0.823903500536508,
    "elbow": 0.6853160423051275,
    "wrist": 0.6570522181919055,
    "hip": 0.8429319208803852,
    "knee": 0.8321037386022055,
    "ankle": 0.9393878393716493,
    "back": 0.6980660948684154,
    "neck": 0.7116704137084902
  },
  "recommendations": {
    "form": "Good form, continue practicing with current technique",
    "alignment": "Good alignment, maintain current technique",
    "stability": "Focus on maintaining proper posture and balance",
    "power": "Good power output, maintain current intensity"
  },
  "safety_considerations": []
}