{
  "power_generation": {
    "explosiveness": 0.9880673633423709,
    "force_transfer": 0.7866632343492066,
    "efficiency": 0.6725535296651943
  },
  "technical_metrics": {
    "precision": 0.7827116484623953,
    "consistency": 0.5628250185335177,
    "fluidity": 0.6418268112996263
  },
  "biomechanical_metrics": {
    "joint_loading": 0.8550268421725928,
    "muscle_activation": 0.7932407602837929,
    "energy_efficiency": 0.7643309553045036
  }
}