{
  "key_points": {
    "shoulders": [
      0.09584146679140548,
      0.6294640904529358,
      0.00798011476870375
    ],
    "elbows": [
      -0.009926933379820702,
      0.44590281418387223,
      0.09022366404843626
    ],
    "wrists": [
      0.23367777435200265,
      0.38657796216542106,
      -0.0795828712319686
    ],
    "hips": [
      0.17039229647772686,
      0.4594203050673049,
      0.06757602990875522
    ],
    "knees": [
      0.10793713566461316,
      0.3233377636929363,
      -0.018490928686141744
    ],
    "ankles": [
      -0.31115609828292945,
      0.26493091934514146,
      -0.06876119519339269
    ]
  },
  "angles": {
    "knee": 45.21838469755303,
    "hip": 135.1953369265805,
    "shoulder": 56.23324733177789,
    "elbow": 99.64208788947462
  },
  "analysis_scores": {
    "alignment": 0.9055572892715185,
    "balance": 0.6468605492729267,
    "form": 0.7112575989970144,
    "stability": 0.6947990152892688,
    "coordination": 0.7798391798350338,
    "precision": 0.9489457813239366,
    "power": 0.8347011427241522,
    "efficiency": 0.9202654654943078,
    "safety": 0.8147083489518513,
    "overall": 0.9567528853826945,
    "shoulder": 0.6865089885491,
    "elbow": 0.9642779853843009,
    "wrist": 0.9326922959593759,
    "hip": 0.9779505936094244,
    "knee": 0.6738950569436651,
    "ankle": 0.9851113297957554,
    "back": 0.7466448785503739,
    "neck": 0.9793753044860201
  },
  "recommendations": {
    "form": "Good form, continue practicing with current technique",
    "alignment": "Good alignment, maintain current technique",
    "stability": "Focus on maintaining proper posture and balance",
    "power": "Good power output, maintain current intensity"
  },
  "safety_considerations": []
}