{
  "power_generation": {
    "explosiveness": 0.5330148920911064,
    "force_transfer": 0.837769702515955,
    "efficiency": 0.7825812673667829
  },
  "technical_metrics": {
    "precision": 0.7049503871109454,
    "consistency": 0.7815128345941725,
    "fluidity": 0.7709166422482687
  },
  "biomechanical_metrics": {
    "joint_loading": 0.9805951787041838,
    "muscle_activation": 0.8900007401686776,
    "energy_efficiency": 0.6527822012041473
  }
}