{
  "key_points": {
    "shoulders": [
      0.04045984484023357,
      0.5089930000978372,
      -0.04270739322298725
    ],
    "elbows": [
      0.21192375697002402,
      0.5944003259118954,
      -0.06546732945892438
    ],
    "wrists": [
      0.009312429723779214,
      0.45893149549025664,
      -0.07226945099724245
    ],
    "hips": [
      -0.06568867000877843,
      0.41818686081953316,
      -0.08308914825521474
    ],
    "knees": [
      -0.11244896662376883,
      0.3613700722072711,
      0.030156601696057106
    ],
    "ankles": [
      -0.028918666672290094,
      0.23586722807342164,
      -0.015184103383325723
    ]
  },
  "angles": {
    "knee": 70.54411378812361,
    "hip": 149.11202930260092,
    "shoulder": 7.798692849496693,
    "elbow": 17.546628776747724
  },
  "analysis_scores": {
    "alignment": 0.7290827454525102,
    "balance": 0.9592213366437434,
    "form": 0.9004029296602362,
    "stability": 0.7385138890371521,
    "coordination": 0.9814467489801242,
    "precision": 0.6669332344318445,
    "power": 0.7734326982049411,
    "efficiency": 0.9851097209826486,
    "safety": 0.9652607463052391,
    "overall": 0.6557159701228162,
    "shoulder": 0.9371711293708469,
    "elbow": 0.616717616663497,
    "wrist": 0.6999306904469581,
    "hip": 0.7044497892324468,
    "knee": 0.9151814843153384,
    "ankle": 0.749713502181449,
    "back": 0.8679968070357281,
    "neck": 0.7226082868928895
  },
  "recommendations": {
    "form": "Good form, continue practicing with current technique",
    "alignment": "Good alignment, maintain current technique",
    "stability": "Focus on maintaining proper posture and balance",
    "power": "Good power output, maintain current intensity"
  },
  "safety_considerations": []
}