{
  "power_generation": {
    "explosiveness": 0.8999068430620403,
    "force_transfer": 0.9798815507226529,
    "efficiency": 0.9726558768686382
  },
  "technical_metrics": {
    "precision": 0.5111646311697621,
    "consistency": 0.6996349184883903,
    "fluidity": 0.8810558914786094
  },
  "biomechanical_metrics": {
    "joint_loading": 0.6433295132333019,
    "muscle_activation": 0.9488143848887594,
    "energy_efficiency": 0.8668956652466728
  }
}