{
  "key_points": {
    "shoulders": [
      0.17875088723834326,
      0.6724944929104435,
      0.029439360249354424
    ],
    "elbows": [
      -0.250580991610784,
      0.5816021146719808,
      0.0012365093414742623
    ],
    "wrists": [
      -0.15387136729117756,
      0.35075662471866886,
      0.018286432170977363
    ],
    "hips": [
      -0.14019573079555953,
      0.4954968336022146,
      -0.029223396488623515
    ],
    "knees": [
      -0.1991848019349791,
      0.37448696965147615,
      -0.01444872611690369
    ],
    "ankles": [
      -0.35575229241128525,
      0.181876663535644,
      -0.07587562653675356
    ]
  },
  "angles": {
    "knee": 64.9066515980772,
    "hip": 83.59754179655586,
    "shoulder": 42.408839043430625,
    "elbow": 30.473079860484674
  },
  "analysis_scores": {
    "alignment": 0.6164628749815882,
    "balance": 0.7633403866419683,
    "form": 0.8205663662103704,
    "stability": 0.7897926572162202,
    "coordination": 0.9314384314907154,
    "precision": 0.9294545115380503,
    "power": 0.8064168273523127,
    "efficiency": 0.6968905608315356,
    "safety": 0.9420267695935759,
    "overall": 0.9227997761496982,
    "shoulder": 0.7024070171961561,
    "elbow": 0.7495724737189536,
    "wrist": 0.9058431865695055,
    "hip": 0.8471721720400457,
    "knee": 0.8401894524006641,
    "ankle": 0.8542948748634818,
    "back": 0.73716821551901,
    "neck": 0.8289917405068397
  },
  "recommendations": {
    "form": "Focus on maintaining proper joint angles during movement",
    "alignment": "Work on maintaining symmetrical movement patterns",
    "stability": "Focus on maintaining proper posture and balance",
    "power": "Consider increasing intensity gradually"
  },
  "safety_considerations": [
    "Maintain proper hip control to prevent injury"
  ]
}