{
  "power_generation": {
    "explosiveness": 0.5257826438630498,
    "force_transfer": 0.7465573723731147,
    "efficiency": 0.5780654515969563
  },
  "technical_metrics": {
    "precision": 0.9415692169958632,
    "consistency": 0.8479334393846912,
    "fluidity": 0.5168559555286985
  },
  "biomechanical_metrics": {
    "joint_loading": 0.9109432420403782,
    "muscle_activation": 0.6296377089912653,
    "energy_efficiency": 0.9127434071305074
  }
}