{
  "key_points": {
    "shoulders": [
      0.0743730597444715,
      0.5137150189927758,
      0.000548001914696658
    ],
    "elbows": [
      -0.044948802942043675,
      0.5613077051050277,
      -0.06994445779332732
    ],
    "wrists": [
      -0.357052348746534,
      0.30477192779081796,
      -0.06757006821984024
    ],
    "hips": [
      0.18180220739111552,
      0.3205615070293279,
      -0.02334741798301747
    ],
    "knees": [
      0.05759373091005082,
      0.3903985746152352,
      -0.010792934825802056
    ],
    "ankles": [
      0.05995985602731685,
      0.1824930663555642,
      0.042110639022555046
    ]
  },
  "angles": {
    "knee": 19.383217596341765,
    "hip": 58.99981404643527,
    "shoulder": 38.184890782627186,
    "elbow": 57.73862835982991
  },
  "analysis_scores": {
    "alignment": 0.7071276295178136,
    "balance": 0.9740831225395074,
    "form": 0.6502850317494427,
    "stability": 0.6496290952624001,
    "coordination": 0.7396536156375091,
    "precision": 0.7262090787045038,
    "power": 0.8311224193247683,
    "efficiency": 0.6950830376945053,
    "safety": 0.6876975404284758,
    "overall": 0.78227033965707,
    "shoulder": 0.8544669947540819,
    "elbow": 0.6786595050110151,
    "wrist": 0.6903928863760873,
    "hip": 0.81576899524422,
    "knee": 0.9859445903286709,
    "ankle": 0.7691097836544898,
    "back": 0.7347892632275914,
    "neck": 0.9436311168467476
  },
  "recommendations": {
    "form": "Good form, continue practicing with current technique",
    "alignment": "Good alignment, maintain current technique",
    "stability": "Good stability, continue with current technique",
    "power": "Good power output, maintain current intensity"
  },
  "safety_considerations": [
    "Focus on proper shoulder mechanics for throwing"
  ]
}