{
  "power_generation": {
    "explosiveness": 0.6873730195532068,
    "force_transfer": 0.6401835987247443,
    "efficiency": 0.8088785837113772
  },
  "technical_metrics": {
    "precision": 0.8257387642466238,
    "consistency": 0.5465917952973782,
    "fluidity": 0.6948150916991418
  },
  "biomechanical_metrics": {
    "joint_loading": 0.6161709307176335,
    "muscle_activation": 0.9135910948398166,
    "energy_efficiency": 0.7782281199308592
  }
}