{
  "key_points": {
    "shoulders": [
      -0.051617060545434884,
      0.521494672760542,
      -0.09771354982917169
    ],
    "elbows": [
      -0.0200799228389813,
      0.5192891123641256,
      -0.07852521187630024
    ],
    "wrists": [
      0.17642235779209647,
      0.37115535297929797,
      -0.035768116778351
    ],
    "hips": [
      -0.07980462758286544,
      0.3064788785776326,
      0.09050467839214713
    ],
    "knees": [
      -0.1949606481249786,
      0.38952104683229366,
      0.010485515132382758
    ],
    "ankles": [
      -0.07689958750030873,
      0.13151672689767557,
      -0.08091139373931422
    ]
  },
  "angles": {
    "knee": 11.256127970281367,
    "hip": 48.88653515681581,
    "shoulder": 40.5067721159048,
    "elbow": 104.45393159219425
  },
  "analysis_scores": {
    "alignment": 0.8343557939096182,
    "balance": 0.6755784070650327,
    "form": 0.839071312187471,
    "stability": 0.6021242231761837,
    "coordination": 0.8481094575972846,
    "precision": 0.8895194871448777,
    "power": 0.7524270373022219,
    "efficiency": 0.7886299700561064,
    "safety": 0.7459583619745033,
    "overall": 0.7120302913093839,
    "shoulder": 0.602234063924484,
    "elbow": 0.631509455896673,
    "wrist": 0.9571319186136954,
    "hip": 0.7552579275654531,
    "knee": 0.6701154577473771,
    "ankle": 0.7184848846698019,
    "back": 0.8216495986521635,
    "neck": 0.9672628458010056
  },
  "recommendations": {
    "form": "Good form, continue practicing with current technique",
    "alignment": "Good alignment, maintain current technique",
    "stability": "Focus on maintaining proper posture and balance",
    "power": "Consider increasing intensity gradually"
  },
  "safety_considerations": [
    "Work on body tension and control"
  ]
}