{
  "power_generation": {
    "explosiveness": 0.7027527021069586,
    "force_transfer": 0.6886448228630935,
    "efficiency": 0.7235303959870634
  },
  "technical_metrics": {
    "precision": 0.5360091785406433,
    "consistency": 0.7740008325332546,
    "fluidity": 0.8066715216911455
  },
  "biomechanical_metrics": {
    "joint_loading": 0.6102826562742183,
    "muscle_activation": 0.7667235947192899,
    "energy_efficiency": 0.6613998625396529
  }
}