{
  "key_points": {
    "shoulders": [
      -0.09734601996296154,
      0.5988530836859242,
      -0.08425796219870013
    ],
    "elbows": [
      0.1472193019509826,
      0.48554482907086616,
      0.04507927947132759
    ],
    "wrists": [
      0.03261533652857923,
      0.46854259459796427,
      0.04381268056893145
    ],
    "hips": [
      0.01999322761793812,
      0.35057154184095796,
      -0.02287542130263713
    ],
    "knees": [
      0.06435064666036311,
      0.23249230088801606,
      -0.00116701002193291
    ],
    "ankles": [
      0.035169487715552894,
      0.22646538129872998,
      0.06145815724323059
    ]
  },
  "angles": {
    "knee": 65.8634877783151,
    "hip": 91.19686065507608,
    "shoulder": 34.150827193465716,
    "elbow": 150.76279969927367
  },
  "analysis_scores": {
    "alignment": 0.9350602862609922,
    "balance": 0.7381839842697728,
    "form": 0.9836372722533943,
    "stability": 0.8836684465919638,
    "coordination": 0.703517070544532,
    "precision": 0.9800174787483363,
    "power": 0.7447693442931631,
    "efficiency": 0.6424156997973544,
    "safety": 0.6626488476082272,
    "overall": 0.8576305065198266,
    "shoulder": 0.8556462047140787,
    "elbow": 0.8220428973865092,
    "wrist": 0.8509374326348875,
    "hip": 0.9218555632125305,
    "knee": 0.786563159692619,
    "ankle": 0.7595626004950043,
    "back": 0.8872008164569696,
    "neck": 0.8145112787794307
  },
  "recommendations": {
    "form": "Good form, continue practicing with current technique",
    "alignment": "Work on maintaining symmetrical movement patterns",
    "stability": "Good stability, continue with current technique",
    "power": "Consider increasing intensity gradually"
  },
  "safety_considerations": [
    "Focus on proper shoulder mechanics to prevent rotator cuff injuries",
    "Maintain proper elbow alignment to prevent hyperextension",
    "Ensure proper wrist alignment to prevent sprains"
  ]
}