{
  "power_generation": {
    "explosiveness": 0.9800399601035551,
    "force_transfer": 0.6171792010082273,
    "efficiency": 0.8931889075026369
  },
  "technical_metrics": {
    "precision": 0.5287929301536949,
    "consistency": 0.8842962337405456,
    "fluidity": 0.897100259170974
  },
  "biomechanical_metrics": {
    "joint_loading": 0.7130333710540797,
    "muscle_activation": 0.787944216673112,
    "energy_efficiency": 0.9215053155284653
  }
}