{
  "key_points": {
    "shoulders": [
      -0.16894167243056596,
      0.7801280758934337,
      0.08212491422274487
    ],
    "hips": [
      -0.17795982501739582,
      0.48545844120080645,
      0.00662732390018253
    ],
    "knees": [
      -0.20030375419465726,
      0.3999662617869476,
      0.0870608914324133
    ],
    "ankles": [
      -0.17550344212590716,
      0.21730760609787914,
      0.019442439441263976
    ]
  },
  "angles": {
    "knee": 154.9809425944609,
    "hip": 79.27566293706538,
    "shoulder": 47.75829525145679
  },
  "analysis_scores": {
    "alignment": 1.0,
    "balance": 0.7353235784449027,
    "form": 0.6465828691315889,
    "stability": 0.7388160616874797,
    "coordination": 0.9000743630236532,
    "precision": 0.8123246314787005,
    "power": 0.6189952149450385,
    "efficiency": 0.7577508816657017,
    "safety": 0.8023716109573966,
    "overall": 0.9366278721784026,
    "shoulder": 0.8302546498819906,
    "elbow": 0.8625020699839018,
    "wrist": 0.9635535845218758,
    "hip": 0.9906007873706464,
    "knee": 0.8740610448082047,
    "ankle": 0.8597739104457468,
    "back": 0.8685649606948789,
    "neck": 0.8356787532218102
  },
  "recommendations": {
    "form": "Focus on maintaining proper joint angles during movement",
    "alignment": "Good alignment, maintain current technique",
    "stability": "Focus on maintaining proper posture and balance",
    "power": "Good power output, maintain current intensity"
  },
  "safety_considerations": []
}