{
  "power_generation": {
    "explosiveness": 0.5576767569748704,
    "force_transfer": 0.6484678360219298,
    "efficiency": 0.9845136942459352
  },
  "technical_metrics": {
    "precision": 0.8805636703614733,
    "consistency": 0.7203714048645469,
    "fluidity": 0.7702912253018541
  },
  "biomechanical_metrics": {
    "joint_loading": 0.9733190952985189,
    "muscle_activation": 0.8687332519028688,
    "energy_efficiency": 0.9926803664431492
  }
}