{
  "key_points": {
    "shoulders": [
      0.004451873169136977,
      0.659407640360933,
      -0.028059082693825024
    ],
    "elbows": [
      0.10904865018771864,
      0.44976589481795926,
      0.01054780328801834
    ],
    "wrists": [
      -0.10510744310370451,
      0.3196370510379839,
      -0.041819313962605346
    ],
    "hips": [
      -0.17138477110019484,
      0.3562322966376883,
      -0.06813332707243652
    ],
    "knees": [
      0.23093750602468716,
      0.3033897900508566,
      -0.09197440978959692
    ],
    "ankles": [
      0.09060226225191903,
      0.13072110676161317,
      -0.012497390772889208
    ]
  },
  "angles": {
    "knee": 66.63354500128912,
    "hip": 75.6929094802015,
    "shoulder": 38.40323822317337,
    "elbow": 135.761499973288
  },
  "analysis_scores": {
    "alignment": 0.9282884547656212,
    "balance": 0.8083779186684298,
    "form": 0.9888508988555325,
    "stability": 0.7099325866069629,
    "coordination": 0.7771986014418246,
    "precision": 0.6487674819950061,
    "power": 0.6142551997290115,
    "efficiency": 0.9275752334578231,
    "safety": 0.8344642209893649,
    "overall": 0.7696428474643296,
    "shoulder": 0.7944655395068299,
    "elbow": 0.8345085880225581,
    "wrist": 0.6505296986197732,
    "hip": 0.8805235065157491,
    "knee": 0.7139191233664447,
    "ankle": 0.9504804855030822,
    "back": 0.7692264261484313,
    "neck": 0.9741212270349984
  },
  "recommendations": {
    "form": "Good form, continue practicing with current technique",
    "alignment": "Good alignment, maintain current technique",
    "stability": "Good stability, continue with current technique",
    "power": "Good power output, maintain current intensity"
  },
  "safety_considerations": [
    "Focus on proper wrist positioning to prevent strain",
    "Maintain proper elbow alignment to prevent tendonitis"
  ]
}