{
  "power_generation": {
    "explosiveness": 0.79416819063763,
    "force_transfer": 0.8880022786174715,
    "efficiency": 0.5980944226919702
  },
  "technical_metrics": {
    "precision": 0.9697992904526161,
    "consistency": 0.7977063496838337,
    "fluidity": 0.6170384312982629
  },
  "biomechanical_metrics": {
    "joint_loading": 0.9753551829995561,
    "muscle_activation": 0.8740887424269617,
    "energy_efficiency": 0.6223803759408209
  }
}