{
  "key_points": {
    "shoulders": [
      -0.2997973039821023,
      0.766499996911372,
      0.1843207119549421
    ],
    "hips": [
      0.04492640060028491,
      0.5533213188315282,
      0.07842859135968516
    ],
    "knees": [
      0.46601176017019263,
      0.35196543357560944,
      0.028543077281956764
    ],
    "ankles": [
      -0.04101219640707565,
      0.35795773953373067,
      -0.19395453360967885
    ]
  },
  "angles": {
    "knee": 112.77326565300997,
    "hip": 74.52673437942678,
    "shoulder": 69.57053939962155
  },
  "analysis_scores": {
    "alignment": 0.9884443659460127,
    "balance": 0.6301467245628363,
    "form": 0.7309074276880417,
    "stability": 0.9608471362436499,
    "coordination": 0.7101633486272237,
    "precision": 0.6889878918087179,
    "power": 0.7392806294206333,
    "efficiency": 0.8994279113816483,
    "safety": 0.6823861312814224,
    "overall": 0.6903637458663114,
    "shoulder": 0.6569875575639923,
    "elbow": 0.7943707111802686,
    "wrist": 0.861001207467941,
    "hip": 0.7500624688415652,
    "knee": 1.0,
    "ankle": 1.0,
    "back": 0.6511080946050566,
    "neck": 0.666283205733951
  },
  "recommendations": {
    "form": "Good form, continue practicing with current technique",
    "alignment": "Good alignment, maintain current technique",
    "stability": "Good stability, continue with current technique",
    "power": "Good power output, maintain current intensity"
  },
  "safety_considerations": []
}