{
  "power_generation": {
    "explosiveness": 0.700802794236443,
    "force_transfer": 0.7396293715991866,
    "efficiency": 0.5706148684371152
  },
  "technical_metrics": {
    "precision": 0.7084563018365124,
    "consistency": 0.5092292325418859,
    "fluidity": 0.8525484016364901
  },
  "biomechanical_metrics": {
    "joint_loading": 0.9806715685839802,
    "muscle_activation": 0.644970337995577,
    "energy_efficiency": 0.6859678396038029
  }
}