{
  "key_points": {
    "shoulders": [
      -0.047191161451508284,
      0.6754287974909016,
      0.04404146103146883
    ],
    "elbows": [
      -0.18825271828143925,
      0.521104434323298,
      -0.06500595734013644
    ],
    "wrists": [
      -0.018503380932053837,
      0.43951135245523804,
      -0.022874803466248775
    ],
    "hips": [
      0.18424255993101557,
      0.4592731214648032,
      0.08210178032965273
    ],
    "knees": [
      0.2631807627394173,
      0.3534872315701783,
      0.0016442722231910373
    ],
    "ankles": [
      0.16038260455852416,
      0.25268727878951486,
      -0.03209684952624761
    ]
  },
  "angles": {
    "knee": 47.70933863008023,
    "hip": 54.95889305476613,
    "shoulder": 55.258021443946,
    "elbow": 95.89516427464358
  },
  "analysis_scores": {
    "alignment": 0.9256106969739647,
    "balance": 0.6067997844561477,
    "form": 0.6831737180943006,
    "stability": 0.9394199533096446,
    "coordination": 0.7350961009004409,
    "precision": 0.664283390664892,
    "power": 0.7051041648945159,
    "efficiency": 0.9766841254569386,
    "safety": 0.6007779469055715,
    "overall": 0.7775517279893738,
    "shoulder": 0.6851969462619879,
    "elbow": 0.9869293014687954,
    "wrist": 0.8697452593890698,
    "hip": 0.7687652250883,
    "knee": 0.7545893840843948,
    "ankle": 0.6372238316628683,
    "back": 0.9889870308986027,
    "neck": 0.8269632864100943
  },
  "recommendations": {
    "form": "Good form, continue practicing with current technique",
    "alignment": "Good alignment, maintain current technique",
    "stability": "Focus on maintaining proper posture and balance",
    "power": "Good power output, maintain current intensity"
  },
  "safety_considerations": []
}