{
  "power_generation": {
    "explosiveness": 0.7633285326277118,
    "force_transfer": 0.5740444027724919,
    "efficiency": 0.6390987225763729
  },
  "technical_metrics": {
    "precision": 0.9181971095182817,
    "consistency": 0.5579886271822811,
    "fluidity": 0.7110704376194557
  },
  "biomechanical_metrics": {
    "joint_loading": 0.7307457057201725,
    "muscle_activation": 0.6358035875823483,
    "energy_efficiency": 0.8609404984514064
  }
}