{
  "key_points": {
    "shoulders": [
      0.07916900934962195,
      0.53909689965741,
      -0.04969808161210923
    ],
    "elbows": [
      -0.20512228762613544,
      0.45113198355599227,
      0.08515923534630068
    ],
    "wrists": [
      0.11427889757795306,
      0.45731461379132277,
      0.074421311424653
    ],
    "hips": [
      -0.0005441097867841249,
      0.3751605624425719,
      -0.053535388202939106
    ],
    "knees": [
      0.26325809001139294,
      0.20352397619952634,
      -0.036651837082685476
    ],
    "ankles": [
      -0.16379020595661214,
      0.2927350813535058,
      0.08292213455873385
    ]
  },
  "angles": {
    "knee": 63.27774872041111,
    "hip": 144.74333040970782,
    "shoulder": 48.09957389069235,
    "elbow": 115.66025757225701
  },
  "analysis_scores": {
    "alignment": 0.9823062918735775,
    "balance": 0.8589192455853154,
    "form": 0.7136077457987429,
    "stability": 0.6255157509624873,
    "coordination": 0.8708049093487098,
    "precision": 0.8526214351614332,
    "power": 0.6824496173767007,
    "efficiency": 0.7939006938012709,
    "safety": 0.7602646799294518,
    "overall": 0.8188345873373309,
    "shoulder": 0.6076914971271185,
    "elbow": 0.8950682416628093,
    "wrist": 0.8187113969444193,
    "hip": 0.6014691933493956,
    "knee": 0.7007916434319549,
    "ankle": 0.7640285419872463,
    "back": 0.6217910468405997,
    "neck": 0.7416122999998489
  },
  "recommendations": {
    "form": "Good form, continue practicing with current technique",
    "alignment": "Good alignment, maintain current technique",
    "stability": "Good stability, continue with current technique",
    "power": "Good power output, maintain current intensity"
  },
  "safety_considerations": [
    "Focus on proper shoulder alignment to prevent impingement"
  ]
}