{
  "power_generation": {
    "explosiveness": 0.7504125309672491,
    "force_transfer": 0.7131800427167021,
    "efficiency": 0.6579665458089794
  },
  "technical_metrics": {
    "precision": 0.6526201476404769,
    "consistency": 0.8166537079555738,
    "fluidity": 0.9459471799156205
  },
  "biomechanical_metrics": {
    "joint_loading": 0.9170144290257083,
    "muscle_activation": 0.7528242232999961,
    "energy_efficiency": 0.9822534957565476
  }
}