{
  "key_points": {
    "shoulders": [
      0.054887289168333075,
      0.5559529148415759,
      0.08998559118102473
    ],
    "elbows": [
      0.1592433140379601,
      0.5647029536459298,
      -0.07335497130130467
    ],
    "wrists": [
      -0.32366090215552856,
      0.4120757520850304,
      0.028135550722665492
    ],
    "hips": [
      0.09153223406460953,
      0.373133087911489,
      -0.03628188677702174
    ],
    "knees": [
      0.01027686288329105,
      0.2997126659410675,
      0.056236236200526285
    ],
    "ankles": [
      0.18619722406614758,
      0.2298537959392849,
      -0.024351336478545732
    ]
  },
  "angles": {
    "knee": 109.75105414029919,
    "hip": 59.09400770602507,
    "shoulder": 38.32877153465999,
    "elbow": 65.30101993436638
  },
  "analysis_scores": {
    "alignment": 0.6253363080557915,
    "balance": 0.9853738655160224,
    "form": 0.8132044355222449,
    "stability": 0.7973912683324111,
    "coordination": 0.7170364976715666,
    "precision": 0.9803582095701904,
    "power": 0.9218843342706015,
    "efficiency": 0.9073649676083222,
    "safety": 0.6363375848881019,
    "overall": 0.712004957792917,
    "shoulder": 0.6505553848859746,
    "elbow": 0.9937715865816833,
    "wrist": 0.7994128549369017,
    "hip": 0.7693876781086239,
    "knee": 0.6917640084125612,
    "ankle": 0.7136550309814886,
    "back": 0.6499165444015591,
    "neck": 0.6845349438205725
  },
  "recommendations": {
    "form": "Focus on maintaining proper joint angles during movement",
    "alignment": "Good alignment, maintain current technique",
    "stability": "Focus on maintaining proper posture and balance",
    "power": "Good power output, maintain current intensity"
  },
  "safety_considerations": []
}