{
  "power_generation": {
    "explosiveness": 0.948113168790961,
    "force_transfer": 0.6922839984315416,
    "efficiency": 0.5537997590790406
  },
  "technical_metrics": {
    "precision": 0.7013626820848473,
    "consistency": 0.9637357334010845,
    "fluidity": 0.8614076083822655
  },
  "biomechanical_metrics": {
    "joint_loading": 0.8466918755107777,
    "muscle_activation": 0.8248672611715089,
    "energy_efficiency": 0.8876207453251592
  }
}