{
  "key_points": {
    "shoulders": [
      0.008483274975187305,
      0.6867905040256004,
      -0.05877568343023487
    ],
    "elbows": [
      -0.03311754110475584,
      0.4103182076208014,
      0.09942615842763192
    ],
    "wrists": [
      -0.18312336457040088,
      0.475596008085884,
      0.027004057464339176
    ],
    "hips": [
      0.008087453039722359,
      0.4330719105126472,
      -0.08660328878228554
    ],
    "knees": [
      -0.20660588523026435,
      0.25982057159445004,
      -0.08310201717346499
    ],
    "ankles": [
      -0.041242774014703276,
      0.12855416993118868,
      -0.07623557361457739
    ]
  },
  "angles": {
    "knee": 96.77963429135855,
    "hip": 122.26871758838655,
    "shoulder": 13.218135650342145,
    "elbow": 123.32424844297141
  },
  "analysis_scores": {
    "alignment": 0.7897431948266531,
    "balance": 0.6228926514668337,
    "form": 0.9979977713137521,
    "stability": 0.7688581283740794,
    "coordination": 0.9565936476766825,
    "precision": 0.7605022218015542,
    "power": 0.7666288094230865,
    "efficiency": 0.9411021291289358,
    "safety": 0.832592088312405,
    "overall": 0.9727860866050784,
    "shoulder": 0.8125579969402358,
    "elbow": 0.6177961705118733,
    "wrist": 0.6111649448498263,
    "hip": 0.8606886537354794,
    "knee": 0.7260863938662798,
    "ankle": 0.9968489677201287,
    "back": 0.6197854210364694,
    "neck": 0.686018604684243
  },
  "recommendations": {
    "form": "Good form, continue practicing with current technique",
    "alignment": "Good alignment, maintain current technique",
    "stability": "Focus on maintaining proper posture and balance",
    "power": "Consider increasing intensity gradually"
  },
  "safety_considerations": []
}