{
  "power_generation": {
    "explosiveness": 0.5266178835803026,
    "force_transfer": 0.821422973205543,
    "efficiency": 0.6032512937808157
  },
  "technical_metrics": {
    "precision": 0.7735153508725106,
    "consistency": 0.6672708314285791,
    "fluidity": 0.7867027018075539
  },
  "biomechanical_metrics": {
    "joint_loading": 0.8806609008180675,
    "muscle_activation": 0.8543637207485754,
    "energy_efficiency": 0.9610248092948512
  }
}