{
  "key_points": {
    "shoulders": [
      -0.08471680604471793,
      0.6086651894220533,
      0.02142508678657795
    ],
    "elbows": [
      -0.245515867578725,
      0.5857782574440695,
      0.06307317715152805
    ],
    "wrists": [
      0.20684309682845614,
      0.3420977604081314,
      -0.0425079284103411
    ],
    "hips": [
      -0.0070773284280242765,
      0.3571153791732019,
      0.09796989483492757
    ],
    "knees": [
      -0.10055457236485524,
      0.3711628375014044,
      0.09705563606827608
    ],
    "ankles": [
      -0.005755940978934337,
      0.28047767118078687,
      0.05277892805209597
    ]
  },
  "angles": {
    "knee": 96.59534113788256,
    "hip": 51.56235095597651,
    "shoulder": 56.25411786273731,
    "elbow": 148.32928364766906
  },
  "analysis_scores": {
    "alignment": 0.9171876103202464,
    "balance": 0.8773823990642665,
    "form": 0.7165471838382118,
    "stability": 0.6502780961817479,
    "coordination": 0.7200892176156594,
    "precision": 0.67419946990568,
    "power": 0.9916166859017614,
    "efficiency": 0.9413985896583041,
    "safety": 0.6637201459134483,
    "overall": 0.6074666780035316,
    "shoulder": 0.689133674770176,
    "elbow": 0.8204473037798696,
    "wrist": 0.9690813567350705,
    "hip": 0.8026085419782978,
    "knee": 0.6177987827101635,
    "ankle": 0.6615283998361441,
    "back": 0.8369605576034538,
    "neck": 0.9069213447040034
  },
  "recommendations": {
    "form": "Good form, continue practicing with current technique",
    "alignment": "Work on maintaining symmetrical movement patterns",
    "stability": "Good stability, continue with current technique",
    "power": "Good power output, maintain current intensity"
  },
  "safety_considerations": [
    "Maintain proper elbow flexion to prevent hyperextension"
  ]
}