{
  "power_generation": {
    "explosiveness": 0.9891561192339753,
    "force_transfer": 0.9315008087979355,
    "efficiency": 0.6033051336432808
  },
  "technical_metrics": {
    "precision": 0.6894408353691559,
    "consistency": 0.9034474822364362,
    "fluidity": 0.6429609165286356
  },
  "biomechanical_metrics": {
    "joint_loading": 0.5767242377359976,
    "muscle_activation": 0.7505789387650608,
    "energy_efficiency": 0.6829339029817
  }
}