{
  "key_points": {
    "shoulders": [
      0.14311609977015677,
      0.5345002737385307,
      -0.020722797507255405
    ],
    "elbows": [
      0.053853335021969095,
      0.5351596689904079,
      0.03831886131925319
    ],
    "wrists": [
      -0.20562937715702667,
      0.41067815556672965,
      0.015724874867512256
    ],
    "hips": [
      -0.14153888086140698,
      0.43138114335118205,
      0.09634742980147185
    ],
    "knees": [
      -0.04463816835875567,
      0.31697941501023397,
      -0.009473088923419831
    ],
    "ankles": [
      0.20433338111652533,
      0.1843179669476712,
      0.032552124236051194
    ]
  },
  "angles": {
    "knee": 70.71961309857042,
    "hip": 118.41836611358691,
    "shoulder": 25.46929932181202,
    "elbow": 102.65296269260455
  },
  "analysis_scores": {
    "alignment": 0.8496309908927857,
    "balance": 0.9814012241511932,
    "form": 0.634509381828514,
    "stability": 0.9531056115824788,
    "coordination": 0.6357054050409957,
    "precision": 0.7153537221590356,
    "power": 0.6713865956796273,
    "efficiency": 0.8086823339565232,
    "safety": 0.7996820792428398,
    "overall": 0.8817817124187379,
    "shoulder": 0.8240262291217043,
    "elbow": 0.9522375907630826,
    "wrist": 0.6523106096392053,
    "hip": 0.925909954737713,
    "knee": 0.6552756780900921,
    "ankle": 0.9271994052017074,
    "back": 0.7211898895859328,
    "neck": 0.8590893333281056
  },
  "recommendations": {
    "form": "Good form, continue practicing with current technique",
    "alignment": "Work on maintaining symmetrical movement patterns",
    "stability": "Focus on maintaining proper posture and balance",
    "power": "Good power output, maintain current intensity"
  },
  "safety_considerations": [
    "Ensure proper body alignment during throw"
  ]
}