{
  "power_generation": {
    "explosiveness": 0.8437678669934081,
    "force_transfer": 0.7316268364054564,
    "efficiency": 0.7075976449644872
  },
  "technical_metrics": {
    "precision": 0.9710150157767747,
    "consistency": 0.8360995869200318,
    "fluidity": 0.8877771991768815
  },
  "biomechanical_metrics": {
    "joint_loading": 0.9135357562127662,
    "muscle_activation": 0.9625288011585729,
    "energy_efficiency": 0.5344520335241989
  }
}