{
  "key_points": {
    "shoulders": [
      -0.10574376555977878,
      0.6805733974160093,
      0.05154341650121605
    ],
    "elbows": [
      0.12807249569607393,
      0.4622298683688395,
      0.029693131930196293
    ],
    "wrists": [
      0.00300945055825369,
      0.30445431227130143,
      -0.09768171502965624
    ],
    "hips": [
      0.12527794307067397,
      0.35016737123327185,
      0.09595603516630913
    ],
    "knees": [
      0.1328253884012789,
      0.26185257665682327,
      -0.026452109247382102
    ],
    "ankles": [
      0.32477847791098435,
      0.29638099616950664,
      0.0952368767038343
    ]
  },
  "angles": {
    "knee": 96.17506551671774,
    "hip": 139.32771317210776,
    "shoulder": 21.163600590253097,
    "elbow": 116.18303441223107
  },
  "analysis_scores": {
    "alignment": 0.7122546605886343,
    "balance": 0.910775819335074,
    "form": 0.6239484677472172,
    "stability": 0.8698319589379941,
    "coordination": 0.8909402558881176,
    "precision": 0.6577402227961424,
    "power": 0.6634484650522607,
    "efficiency": 0.7505751259387605,
    "safety": 0.8324985807739514,
    "overall": 0.6053482655647424,
    "shoulder": 0.8993758175711191,
    "elbow": 0.7721737713065889,
    "wrist": 0.9899774737084174,
    "hip": 0.6369231379932826,
    "knee": 0.9319486038434353,
    "ankle": 0.9730631147336222,
    "back": 0.8481774110433145,
    "neck": 0.6522841130323191
  },
  "recommendations": {
    "form": "Good form, continue practicing with current technique",
    "alignment": "Good alignment, maintain current technique",
    "stability": "Good stability, continue with current technique",
    "power": "Good power output, maintain current intensity"
  },
  "safety_considerations": [
    "Focus on maintaining proper back alignment during takedowns",
    "Maintain proper hip positioning for stability"
  ]
}