{
  "power_generation": {
    "explosiveness": 0.8981564721872966,
    "force_transfer": 0.7689979662359675,
    "efficiency": 0.5277877017984572
  },
  "technical_metrics": {
    "precision": 0.9061779385857076,
    "consistency": 0.798537258026114,
    "fluidity": 0.8894944010795878
  },
  "biomechanical_metrics": {
    "joint_loading": 0.7672166406570573,
    "muscle_activation": 0.9531995792281643,
    "energy_efficiency": 0.8865502431785357
  }
}