{
  "key_points": {
    "shoulders": [
      -0.09044182963573864,
      0.5608846909780281,
      0.07261660798594782
    ],
    "elbows": [
      0.04941422881195723,
      0.5785456375652243,
      -0.08787728218987459
    ],
    "wrists": [
      -0.36085213571502317,
      0.48647732538207816,
      -0.05628920169305396
    ],
    "hips": [
      -0.09663641930646208,
      0.3437540665096543,
      -0.06369063155498367
    ],
    "knees": [
      -0.13981650008562188,
      0.37100058892885,
      -0.002283630376628182
    ],
    "ankles": [
      0.34251597424657587,
      0.19000727744708673,
      0.08772599451360985
    ]
  },
  "angles": {
    "knee": 77.34503817809313,
    "hip": 127.76843315564355,
    "shoulder": 79.58412604760508,
    "elbow": 154.6662696854318
  },
  "analysis_scores": {
    "alignment": 0.6990208861477898,
    "balance": 0.846576904814018,
    "form": 0.6047928922990874,
    "stability": 0.6157103334079337,
    "coordination": 0.8857809417650072,
    "precision": 0.7071576948272453,
    "power": 0.8735873307164133,
    "efficiency": 0.648774830275407,
    "safety": 0.6852618283772267,
    "overall": 0.9909615391422475,
    "shoulder": 0.8983597777240431,
    "elbow": 0.7452328258546901,
    "wrist": 0.7307918489714902,
    "hip": 0.991922344457419,
    "knee": 0.7736458692897875,
    "ankle": 0.770217713465839,
    "back": 0.8028703014725693,
    "neck": 0.8766214041744038
  },
  "recommendations": {
    "form": "Focus on maintaining proper joint angles during movement",
    "alignment": "Good alignment, maintain current technique",
    "stability": "Focus on maintaining proper posture and balance",
    "power": "Good power output, maintain current intensity"
  },
  "safety_considerations": [
    "Focus on proper shoulder mechanics to prevent rotator cuff injuries",
    "Ensure proper wrist alignment to prevent sprains"
  ]
}