{
  "power_generation": {
    "explosiveness": 0.9184476836978105,
    "force_transfer": 0.9798387826695995,
    "efficiency": 0.5943990765712959
  },
  "technical_metrics": {
    "precision": 0.9640934896480566,
    "consistency": 0.9751854281022123,
    "fluidity": 0.8265069942055727
  },
  "biomechanical_metrics": {
    "joint_loading": 0.8280780145478344,
    "muscle_activation": 0.825970024733738,
    "energy_efficiency": 0.9116706578389384
  }
}