{
  "key_points": {
    "shoulders": [
      -0.0560415986039427,
      0.5552818149732235,
      -0.056528720292282
    ],
    "elbows": [
      0.03643996118511489,
      0.4032161472956232,
      0.027706985478614027
    ],
    "wrists": [
      0.09444679757743202,
      0.3899041714991581,
      0.04382301409040931
    ],
    "hips": [
      -0.08477116954866931,
      0.4263368513854803,
      0.003414192511257297
    ],
    "knees": [
      -0.2125497924864317,
      0.20749615452394132,
      0.061364764252944154
    ],
    "ankles": [
      -0.3670259253100956,
      0.18274272132211417,
      0.032788601511373694
    ]
  },
  "angles": {
    "knee": 101.93588689591365,
    "hip": 131.49965875356767,
    "shoulder": 26.794267565207996,
    "elbow": 77.43886986870348
  },
  "analysis_scores": {
    "alignment": 0.8959443334822215,
    "balance": 0.688704060955819,
    "form": 0.9094280998836447,
    "stability": 0.9652465259005183,
    "coordination": 0.9397367824979077,
    "precision": 0.6172165031331857,
    "power": 0.8316457557744925,
    "efficiency": 0.685604429984227,
    "safety": 0.8711390489998019,
    "overall": 0.8877434125300803,
    "shoulder": 0.8132438348356098,
    "elbow": 0.8739732829433422,
    "wrist": 0.8129991302674107,
    "hip": 0.6162717678045715,
    "knee": 0.9940019585105673,
    "ankle": 0.6770071602838371,
    "back": 0.8603889289915132,
    "neck": 0.6298682259408593
  },
  "recommendations": {
    "form": "Good form, continue practicing with current technique",
    "alignment": "Work on maintaining symmetrical movement patterns",
    "stability": "Focus on maintaining proper posture and balance",
    "power": "Consider increasing intensity gradually"
  },
  "safety_considerations": []
}