{
  "power_generation": {
    "explosiveness": 0.601211547404924,
    "force_transfer": 0.5096576390526639,
    "efficiency": 0.9643166665850418
  },
  "technical_metrics": {
    "precision": 0.715305223990599,
    "consistency": 0.9738978450371786,
    "fluidity": 0.8680079078601619
  },
  "biomechanical_metrics": {
    "joint_loading": 0.946899971831383,
    "muscle_activation": 0.553322411370019,
    "energy_efficiency": 0.5923277492013215
  }
}