{
  "key_points": {
    "shoulders": [
      -0.12356637627192368,
      0.6205316839396043,
      -0.014847402069867344
    ],
    "elbows": [
      0.11327820197768407,
      0.4299369656930359,
      0.06924035365089429
    ],
    "wrists": [
      0.313739994666437,
      0.44524647715120547,
      -0.05395924559548315
    ],
    "hips": [
      0.12267009497226766,
      0.3385724319628313,
      -0.05747531966015336
    ],
    "knees": [
      -0.1709083770841943,
      0.3508611994539288,
      -0.06543793154829478
    ],
    "ankles": [
      -0.2979629445115484,
      0.16991189456287564,
      -0.04894698402835447
    ]
  },
  "angles": {
    "knee": 44.36866670509501,
    "hip": 60.494976074661416,
    "shoulder": 40.8915885346312,
    "elbow": 112.99444380133897
  },
  "analysis_scores": {
    "alignment": 0.9600807865890278,
    "balance": 0.7454036209608393,
    "form": 0.6276071272116251,
    "stability": 0.9596414998571683,
    "coordination": 0.8661607492698731,
    "precision": 0.7548202297063594,
    "power": 0.6045708351664513,
    "efficiency": 0.6431365485278184,
    "safety": 0.9397820003690001,
    "overall": 0.6279649320012425,
    "shoulder": 0.6458772038840676,
    "elbow": 0.8734114720846611,
    "wrist": 0.7202664760518048,
    "hip": 0.6511114544580167,
    "knee": 0.9244856572333955,
    "ankle": 0.9708798393447068,
    "back": 0.7790782651382541,
    "neck": 0.792831307349144
  },
  "recommendations": {
    "form": "Good form, continue practicing with current technique",
    "alignment": "Good alignment, maintain current technique",
    "stability": "Good stability, continue with current technique",
    "power": "Good power output, maintain current intensity"
  },
  "safety_considerations": []
}