{
  "power_generation": {
    "explosiveness": 0.8424655041685833,
    "force_transfer": 0.8968297920700292,
    "efficiency": 0.6918880307180848
  },
  "technical_metrics": {
    "precision": 0.8490402211938386,
    "consistency": 0.5505484725097562,
    "fluidity": 0.680900404272873
  },
  "biomechanical_metrics": {
    "joint_loading": 0.9118044738096293,
    "muscle_activation": 0.7925418285989991,
    "energy_efficiency": 0.9655914715072806
  }
}