{
  "power_generation": {
    "explosiveness": 0.591932255567672,
    "force_transfer": 0.8567883650786163,
    "efficiency": 0.8873257537321073
  },
  "technical_metrics": {
    "precision": 0.899115702741514,
    "consistency": 0.6695880811816792,
    "fluidity": 0.9063235940867328
  },
  "biomechanical_metrics": {
    "joint_loading": 0.744032940971332,
    "muscle_activation": 0.835153243265584,
    "energy_efficiency": 0.72863806691098
  }
}