{
  "key_points": {
    "shoulders": [
      -0.0836429822518081,
      0.6051354987895895,
      -0.010304101308939578
    ],
    "elbows": [
      0.021265502605671227,
      0.5921417624845103,
      -0.060545961190393016
    ],
    "wrists": [
      -0.2715624443265038,
      0.4468761461677588,
      0.06061191289378126
    ],
    "hips": [
      0.031020053693077865,
      0.3765775730033393,
      0.04654663958091726
    ],
    "knees": [
      0.25919375488253354,
      0.333490000226197,
      -0.007219003105552901
    ],
    "ankles": [
      0.32773149443170546,
      0.1721084593602838,
      -0.030749739009302265
    ]
  },
  "angles": {
    "knee": 108.29550380049669,
    "hip": 112.98942271226512,
    "shoulder": 30.14372473094773,
    "elbow": 35.20712556814934
  },
  "analysis_scores": {
    "alignment": 0.7074758686507925,
    "balance": 0.7634059762599161,
    "form": 0.8671819415914366,
    "stability": 0.7171854797122401,
    "coordination": 0.7877081600975726,
    "precision": 0.6879133532466378,
    "power": 0.9517665045608169,
    "efficiency": 0.932148048562452,
    "safety": 0.8503667554279166,
    "overall": 0.9415154434361677,
    "shoulder": 0.725784504908179,
    "elbow": 0.888670055908851,
    "wrist": 0.8081870514496948,
    "hip": 0.7606664426698392,
    "knee": 0.639259137102146,
    "ankle": 0.8070431180490415,
    "back": 0.6740074173252616,
    "neck": 0.7784568467034872
  },
  "recommendations": {
    "form": "Good form, continue practicing with current technique",
    "alignment": "Work on maintaining symmetrical movement patterns",
    "stability": "Good stability, continue with current technique",
    "power": "Good power output, maintain current intensity"
  },
  "safety_considerations": []
}