{
  "power_generation": {
    "explosiveness": 0.9117927542323261,
    "force_transfer": 0.8955975682739465,
    "efficiency": 0.9710143170486916
  },
  "technical_metrics": {
    "precision": 0.7426813587563944,
    "consistency": 0.7336622913627497,
    "fluidity": 0.8320725608770374
  },
  "biomechanical_metrics": {
    "joint_loading": 0.559689151213685,
    "muscle_activation": 0.6889312363486761,
    "energy_efficiency": 0.6957693861345275
  }
}