{
  "key_points": {
    "shoulders": [
      -0.024993907210962035,
      0.5802101728412725,
      0.027788520564736102
    ],
    "elbows": [
      0.24527188471371147,
      0.4390537106097379,
      -0.01631665441787397
    ],
    "wrists": [
      0.3153582610188751,
      0.368595987859229,
      0.0021639608392238358
    ],
    "hips": [
      0.09955992637696581,
      0.32965050632123455,
      -0.033973736926785764
    ],
    "knees": [
      -0.1619542200966516,
      0.21897323959412734,
      -0.049559741591069
    ],
    "ankles": [
      -0.0389014838481484,
      0.299772188792794,
      0.03656163635440715
    ]
  },
  "angles": {
    "knee": 56.00596636501382,
    "hip": 56.178514007550774,
    "shoulder": 43.84483438152495,
    "elbow": 126.63051803383975
  },
  "analysis_scores": {
    "alignment": 0.7901664921911661,
    "balance": 0.9443918590086671,
    "form": 0.9457222741514516,
    "stability": 0.7060172762020132,
    "coordination": 0.9116293552542949,
    "precision": 0.6134228752981419,
    "power": 0.8053378579340508,
    "efficiency": 0.9418612621350213,
    "safety": 0.6372673052794926,
    "overall": 0.6521681432138519,
    "shoulder": 0.7626975492314155,
    "elbow": 0.9219264874659786,
    "wrist": 0.8849000333295712,
    "hip": 0.6923538137615656,
    "knee": 0.9932964349301473,
    "ankle": 0.7682145500902247,
    "back": 0.9003775148723063,
    "neck": 0.8573692818114995
  },
  "recommendations": {
    "form": "Good form, continue practicing with current technique",
    "alignment": "Good alignment, maintain current technique",
    "stability": "Good stability, continue with current technique",
    "power": "Good power output, maintain current intensity"
  },
  "safety_considerations": [
    "Focus on proper shoulder positioning for defense"
  ]
}