{
  "power_generation": {
    "explosiveness": 0.7994882351870347,
    "force_transfer": 0.939784715825793,
    "efficiency": 0.6212934963109589
  },
  "technical_metrics": {
    "precision": 0.5101620695205944,
    "consistency": 0.560366774457009,
    "fluidity": 0.5272210373342435
  },
  "biomechanical_metrics": {
    "joint_loading": 0.7140820193908992,
    "muscle_activation": 0.8111404421110515,
    "energy_efficiency": 0.9893425112100517
  }
}