{
  "key_points": {
    "shoulders": [
      0.060806861052609684,
      0.5241710394669467,
      -0.0669843682559981
    ],
    "elbows": [
      -0.07488410849439145,
      0.4073561867094808,
      -0.042624931284607495
    ],
    "wrists": [
      0.34080563323616786,
      0.4900661874716461,
      -0.00757336030056914
    ],
    "hips": [
      -0.11806822719473678,
      0.4460164500238851,
      0.061474328053717414
    ],
    "knees": [
      -0.1583139919275805,
      0.342362991838446,
      -0.09184503922712016
    ],
    "ankles": [
      0.023345396357288994,
      0.2560918313181417,
      0.003649232772131278
    ]
  },
  "angles": {
    "knee": 40.382355491761764,
    "hip": 82.6673342543904,
    "shoulder": 15.107576876005947,
    "elbow": 135.07626329165825
  },
  "analysis_scores": {
    "alignment": 0.9231791683956803,
    "balance": 0.8806452172522617,
    "form": 0.7637898462632947,
    "stability": 0.7297865007568437,
    "coordination": 0.866003953976531,
    "precision": 0.963900876598178,
    "power": 0.8929327236140266,
    "efficiency": 0.6453717004218454,
    "safety": 0.7635572503837978,
    "overall": 0.7890800643871776,
    "shoulder": 0.614321548368336,
    "elbow": 0.9067537017517313,
    "wrist": 0.8243173869175044,
    "hip": 0.9650958760893841,
    "knee": 0.8630647851262756,
    "ankle": 0.8477482482344838,
    "back": 0.7155444126464702,
    "neck": 0.7750070079760567
  },
  "recommendations": {
    "form": "Focus on maintaining proper joint angles during movement",
    "alignment": "Good alignment, maintain current technique",
    "stability": "Focus on maintaining proper posture and balance",
    "power": "Consider increasing intensity gradually"
  },
  "safety_considerations": [
    "Maintain proper hip alignment to prevent lower back strain"
  ]
}