{
  "power_generation": {
    "explosiveness": 0.8749747983390435,
    "force_transfer": 0.7113821922123913,
    "efficiency": 0.9231306306645728
  },
  "technical_metrics": {
    "precision": 0.5212759904830393,
    "consistency": 0.9175078567351402,
    "fluidity": 0.9411965972145531
  },
  "biomechanical_metrics": {
    "joint_loading": 0.7383439431526893,
    "muscle_activation": 0.5700919509636531,
    "energy_efficiency": 0.8188819342687247
  }
}