{
  "key_points": {
    "shoulders": [
      -0.09038778639244072,
      0.6995960527758596,
      -0.04173254287128192
    ],
    "elbows": [
      0.06493122728533102,
      0.4321322238337014,
      -0.0016000053919479618
    ],
    "wrists": [
      0.2922793379368437,
      0.3317732322045788,
      -0.01337583517027903
    ],
    "hips": [
      -0.16645809287527724,
      0.4764275051372099,
      0.04801943295612168
    ],
    "knees": [
      -0.006100235941434107,
      0.3218941777853864,
      -0.092955274703659
    ],
    "ankles": [
      -0.2968293431339588,
      0.23716838528628562,
      0.04379942261321587
    ]
  },
  "angles": {
    "knee": 42.54382246027971,
    "hip": 120.92773868908266,
    "shoulder": 47.44775273961936,
    "elbow": 92.24846719373183
  },
  "analysis_scores": {
    "alignment": 0.6456832649133134,
    "balance": 0.9191340171654121,
    "form": 0.9813943389861675,
    "stability": 0.8468986828897287,
    "coordination": 0.7737198791077653,
    "precision": 0.9004277671518366,
    "power": 0.6450281144448751,
    "efficiency": 0.8206261459118945,
    "safety": 0.6144360349963975,
    "overall": 0.7443332702619455,
    "shoulder": 0.6702915501490664,
    "elbow": 0.8381647295711705,
    "wrist": 0.7975306002139069,
    "hip": 0.961787364719699,
    "knee": 0.9887976002009601,
    "ankle": 0.7592267024845942,
    "back": 0.989833011001817,
    "neck": 0.6584674203862496
  },
  "recommendations": {
    "form": "Good form, continue practicing with current technique",
    "alignment": "Good alignment, maintain current technique",
    "stability": "Good stability, continue with current technique",
    "power": "Good power output, maintain current intensity"
  },
  "safety_considerations": []
}