{
  "key_points": {
    "shoulders": [
      -0.06496301264572729,
      0.6659146002602082,
      0.07873116692787119
    ],
    "elbows": [
      -0.299297711177231,
      0.5891685645107553,
      0.020020113043660664
    ],
    "wrists": [
      -0.08488625458522814,
      0.4681936773899339,
      -0.05288680132805741
    ],
    "hips": [
      0.050359315023112194,
      0.3544054128627454,
      0.07356599844411477
    ],
    "knees": [
      0.16061183354874753,
      0.35766327391873876,
      0.007490889663019765
    ],
    "ankles": [
      0.3701575717356621,
      0.18151562691179243,
      -0.008218677513783065
    ]
  },
  "angles": {
    "knee": 58.762532356045355,
    "hip": 64.69749193827317,
    "shoulder": 38.587448650416,
    "elbow": 149.61677034206866
  },
  "analysis_scores": {
    "alignment": 0.8078600192776162,
    "balance": 0.8710393568292147,
    "form": 0.8993984636568093,
    "stability": 0.8724436695485012,
    "coordination": 0.7027572537955863,
    "precision": 0.6403274402345973,
    "power": 0.7931844501244175,
    "efficiency": 0.8514822011258028,
    "safety": 0.6929707143590093,
    "overall": 0.6279907365453864,
    "shoulder": 0.8714888617146006,
    "elbow": 0.610150757707848,
    "wrist": 0.8284487237633382,
    "hip": 0.7031982495369538,
    "knee": 0.7843958091667477,
    "ankle": 0.8901210622298531,
    "back": 0.9766268730192743,
    "neck": 0.8305669040774653
  },
  "recommendations": {
    "form": "Good form, continue practicing with current technique",
    "alignment": "Good alignment, maintain current technique",
    "stability": "Good stability, continue with current technique",
    "power": "Good power output, maintain current intensity"
  },
  "safety_considerations": [
    "Ensure proper knee alignment to prevent strain"
  ]
}