{
  "power_generation": {
    "explosiveness": 0.9503851108664929,
    "force_transfer": 0.696000367312045,
    "efficiency": 0.5931154725815908
  },
  "technical_metrics": {
    "precision": 0.647644604595748,
    "consistency": 0.8812400077094382,
    "fluidity": 0.9779742941442187
  },
  "biomechanical_metrics": {
    "joint_loading": 0.9441694630939694,
    "muscle_activation": 0.6236730046318749,
    "energy_efficiency": 0.8948361957037785
  }
}