{
  "key_points": {
    "shoulders": [
      0.03154673310268383,
      0.6690700515060483,
      -0.060685534525150825
    ],
    "elbows": [
      -0.13680517141109427,
      0.45654196288434146,
      0.07963578928793602
    ],
    "wrists": [
      -0.1443689068473119,
      0.35883894928149057,
      -0.08595582524644473
    ],
    "hips": [
      -0.11664841886143562,
      0.4170061931846021,
      0.07505129278892025
    ],
    "knees": [
      -0.1834312372991218,
      0.32234578332596986,
      -0.057196325763587796
    ],
    "ankles": [
      -0.1118834575005142,
      0.2792750018511314,
      -0.04137494589594415
    ]
  },
  "angles": {
    "knee": 47.11096618287704,
    "hip": 87.54184675998603,
    "shoulder": 12.31178600513745,
    "elbow": 68.81649805488915
  },
  "analysis_scores": {
    "alignment": 0.7193019465106285,
    "balance": 0.9387579493421029,
    "form": 0.6474180217438527,
    "stability": 0.9655914711157308,
    "coordination": 0.6787513934016998,
    "precision": 0.9169088310485493,
    "power": 0.8902147742590394,
    "efficiency": 0.6775804019106832,
    "safety": 0.6763095477729749,
    "overall": 0.9256606399462018,
    "shoulder": 0.671002099020832,
    "elbow": 0.7817195059999408,
    "wrist": 0.917652989974543,
    "hip": 0.6545597806058089,
    "knee": 0.8545093688999625,
    "ankle": 0.6127714356550139,
    "back": 0.7763149559298432,
    "neck": 0.6784391739091784
  },
  "recommendations": {
    "form": "Good form, continue practicing with current technique",
    "alignment": "Good alignment, maintain current technique",
    "stability": "Good stability, continue with current technique",
    "power": "Good power output, maintain current intensity"
  },
  "safety_considerations": []
}