{
  "power_generation": {
    "explosiveness": 0.9676831514526512,
    "force_transfer": 0.982155269053058,
    "efficiency": 0.9864435401797782
  },
  "technical_metrics": {
    "precision": 0.706702717475856,
    "consistency": 0.505097036064858,
    "fluidity": 0.7057624868359518
  },
  "biomechanical_metrics": {
    "joint_loading": 0.6830726685470436,
    "muscle_activation": 0.549290022332914,
    "energy_efficiency": 0.7989240450597601
  }
}