{
  "key_points": {
    "shoulders": [
      0.01957826430129156,
      0.5619323319557081,
      -0.07597342036395618
    ],
    "elbows": [
      0.21717071931603876,
      0.4587495897663528,
      0.011041758494329049
    ],
    "wrists": [
      0.3820984225413845,
      0.35681277449729354,
      0.031060608776617316
    ],
    "hips": [
      0.14769612514640784,
      0.4943431700794001,
      0.08499689731075527
    ],
    "knees": [
      -0.20933028323396885,
      0.39827315708727584,
      -0.020928474864111563
    ],
    "ankles": [
      -0.27652168758116,
      0.24542767113259448,
      0.0396568510299386
    ]
  },
  "angles": {
    "knee": 118.24282675937748,
    "hip": 86.424918002502,
    "shoulder": 45.25794820703717,
    "elbow": 33.70969858920089
  },
  "analysis_scores": {
    "alignment": 0.7552168912561938,
    "balance": 0.7092866107803575,
    "form": 0.9255955188506826,
    "stability": 0.7181057476761343,
    "coordination": 0.7522671216309733,
    "precision": 0.8268321902724765,
    "power": 0.6983435244112269,
    "efficiency": 0.6842749478807476,
    "safety": 0.6373232486807264,
    "overall": 0.8236906242600303,
    "shoulder": 0.7100091752994993,
    "elbow": 0.7641143210986636,
    "wrist": 0.8901059438273662,
    "hip": 0.8653152027925384,
    "knee": 0.697112174777625,
    "ankle": 0.8589747545585297,
    "back": 0.6664319206270629,
    "neck": 0.6292459479716416
  },
  "recommendations": {
    "form": "Good form, continue practicing with current technique",
    "alignment": "Good alignment, maintain current technique",
    "stability": "Good stability, continue with current technique",
    "power": "Consider increasing intensity gradually"
  },
  "safety_considerations": [
    "Ensure proper body alignment to prevent injury"
  ]
}