{
  "power_generation": {
    "explosiveness": 0.630589046252684,
    "force_transfer": 0.6452930952186833,
    "efficiency": 0.7414442269199999
  },
  "technical_metrics": {
    "precision": 0.9757665187703255,
    "consistency": 0.516748111000798,
    "fluidity": 0.9755154456535543
  },
  "biomechanical_metrics": {
    "joint_loading": 0.9609922192551105,
    "muscle_activation": 0.5283657446553798,
    "energy_efficiency": 0.5751447718647423
  }
}