{
  "key_points": {
    "shoulders": [
      -0.015052811611922262,
      0.5432696775164995,
      -0.06903634446329483
    ],
    "elbows": [
      -0.10798026215135473,
      0.5239575147722831,
      -0.06764708581218509
    ],
    "wrists": [
      0.1316824070712136,
      0.44221888917078556,
      -0.031785003926902825
    ],
    "hips": [
      -0.03473319525788682,
      0.49916362315774965,
      -0.09356753598814244
    ],
    "knees": [
      -0.2868842111338869,
      0.3538868310114772,
      0.08489773023115163
    ],
    "ankles": [
      0.21124546911870412,
      0.15760082321694846,
      0.05586017464060017
    ]
  },
  "angles": {
    "knee": 38.875193840761504,
    "hip": 152.01850486169354,
    "shoulder": 37.22236814105945,
    "elbow": 142.64917391891083
  },
  "analysis_scores": {
    "alignment": 0.8390001842379916,
    "balance": 0.6285461911298548,
    "form": 0.6412822731120803,
    "stability": 0.9025541975273055,
    "coordination": 0.7660643091049121,
    "precision": 0.9712971477908329,
    "power": 0.6840705531249649,
    "efficiency": 0.6533443431348572,
    "safety": 0.64016007794353,
    "overall": 0.7201530919152805,
    "shoulder": 0.8905411823170204,
    "elbow": 0.9521867943779796,
    "wrist": 0.9640909558720132,
    "hip": 0.8408041089659509,
    "knee": 0.991881066068436,
    "ankle": 0.9625688274606041,
    "back": 0.9111124690584465,
    "neck": 0.9637836680922527
  },
  "recommendations": {
    "form": "Good form, continue practicing with current technique",
    "alignment": "Work on maintaining symmetrical movement patterns",
    "stability": "Good stability, continue with current technique",
    "power": "Consider increasing intensity gradually"
  },
  "safety_considerations": []
}