{
  "power_generation": {
    "explosiveness": 0.7313281831174816,
    "force_transfer": 0.9935487681296049,
    "efficiency": 0.7250698469277537
  },
  "technical_metrics": {
    "precision": 0.5451801376363381,
    "consistency": 0.9649141929826022,
    "fluidity": 0.6037630119877961
  },
  "biomechanical_metrics": {
    "joint_loading": 0.8636843502346585,
    "muscle_activation": 0.8764084770593407,
    "energy_efficiency": 0.7968035670130903
  }
}