{
  "key_points": {
    "shoulders": [
      0.14264594635673522,
      0.6474100959851421,
      -0.02329565630213122
    ],
    "elbows": [
      -0.039811614344828494,
      0.4025696913734823,
      0.04014078927710085
    ],
    "wrists": [
      0.09442319714615516,
      0.45105764495563316,
      0.0796426751187638
    ],
    "hips": [
      -0.15123506417981436,
      0.4784227843257688,
      -0.055718044539118175
    ],
    "knees": [
      -0.14274572284181145,
      0.3394840850531483,
      -0.007534247719179724
    ],
    "ankles": [
      -0.27997512184126166,
      0.1210042953262711,
      -0.08145270310011195
    ]
  },
  "angles": {
    "knee": 43.72206033745643,
    "hip": 127.10367344601437,
    "shoulder": 16.90592869542782,
    "elbow": 97.12021277854319
  },
  "analysis_scores": {
    "alignment": 0.7508310826957304,
    "balance": 0.7592973459423771,
    "form": 0.9567449375070808,
    "stability": 0.9137866453097856,
    "coordination": 0.8686937230388296,
    "precision": 0.6784727858265776,
    "power": 0.6033043584946501,
    "efficiency": 0.6905044398930653,
    "safety": 0.6362987899798619,
    "overall": 0.6367336120226196,
    "shoulder": 0.6361754941486998,
    "elbow": 0.8852719595164238,
    "wrist": 0.9039934755382936,
    "hip": 0.6283927697342236,
    "knee": 0.706973423726335,
    "ankle": 0.7904191878155999,
    "back": 0.6106079360780986,
    "neck": 0.9788177202811406
  },
  "recommendations": {
    "form": "Good form, continue practicing with current technique",
    "alignment": "Good alignment, maintain current technique",
    "stability": "Good stability, continue with current technique",
    "power": "Good power output, maintain current intensity"
  },
  "safety_considerations": [
    "Maintain proper knee tracking"
  ]
}