{
  "power_generation": {
    "explosiveness": 0.6512411849824984,
    "force_transfer": 0.5346196634060285,
    "efficiency": 0.6344062879804173
  },
  "technical_metrics": {
    "precision": 0.7599935127060039,
    "consistency": 0.9291226118311012,
    "fluidity": 0.6313614164183947
  },
  "biomechanical_metrics": {
    "joint_loading": 0.7574494284419282,
    "muscle_activation": 0.8471710217668933,
    "energy_efficiency": 0.7721806540869072
  }
}