{
  "key_points": {
    "shoulders": [
      -0.053017852893432554,
      0.5295602316931446,
      -0.0876595502543402
    ],
    "elbows": [
      0.262834868778194,
      0.5721825997822098,
      -0.09969065196074678
    ],
    "wrists": [
      -0.2900685594491793,
      0.45332226480967075,
      0.0926127517252677
    ],
    "hips": [
      0.05552367313108919,
      0.484747550694461,
      -0.05523533795065179
    ],
    "knees": [
      0.10210468992443816,
      0.3341810632364125,
      -0.02549284163006467
    ],
    "ankles": [
      0.025637397728585587,
      0.27882429163053046,
      0.06272895481732674
    ]
  },
  "angles": {
    "knee": 101.96107881660015,
    "hip": 123.31747772803999,
    "shoulder": 50.6238869704648,
    "elbow": 83.79417176788799
  },
  "analysis_scores": {
    "alignment": 0.8736485163112495,
    "balance": 0.6456701804778507,
    "form": 0.9446302163926541,
    "stability": 0.6629262710116062,
    "coordination": 0.9414887806278999,
    "precision": 0.6209058700682208,
    "power": 0.762461032341066,
    "efficiency": 0.6307444351432606,
    "safety": 0.8859706001161287,
    "overall": 0.9217566037334227,
    "shoulder": 0.8207559937338917,
    "elbow": 0.9091380784426158,
    "wrist": 0.9955092825569304,
    "hip": 0.6467275047969866,
    "knee": 0.7403022763329121,
    "ankle": 0.8206881603669708,
    "back": 0.6060482673927404,
    "neck": 0.761005963097723
  },
  "recommendations": {
    "form": "Good form, continue practicing with current technique",
    "alignment": "Good alignment, maintain current technique",
    "stability": "Good stability, continue with current technique",
    "power": "Good power output, maintain current intensity"
  },
  "safety_considerations": [
    "Ensure proper shoulder mechanics during swing"
  ]
}