{
  "power_generation": {
    "explosiveness": 0.6479179412248262,
    "force_transfer": 0.9361386747567572,
    "efficiency": 0.7486669352084998
  },
  "technical_metrics": {
    "precision": 0.8455218162122788,
    "consistency": 0.7091155319464925,
    "fluidity": 0.986881204145655
  },
  "biomechanical_metrics": {
    "joint_loading": 0.6617325304488555,
    "muscle_activation": 0.6735612277470719,
    "energy_efficiency": 0.593202027609998
  }
}