{
  "key_points": {
    "shoulders": [
      -0.17324175399321715,
      0.60686247004281,
      0.01690420925240907
    ],
    "elbows": [
      0.04077944149506513,
      0.5128967445018944,
      0.05864851632149734
    ],
    "wrists": [
      -0.027320915600318407,
      0.37667087859195447,
      0.05321313627285276
    ],
    "hips": [
      -0.05891545038404741,
      0.39841121515099576,
      0.061347364037489444
    ],
    "knees": [
      0.1868681406699238,
      0.35378277331741376,
      -0.03702443732496426
    ],
    "ankles": [
      -0.27832640040067375,
      0.2797407743921827,
      -0.07321870892307314
    ]
  },
  "angles": {
    "knee": 158.47297509606415,
    "hip": 85.70261039697233,
    "shoulder": 24.08517118531647,
    "elbow": 68.35593404978023
  },
  "analysis_scores": {
    "alignment": 0.9171082697342704,
    "balance": 0.9493518689389403,
    "form": 0.9806860524425104,
    "stability": 0.6618214280927508,
    "coordination": 0.9273062905610906,
    "precision": 0.9757332074260795,
    "power": 0.6702002813351199,
    "efficiency": 0.8809670596642607,
    "safety": 0.8345898865183308,
    "overall": 0.9632436259240953,
    "shoulder": 0.6846344014325704,
    "elbow": 0.8945590560781674,
    "wrist": 0.6897601861922543,
    "hip": 0.8344986748451971,
    "knee": 0.8031538515856894,
    "ankle": 0.8389738392787693,
    "back": 0.7024881725820747,
    "neck": 0.88772044457669
  },
  "recommendations": {
    "form": "Good form, continue practicing with current technique",
    "alignment": "Good alignment, maintain current technique",
    "stability": "Good stability, continue with current technique",
    "power": "Consider increasing intensity gradually"
  },
  "safety_considerations": []
}