{
  "power_generation": {
    "explosiveness": 0.8997777837220986,
    "force_transfer": 0.8016646750738785,
    "efficiency": 0.7213929384523312
  },
  "technical_metrics": {
    "precision": 0.9967902065035369,
    "consistency": 0.8081425779339839,
    "fluidity": 0.6345340632949883
  },
  "biomechanical_metrics": {
    "joint_loading": 0.8378182563358774,
    "muscle_activation": 0.8720100668612942,
    "energy_efficiency": 0.5249750662088635
  }
}