{
  "power_generation": {
    "explosiveness": 0.6766969163260543,
    "force_transfer": 0.5614727879667709,
    "efficiency": 0.890139580538676
  },
  "technical_metrics": {
    "precision": 0.9539074828168894,
    "consistency": 0.9813237551615706,
    "fluidity": 0.5237359212757802
  },
  "biomechanical_metrics": {
    "joint_loading": 0.7973593582713382,
    "muscle_activation": 0.7354384029459193,
    "energy_efficiency": 0.6307909870261308
  }
}