{
  "key_points": {
    "shoulders": [
      0.14815533327330438,
      0.6673597701456974,
      -0.09007977050807679
    ],
    "elbows": [
      0.2791895051457745,
      0.554291361917956,
      0.08216049636167563
    ],
    "wrists": [
      -0.13253568477257627,
      0.3255818602844424,
      -0.004154642970851857
    ],
    "hips": [
      0.07417185069044369,
      0.4917940445371916,
      0.034350528284098875
    ],
    "knees": [
      0.055935768862449886,
      0.3538846383966687,
      0.04259573829109439
    ],
    "ankles": [
      -0.2440363318006508,
      0.2545638868434992,
      -0.06308747930033137
    ]
  },
  "angles": {
    "knee": 118.89976493459339,
    "hip": 126.00942309033918,
    "shoulder": 36.2674061798084,
    "elbow": 31.597014677109087
  },
  "analysis_scores": {
    "alignment": 0.7746952031243526,
    "balance": 0.8189576656189699,
    "form": 0.603167626969643,
    "stability": 0.7464079559330329,
    "coordination": 0.7038090689265653,
    "precision": 0.7867777396736274,
    "power": 0.6138045024113806,
    "efficiency": 0.9747907044167962,
    "safety": 0.8301576972087408,
    "overall": 0.9279176392503101,
    "shoulder": 0.9887043550113105,
    "elbow": 0.8250364592673137,
    "wrist": 0.7864856761442989,
    "hip": 0.9183532610074143,
    "knee": 0.6151156239830978,
    "ankle": 0.6626984202473318,
    "back": 0.8845565480232984,
    "neck": 0.8574762412509993
  },
  "recommendations": {
    "form": "Good form, continue practicing with current technique",
    "alignment": "Good alignment, maintain current technique",
    "stability": "Good stability, continue with current technique",
    "power": "Consider increasing intensity gradually"
  },
  "safety_considerations": [
    "Maintain proper knee tracking"
  ]
}