{
  "power_generation": {
    "explosiveness": 0.5291689233676062,
    "force_transfer": 0.6056320457666784,
    "efficiency": 0.6383892930065782
  },
  "technical_metrics": {
    "precision": 0.7220072430791826,
    "consistency": 0.7286849307546248,
    "fluidity": 0.9546160049667674
  },
  "biomechanical_metrics": {
    "joint_loading": 0.6540342233001382,
    "muscle_activation": 0.7795440976629531,
    "energy_efficiency": 0.8095792180323174
  }
}