{
  "key_points": {
    "shoulders": [
      0.011263653494428205,
      0.5993691536203863,
      0.06114608046525294
    ],
    "elbows": [
      -0.14563262535653113,
      0.5660492732173236,
      0.055298686967033384
    ],
    "wrists": [
      0.16027103614896832,
      0.40575631553845964,
      0.03004729091367528
    ],
    "hips": [
      0.1811368140952252,
      0.37137489558794917,
      0.09739083259824768
    ],
    "knees": [
      0.23844859543720182,
      0.2525314814082914,
      -0.07907837462840868
    ],
    "ankles": [
      -0.013686062809721289,
      0.24505224829672798,
      0.03986591678973839
    ]
  },
  "angles": {
    "knee": 87.25282777031902,
    "hip": 85.66389486328848,
    "shoulder": 22.91165741171957,
    "elbow": 111.7981659746889
  },
  "analysis_scores": {
    "alignment": 0.964392695982471,
    "balance": 0.7854971765148425,
    "form": 0.6013876772636911,
    "stability": 0.8138323549365242,
    "coordination": 0.6939177695076653,
    "precision": 0.7455171303912151,
    "power": 0.6173766609934948,
    "efficiency": 0.8836465280249839,
    "safety": 0.6084790388481304,
    "overall": 0.6801332526145973,
    "shoulder": 0.9047682591766745,
    "elbow": 0.8726775372180104,
    "wrist": 0.8518556840195343,
    "hip": 0.9842728006091334,
    "knee": 0.7803309182129659,
    "ankle": 0.9065531443803976,
    "back": 0.6806136564567492,
    "neck": 0.9945447067163947
  },
  "recommendations": {
    "form": "Good form, continue practicing with current technique",
    "alignment": "Good alignment, maintain current technique",
    "stability": "Good stability, continue with current technique",
    "power": "Good power output, maintain current intensity"
  },
  "safety_considerations": []
}