{
  "power_generation": {
    "explosiveness": 0.5324536854987205,
    "force_transfer": 0.7921065429809767,
    "efficiency": 0.6546553116493579
  },
  "technical_metrics": {
    "precision": 0.5108314797402065,
    "consistency": 0.6658183920458491,
    "fluidity": 0.7133938509028153
  },
  "biomechanical_metrics": {
    "joint_loading": 0.8077505684714492,
    "muscle_activation": 0.8689079541922184,
    "energy_efficiency": 0.8492501243163635
  }
}