{
  "key_points": {
    "shoulders": [
      0.17882915493310086,
      0.633528056690604,
      0.044826259588832684
    ],
    "elbows": [
      -0.1549795844253225,
      0.4651827794662734,
      0.033687865492574465
    ],
    "wrists": [
      -0.33704622192397143,
      0.43870515089585943,
      -0.04963730984265738
    ],
    "hips": [
      0.04459384207169287,
      0.43505806467721986,
      0.019086103241218552
    ],
    "knees": [
      -0.09842630519251372,
      0.2280000083474009,
      -0.06749498709246188
    ],
    "ankles": [
      0.30403416533167993,
      0.11553846761832638,
      0.09329583950364448
    ]
  },
  "angles": {
    "knee": 149.24684342474072,
    "hip": 117.08471553257374,
    "shoulder": 39.97395776965519,
    "elbow": 79.57362531168357
  },
  "analysis_scores": {
    "alignment": 0.803704911764779,
    "balance": 0.885846484466043,
    "form": 0.6311682321691758,
    "stability": 0.7157954994795943,
    "coordination": 0.6393330076219309,
    "precision": 0.8382013692903354,
    "power": 0.6313682881357027,
    "efficiency": 0.6340095318055757,
    "safety": 0.9014362273132476,
    "overall": 0.691485933227414,
    "shoulder": 0.7289840578216343,
    "elbow": 0.6237542745602761,
    "wrist": 0.9005269987799059,
    "hip": 0.7261295985879572,
    "knee": 0.9502696933043712,
    "ankle": 0.8515997131434675,
    "back": 0.7241337603472485,
    "neck": 0.8215893422004154
  },
  "recommendations": {
    "form": "Good form, continue practicing with current technique",
    "alignment": "Good alignment, maintain current technique",
    "stability": "Good stability, continue with current technique",
    "power": "Consider increasing intensity gradually"
  },
  "safety_considerations": []
}