{
  "power_generation": {
    "explosiveness": 0.5352583473375583,
    "force_transfer": 0.9971155071031439,
    "efficiency": 0.916258793339445
  },
  "technical_metrics": {
    "precision": 0.9305099700400631,
    "consistency": 0.736194012944361,
    "fluidity": 0.8618571317898684
  },
  "biomechanical_metrics": {
    "joint_loading": 0.6088072081239116,
    "muscle_activation": 0.5325218795169382,
    "energy_efficiency": 0.6778478394079519
  }
}