{
  "key_points": {
    "shoulders": [
      -0.08731678230731665,
      0.5496059341355957,
      0.09382386783320659
    ],
    "elbows": [
      0.1988247129382667,
      0.4305919432595918,
      0.009597011723474644
    ],
    "wrists": [
      0.3847509467837774,
      0.34331034647499786,
      0.09599957564735137
    ],
    "hips": [
      -0.010638235998240486,
      0.48985944338481635,
      0.04404890729206945
    ],
    "knees": [
      -0.2668125331912345,
      0.30055509810176784,
      -0.0983900529853194
    ],
    "ankles": [
      0.30047511945894934,
      0.14496623473692682,
      -0.0006396658803123623
    ]
  },
  "angles": {
    "knee": 146.32385919993746,
    "hip": 81.2729414269465,
    "shoulder": 55.73840930136014,
    "elbow": 72.15122260351204
  },
  "analysis_scores": {
    "alignment": 0.6052188613385258,
    "balance": 0.8273992066330874,
    "form": 0.991347854483648,
    "stability": 0.6203127623885542,
    "coordination": 0.8193550787624881,
    "precision": 0.8275559360041909,
    "power": 0.608763091580596,
    "efficiency": 0.6259003079716022,
    "safety": 0.9605458520297876,
    "overall": 0.7547366985942585,
    "shoulder": 0.967470019742333,
    "elbow": 0.9530152457385718,
    "wrist": 0.823005410835538,
    "hip": 0.8876635325329094,
    "knee": 0.8512403664059696,
    "ankle": 0.9161731082226097,
    "back": 0.9940826033515229,
    "neck": 0.6758467193128616
  },
  "recommendations": {
    "form": "Focus on maintaining proper joint angles during movement",
    "alignment": "Good alignment, maintain current technique",
    "stability": "Good stability, continue with current technique",
    "power": "Consider increasing intensity gradually"
  },
  "safety_considerations": []
}