{
  "key_points": {
    "shoulders": [
      0.11947763087788571,
      0.5063328180182834,
      0.050020603647173645
    ],
    "elbows": [
      0.12873437777200958,
      0.4762441164449712,
      0.05502906605762575
    ],
    "wrists": [
      0.2548954111014632,
      0.3540762908810294,
      -0.021349879424208934
    ],
    "hips": [
      0.10470572784414928,
      0.42608114972591227,
      -0.021119259056423353
    ],
    "knees": [
      -0.05739022554416756,
      0.28672945416222373,
      0.09275957793612033
    ],
    "ankles": [
      0.010180338218400309,
      0.2730534577675513,
      0.08473751982652683
    ]
  },
  "angles": {
    "knee": 22.290444584662673,
    "hip": 87.13092574839109,
    "shoulder": 35.96293366899321,
    "elbow": 56.3239089221174
  },
  "analysis_scores": {
    "alignment": 0.7835732464956026,
    "balance": 0.695022062721814,
    "form": 0.6857497993673334,
    "stability": 0.8989567668186961,
    "coordination": 0.738327503791693,
    "precision": 0.8707528835577176,
    "power": 0.8387324936528833,
    "efficiency": 0.965333705305422,
    "safety": 0.8802988079256173,
    "overall": 0.9048770233903143,
    "shoulder": 0.8313961786300548,
    "elbow": 0.8136630803812004,
    "wrist": 0.7995269055669109,
    "hip": 0.9063820292509193,
    "knee": 0.9154946094808403,
    "ankle": 0.7040773874694853,
    "back": 0.6794279551145045,
    "neck": 0.8044192628688797
  },
  "recommendations": {
    "form": "Good form, continue practicing with current technique",
    "alignment": "Good alignment, maintain current technique",
    "stability": "Good stability, continue with current technique",
    "power": "Good power output, maintain current intensity"
  },
  "safety_considerations": [
    "Focus on proper shoulder positioning to prevent impingement",
    "Maintain proper elbow alignment"
  ]
}