{
  "power_generation": {
    "explosiveness": 0.996016335336167,
    "force_transfer": 0.8492604133101685,
    "efficiency": 0.5138631815970803
  },
  "technical_metrics": {
    "precision": 0.606672062977623,
    "consistency": 0.8272262903403611,
    "fluidity": 0.9200747812462208
  },
  "biomechanical_metrics": {
    "joint_loading": 0.9483283840773278,
    "muscle_activation": 0.7305199733901007,
    "energy_efficiency": 0.702852516991484
  }
}