{
  "power_generation": {
    "explosiveness": 0.8074299803680163,
    "force_transfer": 0.504426497129866,
    "efficiency": 0.5727038607694559
  },
  "technical_metrics": {
    "precision": 0.9383036449777069,
    "consistency": 0.9477295028997303,
    "fluidity": 0.839267991961804
  },
  "biomechanical_metrics": {
    "joint_loading": 0.6126690927131279,
    "muscle_activation": 0.5589870873392058,
    "energy_efficiency": 0.6181617704847252
  }
}