{
  "key_points": {
    "shoulders": [
      -0.11299276491536228,
      0.5596958270349092,
      0.06558745412654043
    ],
    "elbows": [
      0.28759647866707944,
      0.46213659406036584,
      -0.041223439817439034
    ],
    "wrists": [
      -0.34046061185293425,
      0.32917069916420655,
      0.07047445559820228
    ],
    "hips": [
      0.11418851679171554,
      0.4676307361389943,
      0.01000582967880323
    ],
    "knees": [
      0.07809262068101447,
      0.2119674452366953,
      -0.08008892951763565
    ],
    "ankles": [
      -0.3959348200452284,
      0.16744626882011548,
      -0.0627816510115576
    ]
  },
  "angles": {
    "knee": 86.09683778685766,
    "hip": 56.68755067252955,
    "shoulder": 55.6041763617496,
    "elbow": 60.32453102765541
  },
  "analysis_scores": {
    "alignment": 0.6567881650540045,
    "balance": 0.7149848919986137,
    "form": 0.9937086766464183,
    "stability": 0.9878481019547325,
    "coordination": 0.726793133469355,
    "precision": 0.8452257326490942,
    "power": 0.6801287325789878,
    "efficiency": 0.9316873944128632,
    "safety": 0.8193996307875038,
    "overall": 0.6395486337801404,
    "shoulder": 0.8107305602274497,
    "elbow": 0.9913309589140463,
    "wrist": 0.700428210078127,
    "hip": 0.892424602925729,
    "knee": 0.6613631100892354,
    "ankle": 0.9940436665605736,
    "back": 0.7168106357369991,
    "neck": 0.6309006875137656
  },
  "recommendations": {
    "form": "Good form, continue practicing with current technique",
    "alignment": "Good alignment, maintain current technique",
    "stability": "Good stability, continue with current technique",
    "power": "Good power output, maintain current intensity"
  },
  "safety_considerations": []
}