{
  "key_points": {
    "shoulders": [
      0.1218068357385324,
      0.6941726340859846,
      0.017396254543756706
    ],
    "elbows": [
      -0.010788807899069663,
      0.5232915945180893,
      -0.064708123436935
    ],
    "wrists": [
      0.20438553499163636,
      0.3475963475679714,
      0.08913260815017118
    ],
    "hips": [
      -0.16875111660840167,
      0.39846806069070667,
      -0.01177077444898092
    ],
    "knees": [
      -0.16384151347509326,
      0.3377161499677074,
      0.09173179295562273
    ],
    "ankles": [
      -0.3511758785409074,
      0.1775092419344601,
      -0.08082524536341953
    ]
  },
  "angles": {
    "knee": 78.05140475749786,
    "hip": 121.30935299943076,
    "shoulder": 52.058582742286376,
    "elbow": 121.20165385199441
  },
  "analysis_scores": {
    "alignment": 0.9671008651500819,
    "balance": 0.7635217220921691,
    "form": 0.662565696000469,
    "stability": 0.6650229936669052,
    "coordination": 0.7304022382034172,
    "precision": 0.6683660345354591,
    "power": 0.8452039582263075,
    "efficiency": 0.8725914687627901,
    "safety": 0.7917916889691599,
    "overall": 0.680505274969104,
    "shoulder": 0.9410784492056424,
    "elbow": 0.9804162739585126,
    "wrist": 0.9291441600693595,
    "hip": 0.9728041933514525,
    "knee": 0.6557166868397029,
    "ankle": 0.8302522289122666,
    "back": 0.6981974653993722,
    "neck": 0.9488238698937241
  },
  "recommendations": {
    "form": "Good form, continue practicing with current technique",
    "alignment": "Work on maintaining symmetrical movement patterns",
    "stability": "Focus on maintaining proper posture and balance",
    "power": "Good power output, maintain current intensity"
  },
  "safety_considerations": []
}