{
  "key_points": {
    "shoulders": [
      0.1793862035740969,
      0.6253946988302976,
      -0.0289113813048143
    ],
    "elbows": [
      -0.10017989664811891,
      0.4072638491528456,
      -0.07121909457603628
    ],
    "wrists": [
      -0.1124122689583879,
      0.3877166518052112,
      -0.06757363303521738
    ],
    "hips": [
      -0.1855684406170517,
      0.3356356144548799,
      0.0894919970759945
    ],
    "knees": [
      -0.08948049761564808,
      0.32900992956954583,
      -0.02500378920750304
    ],
    "ankles": [
      -0.12518823120544698,
      0.2844628628657926,
      0.05619525544864121
    ]
  },
  "angles": {
    "knee": 62.40214697326229,
    "hip": 87.79464148511912,
    "shoulder": 21.81655142261003,
    "elbow": 152.83507384673692
  },
  "analysis_scores": {
    "alignment": 0.9039249555480493,
    "balance": 0.9503583535104045,
    "form": 0.6698453762750244,
    "stability": 0.6688441145158328,
    "coordination": 0.7989804878569252,
    "precision": 0.9477679113197957,
    "power": 0.7553932915458114,
    "efficiency": 0.6692569145342219,
    "safety": 0.8806651575508762,
    "overall": 0.781051560990243,
    "shoulder": 0.9123228813931062,
    "elbow": 0.6573071231704091,
    "wrist": 0.6176278750346056,
    "hip": 0.761497554098098,
    "knee": 0.6080856179138566,
    "ankle": 0.6859848205177592,
    "back": 0.7704802360095472,
    "neck": 0.8059003644571348
  },
  "recommendations": {
    "form": "Good form, continue practicing with current technique",
    "alignment": "Good alignment, maintain current technique",
    "stability": "Focus on maintaining proper posture and balance",
    "power": "Good power output, maintain current intensity"
  },
  "safety_considerations": [
    "Maintain proper elbow alignment to prevent tennis elbow"
  ]
}