{
  "power_generation": {
    "explosiveness": 0.8719180362983932,
    "force_transfer": 0.8116755479250075,
    "efficiency": 0.7846433281897501
  },
  "technical_metrics": {
    "precision": 0.5720260395949998,
    "consistency": 0.7415131940799737,
    "fluidity": 0.8381083453757301
  },
  "biomechanical_metrics": {
    "joint_loading": 0.8708213656198012,
    "muscle_activation": 0.5118033980924657,
    "energy_efficiency": 0.7171759286572025
  }
}