{
  "key_points": {
    "shoulders": [
      -0.25937928854347436,
      0.7666599417321294,
      0.1899267924979936
    ],
    "hips": [
      0.30554468242148236,
      0.4030792530598079,
      -0.19370866169152007
    ],
    "knees": [
      0.0397654243918405,
      0.440328261622039,
      -0.0676377645458428
    ],
    "ankles": [
      0.06206119214405659,
      0.34462504574336783,
      0.1365526874435608
    ]
  },
  "angles": {
    "knee": 41.256847688802246,
    "hip": 107.49201875261714,
    "shoulder": 51.43334278358277
  },
  "analysis_scores": {
    "alignment": 0.7058851168269032,
    "balance": 0.8766570162490193,
    "form": 0.878985943197226,
    "stability": 0.7476902733873909,
    "coordination": 0.9822127632894055,
    "precision": 0.7115556262700269,
    "power": 0.9904329514433642,
    "efficiency": 0.8327124088656667,
    "safety": 0.8765202919570318,
    "overall": 0.6419830491848403,
    "shoulder": 0.946166077811795,
    "elbow": 0.9486587448056075,
    "wrist": 0.8691299145481963,
    "hip": 1.0,
    "knee": 0.898990075320439,
    "ankle": 1.0,
    "back": 0.8501122124728215,
    "neck": 0.9427457456230448
  },
  "recommendations": {
    "form": "Focus on maintaining proper joint angles during movement",
    "alignment": "Work on maintaining symmetrical movement patterns",
    "stability": "Good stability, continue with current technique",
    "power": "Consider increasing intensity gradually"
  },
  "safety_considerations": []
}