{
  "power_generation": {
    "explosiveness": 0.9026291821172129,
    "force_transfer": 0.8133481567049067,
    "efficiency": 0.5098147193891083
  },
  "technical_metrics": {
    "precision": 0.8970869542508856,
    "consistency": 0.7412602640561125,
    "fluidity": 0.5711051132037808
  },
  "biomechanical_metrics": {
    "joint_loading": 0.5223999933371297,
    "muscle_activation": 0.7932256135061216,
    "energy_efficiency": 0.8757794407794153
  }
}