{
  "key_points": {
    "shoulders": [
      0.02538785722342865,
      0.600364347403301,
      -0.09114896965121605
    ],
    "elbows": [
      0.0371937714724474,
      0.5585643423028295,
      0.04940504302726187
    ],
    "wrists": [
      0.23661634362934014,
      0.4574771084253673,
      0.017449057166078058
    ],
    "hips": [
      -0.020502706662334058,
      0.3442368620440446,
      0.046227047374085894
    ],
    "knees": [
      -0.08444503081277072,
      0.24083039723545688,
      0.01595962673661
    ],
    "ankles": [
      -0.06293315454069781,
      0.19308698952138215,
      0.07582825648330613
    ]
  },
  "angles": {
    "knee": 110.43114214149173,
    "hip": 128.72780928223597,
    "shoulder": 42.02567407601394,
    "elbow": 113.1922055654417
  },
  "analysis_scores": {
    "alignment": 0.6705240811595712,
    "balance": 0.8271606674606464,
    "form": 0.9363331813206174,
    "stability": 0.951423012444726,
    "coordination": 0.7900845378322059,
    "precision": 0.7024591962044693,
    "power": 0.9815055608486034,
    "efficiency": 0.9861848242704523,
    "safety": 0.8633059145268095,
    "overall": 0.8729730533113746,
    "shoulder": 0.8092222990849,
    "elbow": 0.6628919649124553,
    "wrist": 0.8630653882796706,
    "hip": 0.8292623763685677,
    "knee": 0.8785468326845418,
    "ankle": 0.8808201676339102,
    "back": 0.7116932136399442,
    "neck": 0.6967764271496287
  },
  "recommendations": {
    "form": "Good form, continue practicing with current technique",
    "alignment": "Good alignment, maintain current technique",
    "stability": "Good stability, continue with current technique",
    "power": "Good power output, maintain current intensity"
  },
  "safety_considerations": []
}