{
  "power_generation": {
    "explosiveness": 0.54056771704201,
    "force_transfer": 0.8184677643240404,
    "efficiency": 0.87190885974193
  },
  "technical_metrics": {
    "precision": 0.5006771791991946,
    "consistency": 0.699619033302749,
    "fluidity": 0.5978506977752218
  },
  "biomechanical_metrics": {
    "joint_loading": 0.799953402945222,
    "muscle_activation": 0.9648036180421693,
    "energy_efficiency": 0.7324321457450844
  }
}