{
  "key_points": {
    "shoulders": [
      -0.12162182168102242,
      0.6063398928529243,
      0.011448528912832268
    ],
    "elbows": [
      -0.11876200188554409,
      0.44499699180107183,
      -0.14966015013642467
    ],
    "wrists": [
      0.36425323350799976,
      0.4590973180691272,
      0.14002496179935314
    ],
    "hips": [
      0.18630199452478363,
      0.34813473016572494,
      0.05192254837278559
    ]
  },
  "angles": {
    "shoulder": 59.85181022298898,
    "elbow": 102.43800917392714
  },
  "analysis_scores": {
    "alignment": 0.9508126428549646,
    "balance": 0.715861659576695,
    "form": 0.6252347529124299,
    "stability": 0.8435334697027246,
    "coordination": 0.7905241075187882,
    "precision": 0.9629595701088451,
    "power": 0.7923544757088481,
    "efficiency": 0.6027730184155101,
    "safety": 0.6257381711371953,
    "overall": 0.9201515162885303,
    "shoulder": 1.0,
    "elbow": 1.0,
    "wrist": 1.0,
    "hip": 0.7728317140399137,
    "knee": 0.6120152405881382,
    "ankle": 0.9915910204785938,
    "back": 0.9209226894040461,
    "neck": 0.8155297690114109
  },
  "recommendations": {
    "form": "Good form, continue practicing with current technique",
    "alignment": "Work on maintaining symmetrical movement patterns",
    "stability": "Good stability, continue with current technique",
    "power": "Good power output, maintain current intensity"
  },
  "safety_considerations": []
}