{
  "power_generation": {
    "explosiveness": 0.7632571566737313,
    "force_transfer": 0.585171092304331,
    "efficiency": 0.8091234219346248
  },
  "technical_metrics": {
    "precision": 0.8035417940317864,
    "consistency": 0.7017867365965536,
    "fluidity": 0.6095126732074554
  },
  "biomechanical_metrics": {
    "joint_loading": 0.9205242355357701,
    "muscle_activation": 0.6657863063152303,
    "energy_efficiency": 0.9188563421715035
  }
}