{
  "key_points": {
    "shoulders": [
      -0.125170841267212,
      0.6326557966306043,
      -0.09298658554418504
    ],
    "elbows": [
      -0.2564040907898131,
      0.5351772815469968,
      0.002737109642067831
    ],
    "wrists": [
      -0.3994503277392756,
      0.49269293728297553,
      0.028346900428402377
    ],
    "hips": [
      -0.06958451980024113,
      0.4529447339100813,
      -0.08831759318410759
    ],
    "knees": [
      0.07454600818499146,
      0.37293447566947374,
      0.07888367303593849
    ],
    "ankles": [
      0.34345244428543065,
      0.16297523255460494,
      0.04443381959523246
    ]
  },
  "angles": {
    "knee": 124.44372142876391,
    "hip": 151.73629076971955,
    "shoulder": 20.01155138463013,
    "elbow": 108.32062740000326
  },
  "analysis_scores": {
    "alignment": 0.7763573495008352,
    "balance": 0.9642937342163348,
    "form": 0.8637913401081508,
    "stability": 0.9674037676418529,
    "coordination": 0.7728092411345209,
    "precision": 0.7368851544398463,
    "power": 0.9355279162355199,
    "efficiency": 0.7723209853257081,
    "safety": 0.8238994833494637,
    "overall": 0.6391391019459919,
    "shoulder": 0.939096066195451,
    "elbow": 0.8161880451798597,
    "wrist": 0.7614353119459585,
    "hip": 0.8557190839050031,
    "knee": 0.8332959753218401,
    "ankle": 0.9748663155252516,
    "back": 0.79789163850439,
    "neck": 0.8487265822784475
  },
  "recommendations": {
    "form": "Focus on maintaining proper joint angles during movement",
    "alignment": "Good alignment, maintain current technique",
    "stability": "Focus on maintaining proper posture and balance",
    "power": "Good power output, maintain current intensity"
  },
  "safety_considerations": []
}