{
  "power_generation": {
    "explosiveness": 0.7761600201973224,
    "force_transfer": 0.598074017440143,
    "efficiency": 0.7739589463290717
  },
  "technical_metrics": {
    "precision": 0.6778786143733597,
    "consistency": 0.5646380493833205,
    "fluidity": 0.8970918252610998
  },
  "biomechanical_metrics": {
    "joint_loading": 0.5130029838362955,
    "muscle_activation": 0.8770530150558,
    "energy_efficiency": 0.762674442034333
  }
}