{
  "key_points": {
    "shoulders": [
      0.010727449949394396,
      0.6280820128027926,
      -0.0690553426277327
    ],
    "elbows": [
      0.10746093463148798,
      0.46584636361632203,
      0.013619732880633076
    ],
    "wrists": [
      -0.08461777894904882,
      0.3061308711844755,
      -0.050244386592568115
    ],
    "hips": [
      0.15281764732297592,
      0.4063241889213269,
      -0.030186638578409156
    ],
    "knees": [
      0.1460199098292403,
      0.20802542558186454,
      0.0753454301381051
    ],
    "ankles": [
      -0.009178950534857122,
      0.23015456579832555,
      -0.09689463095981668
    ]
  },
  "angles": {
    "knee": 42.79632470354546,
    "hip": 101.92966646560723,
    "shoulder": 24.33456113266129,
    "elbow": 86.26401120650992
  },
  "analysis_scores": {
    "alignment": 0.6097213495624211,
    "balance": 0.6325566733939477,
    "form": 0.9000078091260417,
    "stability": 0.6738877020852657,
    "coordination": 0.6349982755135223,
    "precision": 0.7333235422722926,
    "power": 0.840130711459034,
    "efficiency": 0.8862232188932115,
    "safety": 0.9074464479386399,
    "overall": 0.8883943048775544,
    "shoulder": 0.7299498682813627,
    "elbow": 0.8987719368035452,
    "wrist": 0.810983310322586,
    "hip": 0.658942714919175,
    "knee": 0.7474610806583739,
    "ankle": 0.6876538173594278,
    "back": 0.8239377068082251,
    "neck": 0.7280046433432832
  },
  "recommendations": {
    "form": "Good form, continue practicing with current technique",
    "alignment": "Work on maintaining symmetrical movement patterns",
    "stability": "Good stability, continue with current technique",
    "power": "Good power output, maintain current intensity"
  },
  "safety_considerations": []
}