{
  "power_generation": {
    "explosiveness": 0.6999288263241692,
    "force_transfer": 0.5538715182328818,
    "efficiency": 0.9639247325613187
  },
  "technical_metrics": {
    "precision": 0.6882906232088031,
    "consistency": 0.8267349636041583,
    "fluidity": 0.8064677367394335
  },
  "biomechanical_metrics": {
    "joint_loading": 0.9161136337648519,
    "muscle_activation": 0.5107647155131647,
    "energy_efficiency": 0.6883934536439771
  }
}