{
  "key_points": {
    "shoulders": [
      0.06557426877361344,
      0.5893220425005528,
      0.061731583505865745
    ],
    "elbows": [
      -0.04415065749323327,
      0.43994362861050135,
      0.0982930556800323
    ],
    "wrists": [
      0.05485279618792288,
      0.455153323861037,
      -0.019224058204259056
    ],
    "hips": [
      -0.11830164404529064,
      0.4604127103970661,
      -0.03012326834828223
    ],
    "knees": [
      -0.2265033420863275,
      0.3207306914783424,
      -0.08864097534273903
    ],
    "ankles": [
      -0.2330830638515603,
      0.10973208621586628,
      0.08991949661962947
    ]
  },
  "angles": {
    "knee": 128.3709210917959,
    "hip": 148.75080011310047,
    "shoulder": 35.643875058346175,
    "elbow": 129.53238750862963
  },
  "analysis_scores": {
    "alignment": 0.970151275940165,
    "balance": 0.9581425586253591,
    "form": 0.6711943142319583,
    "stability": 0.9910638013685061,
    "coordination": 0.6760916802143657,
    "precision": 0.9262478662456033,
    "power": 0.7032444640439057,
    "efficiency": 0.809278235930149,
    "safety": 0.9974647545870556,
    "overall": 0.8006071391814703,
    "shoulder": 0.7188127617135666,
    "elbow": 0.9643661642207229,
    "wrist": 0.6067840668819958,
    "hip": 0.8667222244323927,
    "knee": 0.7496572605426834,
    "ankle": 0.9759897520876082,
    "back": 0.9676265054041925,
    "neck": 0.748270355418925
  },
  "recommendations": {
    "form": "Focus on maintaining proper joint angles during movement",
    "alignment": "Good alignment, maintain current technique",
    "stability": "Good stability, continue with current technique",
    "power": "Good power output, maintain current intensity"
  },
  "safety_considerations": []
}