{
  "power_generation": {
    "explosiveness": 0.6395298852651687,
    "force_transfer": 0.8820950734539781,
    "efficiency": 0.5364470056521075
  },
  "technical_metrics": {
    "precision": 0.5976571647308164,
    "consistency": 0.8348961232167831,
    "fluidity": 0.8946796055891795
  },
  "biomechanical_metrics": {
    "joint_loading": 0.7915937882663109,
    "muscle_activation": 0.9856338842914935,
    "energy_efficiency": 0.9763516043585572
  }
}