{
  "key_points": {
    "shoulders": [
      -0.018684784292409023,
      0.6550559778279083,
      0.013311248635566805
    ],
    "elbows": [
      -0.2131516793527803,
      0.5651764611827497,
      -0.0444732830376619
    ],
    "wrists": [
      -0.0687434250629001,
      0.32877715314383227,
      0.09113528521661504
    ],
    "hips": [
      0.1321509620094391,
      0.3264419379750193,
      -0.09208883996609207
    ],
    "knees": [
      0.13319142533080958,
      0.3989571770188074,
      -0.018863777634902795
    ],
    "ankles": [
      -0.3306700738156617,
      0.17596343998801114,
      -0.0953519150674145
    ]
  },
  "angles": {
    "knee": 33.755554271675706,
    "hip": 100.68715326371041,
    "shoulder": 28.70103469991032,
    "elbow": 157.08606060058818
  },
  "analysis_scores": {
    "alignment": 0.6909194505760992,
    "balance": 0.7193440062144603,
    "form": 0.6694305272093161,
    "stability": 0.8747005043798843,
    "coordination": 0.8358287727275431,
    "precision": 0.7104200825560502,
    "power": 0.9418260400925668,
    "efficiency": 0.7600654089918222,
    "safety": 0.9771993362377885,
    "overall": 0.9913209802419676,
    "shoulder": 0.7146381467396459,
    "elbow": 0.6683010277941335,
    "wrist": 0.6525865746984479,
    "hip": 0.6873908368231522,
    "knee": 0.9490728007953896,
    "ankle": 0.8016169717135386,
    "back": 0.8754124505482919,
    "neck": 0.6111144001283086
  },
  "recommendations": {
    "form": "Good form, continue practicing with current technique",
    "alignment": "Work on maintaining symmetrical movement patterns",
    "stability": "Focus on maintaining proper posture and balance",
    "power": "Consider increasing intensity gradually"
  },
  "safety_considerations": [
    "Ensure proper kick technique to prevent knee injuries"
  ]
}