{
  "power_generation": {
    "explosiveness": 0.7708204695458699,
    "force_transfer": 0.6704225919316289,
    "efficiency": 0.6393671348173493
  },
  "technical_metrics": {
    "precision": 0.6627598421237277,
    "consistency": 0.8926510484223833,
    "fluidity": 0.8683850011146872
  },
  "biomechanical_metrics": {
    "joint_loading": 0.7904623758950837,
    "muscle_activation": 0.6713999202861731,
    "energy_efficiency": 0.5700864119813809
  }
}