{
  "key_points": {
    "shoulders": [
      -0.05349901889313982,
      0.5099187133219448,
      0.046550401803264696
    ],
    "elbows": [
      0.11350793404549453,
      0.41446372468290704,
      -0.014401576097292285
    ],
    "wrists": [
      -0.33191916459373333,
      0.4002799560472517,
      -0.019858163786019928
    ],
    "hips": [
      -0.19403431552780212,
      0.3481175425599117,
      0.06919997551285903
    ],
    "knees": [
      -0.2993743905226212,
      0.2471038742921454,
      -0.0700881086659268
    ],
    "ankles": [
      0.05978722139356202,
      0.22096335080464,
      0.030519339990278366
    ]
  },
  "angles": {
    "knee": 91.26668088470625,
    "hip": 93.63391196110881,
    "shoulder": 42.60178824998619,
    "elbow": 65.56228812600737
  },
  "analysis_scores": {
    "alignment": 0.6733482843653561,
    "balance": 0.8681556321026065,
    "form": 0.6376229127502917,
    "stability": 0.9139869137435566,
    "coordination": 0.9512543912268422,
    "precision": 0.7657379598926537,
    "power": 0.7270326653646799,
    "efficiency": 0.9426234114074401,
    "safety": 0.6034919424490482,
    "overall": 0.8337641279666989,
    "shoulder": 0.7486768516091052,
    "elbow": 0.6224310937498745,
    "wrist": 0.7836758581979951,
    "hip": 0.8259971963493076,
    "knee": 0.9987055010784489,
    "ankle": 0.863515517743713,
    "back": 0.6683188789141824,
    "neck": 0.8128595393663315
  },
  "recommendations": {
    "form": "Good form, continue practicing with current technique",
    "alignment": "Good alignment, maintain current technique",
    "stability": "Focus on maintaining proper posture and balance",
    "power": "Consider increasing intensity gradually"
  },
  "safety_considerations": []
}