{
  "key_points": {
    "shoulders": [
      -0.18713245424918803,
      0.603744190341635,
      0.03918144731484288
    ],
    "elbows": [
      0.1382378371242831,
      0.5239432314109931,
      -0.07577435615593818
    ],
    "wrists": [
      -0.045360850116828444,
      0.4611104686651851,
      0.03415201185529432
    ],
    "hips": [
      0.1728613452148111,
      0.37920142496069875,
      -0.0403848031219767
    ],
    "knees": [
      0.2480317670616275,
      0.36246114017198455,
      -0.0347296274942938
    ],
    "ankles": [
      0.3764773175853857,
      0.12656833410716864,
      0.06907541592977151
    ]
  },
  "angles": {
    "knee": 86.84294506744443,
    "hip": 56.14142667027748,
    "shoulder": 8.229540154491538,
    "elbow": 56.997233896676384
  },
  "analysis_scores": {
    "alignment": 0.6760167573629794,
    "balance": 0.9730847798254044,
    "form": 0.7180376902465098,
    "stability": 0.983906516764149,
    "coordination": 0.6277028681639634,
    "precision": 0.7852142190291493,
    "power": 0.7086393416204875,
    "efficiency": 0.7091645928565992,
    "safety": 0.8114376468764949,
    "overall": 0.8012657866915152,
    "shoulder": 0.9287421502003552,
    "elbow": 0.9042242713285265,
    "wrist": 0.7858676507686516,
    "hip": 0.9175443168104497,
    "knee": 0.7590822022877928,
    "ankle": 0.7919325013635242,
    "back": 0.9504458262201526,
    "neck": 0.6987498311892824
  },
  "recommendations": {
    "form": "Good form, continue practicing with current technique",
    "alignment": "Good alignment, maintain current technique",
    "stability": "Focus on maintaining proper posture and balance",
    "power": "Good power output, maintain current intensity"
  },
  "safety_considerations": [
    "Focus on proper shoulder mechanics for power generation",
    "Maintain proper wrist alignment to prevent strain"
  ]
}