{
  "power_generation": {
    "explosiveness": 0.9760866725339103,
    "force_transfer": 0.7669790618996923,
    "efficiency": 0.6003505925567394
  },
  "technical_metrics": {
    "precision": 0.7687183667715293,
    "consistency": 0.5511377359436331,
    "fluidity": 0.873060666653565
  },
  "biomechanical_metrics": {
    "joint_loading": 0.5477345413494921,
    "muscle_activation": 0.7367913945302202,
    "energy_efficiency": 0.5589933750158106
  }
}