{
  "key_points": {
    "shoulders": [
      -0.049875146022803796,
      0.6668062179455733,
      -0.06722644300894094
    ],
    "elbows": [
      -0.12481392744497721,
      0.5107897159839634,
      0.004702052071877821
    ],
    "wrists": [
      0.20913897421463123,
      0.4803765821033894,
      -0.040082757593395815
    ],
    "hips": [
      -0.11491267138162137,
      0.4508021340951301,
      0.09196691729034046
    ],
    "knees": [
      0.27588612161972753,
      0.27836418291163456,
      0.09486221699007932
    ],
    "ankles": [
      -0.06746781194866064,
      0.12978603379752102,
      0.04459868101065745
    ]
  },
  "angles": {
    "knee": 137.26448437200497,
    "hip": 110.75818773197335,
    "shoulder": 45.75132086055047,
    "elbow": 92.5350111160635
  },
  "analysis_scores": {
    "alignment": 0.6347586612261327,
    "balance": 0.8222880860007837,
    "form": 0.8035282822761017,
    "stability": 0.9819771718325064,
    "coordination": 0.7745736823058218,
    "precision": 0.8291617693132051,
    "power": 0.9883863051183376,
    "efficiency": 0.6374265486304003,
    "safety": 0.833936927361901,
    "overall": 0.6648207158169886,
    "shoulder": 0.7424969081917047,
    "elbow": 0.7240790836401574,
    "wrist": 0.6031548627185735,
    "hip": 0.7200897872674118,
    "knee": 0.7054574770166414,
    "ankle": 0.6388031777985554,
    "back": 0.8032375172233803,
    "neck": 0.6891182611863639
  },
  "recommendations": {
    "form": "Good form, continue practicing with current technique",
    "alignment": "Good alignment, maintain current technique",
    "stability": "Good stability, continue with current technique",
    "power": "Good power output, maintain current intensity"
  },
  "safety_considerations": []
}