{
  "power_generation": {
    "explosiveness": 0.5467242952168163,
    "force_transfer": 0.8375326315203316,
    "efficiency": 0.7622829236245265
  },
  "technical_metrics": {
    "precision": 0.7415882471034703,
    "consistency": 0.717969269671541,
    "fluidity": 0.5809288215718693
  },
  "biomechanical_metrics": {
    "joint_loading": 0.8708113334143369,
    "muscle_activation": 0.5494319241185089,
    "energy_efficiency": 0.5976363729531935
  }
}