{
  "key_points": {
    "shoulders": [
      -0.299462673275272,
      0.6422110530650379,
      -0.09718090746777563
    ],
    "elbows": [
      0.1717627476803245,
      0.4449028929411886,
      -0.12398718456741041
    ],
    "wrists": [
      0.2602774238054365,
      0.3054530469840494,
      0.1632260890160468
    ],
    "hips": [
      -0.013876964279035509,
      0.47730778818981456,
      -0.17934670278838719
    ]
  },
  "angles": {
    "shoulder": 67.03763213136274,
    "elbow": 103.34674640008721
  },
  "analysis_scores": {
    "alignment": 0.8491043519900414,
    "balance": 0.7988161226946754,
    "form": 0.8755481369723874,
    "stability": 0.8764373221018984,
    "coordination": 0.72851447441203,
    "precision": 0.8680361738451738,
    "power": 0.8774414744291341,
    "efficiency": 0.7783579689393834,
    "safety": 0.6545817182315122,
    "overall": 0.6195670700005415,
    "shoulder": 0.8642480555477627,
    "elbow": 1.0,
    "wrist": 0.9894452631795941,
    "hip": 0.7540837931212053,
    "knee": 0.8137702549736496,
    "ankle": 0.8530702093719693,
    "back": 0.6433865325258468,
    "neck": 0.8112710596426786
  },
  "recommendations": {
    "form": "Good form, continue practicing with current technique",
    "alignment": "Good alignment, maintain current technique",
    "stability": "Good stability, continue with current technique",
    "power": "Good power output, maintain current intensity"
  },
  "safety_considerations": []
}