{
  "power_generation": {
    "explosiveness": 0.571840907424642,
    "force_transfer": 0.7333189717855182,
    "efficiency": 0.7820613458840598
  },
  "technical_metrics": {
    "precision": 0.6092558099720933,
    "consistency": 0.86539117476952,
    "fluidity": 0.9417981819370713
  },
  "biomechanical_metrics": {
    "joint_loading": 0.9741293393017871,
    "muscle_activation": 0.8367584978542518,
    "energy_efficiency": 0.6328242594689315
  }
}