{
  "key_points": {
    "shoulders": [
      -0.018301878212463457,
      0.6311350127198886,
      0.09908364856257287
    ],
    "elbows": [
      -0.02098425141918786,
      0.4947744970456803,
      -0.05323843930840444
    ],
    "wrists": [
      -0.2565455741889158,
      0.4667757337206014,
      0.054864405806507394
    ],
    "hips": [
      0.12689641364026633,
      0.3828946140599919,
      0.0992713784139061
    ],
    "knees": [
      0.16129639104026666,
      0.31677527666496647,
      -0.08204217839405069
    ],
    "ankles": [
      0.12156195820129134,
      0.2031765312478413,
      -0.07189274787974383
    ]
  },
  "angles": {
    "knee": 55.36657521594436,
    "hip": 87.48058949048477,
    "shoulder": 38.8290872999574,
    "elbow": 125.35513654863173
  },
  "analysis_scores": {
    "alignment": 0.934243645914501,
    "balance": 0.6443240735966675,
    "form": 0.8677914344849151,
    "stability": 0.8137246638506258,
    "coordination": 0.8942484893904257,
    "precision": 0.7205985095537615,
    "power": 0.6240884253763781,
    "efficiency": 0.6312290233208262,
    "safety": 0.9939379425058181,
    "overall": 0.8964715607748375,
    "shoulder": 0.8762600149623965,
    "elbow": 0.6685771760162889,
    "wrist": 0.8884318733990124,
    "hip": 0.7693268768415378,
    "knee": 0.6522407444887686,
    "ankle": 0.6106387275776348,
    "back": 0.8682026346716649,
    "neck": 0.9588694776546381
  },
  "recommendations": {
    "form": "Good form, continue practicing with current technique",
    "alignment": "Good alignment, maintain current technique",
    "stability": "Focus on maintaining proper posture and balance",
    "power": "Good power output, maintain current intensity"
  },
  "safety_considerations": []
}