{
  "power_generation": {
    "explosiveness": 0.6044541560795593,
    "force_transfer": 0.8466004537577014,
    "efficiency": 0.9495550406581978
  },
  "technical_metrics": {
    "precision": 0.7585037284127923,
    "consistency": 0.9176854677984949,
    "fluidity": 0.6979966058691818
  },
  "biomechanical_metrics": {
    "joint_loading": 0.6550450149857896,
    "muscle_activation": 0.9971855339557041,
    "energy_efficiency": 0.7174220898822471
  }
}