{
  "key_points": {
    "shoulders": [
      -0.08836890330467417,
      0.6603828849432354,
      0.05809602020668331
    ],
    "elbows": [
      -0.06956403182393217,
      0.5887906191226248,
      -0.035615893064070245
    ],
    "wrists": [
      -0.048347872856767726,
      0.4172984456940377,
      0.009771309703364817
    ],
    "hips": [
      -0.18287042719522628,
      0.35195112643204596,
      -0.07008937033036317
    ],
    "knees": [
      0.13914877585324342,
      0.36215719157781356,
      -0.09214440731388057
    ],
    "ankles": [
      0.23667007833458908,
      0.19486385432476644,
      0.08093236239231236
    ]
  },
  "angles": {
    "knee": 149.1657891423697,
    "hip": 110.49032414561505,
    "shoulder": 53.91319308085173,
    "elbow": 139.41915945620482
  },
  "analysis_scores": {
    "alignment": 0.985992389026204,
    "balance": 0.6441457262222866,
    "form": 0.8532960176897864,
    "stability": 0.8147344565802277,
    "coordination": 0.8981727525013898,
    "precision": 0.9076276886297225,
    "power": 0.9603747241284759,
    "efficiency": 0.6697335084283459,
    "safety": 0.7783500547177244,
    "overall": 0.8293549249692631,
    "shoulder": 0.8734129468547824,
    "elbow": 0.9411090806134296,
    "wrist": 0.8587619800542688,
    "hip": 0.8109727342522353,
    "knee": 0.9368050771850541,
    "ankle": 0.7457615538742203,
    "back": 0.7785144840390615,
    "neck": 0.7262729551252545
  },
  "recommendations": {
    "form": "Focus on maintaining proper joint angles during movement",
    "alignment": "Work on maintaining symmetrical movement patterns",
    "stability": "Focus on maintaining proper posture and balance",
    "power": "Good power output, maintain current intensity"
  },
  "safety_considerations": []
}