{
  "power_generation": {
    "explosiveness": 0.8565467307724173,
    "force_transfer": 0.9128159980939548,
    "efficiency": 0.7157661280776381
  },
  "technical_metrics": {
    "precision": 0.908562950075154,
    "consistency": 0.9811343151960742,
    "fluidity": 0.7823008122242919
  },
  "biomechanical_metrics": {
    "joint_loading": 0.6533635171450339,
    "muscle_activation": 0.6104221626749776,
    "energy_efficiency": 0.9022340874869179
  }
}