{
  "power_generation": {
    "explosiveness": 0.8843042346907755,
    "force_transfer": 0.7533514925161657,
    "efficiency": 0.90168808032975
  },
  "technical_metrics": {
    "precision": 0.8599015262534206,
    "consistency": 0.5089964946712775,
    "fluidity": 0.6922970053322288
  },
  "biomechanical_metrics": {
    "joint_loading": 0.8463158281099666,
    "muscle_activation": 0.9598157833115866,
    "energy_efficiency": 0.7135869064847431
  }
}