{
  "key_points": {
    "shoulders": [
      -0.19909886426358817,
      0.6706673836511601,
      0.021545991028129444
    ],
    "elbows": [
      -0.29224369517877763,
      0.5387406608902585,
      0.0010614008554507004
    ],
    "wrists": [
      0.05051968879818408,
      0.3238042303050241,
      0.07329713838178234
    ],
    "hips": [
      -0.16730065752913292,
      0.38189722461020287,
      0.06617362272386332
    ],
    "knees": [
      0.188379955166523,
      0.35734446687131416,
      -0.05858901202236588
    ],
    "ankles": [
      0.196728593685212,
      0.19914441362992913,
      0.009169664489908885
    ]
  },
  "angles": {
    "knee": 100.09375783689241,
    "hip": 110.63299544685692,
    "shoulder": 31.03176963800163,
    "elbow": 132.51516970224407
  },
  "analysis_scores": {
    "alignment": 0.9375972390305611,
    "balance": 0.7372269303106683,
    "form": 0.9637804900728874,
    "stability": 0.8807863864874163,
    "coordination": 0.8077539582851027,
    "precision": 0.7771722881355411,
    "power": 0.7733225760128122,
    "efficiency": 0.7955091892572168,
    "safety": 0.9417146912815849,
    "overall": 0.7680475091175815,
    "shoulder": 0.8501526171589494,
    "elbow": 0.8707815536749282,
    "wrist": 0.9169976094918167,
    "hip": 0.6435990456923908,
    "knee": 0.8113888190697301,
    "ankle": 0.8153799513955344,
    "back": 0.8182408685513435,
    "neck": 0.6265734856113563
  },
  "recommendations": {
    "form": "Good form, continue practicing with current technique",
    "alignment": "Good alignment, maintain current technique",
    "stability": "Focus on maintaining proper posture and balance",
    "power": "Consider increasing intensity gradually"
  },
  "safety_considerations": [
    "Focus on maintaining proper back alignment during takedowns"
  ]
}