{
  "power_generation": {
    "explosiveness": 0.798785958154852,
    "force_transfer": 0.9836293942080823,
    "efficiency": 0.6483009389612304
  },
  "technical_metrics": {
    "precision": 0.7504773823791386,
    "consistency": 0.5781574728979273,
    "fluidity": 0.9224374628430452
  },
  "biomechanical_metrics": {
    "joint_loading": 0.9366518151944546,
    "muscle_activation": 0.734890957721486,
    "energy_efficiency": 0.8606110393425365
  }
}