{
  "key_points": {
    "shoulders": [
      -0.26994449062167947,
      0.7704218022584073,
      0.12197814356008813
    ],
    "hips": [
      0.050984841448313056,
      0.5717787926373009,
      0.08297172602862807
    ],
    "knees": [
      0.2599370876250364,
      0.39371702717162194,
      0.18811967214221725
    ],
    "ankles": [
      -0.3217678248563302,
      0.3081953425802759,
      -0.09814321589228064
    ]
  },
  "angles": {
    "knee": 88.72967409916087,
    "hip": 111.9939520548736,
    "shoulder": 85.78168315047749
  },
  "analysis_scores": {
    "alignment": 0.8088211094924064,
    "balance": 0.9296141173257743,
    "form": 0.7039438098743727,
    "stability": 0.8762005894894551,
    "coordination": 0.9699782698115916,
    "precision": 0.8468917446226233,
    "power": 0.8557855949419895,
    "efficiency": 0.6776062875592812,
    "safety": 0.9297723969268306,
    "overall": 0.959630262879253,
    "shoulder": 0.6720237708632161,
    "elbow": 0.8728902529859639,
    "wrist": 0.8340570545264929,
    "hip": 0.8978659572554567,
    "knee": 0.7246852679588621,
    "ankle": 0.8095043636303365,
    "back": 0.7628689487659854,
    "neck": 0.8834272618368033
  },
  "recommendations": {
    "form": "Good form, continue practicing with current technique",
    "alignment": "Good alignment, maintain current technique",
    "stability": "Good stability, continue with current technique",
    "power": "Good power output, maintain current intensity"
  },
  "safety_considerations": []
}