{
  "power_generation": {
    "explosiveness": 0.7112391978801401,
    "force_transfer": 0.5703908964590976,
    "efficiency": 0.5805798062511116
  },
  "technical_metrics": {
    "precision": 0.5663209742851241,
    "consistency": 0.8509972070909193,
    "fluidity": 0.7138068848774831
  },
  "biomechanical_metrics": {
    "joint_loading": 0.8528339477567931,
    "muscle_activation": 0.8959109030591265,
    "energy_efficiency": 0.6388623741283648
  }
}