{
  "key_points": {
    "shoulders": [
      0.018923724853041973,
      0.532366790452097,
      -0.004646595332920625
    ],
    "elbows": [
      -0.29115345143251253,
      0.44105570266388155,
      -0.006366197648569494
    ],
    "wrists": [
      0.15507275755370642,
      0.43075173782469167,
      0.033394714767468026
    ],
    "hips": [
      -0.014999772723890248,
      0.45183164544479454,
      0.06708475772645048
    ],
    "knees": [
      -0.038884509305671056,
      0.3921327398219321,
      0.08457564094112263
    ],
    "ankles": [
      -0.08216088306019298,
      0.13631434461982256,
      0.09891013516628824
    ]
  },
  "angles": {
    "knee": 116.49318078423515,
    "hip": 87.67376026833405,
    "shoulder": 32.65667215327368,
    "elbow": 105.9648706335746
  },
  "analysis_scores": {
    "alignment": 0.8521264114544462,
    "balance": 0.9513081369249664,
    "form": 0.9593896841134907,
    "stability": 0.7760158112998139,
    "coordination": 0.6131487183208698,
    "precision": 0.7261137451768005,
    "power": 0.9087017530469046,
    "efficiency": 0.819126018673014,
    "safety": 0.8310176506051479,
    "overall": 0.6202600286239707,
    "shoulder": 0.8861621215434985,
    "elbow": 0.956558628539643,
    "wrist": 0.9477710206895075,
    "hip": 0.9467457425601109,
    "knee": 0.6867637944883407,
    "ankle": 0.8025486336466394,
    "back": 0.8949236252697323,
    "neck": 0.7268824267765805
  },
  "recommendations": {
    "form": "Focus on maintaining proper joint angles during movement",
    "alignment": "Good alignment, maintain current technique",
    "stability": "Good stability, continue with current technique",
    "power": "Good power output, maintain current intensity"
  },
  "safety_considerations": [
    "Focus on proper shoulder rotation to prevent swimmer's shoulder",
    "Maintain proper hip alignment to prevent lower back strain"
  ]
}