{
  "power_generation": {
    "explosiveness": 0.6489484103781478,
    "force_transfer": 0.9760116303405231,
    "efficiency": 0.8878858657718814
  },
  "technical_metrics": {
    "precision": 0.5539102613039573,
    "consistency": 0.7992699446258384,
    "fluidity": 0.974990695790088
  },
  "biomechanical_metrics": {
    "joint_loading": 0.9773976678149745,
    "muscle_activation": 0.6017056583009992,
    "energy_efficiency": 0.764615331356474
  }
}