{
  "key_points": {
    "shoulders": [
      0.09582955258275788,
      0.5728549811065495,
      0.06181451641464886
    ],
    "elbows": [
      -0.2441008816781216,
      0.4036858574085457,
      -0.06889776852167671
    ],
    "wrists": [
      -0.035449697578900596,
      0.4002241886441709,
      -0.06571739340060974
    ],
    "hips": [
      0.09122388712128177,
      0.41517173012004394,
      0.003448222641703552
    ],
    "knees": [
      -0.22844127396848574,
      0.2110595867451298,
      0.0869734401175907
    ],
    "ankles": [
      0.201858052371631,
      0.19220993145494597,
      -0.016654727561485408
    ]
  },
  "angles": {
    "knee": 151.21652950253005,
    "hip": 66.76682560013087,
    "shoulder": 76.95092457770586,
    "elbow": 50.73618493064186
  },
  "analysis_scores": {
    "alignment": 0.6129215798413029,
    "balance": 0.6295878017332106,
    "form": 0.655024079036238,
    "stability": 0.8309254477551741,
    "coordination": 0.8586577720801396,
    "precision": 0.710785440922763,
    "power": 0.9021542895515184,
    "efficiency": 0.9214590118473718,
    "safety": 0.7175139190670197,
    "overall": 0.7348204342554767,
    "shoulder": 0.9588797786096235,
    "elbow": 0.7812912654821873,
    "wrist": 0.7362628940202866,
    "hip": 0.6539719246522261,
    "knee": 0.9543959454840586,
    "ankle": 0.6345741228981138,
    "back": 0.6747204251091382,
    "neck": 0.73644275794612
  },
  "recommendations": {
    "form": "Good form, continue practicing with current technique",
    "alignment": "Good alignment, maintain current technique",
    "stability": "Good stability, continue with current technique",
    "power": "Good power output, maintain current intensity"
  },
  "safety_considerations": []
}