{
  "key_points": {
    "shoulders": [
      0.1804048457413931,
      0.5689497235030962,
      -0.007196262955904836
    ],
    "elbows": [
      -0.27213326755002115,
      0.5500405848135458,
      -0.000963999294268228
    ],
    "wrists": [
      -0.2838137758036844,
      0.30796086900399045,
      0.040236194122812596
    ],
    "hips": [
      -0.07443425341823437,
      0.41745585500212956,
      -0.0700020088864287
    ],
    "knees": [
      0.10164945849083473,
      0.2580123072778687,
      0.06942506177825855
    ],
    "ankles": [
      0.23193807790707932,
      0.19025238455327126,
      -0.09993946892115291
    ]
  },
  "angles": {
    "knee": 62.45485091033399,
    "hip": 64.55614519041826,
    "shoulder": 41.343317543168006,
    "elbow": 122.2324276124061
  },
  "analysis_scores": {
    "alignment": 0.9261685782843052,
    "balance": 0.7352906159423488,
    "form": 0.8254625764420576,
    "stability": 0.9841974658147551,
    "coordination": 0.7782145513095168,
    "precision": 0.6620194351728034,
    "power": 0.7758581688889093,
    "efficiency": 0.7372436833732301,
    "safety": 0.825868793771797,
    "overall": 0.6200337703662292,
    "shoulder": 0.9695539259861827,
    "elbow": 0.8918469354775618,
    "wrist": 0.8032283273937193,
    "hip": 0.6559998416695569,
    "knee": 0.6268556567984854,
    "ankle": 0.6357694927935889,
    "back": 0.9407146436545487,
    "neck": 0.9143227104031397
  },
  "recommendations": {
    "form": "Good form, continue practicing with current technique",
    "alignment": "Good alignment, maintain current technique",
    "stability": "Good stability, continue with current technique",
    "power": "Good power output, maintain current intensity"
  },
  "safety_considerations": [
    "Focus on proper shoulder rotation to prevent swimmer's shoulder"
  ]
}