{
  "power_generation": {
    "explosiveness": 0.5729517522568863,
    "force_transfer": 0.8986393215856128,
    "efficiency": 0.8985861911651742
  },
  "technical_metrics": {
    "precision": 0.836513456679677,
    "consistency": 0.7853043619848019,
    "fluidity": 0.7834125934385101
  },
  "biomechanical_metrics": {
    "joint_loading": 0.5669028192035511,
    "muscle_activation": 0.7733728953321768,
    "energy_efficiency": 0.5630465495003146
  }
}