{
  "key_points": {
    "shoulders": [
      0.07318563339473771,
      0.7495733085904757,
      -0.05424731127974678
    ],
    "hips": [
      -0.08415809910924912,
      0.4843383647551977,
      -0.09582149321120957
    ],
    "knees": [
      -0.03933126833660916,
      0.45554397252112666,
      0.07547459150424432
    ],
    "ankles": [
      -0.18334581538899883,
      0.3147978636836861,
      -0.09253751251776209
    ]
  },
  "angles": {
    "knee": 149.65801816255822,
    "hip": 126.14358319304701,
    "shoulder": 15.743485558681032
  },
  "analysis_scores": {
    "alignment": 0.7213108137643207,
    "balance": 1.0,
    "form": 0.9032146635765256,
    "stability": 0.9815377587041891,
    "coordination": 0.9171810569291008,
    "precision": 0.6908318974860777,
    "power": 0.9345116185220217,
    "efficiency": 0.704594767522573,
    "safety": 0.630432115080921,
    "overall": 0.9448558811706825,
    "shoulder": 0.6225416782222939,
    "elbow": 0.6367915870795692,
    "wrist": 0.6288406438286004,
    "hip": 0.9006183274550699,
    "knee": 0.952161635143769,
    "ankle": 0.7471989235743886,
    "back": 0.8649163157845854,
    "neck": 0.6350121244833197
  },
  "recommendations": {
    "form": "Good form, continue practicing with current technique",
    "alignment": "Good alignment, maintain current technique",
    "stability": "Good stability, continue with current technique",
    "power": "Consider increasing intensity gradually"
  },
  "safety_considerations": []
}