{
  "power_generation": {
    "explosiveness": 0.7277553155710709,
    "force_transfer": 0.9284367318558684,
    "efficiency": 0.8678734615358161
  },
  "technical_metrics": {
    "precision": 0.611047319547388,
    "consistency": 0.9718707919319058,
    "fluidity": 0.7768490118273809
  },
  "biomechanical_metrics": {
    "joint_loading": 0.5660563295166081,
    "muscle_activation": 0.9677704568663936,
    "energy_efficiency": 0.8938905815990384
  }
}