{
  "key_points": {
    "shoulders": [
      0.14861788495226824,
      0.6664184816155129,
      -0.04662893569847324
    ],
    "elbows": [
      -0.26665923665248825,
      0.5135451220504113,
      -0.06640430785568552
    ],
    "wrists": [
      -0.3850982534999868,
      0.3227786289428663,
      -0.08389671359468419
    ],
    "hips": [
      -0.19088309047782528,
      0.38436354483456486,
      0.05014530755971744
    ],
    "knees": [
      -0.28715057132378563,
      0.26633523417118465,
      0.08483912869624646
    ],
    "ankles": [
      0.09228852742595761,
      0.29224290050856805,
      0.0624823827454932
    ]
  },
  "angles": {
    "knee": 48.55432620279097,
    "hip": 127.32726873335558,
    "shoulder": 4.919052238087952,
    "elbow": 143.18285644045463
  },
  "analysis_scores": {
    "alignment": 0.8808870175802579,
    "balance": 0.6996564501257847,
    "form": 0.9695018071281325,
    "stability": 0.9104889949158534,
    "coordination": 0.9826607702349541,
    "precision": 0.9294702054519833,
    "power": 0.9137142734914796,
    "efficiency": 0.6047832435060448,
    "safety": 0.6610803366203886,
    "overall": 0.698880076310965,
    "shoulder": 0.8300576661059819,
    "elbow": 0.7805660733849763,
    "wrist": 0.8469903818421995,
    "hip": 0.7664784316222735,
    "knee": 0.6174005355864077,
    "ankle": 0.6285099285311876,
    "back": 0.6502791210997325,
    "neck": 0.8663343669478528
  },
  "recommendations": {
    "form": "Good form, continue practicing with current technique",
    "alignment": "Good alignment, maintain current technique",
    "stability": "Focus on maintaining proper posture and balance",
    "power": "Good power output, maintain current intensity"
  },
  "safety_considerations": []
}