{
  "power_generation": {
    "explosiveness": 0.9566747571299816,
    "force_transfer": 0.7181112561179881,
    "efficiency": 0.6597252773821662
  },
  "technical_metrics": {
    "precision": 0.7474760993523842,
    "consistency": 0.5426276952171338,
    "fluidity": 0.8997652491043391
  },
  "biomechanical_metrics": {
    "joint_loading": 0.7730241496033093,
    "muscle_activation": 0.6785866923898608,
    "energy_efficiency": 0.7159373795531314
  }
}