{
  "key_points": {
    "shoulders": [
      -0.005764036007681911,
      0.626688521722669,
      0.09967140660583523
    ],
    "elbows": [
      0.16562183483663728,
      0.47023708938081493,
      0.09557612619088948
    ],
    "wrists": [
      0.3429918952531712,
      0.3190510815372276,
      -0.01262982305689915
    ],
    "hips": [
      0.1151340703390899,
      0.46974628592605605,
      0.06821476517797112
    ],
    "knees": [
      -0.15360578376686757,
      0.29180682125988755,
      -0.07582909492374279
    ],
    "ankles": [
      0.16857874070993895,
      0.13899046877809898,
      0.08075815914653192
    ]
  },
  "angles": {
    "knee": 25.305916328399018,
    "hip": 41.97566517539517,
    "shoulder": 57.23232847910411,
    "elbow": 22.873449237860665
  },
  "analysis_scores": {
    "alignment": 0.8302683971570165,
    "balance": 0.7059677287257268,
    "form": 0.6514657340015124,
    "stability": 0.799588867428119,
    "coordination": 0.8868917558774776,
    "precision": 0.9941671895081772,
    "power": 0.9988069689191766,
    "efficiency": 0.8688462088218849,
    "safety": 0.871376895934524,
    "overall": 0.8086286850054957,
    "shoulder": 0.956292559108917,
    "elbow": 0.9023503283671493,
    "wrist": 0.8635032646974716,
    "hip": 0.9359765539980928,
    "knee": 0.7581579661695458,
    "ankle": 0.6936422893572363,
    "back": 0.684308036112271,
    "neck": 0.9549122250341958
  },
  "recommendations": {
    "form": "Good form, continue practicing with current technique",
    "alignment": "Good alignment, maintain current technique",
    "stability": "Good stability, continue with current technique",
    "power": "Good power output, maintain current intensity"
  },
  "safety_considerations": []
}