{
  "power_generation": {
    "explosiveness": 0.8226152765674678,
    "force_transfer": 0.9925851525622671,
    "efficiency": 0.7571591013335268
  },
  "technical_metrics": {
    "precision": 0.8069134033666117,
    "consistency": 0.5131308070776183,
    "fluidity": 0.8522105088238642
  },
  "biomechanical_metrics": {
    "joint_loading": 0.6064287211314976,
    "muscle_activation": 0.6715213366164341,
    "energy_efficiency": 0.5948403757527
  }
}