{
  "key_points": {
    "shoulders": [
      0.14341152677985075,
      0.5106564831032535,
      0.038066927745546375
    ],
    "elbows": [
      -0.15585952903178427,
      0.576600818453268,
      -0.04456457791766291
    ],
    "wrists": [
      -0.0025700887630045743,
      0.3279398831384004,
      0.01098135084499463
    ],
    "hips": [
      -0.09034144089104675,
      0.4234675109566894,
      -0.03258523771556214
    ],
    "knees": [
      -0.2455305188033718,
      0.2317008562998808,
      -0.0537581102424602
    ],
    "ankles": [
      -0.05423820065877499,
      0.26174557717871816,
      0.021405693554646832
    ]
  },
  "angles": {
    "knee": 105.99010706454443,
    "hip": 113.9609087173495,
    "shoulder": 48.148320396562724,
    "elbow": 18.489160720412418
  },
  "analysis_scores": {
    "alignment": 0.9918142860985063,
    "balance": 0.7768005216601573,
    "form": 0.7083497661421766,
    "stability": 0.6961140653659275,
    "coordination": 0.7457234609391183,
    "precision": 0.9414904890007761,
    "power": 0.6669118111635168,
    "efficiency": 0.8051778660340869,
    "safety": 0.8548602600881254,
    "overall": 0.8375074412839902,
    "shoulder": 0.9459116003875953,
    "elbow": 0.6953747014267203,
    "wrist": 0.7939411593183563,
    "hip": 0.9514126221274668,
    "knee": 0.7238804045528417,
    "ankle": 0.7315390778788456,
    "back": 0.8879474205309208,
    "neck": 0.6749870663701102
  },
  "recommendations": {
    "form": "Good form, continue practicing with current technique",
    "alignment": "Work on maintaining symmetrical movement patterns",
    "stability": "Good stability, continue with current technique",
    "power": "Good power output, maintain current intensity"
  },
  "safety_considerations": []
}