{
  "power_generation": {
    "explosiveness": 0.5085218319404345,
    "force_transfer": 0.8974491725064313,
    "efficiency": 0.6359166131241919
  },
  "technical_metrics": {
    "precision": 0.6398966625313657,
    "consistency": 0.7251826865320997,
    "fluidity": 0.6926532597798669
  },
  "biomechanical_metrics": {
    "joint_loading": 0.8014865656614905,
    "muscle_activation": 0.8881258881251531,
    "energy_efficiency": 0.9066514810447933
  }
}