{
  "key_points": {
    "shoulders": [
      0.09231833813177748,
      0.5932622580573248,
      -0.01193171577364227
    ],
    "elbows": [
      0.07774736503523116,
      0.5801309976508522,
      0.052039256449731175
    ],
    "wrists": [
      0.12401796772596918,
      0.3028610361544763,
      -0.039150125709920186
    ],
    "hips": [
      -0.08713310461296016,
      0.456934208760217,
      -0.09045520474101992
    ],
    "knees": [
      0.26089132628378925,
      0.2902536390970532,
      0.03674640819627792
    ],
    "ankles": [
      -0.08307420122610898,
      0.1986881734314811,
      -0.009691795870228254
    ]
  },
  "angles": {
    "knee": 27.899039822508282,
    "hip": 42.14001921046248,
    "shoulder": 51.0596969343595,
    "elbow": 23.039280044943062
  },
  "analysis_scores": {
    "alignment": 0.8697802860214838,
    "balance": 0.9911846131349094,
    "form": 0.8294768473544548,
    "stability": 0.9100456268870327,
    "coordination": 0.7284563272838538,
    "precision": 0.6081057465039461,
    "power": 0.8064804294849669,
    "efficiency": 0.7850155257170799,
    "safety": 0.7959173149870468,
    "overall": 0.7974667413572961,
    "shoulder": 0.9038003441133008,
    "elbow": 0.8686722297360152,
    "wrist": 0.6715660399740515,
    "hip": 0.8055069356218876,
    "knee": 0.6626402559789573,
    "ankle": 0.8229573964578379,
    "back": 0.6545068607895432,
    "neck": 0.6997275856107725
  },
  "recommendations": {
    "form": "Good form, continue practicing with current technique",
    "alignment": "Work on maintaining symmetrical movement patterns",
    "stability": "Good stability, continue with current technique",
    "power": "Good power output, maintain current intensity"
  },
  "safety_considerations": []
}