{
  "power_generation": {
    "explosiveness": 0.646843394609247,
    "force_transfer": 0.6031961456888445,
    "efficiency": 0.8847685841113281
  },
  "technical_metrics": {
    "precision": 0.7877578490311699,
    "consistency": 0.9690762173115361,
    "fluidity": 0.800583436981861
  },
  "biomechanical_metrics": {
    "joint_loading": 0.6305033180546038,
    "muscle_activation": 0.9882719461528684,
    "energy_efficiency": 0.8448610670790557
  }
}