{
  "key_points": {
    "shoulders": [
      -0.15371025190120358,
      0.5893414152160329,
      -0.047400061072464486
    ],
    "elbows": [
      -0.2642354866853721,
      0.5687017586714184,
      0.07330886360218727
    ],
    "wrists": [
      0.021293221518899952,
      0.3885936677118907,
      0.09311513816141961
    ],
    "hips": [
      0.014469086913386192,
      0.3946389311096843,
      -0.054615153334671554
    ],
    "knees": [
      0.28151538246574653,
      0.30840190105872983,
      -0.00022984038709439325
    ],
    "ankles": [
      0.22757350561829248,
      0.20870197039539373,
      -0.035877067201963445
    ]
  },
  "angles": {
    "knee": 92.16974134783922,
    "hip": 93.02840623436022,
    "shoulder": 56.95560090439849,
    "elbow": 146.3985699000574
  },
  "analysis_scores": {
    "alignment": 0.8420464704274818,
    "balance": 0.7005991284412378,
    "form": 0.9106901761249634,
    "stability": 0.7879935335657378,
    "coordination": 0.737338293019513,
    "precision": 0.727091543845754,
    "power": 0.6101499666912706,
    "efficiency": 0.7499567964742588,
    "safety": 0.6593639143750929,
    "overall": 0.8281931539425583,
    "shoulder": 0.9666767610919609,
    "elbow": 0.6068459757510626,
    "wrist": 0.9980597762261223,
    "hip": 0.9159746292862423,
    "knee": 0.7989132975072092,
    "ankle": 0.8475332470197547,
    "back": 0.7236324460441518,
    "neck": 0.8067664372276772
  },
  "recommendations": {
    "form": "Good form, continue practicing with current technique",
    "alignment": "Work on maintaining symmetrical movement patterns",
    "stability": "Good stability, continue with current technique",
    "power": "Good power output, maintain current intensity"
  },
  "safety_considerations": []
}