{
  "power_generation": {
    "explosiveness": 0.7473569064840855,
    "force_transfer": 0.5655846551798795,
    "efficiency": 0.7545785136842291
  },
  "technical_metrics": {
    "precision": 0.5771746405005169,
    "consistency": 0.6568675572361081,
    "fluidity": 0.8163867337034729
  },
  "biomechanical_metrics": {
    "joint_loading": 0.624409415699164,
    "muscle_activation": 0.8370535479118048,
    "energy_efficiency": 0.6684741876838929
  }
}