{
  "key_points": {
    "shoulders": [
      -0.18020507345695577,
      0.602085147099803,
      -0.017039178819166792
    ],
    "elbows": [
      -0.18777520947587512,
      0.4554636160627266,
      0.058002436261065854
    ],
    "wrists": [
      0.3825353971851315,
      0.4261841687498372,
      -0.0590700258062791
    ],
    "hips": [
      0.0010417468081566628,
      0.42398120051908356,
      0.0321763941612393
    ],
    "knees": [
      -0.05508175096203563,
      0.22287920704073738,
      -0.03710131093186278
    ],
    "ankles": [
      -0.005437065333165958,
      0.23457336300887666,
      -0.008633028969716655
    ]
  },
  "angles": {
    "knee": 71.56130248245317,
    "hip": 131.7902134481528,
    "shoulder": 42.45802800408931,
    "elbow": 156.92127851142814
  },
  "analysis_scores": {
    "alignment": 0.6688957747721479,
    "balance": 0.9927428771547229,
    "form": 0.7316050578520031,
    "stability": 0.7705376027066958,
    "coordination": 0.9449643807215026,
    "precision": 0.7556328962454507,
    "power": 0.6428173468913011,
    "efficiency": 0.7235219541320393,
    "safety": 0.799785531220587,
    "overall": 0.9327731383223417,
    "shoulder": 0.943580176260925,
    "elbow": 0.9865647671712872,
    "wrist": 0.8671631400341211,
    "hip": 0.9129033341051304,
    "knee": 0.866919771222437,
    "ankle": 0.640082669250336,
    "back": 0.8119017459006667,
    "neck": 0.6726983531141801
  },
  "recommendations": {
    "form": "Good form, continue practicing with current technique",
    "alignment": "Work on maintaining symmetrical movement patterns",
    "stability": "Good stability, continue with current technique",
    "power": "Good power output, maintain current intensity"
  },
  "safety_considerations": [
    "Focus on proper shoulder mechanics for accurate passing",
    "Maintain proper wrist alignment for ball control"
  ]
}