{
  "power_generation": {
    "explosiveness": 0.7700183026606428,
    "force_transfer": 0.7915154468814622,
    "efficiency": 0.9312286376409613
  },
  "technical_metrics": {
    "precision": 0.9312285581152363,
    "consistency": 0.9028952386086664,
    "fluidity": 0.7107346455722843
  },
  "biomechanical_metrics": {
    "joint_loading": 0.8404765070702669,
    "muscle_activation": 0.9291283883626793,
    "energy_efficiency": 0.5988491524049082
  }
}