{
  "key_points": {
    "shoulders": [
      -0.03840822701692681,
      0.5267674585935556,
      0.033355610324697915
    ],
    "elbows": [
      0.20732491672053294,
      0.5676351926588594,
      -0.029230721774020668
    ],
    "wrists": [
      0.16459094426619203,
      0.42874486852335,
      -0.02567985678043376
    ],
    "hips": [
      0.118178974560541,
      0.45842910550457283,
      0.0034038470357328904
    ],
    "knees": [
      -0.004750534215761493,
      0.3837196549196642,
      0.06091025823410634
    ],
    "ankles": [
      0.060071130118548255,
      0.23072089256738096,
      0.033481402390683646
    ]
  },
  "angles": {
    "knee": 42.890265584930674,
    "hip": 61.36408325197191,
    "shoulder": 58.7157450880457,
    "elbow": 22.03950684267306
  },
  "analysis_scores": {
    "alignment": 0.8872990247409694,
    "balance": 0.7423356561235905,
    "form": 0.8775340688749931,
    "stability": 0.6047710694989669,
    "coordination": 0.6332737231193631,
    "precision": 0.6808115413010125,
    "power": 0.7424470237284229,
    "efficiency": 0.6709903182235616,
    "safety": 0.603505765645827,
    "overall": 0.8183730233377122,
    "shoulder": 0.788740254788711,
    "elbow": 0.6090178086784925,
    "wrist": 0.8057533197266019,
    "hip": 0.9549537021566037,
    "knee": 0.9711802894924,
    "ankle": 0.6190804212662535,
    "back": 0.7806294916819752,
    "neck": 0.8366971972665868
  },
  "recommendations": {
    "form": "Focus on maintaining proper joint angles during movement",
    "alignment": "Good alignment, maintain current technique",
    "stability": "Good stability, continue with current technique",
    "power": "Consider increasing intensity gradually"
  },
  "safety_considerations": [
    "Maintain proper shoulder mechanics to prevent impingement"
  ]
}