{
  "power_generation": {
    "explosiveness": 0.9457712792072874,
    "force_transfer": 0.5098195035826387,
    "efficiency": 0.7114231905115882
  },
  "technical_metrics": {
    "precision": 0.6102103126718312,
    "consistency": 0.7575016280800639,
    "fluidity": 0.7385279112700238
  },
  "biomechanical_metrics": {
    "joint_loading": 0.6863394863838974,
    "muscle_activation": 0.5211462589940791,
    "energy_efficiency": 0.6474655453743481
  }
}