{
  "key_points": {
    "shoulders": [
      0.06672669308609064,
      0.502158022265417,
      -0.053709878214355425
    ],
    "elbows": [
      -0.008852014808825526,
      0.4480577704693909,
      -0.06973142907347929
    ],
    "wrists": [
      0.27799878956089363,
      0.4904129115928105,
      0.005110564021455863
    ],
    "hips": [
      0.15825684629710368,
      0.4392621061949624,
      -0.03432617398230711
    ],
    "knees": [
      0.21490391729913733,
      0.2766834624945575,
      0.04441439968691177
    ],
    "ankles": [
      0.184743647433131,
      0.1671020863054706,
      0.08325664270886576
    ]
  },
  "angles": {
    "knee": 65.90092442851818,
    "hip": 156.55135414672947,
    "shoulder": 60.111115634972535,
    "elbow": 88.68592574837187
  },
  "analysis_scores": {
    "alignment": 0.9186444931855595,
    "balance": 0.8626331071648881,
    "form": 0.7429680264547495,
    "stability": 0.8955360264651755,
    "coordination": 0.9219103756614012,
    "precision": 0.9384260884073499,
    "power": 0.8629290521005016,
    "efficiency": 0.9999399510931268,
    "safety": 0.8605099372740415,
    "overall": 0.6412821555601868,
    "shoulder": 0.9446015379686564,
    "elbow": 0.8337188856962654,
    "wrist": 0.6968955330462784,
    "hip": 0.828885731596961,
    "knee": 0.6862238937743073,
    "ankle": 0.7864807965513032,
    "back": 0.7377554384012149,
    "neck": 0.6392013830126458
  },
  "recommendations": {
    "form": "Good form, continue practicing with current technique",
    "alignment": "Good alignment, maintain current technique",
    "stability": "Good stability, continue with current technique",
    "power": "Good power output, maintain current intensity"
  },
  "safety_considerations": [
    "Focus on maintaining proper back alignment during takedowns"
  ]
}