{
  "power_generation": {
    "explosiveness": 0.990722073851807,
    "force_transfer": 0.6803987653578097,
    "efficiency": 0.6617511683750665
  },
  "technical_metrics": {
    "precision": 0.59751740070717,
    "consistency": 0.7691493627178483,
    "fluidity": 0.7152646466687536
  },
  "biomechanical_metrics": {
    "joint_loading": 0.7185756706163919,
    "muscle_activation": 0.5251520363845933,
    "energy_efficiency": 0.5683056482422362
  }
}