{
  "key_points": {
    "shoulders": [
      0.07848153783512407,
      0.6480886565576562,
      -0.03549103527715365
    ],
    "elbows": [
      0.1329316791208338,
      0.5710829729310973,
      0.07566061589755688
    ],
    "wrists": [
      0.37572208232537163,
      0.39485566713726694,
      0.0820927731638463
    ],
    "hips": [
      -0.18848628694790703,
      0.4593264779825334,
      -0.007337494384140331
    ],
    "knees": [
      0.17493098705303406,
      0.32971770414303875,
      -0.07151916093677578
    ],
    "ankles": [
      -0.3813183036082892,
      0.18192198066956078,
      -0.09337297555607148
    ]
  },
  "angles": {
    "knee": 31.37799008399402,
    "hip": 130.9574549717134,
    "shoulder": 19.19089299631622,
    "elbow": 88.80988448060124
  },
  "analysis_scores": {
    "alignment": 0.7972542555135619,
    "balance": 0.844674362617113,
    "form": 0.6772229035588861,
    "stability": 0.7921948553461736,
    "coordination": 0.7988760059420806,
    "precision": 0.7142733170470419,
    "power": 0.7713128352087912,
    "efficiency": 0.7906957287950549,
    "safety": 0.9415496610178931,
    "overall": 0.9509192106841248,
    "shoulder": 0.7556371197481431,
    "elbow": 0.8768687067190316,
    "wrist": 0.8984157432314267,
    "hip": 0.9259445361166139,
    "knee": 0.78449402265246,
    "ankle": 0.8819613591788193,
    "back": 0.6279604122702866,
    "neck": 0.6547148899503056
  },
  "recommendations": {
    "form": "Good form, continue practicing with current technique",
    "alignment": "Good alignment, maintain current technique",
    "stability": "Good stability, continue with current technique",
    "power": "Good power output, maintain current intensity"
  },
  "safety_considerations": []
}