{
  "power_generation": {
    "explosiveness": 0.5867173003382333,
    "force_transfer": 0.509080441039252,
    "efficiency": 0.7532046919767879
  },
  "technical_metrics": {
    "precision": 0.6241568109162309,
    "consistency": 0.8645307910877991,
    "fluidity": 0.9291123385364419
  },
  "biomechanical_metrics": {
    "joint_loading": 0.6673750970797558,
    "muscle_activation": 0.8676892804351022,
    "energy_efficiency": 0.8155374711228593
  }
}