{
  "key_points": {
    "shoulders": [
      -0.08840194913462703,
      0.554270301199148,
      0.033990777365889346
    ],
    "elbows": [
      0.13699880694845357,
      0.44031604606856867,
      -0.09677037771821223
    ],
    "wrists": [
      0.011044239325886107,
      0.33063233183988866,
      0.019870925577552725
    ],
    "hips": [
      -0.027692564139361275,
      0.3187301022329108,
      -0.020976288970104437
    ],
    "knees": [
      0.24720572905686494,
      0.31504616819582765,
      -0.09025141984708784
    ],
    "ankles": [
      -0.07238687276538586,
      0.12990181947491042,
      -0.00519636691943795
    ]
  },
  "angles": {
    "knee": 107.86004623164764,
    "hip": 45.32965137277368,
    "shoulder": 67.82153465522032,
    "elbow": 157.73872057915096
  },
  "analysis_scores": {
    "alignment": 0.7629687752454175,
    "balance": 0.6674501917844711,
    "form": 0.7650011627305245,
    "stability": 0.7131570486661776,
    "coordination": 0.9425712311987768,
    "precision": 0.8889061387777712,
    "power": 0.9230978214543519,
    "efficiency": 0.603927647085121,
    "safety": 0.9955854391460007,
    "overall": 0.8034894748954895,
    "shoulder": 0.6717421560475281,
    "elbow": 0.7756342625469113,
    "wrist": 0.8412139613526552,
    "hip": 0.7971799285194706,
    "knee": 0.8215797150583206,
    "ankle": 0.7928477131795716,
    "back": 0.9748361195240767,
    "neck": 0.9290976465482792
  },
  "recommendations": {
    "form": "Good form, continue practicing with current technique",
    "alignment": "Good alignment, maintain current technique",
    "stability": "Good stability, continue with current technique",
    "power": "Good power output, maintain current intensity"
  },
  "safety_considerations": []
}