{
  "power_generation": {
    "explosiveness": 0.8786526149206901,
    "force_transfer": 0.646876120450387,
    "efficiency": 0.6274706073835469
  },
  "technical_metrics": {
    "precision": 0.9543521537360807,
    "consistency": 0.7645899114025891,
    "fluidity": 0.6327502265271943
  },
  "biomechanical_metrics": {
    "joint_loading": 0.8118892396517803,
    "muscle_activation": 0.8534467219542894,
    "energy_efficiency": 0.6813030898700809
  }
}