{
  "key_points": {
    "shoulders": [
      -0.287119101848528,
      0.6244420108933205,
      0.17222652731724525
    ],
    "elbows": [
      -0.10960476003812308,
      0.4447569360681046,
      -0.003158470973191718
    ],
    "wrists": [
      0.4992967139743554,
      0.382427970100494,
      0.14815777406852088
    ],
    "hips": [
      -0.13780203980938813,
      0.41746506920729776,
      0.17410784179141497
    ]
  },
  "angles": {
    "shoulder": 59.77267138544863,
    "elbow": 119.57854671467068
  },
  "analysis_scores": {
    "alignment": 0.7151047351158794,
    "balance": 0.7512320701434752,
    "form": 0.9319751134614747,
    "stability": 0.6947094509227062,
    "coordination": 0.6495623982501817,
    "precision": 0.6436091202000445,
    "power": 0.8927854820387182,
    "efficiency": 0.6472576869907359,
    "safety": 0.9479421454001069,
    "overall": 0.9645691311798066,
    "shoulder": 0.8567352591296168,
    "elbow": 0.7273851494224258,
    "wrist": 0.835919160637203,
    "hip": 0.8168124628162011,
    "knee": 0.6683052995693259,
    "ankle": 0.8509506267670088,
    "back": 0.9333967833697692,
    "neck": 0.8482380520816728
  },
  "recommendations": {
    "form": "Good form, continue practicing with current technique",
    "alignment": "Good alignment, maintain current technique",
    "stability": "Good stability, continue with current technique",
    "power": "Good power output, maintain current intensity"
  },
  "safety_considerations": []
}