{
  "power_generation": {
    "explosiveness": 0.6185087742001139,
    "force_transfer": 0.9360108850319907,
    "efficiency": 0.5214589544832897
  },
  "technical_metrics": {
    "precision": 0.5333244056162844,
    "consistency": 0.8911467729967694,
    "fluidity": 0.8323153894202833
  },
  "biomechanical_metrics": {
    "joint_loading": 0.8069463651280823,
    "muscle_activation": 0.5789396095507684,
    "energy_efficiency": 0.589964501193612
  }
}