{
  "key_points": {
    "shoulders": [
      0.1176977336705815,
      0.5192779524452339,
      -0.03840517108586075
    ],
    "elbows": [
      0.2609801400709742,
      0.4048631719510238,
      -0.013265309023983304
    ],
    "wrists": [
      0.34224206252959355,
      0.4547761717148492,
      0.013720415664385283
    ],
    "hips": [
      -0.07746478587849603,
      0.3350298310420617,
      -0.07651831300506556
    ],
    "knees": [
      0.2932017305742068,
      0.2515654027349894,
      0.047852067731497694
    ],
    "ankles": [
      -0.14843849303080442,
      0.10705773470976027,
      0.06465994152460325
    ]
  },
  "angles": {
    "knee": 70.50324385514959,
    "hip": 151.64437247144835,
    "shoulder": 53.588045334282725,
    "elbow": 159.28518161177567
  },
  "analysis_scores": {
    "alignment": 0.6813708930689297,
    "balance": 0.6790679412786409,
    "form": 0.7735194151046609,
    "stability": 0.7863132509980529,
    "coordination": 0.8925656807778997,
    "precision": 0.8532102943633189,
    "power": 0.8843613758653539,
    "efficiency": 0.6246159744059459,
    "safety": 0.7917064502026285,
    "overall": 0.6541937135308545,
    "shoulder": 0.7142976452572484,
    "elbow": 0.645821397873803,
    "wrist": 0.8544473882594441,
    "hip": 0.8486592755562471,
    "knee": 0.6813654284745209,
    "ankle": 0.9264289920661712,
    "back": 0.8759918304809151,
    "neck": 0.8890647278647419
  },
  "recommendations": {
    "form": "Good form, continue practicing with current technique",
    "alignment": "Good alignment, maintain current technique",
    "stability": "Good stability, continue with current technique",
    "power": "Good power output, maintain current intensity"
  },
  "safety_considerations": []
}