{
  "power_generation": {
    "explosiveness": 0.955346819260966,
    "force_transfer": 0.7136442721990317,
    "efficiency": 0.5216913076784851
  },
  "technical_metrics": {
    "precision": 0.785520401377509,
    "consistency": 0.7945116628129609,
    "fluidity": 0.9686663065616674
  },
  "biomechanical_metrics": {
    "joint_loading": 0.834911331775488,
    "muscle_activation": 0.8261073332713285,
    "energy_efficiency": 0.8785553958196617
  }
}