{
  "key_points": {
    "shoulders": [
      0.17719614219528979,
      0.6834495714100859,
      -0.09171940092669023
    ],
    "hips": [
      -0.14055725513901002,
      0.4520209192941759,
      -0.04627707155672587
    ],
    "knees": [
      -0.2993070004088784,
      0.4442201206381482,
      0.06364789969692827
    ],
    "ankles": [
      -0.06931092885879853,
      0.29629655239521024,
      -0.06592306798604819
    ]
  },
  "angles": {
    "knee": 103.85595866443032,
    "hip": 45.98275077315506,
    "shoulder": 47.50712429016093
  },
  "analysis_scores": {
    "alignment": 1.0,
    "balance": 0.8253588747188104,
    "form": 0.9389211050223146,
    "stability": 0.603296075273185,
    "coordination": 0.90766030342378,
    "precision": 0.6590783422575511,
    "power": 0.9463886588632255,
    "efficiency": 0.8594562159155577,
    "safety": 0.8296501729822732,
    "overall": 0.6967507145716304,
    "shoulder": 0.7005830761363077,
    "elbow": 0.9812750825209091,
    "wrist": 0.8866787899944487,
    "hip": 0.9308032232018337,
    "knee": 0.6887899653601928,
    "ankle": 1.0,
    "back": 0.9514156821715402,
    "neck": 0.9652531162837312
  },
  "recommendations": {
    "form": "Focus on maintaining proper joint angles during movement",
    "alignment": "Good alignment, maintain current technique",
    "stability": "Focus on maintaining proper posture and balance",
    "power": "Consider increasing intensity gradually"
  },
  "safety_considerations": []
}