{
  "power_generation": {
    "explosiveness": 0.7711755149987846,
    "force_transfer": 0.7722695691711844,
    "efficiency": 0.7802666087083596
  },
  "technical_metrics": {
    "precision": 0.723747098442766,
    "consistency": 0.5463939191148051,
    "fluidity": 0.6500556953612022
  },
  "biomechanical_metrics": {
    "joint_loading": 0.584968114651452,
    "muscle_activation": 0.7864813943671061,
    "energy_efficiency": 0.8583165453490784
  }
}