{
  "key_points": {
    "shoulders": [
      -0.09491079942736445,
      0.5219271822385323,
      0.03465168490999013
    ],
    "elbows": [
      0.01309088633672012,
      0.5449602739805828,
      0.09106284847732588
    ],
    "wrists": [
      -0.10910625129797263,
      0.36795960898672786,
      -0.010533348224603695
    ],
    "hips": [
      -0.16514814688885934,
      0.4259943956837934,
      -0.07423556559918465
    ],
    "knees": [
      -0.163299220197261,
      0.2796130153117672,
      0.022931731872238473
    ],
    "ankles": [
      0.05315936746623284,
      0.18457457578761644,
      0.08519567616304408
    ]
  },
  "angles": {
    "knee": 63.35705010523569,
    "hip": 81.86227778053562,
    "shoulder": 68.34044297878212,
    "elbow": 51.73023879330357
  },
  "analysis_scores": {
    "alignment": 0.6815052917510633,
    "balance": 0.9148382446762652,
    "form": 0.8547031999613419,
    "stability": 0.601359763882193,
    "coordination": 0.8037440900372814,
    "precision": 0.8427868541756642,
    "power": 0.9642215984071341,
    "efficiency": 0.8542489779784146,
    "safety": 0.6573359710105554,
    "overall": 0.6102534009337551,
    "shoulder": 0.9849051269126399,
    "elbow": 0.6437423580315782,
    "wrist": 0.7234265641330225,
    "hip": 0.81605510665825,
    "knee": 0.7005296213551033,
    "ankle": 0.677510333223221,
    "back": 0.751025757067041,
    "neck": 0.7578307940054801
  },
  "recommendations": {
    "form": "Good form, continue practicing with current technique",
    "alignment": "Good alignment, maintain current technique",
    "stability": "Good stability, continue with current technique",
    "power": "Good power output, maintain current intensity"
  },
  "safety_considerations": []
}