{
  "power_generation": {
    "explosiveness": 0.8276450585421296,
    "force_transfer": 0.535687400526119,
    "efficiency": 0.8392455213349392
  },
  "technical_metrics": {
    "precision": 0.9169047632525409,
    "consistency": 0.6763373931212735,
    "fluidity": 0.959676232731764
  },
  "biomechanical_metrics": {
    "joint_loading": 0.9600289280264296,
    "muscle_activation": 0.8516286840432823,
    "energy_efficiency": 0.5512185600427673
  }
}