{
  "key_points": {
    "shoulders": [
      -0.03208606600104719,
      0.5812294414247798,
      -0.040993258744137374
    ],
    "elbows": [
      0.25019886708808076,
      0.475345898337566,
      0.07143850137713631
    ],
    "wrists": [
      -0.3941097457654241,
      0.3248194352296292,
      -0.01584602637173263
    ],
    "hips": [
      0.16424691434525057,
      0.4479260647183816,
      -0.07039311070036264
    ],
    "knees": [
      0.275716376119235,
      0.36346260397868746,
      -0.05281435161516823
    ],
    "ankles": [
      -0.14659951439830093,
      0.22910164712988382,
      -0.06055698331455531
    ]
  },
  "angles": {
    "knee": 31.902892019186567,
    "hip": 77.16653413064519,
    "shoulder": 42.64543127258386,
    "elbow": 119.09162095527893
  },
  "analysis_scores": {
    "alignment": 0.7146412252146228,
    "balance": 0.7228588156391637,
    "form": 0.9690175367758835,
    "stability": 0.6236014371982579,
    "coordination": 0.9264192312462957,
    "precision": 0.6532588189608677,
    "power": 0.9653362262883064,
    "efficiency": 0.893200740608658,
    "safety": 0.7857287706656525,
    "overall": 0.8766079221415417,
    "shoulder": 0.9853768924234401,
    "elbow": 0.8260954754194881,
    "wrist": 0.8371255442825003,
    "hip": 0.6552981317949095,
    "knee": 0.6665283649381348,
    "ankle": 0.7444801528088743,
    "back": 0.8739178190900714,
    "neck": 0.6861290678203477
  },
  "recommendations": {
    "form": "Good form, continue practicing with current technique",
    "alignment": "Work on maintaining symmetrical movement patterns",
    "stability": "Good stability, continue with current technique",
    "power": "Good power output, maintain current intensity"
  },
  "safety_considerations": []
}