{
  "power_generation": {
    "explosiveness": 0.9102068497842902,
    "force_transfer": 0.5195208238833353,
    "efficiency": 0.692481608818698
  },
  "technical_metrics": {
    "precision": 0.6341420220702934,
    "consistency": 0.5739122005719088,
    "fluidity": 0.9141225155269888
  },
  "biomechanical_metrics": {
    "joint_loading": 0.7041051575628231,
    "muscle_activation": 0.78489240984537,
    "energy_efficiency": 0.6411010859152693
  }
}