{
  "key_points": {
    "shoulders": [
      -0.14653722143824624,
      0.5883161317921696,
      -0.030995822296775444
    ],
    "elbows": [
      -0.2631710489064188,
      0.5347240721283686,
      0.02103926809040639
    ],
    "wrists": [
      0.3605169182736221,
      0.361232164000624,
      -0.01591809048900779
    ],
    "hips": [
      -0.1596858076027653,
      0.473049100034883,
      -0.09772326835924522
    ],
    "knees": [
      -0.290795807023882,
      0.33318664686474475,
      0.08587634321344428
    ],
    "ankles": [
      -0.15339589825979205,
      0.11231802028506971,
      0.044561354959972765
    ]
  },
  "angles": {
    "knee": 23.419108052488653,
    "hip": 115.40681293523573,
    "shoulder": 14.879977307070195,
    "elbow": 60.03636159699647
  },
  "analysis_scores": {
    "alignment": 0.7951237778428382,
    "balance": 0.9273681593982771,
    "form": 0.91447106433276,
    "stability": 0.8478799110606766,
    "coordination": 0.8050584844094661,
    "precision": 0.9805458006762114,
    "power": 0.9091733253785739,
    "efficiency": 0.83718710469138,
    "safety": 0.6038501797251212,
    "overall": 0.6048576206077579,
    "shoulder": 0.624681242452623,
    "elbow": 0.7555514418255176,
    "wrist": 0.6613697598111027,
    "hip": 0.8058373041787891,
    "knee": 0.867937541584461,
    "ankle": 0.6406573563880683,
    "back": 0.8166724584607509,
    "neck": 0.8048308772471148
  },
  "recommendations": {
    "form": "Good form, continue practicing with current technique",
    "alignment": "Good alignment, maintain current technique",
    "stability": "Good stability, continue with current technique",
    "power": "Good power output, maintain current intensity"
  },
  "safety_considerations": []
}