{
  "power_generation": {
    "explosiveness": 0.8932652097320026,
    "force_transfer": 0.5511755955873326,
    "efficiency": 0.723693687625676
  },
  "technical_metrics": {
    "precision": 0.5382409574322529,
    "consistency": 0.7085690717762823,
    "fluidity": 0.6929434121265688
  },
  "biomechanical_metrics": {
    "joint_loading": 0.5215235026480836,
    "muscle_activation": 0.6279761592477925,
    "energy_efficiency": 0.928702341319289
  }
}