{
  "key_points": {
    "shoulders": [
      0.17515358172772644,
      0.5488950165630725,
      -0.021581659892836086
    ],
    "elbows": [
      -0.07387273286043289,
      0.4535079061298693,
      -0.046707833026527215
    ],
    "wrists": [
      0.038156732633901735,
      0.41486997994311114,
      0.09083306879081227
    ],
    "hips": [
      -0.09292326450967994,
      0.33082130666882936,
      -0.069175933326237
    ],
    "knees": [
      0.1761490914845119,
      0.37759517749600124,
      0.008404106488510005
    ],
    "ankles": [
      -0.3334878822162914,
      0.2053307895310751,
      -0.04775148935636884
    ]
  },
  "angles": {
    "knee": 61.47720993681307,
    "hip": 72.83279012199853,
    "shoulder": 27.481778803058805,
    "elbow": 154.46924569035184
  },
  "analysis_scores": {
    "alignment": 0.6509181774939443,
    "balance": 0.6398759442961972,
    "form": 0.820086115200459,
    "stability": 0.8312745952577661,
    "coordination": 0.7458266971394646,
    "precision": 0.8924083635471909,
    "power": 0.9038901381563185,
    "efficiency": 0.8023887776666021,
    "safety": 0.978076835381769,
    "overall": 0.6529388566687279,
    "shoulder": 0.8571524445905431,
    "elbow": 0.9057833817653471,
    "wrist": 0.84017403788485,
    "hip": 0.966970956418527,
    "knee": 0.6990342417415869,
    "ankle": 0.9735765273437881,
    "back": 0.6039199938957847,
    "neck": 0.8804402407321604
  },
  "recommendations": {
    "form": "Focus on maintaining proper joint angles during movement",
    "alignment": "Good alignment, maintain current technique",
    "stability": "Good stability, continue with current technique",
    "power": "Consider increasing intensity gradually"
  },
  "safety_considerations": []
}