{
  "power_generation": {
    "explosiveness": 0.5821608245072525,
    "force_transfer": 0.5231252823060291,
    "efficiency": 0.7292038258269555
  },
  "technical_metrics": {
    "precision": 0.9246415401092862,
    "consistency": 0.5081136795624174,
    "fluidity": 0.8692935700409131
  },
  "biomechanical_metrics": {
    "joint_loading": 0.6262607960802399,
    "muscle_activation": 0.5736610877536799,
    "energy_efficiency": 0.8861080368245524
  }
}