{
  "key_points": {
    "shoulders": [
      -0.19285328879789077,
      0.5991656172084034,
      0.08845451811346602
    ],
    "elbows": [
      -0.12835158619904663,
      0.480868280460095,
      -0.09488584722742484
    ],
    "wrists": [
      0.3234805572874131,
      0.39296343718386495,
      0.03168694657174484
    ],
    "hips": [
      -0.10789393581253184,
      0.4369634681220891,
      0.08089432176742362
    ],
    "knees": [
      0.15830861763219384,
      0.23624557619463468,
      0.0939006259541679
    ],
    "ankles": [
      -0.26237819679373287,
      0.10500849641801911,
      -0.012361416924627416
    ]
  },
  "angles": {
    "knee": 85.78099371571805,
    "hip": 176.78122121794704,
    "shoulder": 16.654863966046833,
    "elbow": 141.0991928227905
  },
  "analysis_scores": {
    "alignment": 0.88948525518258,
    "balance": 0.6544256486714622,
    "form": 0.967395131200254,
    "stability": 0.9274899583849557,
    "coordination": 0.6133627745861489,
    "precision": 0.67360913945329,
    "power": 0.7051003250491965,
    "efficiency": 0.7597166299236294,
    "safety": 0.7017816117137126,
    "overall": 0.6420380377020732,
    "shoulder": 0.7142901942868405,
    "elbow": 0.7488523203232308,
    "wrist": 0.9047714151363047,
    "hip": 0.7772825973520742,
    "knee": 0.9949250706897763,
    "ankle": 0.891625601572051,
    "back": 0.8903145267928638,
    "neck": 0.9449148668124208
  },
  "recommendations": {
    "form": "Good form, continue practicing with current technique",
    "alignment": "Work on maintaining symmetrical movement patterns",
    "stability": "Good stability, continue with current technique",
    "power": "Good power output, maintain current intensity"
  },
  "safety_considerations": [
    "Focus on maintaining proper back alignment to prevent injury"
  ]
}