{
  "power_generation": {
    "explosiveness": 0.6100997566311408,
    "force_transfer": 0.9417496957546301,
    "efficiency": 0.6701103375023267
  },
  "technical_metrics": {
    "precision": 0.9409089099386962,
    "consistency": 0.7570730554596232,
    "fluidity": 0.5791211368854106
  },
  "biomechanical_metrics": {
    "joint_loading": 0.8142545727501543,
    "muscle_activation": 0.8874594862848948,
    "energy_efficiency": 0.9319570308444678
  }
}