{
  "key_points": {
    "shoulders": [
      0.03368387478314219,
      0.6999295139354793,
      -0.09066742866974903
    ],
    "elbows": [
      0.2922095554103857,
      0.4539471253722662,
      -0.03203298419821901
    ],
    "wrists": [
      -0.23146843358823377,
      0.3061508089389204,
      0.06576722457456816
    ],
    "hips": [
      -0.17641359402488577,
      0.375543850163399,
      0.05052186588360677
    ],
    "knees": [
      -0.0947940505194863,
      0.2866086824748652,
      0.01646613298447039
    ],
    "ankles": [
      0.3184394623178174,
      0.24251454698759348,
      0.07302723406029962
    ]
  },
  "angles": {
    "knee": 118.05623402584537,
    "hip": 151.66495251972864,
    "shoulder": 21.11417449852707,
    "elbow": 130.71213261706453
  },
  "analysis_scores": {
    "alignment": 0.6699910958164838,
    "balance": 0.8004131264035921,
    "form": 0.9499637781375756,
    "stability": 0.6987929052543311,
    "coordination": 0.801215157458799,
    "precision": 0.7324129159139758,
    "power": 0.6652130247623503,
    "efficiency": 0.621228586849912,
    "safety": 0.9856167647746811,
    "overall": 0.9517900153479918,
    "shoulder": 0.9526072902662013,
    "elbow": 0.7296517760843351,
    "wrist": 0.8122690369165015,
    "hip": 0.9094379993198203,
    "knee": 0.6007178811679441,
    "ankle": 0.95724196683124,
    "back": 0.8401948118321152,
    "neck": 0.9040647876256728
  },
  "recommendations": {
    "form": "Good form, continue practicing with current technique",
    "alignment": "Work on maintaining symmetrical movement patterns",
    "stability": "Good stability, continue with current technique",
    "power": "Good power output, maintain current intensity"
  },
  "safety_considerations": []
}