{
  "key_points": {
    "shoulders": [
      -0.18640680932454165,
      0.6056597031239068,
      -0.0889023183290225
    ],
    "elbows": [
      -0.0029669575476849452,
      0.5104697294982303,
      0.07368737222577015
    ],
    "wrists": [
      0.017125848612023986,
      0.4758247913068211,
      -0.005856566810005973
    ],
    "hips": [
      0.08778071364042567,
      0.30862680267972015,
      0.04806495254669366
    ],
    "knees": [
      0.1320201064839548,
      0.39878737813707865,
      -0.06989435157556892
    ],
    "ankles": [
      -0.2744886364457993,
      0.158447261624527,
      -0.07999418373389744
    ]
  },
  "angles": {
    "knee": 44.23094567045981,
    "hip": 79.94903917777077,
    "shoulder": 33.84378619020919,
    "elbow": 12.754547117060328
  },
  "analysis_scores": {
    "alignment": 0.7242262076090594,
    "balance": 0.8637269551848108,
    "form": 0.7253176498181093,
    "stability": 0.6826354290690968,
    "coordination": 0.765304865495616,
    "precision": 0.9916758456514392,
    "power": 0.7995737134473196,
    "efficiency": 0.6945821821511491,
    "safety": 0.7243380815459125,
    "overall": 0.7103863030056519,
    "shoulder": 0.9551305775958404,
    "elbow": 0.6662181422387147,
    "wrist": 0.6660703949808542,
    "hip": 0.8761527331213879,
    "knee": 0.796700353273929,
    "ankle": 0.6335571620236811,
    "back": 0.8031303784514511,
    "neck": 0.8839385810498293
  },
  "recommendations": {
    "form": "Good form, continue practicing with current technique",
    "alignment": "Good alignment, maintain current technique",
    "stability": "Good stability, continue with current technique",
    "power": "Good power output, maintain current intensity"
  },
  "safety_considerations": []
}