{
  "power_generation": {
    "explosiveness": 0.5329631790607574,
    "force_transfer": 0.6731195786990163,
    "efficiency": 0.6041586189320025
  },
  "technical_metrics": {
    "precision": 0.7357374460986881,
    "consistency": 0.8216423980963685,
    "fluidity": 0.5517804630669263
  },
  "biomechanical_metrics": {
    "joint_loading": 0.9985291754439432,
    "muscle_activation": 0.9319952830395237,
    "energy_efficiency": 0.5445841107399804
  }
}