{
  "key_points": {
    "shoulders": [
      -0.03314817252266375,
      0.6983226627733753,
      0.06789452301870649
    ],
    "elbows": [
      0.19915026478208747,
      0.5370062651739801,
      -0.09239937004062378
    ],
    "wrists": [
      0.3614676181893841,
      0.4301099763530676,
      0.06262930732594948
    ],
    "hips": [
      0.11995838786945229,
      0.32944805340113786,
      -0.06074218942455876
    ],
    "knees": [
      -0.15706978098951999,
      0.28102239030566467,
      -0.09248337043083672
    ],
    "ankles": [
      -0.38544471806750247,
      0.2286869959549175,
      -0.006520328461653152
    ]
  },
  "angles": {
    "knee": 112.71719793511791,
    "hip": 18.000240257359337,
    "shoulder": 36.38417448561179,
    "elbow": 133.41239991551896
  },
  "analysis_scores": {
    "alignment": 0.9801774577015298,
    "balance": 0.8545241796653213,
    "form": 0.6514182737581027,
    "stability": 0.7659143625270093,
    "coordination": 0.9126937886174432,
    "precision": 0.8324241304802728,
    "power": 0.7705850904318743,
    "efficiency": 0.6093628635504357,
    "safety": 0.9749378569877376,
    "overall": 0.8299696896426269,
    "shoulder": 0.8498204013483883,
    "elbow": 0.9225020867980267,
    "wrist": 0.9176689466130842,
    "hip": 0.8225588084143902,
    "knee": 0.6676448113777671,
    "ankle": 0.6244416426775451,
    "back": 0.8730743861427737,
    "neck": 0.9456276013357081
  },
  "recommendations": {
    "form": "Good form, continue practicing with current technique",
    "alignment": "Work on maintaining symmetrical movement patterns",
    "stability": "Good stability, continue with current technique",
    "power": "Consider increasing intensity gradually"
  },
  "safety_considerations": []
}