{
  "power_generation": {
    "explosiveness": 0.8305614511344144,
    "force_transfer": 0.5936517792102955,
    "efficiency": 0.505916096265205
  },
  "technical_metrics": {
    "precision": 0.9015912710205447,
    "consistency": 0.6742888259853832,
    "fluidity": 0.9738063940757531
  },
  "biomechanical_metrics": {
    "joint_loading": 0.5017107492964056,
    "muscle_activation": 0.5362118438659254,
    "energy_efficiency": 0.7401740574293219
  }
}