{
  "key_points": {
    "shoulders": [
      -0.16614997934642872,
      0.5968772507234817,
      -0.05319462938121309
    ],
    "elbows": [
      -0.25266871176803496,
      0.5353336244207556,
      -0.09127215332518741
    ],
    "wrists": [
      0.30306395338184444,
      0.48488068944410967,
      0.04100049260152602
    ],
    "hips": [
      0.16203194096892903,
      0.3585130990716916,
      -0.09960276813150495
    ],
    "knees": [
      -0.20311627826709808,
      0.24905482004559884,
      0.0803623455935403
    ],
    "ankles": [
      -0.34443547223180976,
      0.26401924268759064,
      0.00966143890825974
    ]
  },
  "angles": {
    "knee": 143.93228152513933,
    "hip": 114.75389193607627,
    "shoulder": 72.73021230423007,
    "elbow": 72.79547659955499
  },
  "analysis_scores": {
    "alignment": 0.9480086079426231,
    "balance": 0.804976368843822,
    "form": 0.7835981126765854,
    "stability": 0.8668826940115602,
    "coordination": 0.7251585238882,
    "precision": 0.9866399131956352,
    "power": 0.8261918661223075,
    "efficiency": 0.8221786569039515,
    "safety": 0.9824164455049689,
    "overall": 0.9391516268326128,
    "shoulder": 0.7425831456532447,
    "elbow": 0.7284208683192002,
    "wrist": 0.661115695110923,
    "hip": 0.966201078400768,
    "knee": 0.9193497290038022,
    "ankle": 0.6506904391557398,
    "back": 0.8891815891773169,
    "neck": 0.6546263438790741
  },
  "recommendations": {
    "form": "Good form, continue practicing with current technique",
    "alignment": "Good alignment, maintain current technique",
    "stability": "Good stability, continue with current technique",
    "power": "Good power output, maintain current intensity"
  },
  "safety_considerations": [
    "Focus on proper shoulder positioning to prevent impingement"
  ]
}