{
  "power_generation": {
    "explosiveness": 0.9983194669231865,
    "force_transfer": 0.5262595340899016,
    "efficiency": 0.8960158189159783
  },
  "technical_metrics": {
    "precision": 0.6456235110073183,
    "consistency": 0.8625827227755551,
    "fluidity": 0.8971087500870663
  },
  "biomechanical_metrics": {
    "joint_loading": 0.8591933864935168,
    "muscle_activation": 0.613209809156851,
    "energy_efficiency": 0.5169949486980323
  }
}