{
  "key_points": {
    "shoulders": [
      0.029355931548217695,
      0.615004623268301,
      0.058916475043838845
    ],
    "elbows": [
      0.22102990350770418,
      0.5008747957479234,
      -0.07078513982534301
    ],
    "wrists": [
      -0.13602848073019463,
      0.3609429528803081,
      0.06985375198065222
    ],
    "hips": [
      0.14474295855190938,
      0.44203997520758054,
      -0.07485726153454274
    ],
    "knees": [
      -0.28552430022567926,
      0.23432154551344245,
      0.09208119907159776
    ],
    "ankles": [
      0.06203447693787495,
      0.11117391684264599,
      0.03917364876073676
    ]
  },
  "angles": {
    "knee": 83.59922811879886,
    "hip": 132.71123811379655,
    "shoulder": 19.697444351601472,
    "elbow": 116.79066128073374
  },
  "analysis_scores": {
    "alignment": 0.8046652909225233,
    "balance": 0.772664573448962,
    "form": 0.770920736375173,
    "stability": 0.8539943233041615,
    "coordination": 0.6405520118808344,
    "precision": 0.9810471176261125,
    "power": 0.836083815851717,
    "efficiency": 0.8896512099412668,
    "safety": 0.6006211541783719,
    "overall": 0.6494622697246865,
    "shoulder": 0.8116413697513618,
    "elbow": 0.9545057249915204,
    "wrist": 0.9752796992741377,
    "hip": 0.8961572357261391,
    "knee": 0.8686812575248652,
    "ankle": 0.7455941843934499,
    "back": 0.7640196295701974,
    "neck": 0.7078198221111307
  },
  "recommendations": {
    "form": "Good form, continue practicing with current technique",
    "alignment": "Good alignment, maintain current technique",
    "stability": "Good stability, continue with current technique",
    "power": "Good power output, maintain current intensity"
  },
  "safety_considerations": []
}