{
  "power_generation": {
    "explosiveness": 0.6066549056406729,
    "force_transfer": 0.696480589129103,
    "efficiency": 0.9204086304251619
  },
  "technical_metrics": {
    "precision": 0.61738300254797,
    "consistency": 0.6826369606480904,
    "fluidity": 0.7159789290778916
  },
  "biomechanical_metrics": {
    "joint_loading": 0.5650058399015397,
    "muscle_activation": 0.7582220273557945,
    "energy_efficiency": 0.7186492318402183
  }
}