{
  "key_points": {
    "shoulders": [
      -0.08458515996969665,
      0.6182288199528224,
      0.08410990185405207
    ],
    "elbows": [
      0.2978372080030856,
      0.42052611837595594,
      0.056520774733884754
    ],
    "wrists": [
      -0.3493062196528933,
      0.45961298861547795,
      0.052310317868523554
    ],
    "hips": [
      -0.05358791993026976,
      0.49487301518064597,
      0.0018829256334373656
    ],
    "knees": [
      -0.028541321576643963,
      0.3967626404638184,
      0.05468796818118837
    ],
    "ankles": [
      -0.2100624510510806,
      0.21140402318116266,
      0.02566349799597875
    ]
  },
  "angles": {
    "knee": 79.9863667792816,
    "hip": 89.23926092788612,
    "shoulder": 71.96165593305965,
    "elbow": 151.13470788142715
  },
  "analysis_scores": {
    "alignment": 0.663691381091117,
    "balance": 0.7926485879222778,
    "form": 0.9814735760428608,
    "stability": 0.8479420604073284,
    "coordination": 0.6052261178215677,
    "precision": 0.6137121614386192,
    "power": 0.647404716959218,
    "efficiency": 0.7592497049673369,
    "safety": 0.649341965782737,
    "overall": 0.6662138414653946,
    "shoulder": 0.7304183727459117,
    "elbow": 0.9199830140354763,
    "wrist": 0.6607087731282442,
    "hip": 0.7473153375603319,
    "knee": 0.6582812123936221,
    "ankle": 0.9188276264587769,
    "back": 0.6116148901611678,
    "neck": 0.6899319309522147
  },
  "recommendations": {
    "form": "Good form, continue practicing with current technique",
    "alignment": "Good alignment, maintain current technique",
    "stability": "Good stability, continue with current technique",
    "power": "Good power output, maintain current intensity"
  },
  "safety_considerations": []
}