{
  "power_generation": {
    "explosiveness": 0.8292759860469399,
    "force_transfer": 0.720769990514391,
    "efficiency": 0.5226328482038902
  },
  "technical_metrics": {
    "precision": 0.7289081523392609,
    "consistency": 0.6103780623451464,
    "fluidity": 0.7536557314029941
  },
  "biomechanical_metrics": {
    "joint_loading": 0.7994734346362597,
    "muscle_activation": 0.6367636944578776,
    "energy_efficiency": 0.5241049521652708
  }
}