{
  "key_points": {
    "shoulders": [
      0.14164676763840084,
      0.6694249529287761,
      0.014980590965731455
    ],
    "elbows": [
      -0.1809529008590393,
      0.40679259794429673,
      0.0706090964846833
    ],
    "wrists": [
      0.2954978124612214,
      0.3786612774174828,
      -0.010193742556660682
    ],
    "hips": [
      0.028153220148507574,
      0.4405951015015158,
      0.09794365094172772
    ],
    "knees": [
      0.147029085645339,
      0.320082262949543,
      0.08675016821356488
    ],
    "ankles": [
      0.21718539425861338,
      0.14523669195275485,
      0.06696113614076135
    ]
  },
  "angles": {
    "knee": 114.87826178453419,
    "hip": 145.4793951690088,
    "shoulder": 20.045924370167878,
    "elbow": 48.460698467436906
  },
  "analysis_scores": {
    "alignment": 0.771434878781424,
    "balance": 0.9344862894427501,
    "form": 0.8204900032182896,
    "stability": 0.6703439612249226,
    "coordination": 0.9507981536126605,
    "precision": 0.8943868178117964,
    "power": 0.8783006320482976,
    "efficiency": 0.8492153187979604,
    "safety": 0.8524418459830474,
    "overall": 0.6848570690102699,
    "shoulder": 0.6777559320800102,
    "elbow": 0.744080351994429,
    "wrist": 0.9326692431652315,
    "hip": 0.7513541996635111,
    "knee": 0.7155148930557966,
    "ankle": 0.729749229434953,
    "back": 0.8896168299320848,
    "neck": 0.8955172201345796
  },
  "recommendations": {
    "form": "Good form, continue practicing with current technique",
    "alignment": "Good alignment, maintain current technique",
    "stability": "Good stability, continue with current technique",
    "power": "Good power output, maintain current intensity"
  },
  "safety_considerations": []
}