{
  "power_generation": {
    "explosiveness": 0.7900932139711312,
    "force_transfer": 0.6630396287708256,
    "efficiency": 0.6325539145356344
  },
  "technical_metrics": {
    "precision": 0.944309172706814,
    "consistency": 0.8398742287891388,
    "fluidity": 0.7535920106298198
  },
  "biomechanical_metrics": {
    "joint_loading": 0.7210988476614375,
    "muscle_activation": 0.6102544258731064,
    "energy_efficiency": 0.8406068886001887
  }
}