{
  "key_points": {
    "shoulders": [
      -0.03147834029526267,
      0.6701563691661808,
      -0.061438307449477494
    ],
    "elbows": [
      0.05046083595446088,
      0.4720778742071538,
      -0.06295040368098423
    ],
    "wrists": [
      0.1921215440364028,
      0.3297188438062522,
      -0.020308206478093657
    ],
    "hips": [
      -0.027827818886317024,
      0.37850837434430173,
      0.0001667088545477674
    ],
    "knees": [
      -0.14511747716987533,
      0.2924699433570508,
      0.08675532609025463
    ],
    "ankles": [
      -0.07497116877231963,
      0.10320409562267024,
      0.07326869177008974
    ]
  },
  "angles": {
    "knee": 33.68334407887028,
    "hip": 92.64059691766282,
    "shoulder": 11.777717790652526,
    "elbow": 121.61652373438375
  },
  "analysis_scores": {
    "alignment": 0.9033413976193025,
    "balance": 0.9392023794233095,
    "form": 0.8826537981615443,
    "stability": 0.8843216412679148,
    "coordination": 0.6787525152937672,
    "precision": 0.6106754601825577,
    "power": 0.7709340539538775,
    "efficiency": 0.6201061638724197,
    "safety": 0.94028883538596,
    "overall": 0.6321564696863748,
    "shoulder": 0.6253270658862796,
    "elbow": 0.6035934429692206,
    "wrist": 0.8149741058310052,
    "hip": 0.871310672145613,
    "knee": 0.7426543535733228,
    "ankle": 0.9313735158915838,
    "back": 0.8076487288812103,
    "neck": 0.6200063616089123
  },
  "recommendations": {
    "form": "Good form, continue practicing with current technique",
    "alignment": "Good alignment, maintain current technique",
    "stability": "Good stability, continue with current technique",
    "power": "Good power output, maintain current intensity"
  },
  "safety_considerations": []
}