{
  "power_generation": {
    "explosiveness": 0.5373509949980472,
    "force_transfer": 0.8790625642513468,
    "efficiency": 0.8331293050591648
  },
  "technical_metrics": {
    "precision": 0.6437435190106717,
    "consistency": 0.6044669265699988,
    "fluidity": 0.5485494165817786
  },
  "biomechanical_metrics": {
    "joint_loading": 0.7646305050431038,
    "muscle_activation": 0.8790027499519074,
    "energy_efficiency": 0.8446517104057139
  }
}