{
  "key_points": {
    "shoulders": [
      -0.1468797530219102,
      0.5270813345666846,
      0.025914546338236144
    ],
    "elbows": [
      -0.009948991058203849,
      0.5376187989882156,
      0.05967773598872869
    ],
    "wrists": [
      -0.3510250033985422,
      0.3726284015864114,
      -0.06613965777689476
    ],
    "hips": [
      0.11380393730980604,
      0.3692734370007799,
      0.07683284156929845
    ],
    "knees": [
      -0.1387710026439136,
      0.36202594136536714,
      -0.022449970490093563
    ],
    "ankles": [
      0.34346167726874477,
      0.2795698416369803,
      -0.020513534358108848
    ]
  },
  "angles": {
    "knee": 80.02457994111995,
    "hip": 69.49494412233528,
    "shoulder": 71.15816086913446,
    "elbow": 134.38849489769783
  },
  "analysis_scores": {
    "alignment": 0.9264889132343272,
    "balance": 0.7891084465450282,
    "form": 0.6661453568375386,
    "stability": 0.7491133353217829,
    "coordination": 0.742410564013418,
    "precision": 0.9613706244461617,
    "power": 0.7732703377797154,
    "efficiency": 0.8684454887075367,
    "safety": 0.7297805217221152,
    "overall": 0.9587378019169427,
    "shoulder": 0.6884546882423783,
    "elbow": 0.684557260164528,
    "wrist": 0.9440482752556092,
    "hip": 0.7727571835951023,
    "knee": 0.8452305211311072,
    "ankle": 0.8258428134815341,
    "back": 0.7065326850070511,
    "neck": 0.8241721503615996
  },
  "recommendations": {
    "form": "Good form, continue practicing with current technique",
    "alignment": "Good alignment, maintain current technique",
    "stability": "Good stability, continue with current technique",
    "power": "Good power output, maintain current intensity"
  },
  "safety_considerations": []
}