{
  "power_generation": {
    "explosiveness": 0.5434274829652708,
    "force_transfer": 0.5688541882779599,
    "efficiency": 0.814990282472815
  },
  "technical_metrics": {
    "precision": 0.6601910035364383,
    "consistency": 0.9104395018979392,
    "fluidity": 0.7854510929044745
  },
  "biomechanical_metrics": {
    "joint_loading": 0.9982778328433635,
    "muscle_activation": 0.6797686861669319,
    "energy_efficiency": 0.9246320844522671
  }
}