{
  "key_points": {
    "shoulders": [
      0.11284353798098218,
      0.5975816193844201,
      -0.06558559046967544
    ],
    "elbows": [
      0.14539204698237357,
      0.40395391702971445,
      0.06987597390990807
    ],
    "wrists": [
      -0.10439518447597979,
      0.47914954656704756,
      -0.09026995240087775
    ],
    "hips": [
      0.051116623906989234,
      0.47493786118466513,
      -0.026638443829640784
    ],
    "knees": [
      -0.01951016615315876,
      0.21471794186769994,
      -0.0799473076235703
    ],
    "ankles": [
      0.2992118186093786,
      0.2652502343293752,
      0.003664919812086692
    ]
  },
  "angles": {
    "knee": 83.45125562015252,
    "hip": 146.6041833461599,
    "shoulder": 9.920882977845407,
    "elbow": 44.84053934296655
  },
  "analysis_scores": {
    "alignment": 0.6989492935841441,
    "balance": 0.6608214445955208,
    "form": 0.6033652181782418,
    "stability": 0.8139501460014577,
    "coordination": 0.8303839165275141,
    "precision": 0.7053619218571049,
    "power": 0.7256281862505362,
    "efficiency": 0.6433824323950883,
    "safety": 0.6434478211483566,
    "overall": 0.9412466941589472,
    "shoulder": 0.6437680961197594,
    "elbow": 0.9976733119113362,
    "wrist": 0.7261397884515237,
    "hip": 0.752660095073578,
    "knee": 0.7677669902745835,
    "ankle": 0.831796927132545,
    "back": 0.728444366264456,
    "neck": 0.9902349188813568
  },
  "recommendations": {
    "form": "Good form, continue practicing with current technique",
    "alignment": "Good alignment, maintain current technique",
    "stability": "Good stability, continue with current technique",
    "power": "Consider increasing intensity gradually"
  },
  "safety_considerations": [
    "Focus on proper shoulder stability to prevent shoulder injuries",
    "Ensure proper body alignment to prevent falls"
  ]
}