{
  "power_generation": {
    "explosiveness": 0.830457372046788,
    "force_transfer": 0.8425443439971377,
    "efficiency": 0.5812104872919406
  },
  "technical_metrics": {
    "precision": 0.6831624515078725,
    "consistency": 0.8517857317487137,
    "fluidity": 0.9270945946677368
  },
  "biomechanical_metrics": {
    "joint_loading": 0.7969416445725936,
    "muscle_activation": 0.7448567827021606,
    "energy_efficiency": 0.6426711695408773
  }
}