{
  "key_points": {
    "shoulders": [
      0.1586696289300158,
      0.6385367757255714,
      -0.03799734935347868
    ],
    "elbows": [
      0.10649741154356135,
      0.4964594319835634,
      0.07174584639398615
    ],
    "wrists": [
      -0.21271595569602725,
      0.3020889981727632,
      -0.05802412314745325
    ],
    "hips": [
      0.04657152629947808,
      0.41689697046870516,
      -0.0730892823133878
    ],
    "knees": [
      -0.16244555867834823,
      0.22996342607823705,
      -0.034231995154873365
    ],
    "ankles": [
      -0.3612613579382825,
      0.23752002826018842,
      -0.09674111968632562
    ]
  },
  "angles": {
    "knee": 53.29527845945296,
    "hip": 120.89302396616651,
    "shoulder": 52.56245682326768,
    "elbow": 146.17382191519187
  },
  "analysis_scores": {
    "alignment": 0.701163100029214,
    "balance": 0.7844070539683843,
    "form": 0.6434728591149553,
    "stability": 0.8946086114290946,
    "coordination": 0.6077307734725381,
    "precision": 0.6046314899385763,
    "power": 0.9394624687613216,
    "efficiency": 0.8601341243631211,
    "safety": 0.991541485117192,
    "overall": 0.8300897795672959,
    "shoulder": 0.8187641361229702,
    "elbow": 0.6983756528998404,
    "wrist": 0.7726682807780934,
    "hip": 0.8313771606327895,
    "knee": 0.8719849763525911,
    "ankle": 0.7612024223640146,
    "back": 0.7668377218734449,
    "neck": 0.630628917235628
  },
  "recommendations": {
    "form": "Good form, continue practicing with current technique",
    "alignment": "Good alignment, maintain current technique",
    "stability": "Good stability, continue with current technique",
    "power": "Good power output, maintain current intensity"
  },
  "safety_considerations": []
}