{
  "power_generation": {
    "explosiveness": 0.5113080715133067,
    "force_transfer": 0.8053014206702456,
    "efficiency": 0.652081560855048
  },
  "technical_metrics": {
    "precision": 0.6309728510810615,
    "consistency": 0.7195993603603507,
    "fluidity": 0.544256946135987
  },
  "biomechanical_metrics": {
    "joint_loading": 0.8516587462070444,
    "muscle_activation": 0.6142728250605689,
    "energy_efficiency": 0.5716967080343855
  }
}