{
  "key_points": {
    "shoulders": [
      -0.15061223304590743,
      0.5712696967996812,
      0.09329476312793689
    ],
    "elbows": [
      -0.05411728143959291,
      0.42177801110025576,
      0.07172273025600387
    ],
    "wrists": [
      -0.27311951768136067,
      0.3113697106325065,
      0.06846322808116065
    ],
    "hips": [
      0.022062297412062032,
      0.4073234968377615,
      -0.023716269063348297
    ],
    "knees": [
      0.2823347535755902,
      0.32781639990615574,
      -0.06530113610160167
    ],
    "ankles": [
      -0.38884133892560063,
      0.13179271289557565,
      0.05498331723116398
    ]
  },
  "angles": {
    "knee": 40.16270363222787,
    "hip": 82.52184313128672,
    "shoulder": 19.51240040606465,
    "elbow": 114.62518868353418
  },
  "analysis_scores": {
    "alignment": 0.8657517621531774,
    "balance": 0.7035692735678155,
    "form": 0.9634844728432003,
    "stability": 0.6037114008779484,
    "coordination": 0.9487342167226295,
    "precision": 0.9080633126863652,
    "power": 0.8622529118573901,
    "efficiency": 0.6971671499159933,
    "safety": 0.9567450211269886,
    "overall": 0.9716612277832901,
    "shoulder": 0.8309213482833577,
    "elbow": 0.783676722703596,
    "wrist": 0.7574939643248184,
    "hip": 0.8034569909355793,
    "knee": 0.6620318766501411,
    "ankle": 0.7697686531655568,
    "back": 0.865844346921437,
    "neck": 0.6907595942683942
  },
  "recommendations": {
    "form": "Good form, continue practicing with current technique",
    "alignment": "Good alignment, maintain current technique",
    "stability": "Good stability, continue with current technique",
    "power": "Good power output, maintain current intensity"
  },
  "safety_considerations": [
    "Focus on proper shoulder alignment to prevent impingement"
  ]
}