{
  "power_generation": {
    "explosiveness": 0.6665134154628007,
    "force_transfer": 0.7118216766350236,
    "efficiency": 0.98032943467495
  },
  "technical_metrics": {
    "precision": 0.8992416890569372,
    "consistency": 0.7042626939785819,
    "fluidity": 0.5573697210683564
  },
  "biomechanical_metrics": {
    "joint_loading": 0.9448984662767649,
    "muscle_activation": 0.9544672713463087,
    "energy_efficiency": 0.8939456259355767
  }
}