{
  "key_points": {
    "shoulders": [
      0.067271349974661,
      0.6673142832328287,
      0.028439144392066462
    ],
    "elbows": [
      -0.14539860003420949,
      0.5408849908148426,
      0.04147299933323059
    ],
    "wrists": [
      0.279148217814572,
      0.39249061900328625,
      0.02149981112936676
    ],
    "hips": [
      0.05555771852419339,
      0.4714225822399791,
      -0.09866527670602253
    ],
    "knees": [
      0.19384984533692973,
      0.22880843440688856,
      -0.05716875419253103
    ],
    "ankles": [
      0.3029081239015453,
      0.2654547313258771,
      -0.03803152910000873
    ]
  },
  "angles": {
    "knee": 113.28561056360688,
    "hip": 145.55463605163524,
    "shoulder": 37.08350986147518,
    "elbow": 135.03234030687827
  },
  "analysis_scores": {
    "alignment": 0.8458208720708732,
    "balance": 0.8619123782371525,
    "form": 0.7176186703751464,
    "stability": 0.7009766572268229,
    "coordination": 0.6487071248286992,
    "precision": 0.8350843966448374,
    "power": 0.9401921662501428,
    "efficiency": 0.8454072268953747,
    "safety": 0.6183623925945402,
    "overall": 0.6352499886602584,
    "shoulder": 0.6383179966477485,
    "elbow": 0.8382241144346194,
    "wrist": 0.6437924996632352,
    "hip": 0.7497380075141119,
    "knee": 0.623159049408276,
    "ankle": 0.8426179358486805,
    "back": 0.7484767374837851,
    "neck": 0.6246654419198073
  },
  "recommendations": {
    "form": "Good form, continue practicing with current technique",
    "alignment": "Good alignment, maintain current technique",
    "stability": "Good stability, continue with current technique",
    "power": "Good power output, maintain current intensity"
  },
  "safety_considerations": []
}