{
  "power_generation": {
    "explosiveness": 0.5242322671291179,
    "force_transfer": 0.6742441738962883,
    "efficiency": 0.6165111259448022
  },
  "technical_metrics": {
    "precision": 0.5833534517412096,
    "consistency": 0.9309303678766571,
    "fluidity": 0.5833275930249562
  },
  "biomechanical_metrics": {
    "joint_loading": 0.6641366731360736,
    "muscle_activation": 0.9201039182046348,
    "energy_efficiency": 0.9029757503909499
  }
}