{
  "key_points": {
    "shoulders": [
      0.0026992749456639376,
      0.5353047347619446,
      0.08221127863078206
    ],
    "elbows": [
      -0.0663933534303199,
      0.4198206838825728,
      -0.06979653678671878
    ],
    "wrists": [
      -0.36866714046522725,
      0.385034749960835,
      -0.0015397335634602938
    ],
    "hips": [
      -0.03538406822657211,
      0.3143363080125174,
      0.010403992087064079
    ],
    "knees": [
      -0.07797833157663253,
      0.2707614879609935,
      -0.0015907841012741536
    ],
    "ankles": [
      -0.32241084251391583,
      0.274737891021654,
      -0.03880656432396701
    ]
  },
  "angles": {
    "knee": 68.1605654293618,
    "hip": 56.70897332038438,
    "shoulder": 31.618856272600123,
    "elbow": 71.47509667695559
  },
  "analysis_scores": {
    "alignment": 0.7758629328591887,
    "balance": 0.9548687415770472,
    "form": 0.8947154377076226,
    "stability": 0.8819932934440817,
    "coordination": 0.8467509746166786,
    "precision": 0.9613312489339617,
    "power": 0.6031741246469617,
    "efficiency": 0.7320802101138006,
    "safety": 0.9696514465823465,
    "overall": 0.7362611453872967,
    "shoulder": 0.9785982680623732,
    "elbow": 0.6555415679195712,
    "wrist": 0.9196784111925822,
    "hip": 0.6453616567797152,
    "knee": 0.8540385659532804,
    "ankle": 0.7804282569425083,
    "back": 0.7037807847808689,
    "neck": 0.9227185201373499
  },
  "recommendations": {
    "form": "Good form, continue practicing with current technique",
    "alignment": "Good alignment, maintain current technique",
    "stability": "Focus on maintaining proper posture and balance",
    "power": "Good power output, maintain current intensity"
  },
  "safety_considerations": [
    "Maintain proper wrist alignment to prevent strain"
  ]
}