{
  "power_generation": {
    "explosiveness": 0.8537782325209067,
    "force_transfer": 0.9558918481379503,
    "efficiency": 0.6624562484463767
  },
  "technical_metrics": {
    "precision": 0.6445248082386585,
    "consistency": 0.9015326736566828,
    "fluidity": 0.8898802260088874
  },
  "biomechanical_metrics": {
    "joint_loading": 0.6235818792061218,
    "muscle_activation": 0.9443293171808544,
    "energy_efficiency": 0.7365310112056322
  }
}