{
  "key_points": {
    "shoulders": [
      -0.04228306069805518,
      0.6896399628550325,
      -0.08173298122484457
    ],
    "elbows": [
      0.28307896982186037,
      0.5399098114600216,
      -0.09932405631603176
    ],
    "wrists": [
      -0.16920847830819935,
      0.3771139463192551,
      -0.003933026511009435
    ],
    "hips": [
      -0.05973242992830646,
      0.33079710817836533,
      0.000646772171890353
    ],
    "knees": [
      -0.21314313673434632,
      0.3008787037902007,
      -0.03103859703268981
    ],
    "ankles": [
      0.08275873375799014,
      0.29727435811065384,
      -0.08868918804086404
    ]
  },
  "angles": {
    "knee": 115.18963101818359,
    "hip": 132.4442827759531,
    "shoulder": 42.49243035977496,
    "elbow": 155.017335328665
  },
  "analysis_scores": {
    "alignment": 0.9496892104368158,
    "balance": 0.764358970389175,
    "form": 0.8429173477615648,
    "stability": 0.9054685560436604,
    "coordination": 0.8012083330552642,
    "precision": 0.7741471839679882,
    "power": 0.6371361153190035,
    "efficiency": 0.9915092668204983,
    "safety": 0.7104627526831423,
    "overall": 0.9090105863244625,
    "shoulder": 0.87024876581606,
    "elbow": 0.8534138398865379,
    "wrist": 0.9098299794096486,
    "hip": 0.820494006612501,
    "knee": 0.8074178023299977,
    "ankle": 0.8968969597054008,
    "back": 0.7374241976640044,
    "neck": 0.8022972241499206
  },
  "recommendations": {
    "form": "Good form, continue practicing with current technique",
    "alignment": "Good alignment, maintain current technique",
    "stability": "Focus on maintaining proper posture and balance",
    "power": "Good power output, maintain current intensity"
  },
  "safety_considerations": []
}