{
  "power_generation": {
    "explosiveness": 0.7735566854370916,
    "force_transfer": 0.9336068777993171,
    "efficiency": 0.643658763542637
  },
  "technical_metrics": {
    "precision": 0.6704412105366704,
    "consistency": 0.6286929967039716,
    "fluidity": 0.6005878447840807
  },
  "biomechanical_metrics": {
    "joint_loading": 0.5992378181432323,
    "muscle_activation": 0.6343551471134441,
    "energy_efficiency": 0.8679604031447349
  }
}