{
  "key_points": {
    "shoulders": [
      0.12293719482211746,
      0.6714079198782132,
      -0.06458117461667454
    ],
    "elbows": [
      -0.10959400848914214,
      0.4262388351129718,
      0.06619640275192651
    ],
    "wrists": [
      -0.20030447174735608,
      0.47441783768127416,
      0.013646567035956486
    ],
    "hips": [
      0.15625707676179096,
      0.45076000954137696,
      0.05656087024173037
    ],
    "knees": [
      -0.22676112116793162,
      0.28685906539214356,
      0.09389055405608127
    ],
    "ankles": [
      -0.22871583085067534,
      0.15308966018891088,
      0.04418621657010288
    ]
  },
  "angles": {
    "knee": 114.42381153219972,
    "hip": 89.00069640331407,
    "shoulder": 19.454324827947712,
    "elbow": 100.16686896762934
  },
  "analysis_scores": {
    "alignment": 0.6482320102198474,
    "balance": 0.7061517687925312,
    "form": 0.8643394828997737,
    "stability": 0.6705856795015216,
    "coordination": 0.8146190189822364,
    "precision": 0.9507679401619706,
    "power": 0.6208145248891249,
    "efficiency": 0.9774138944014106,
    "safety": 0.8193949795806598,
    "overall": 0.9158791362911118,
    "shoulder": 0.8410443712939027,
    "elbow": 0.9268663373323599,
    "wrist": 0.658484876480509,
    "hip": 0.6904954056740177,
    "knee": 0.6362479904974113,
    "ankle": 0.8157249656204841,
    "back": 0.8379231737158981,
    "neck": 0.9004835124255454
  },
  "recommendations": {
    "form": "Focus on maintaining proper joint angles during movement",
    "alignment": "Work on maintaining symmetrical movement patterns",
    "stability": "Good stability, continue with current technique",
    "power": "Good power output, maintain current intensity"
  },
  "safety_considerations": [
    "Maintain proper hip control to prevent injury"
  ]
}