{
  "power_generation": {
    "explosiveness": 0.7297147409814235,
    "force_transfer": 0.8897383938403332,
    "efficiency": 0.5873155820526778
  },
  "technical_metrics": {
    "precision": 0.6857418632943605,
    "consistency": 0.5648193220107092,
    "fluidity": 0.548748149038947
  },
  "biomechanical_metrics": {
    "joint_loading": 0.6395185516624746,
    "muscle_activation": 0.5259547777973494,
    "energy_efficiency": 0.7470676686825475
  }
}