{
  "power_generation": {
    "explosiveness": 0.5227360533598646,
    "force_transfer": 0.7666372461872566,
    "efficiency": 0.766490145309347
  },
  "technical_metrics": {
    "precision": 0.960657772669003,
    "consistency": 0.6850911780040692,
    "fluidity": 0.9890033135296048
  },
  "biomechanical_metrics": {
    "joint_loading": 0.9983886519988066,
    "muscle_activation": 0.5888804551906295,
    "energy_efficiency": 0.5771069049276106
  }
}