{
  "key_points": {
    "shoulders": [
      -0.07949711214878175,
      0.52046072931597,
      0.08048372886899846
    ],
    "elbows": [
      0.024997465527098472,
      0.4216162641623759,
      -0.006285229413462726
    ],
    "wrists": [
      0.08901159057679137,
      0.3078307522613772,
      0.03750474173138102
    ],
    "hips": [
      0.10013441648357024,
      0.3653187041323038,
      -0.09682597937715409
    ],
    "knees": [
      -0.22028847613440006,
      0.317490113358825,
      0.03052030856426946
    ],
    "ankles": [
      0.008035632191939535,
      0.19629738241624767,
      -0.055908901629066414
    ]
  },
  "angles": {
    "knee": 54.49244887173336,
    "hip": 153.5080737573896,
    "shoulder": 37.384421658769654,
    "elbow": 75.16139774430204
  },
  "analysis_scores": {
    "alignment": 0.8368407337815678,
    "balance": 0.9452559398142603,
    "form": 0.6984546889644643,
    "stability": 0.866592421409015,
    "coordination": 0.659861654532893,
    "precision": 0.9075172654980331,
    "power": 0.8358656095077658,
    "efficiency": 0.7278614349478033,
    "safety": 0.695738109419598,
    "overall": 0.8689509484213525,
    "shoulder": 0.7335687751801029,
    "elbow": 0.6501049312351304,
    "wrist": 0.9203994817890918,
    "hip": 0.6068532716025159,
    "knee": 0.6253209858410372,
    "ankle": 0.929482906313192,
    "back": 0.9728921497576278,
    "neck": 0.7795736613271238
  },
  "recommendations": {
    "form": "Good form, continue practicing with current technique",
    "alignment": "Work on maintaining symmetrical movement patterns",
    "stability": "Focus on maintaining proper posture and balance",
    "power": "Consider increasing intensity gradually"
  },
  "safety_considerations": []
}