{
  "power_generation": {
    "explosiveness": 0.7063452564188705,
    "force_transfer": 0.5941242168715972,
    "efficiency": 0.7996104372448423
  },
  "technical_metrics": {
    "precision": 0.5742329444941574,
    "consistency": 0.9727475081124723,
    "fluidity": 0.9096302158829033
  },
  "biomechanical_metrics": {
    "joint_loading": 0.8844527001006514,
    "muscle_activation": 0.8532044046264124,
    "energy_efficiency": 0.754932979040219
  }
}