{
  "key_points": {
    "shoulders": [
      0.033321475836758735,
      0.6531411017328276,
      -0.07072674708943366
    ],
    "elbows": [
      0.2031621186353994,
      0.4184705420801553,
      -0.006300372286768607
    ],
    "wrists": [
      -0.2916140691839135,
      0.36812870247304846,
      0.0571349885445612
    ],
    "hips": [
      -0.15246340850905332,
      0.302700953474161,
      -0.01003191387554167
    ],
    "knees": [
      -0.09253012785946088,
      0.2246278466938466,
      0.040757416321866635
    ],
    "ankles": [
      -0.3088252491073677,
      0.1833957599068386,
      -0.08103724732085865
    ]
  },
  "angles": {
    "knee": 25.28273545954803,
    "hip": 96.95546153940425,
    "shoulder": 18.678651477602646,
    "elbow": 26.34120562294885
  },
  "analysis_scores": {
    "alignment": 0.9524200667307444,
    "balance": 0.6277585351207965,
    "form": 0.7798773155546891,
    "stability": 0.6827740807615572,
    "coordination": 0.9150734906463779,
    "precision": 0.6933495621913696,
    "power": 0.9163577416233573,
    "efficiency": 0.6044888101972087,
    "safety": 0.7167401106046687,
    "overall": 0.7542698998268685,
    "shoulder": 0.8819209452846618,
    "elbow": 0.825384378601608,
    "wrist": 0.8454159243989098,
    "hip": 0.7584050028888978,
    "knee": 0.6436350586887863,
    "ankle": 0.9811966934646856,
    "back": 0.6915790932322113,
    "neck": 0.7056127026331137
  },
  "recommendations": {
    "form": "Good form, continue practicing with current technique",
    "alignment": "Work on maintaining symmetrical movement patterns",
    "stability": "Focus on maintaining proper posture and balance",
    "power": "Good power output, maintain current intensity"
  },
  "safety_considerations": [
    "Focus on proper shoulder mechanics to prevent rotator cuff injuries"
  ]
}