{
  "power_generation": {
    "explosiveness": 0.8152106751718956,
    "force_transfer": 0.5422957631468905,
    "efficiency": 0.9467291331288019
  },
  "technical_metrics": {
    "precision": 0.6279101193917623,
    "consistency": 0.9863038286725965,
    "fluidity": 0.9218358718825472
  },
  "biomechanical_metrics": {
    "joint_loading": 0.673325261689458,
    "muscle_activation": 0.8393739782351459,
    "energy_efficiency": 0.9340461664793382
  }
}