{
  "key_points": {
    "shoulders": [
      -0.04114416247886793,
      0.5400600127214028,
      -0.031051306316359606
    ],
    "elbows": [
      0.3385503427235871,
      0.5978279474414182,
      0.09470081342732029
    ],
    "wrists": [
      0.394705394428572,
      0.3319603381061279,
      0.059134449414285584
    ],
    "hips": [
      -0.16371731802691386,
      0.3296681605759393,
      0.14938763485793188
    ]
  },
  "angles": {
    "shoulder": 55.84021373499411,
    "elbow": 76.45670426713578
  },
  "analysis_scores": {
    "alignment": 0.9512113996786459,
    "balance": 0.6564523747678983,
    "form": 0.9941731601894476,
    "stability": 0.915874534218484,
    "coordination": 0.937722796889873,
    "precision": 0.68259807760414,
    "power": 0.9243147491501201,
    "efficiency": 0.7735782918543249,
    "safety": 0.69503909500036,
    "overall": 0.9844106381773017,
    "shoulder": 0.7305005439937018,
    "elbow": 0.8426400005074508,
    "wrist": 1.0,
    "hip": 0.9624938928455931,
    "knee": 0.676897232614049,
    "ankle": 0.9916295726858643,
    "back": 0.7079409916660009,
    "neck": 0.9467195172726705
  },
  "recommendations": {
    "form": "Focus on maintaining proper joint angles during movement",
    "alignment": "Good alignment, maintain current technique",
    "stability": "Good stability, continue with current technique",
    "power": "Good power output, maintain current intensity"
  },
  "safety_considerations": []
}