{
  "power_generation": {
    "explosiveness": 0.7086625930572831,
    "force_transfer": 0.9913371787642571,
    "efficiency": 0.6630493204447376
  },
  "technical_metrics": {
    "precision": 0.9004083553456301,
    "consistency": 0.9237483063949155,
    "fluidity": 0.8409725537119499
  },
  "biomechanical_metrics": {
    "joint_loading": 0.5778732646501608,
    "muscle_activation": 0.6046698294680551,
    "energy_efficiency": 0.9378504150649594
  }
}