{
  "key_points": {
    "shoulders": [
      -0.14359472019991792,
      0.5139176808357037,
      0.007112419957093621
    ],
    "elbows": [
      0.2802861497689099,
      0.5458037316059168,
      -0.035453476528585576
    ],
    "wrists": [
      -0.10329672151622865,
      0.45448555673892266,
      0.05854022073279522
    ],
    "hips": [
      0.008872056472033263,
      0.338670864588352,
      -0.0480688248595629
    ],
    "knees": [
      0.03651577707572495,
      0.2584957405849563,
      -0.061407936533030116
    ],
    "ankles": [
      -0.352266798728562,
      0.1920743970595062,
      -0.05021679544143516
    ]
  },
  "angles": {
    "knee": 62.374176659943544,
    "hip": 89.32999334380358,
    "shoulder": 27.71826378045676,
    "elbow": 47.17767340240256
  },
  "analysis_scores": {
    "alignment": 0.8517253771195887,
    "balance": 0.9801651197489116,
    "form": 0.7652248347131713,
    "stability": 0.6195723216875038,
    "coordination": 0.9046757443807234,
    "precision": 0.659607859556433,
    "power": 0.632022216455134,
    "efficiency": 0.6827759970040586,
    "safety": 0.7636150336419184,
    "overall": 0.9765217140644898,
    "shoulder": 0.9472148484761959,
    "elbow": 0.7410195044190817,
    "wrist": 0.7602612510475247,
    "hip": 0.8029630840196018,
    "knee": 0.9200738094275354,
    "ankle": 0.6331602358361287,
    "back": 0.7759860442078056,
    "neck": 0.8588371960748351
  },
  "recommendations": {
    "form": "Good form, continue practicing with current technique",
    "alignment": "Good alignment, maintain current technique",
    "stability": "Good stability, continue with current technique",
    "power": "Good power output, maintain current intensity"
  },
  "safety_considerations": [
    "Focus on proper knee alignment to prevent overuse injuries",
    "Ensure proper bike fit and body alignment"
  ]
}