{
  "power_generation": {
    "explosiveness": 0.8356201403334258,
    "force_transfer": 0.5353902148768214,
    "efficiency": 0.6098082160836684
  },
  "technical_metrics": {
    "precision": 0.5569787676885234,
    "consistency": 0.5321711925360204,
    "fluidity": 0.9956602655180494
  },
  "biomechanical_metrics": {
    "joint_loading": 0.5149707366567109,
    "muscle_activation": 0.6813903054174802,
    "energy_efficiency": 0.887267774451477
  }
}