{
  "key_points": {
    "shoulders": [
      0.00955358866123407,
      0.6882592326611503,
      -0.08950634786353756
    ],
    "elbows": [
      0.12868064528787937,
      0.5061365571382397,
      0.09341984071680254
    ],
    "wrists": [
      0.12521689702213623,
      0.305603326106429,
      -0.09519845245938624
    ],
    "hips": [
      -0.07761379950906636,
      0.4471963942078225,
      0.09920828498672063
    ],
    "knees": [
      -0.14024227821087842,
      0.3740154025678561,
      -0.004516841845974978
    ],
    "ankles": [
      -0.3645530487855906,
      0.21937188238125915,
      0.040628621944960475
    ]
  },
  "angles": {
    "knee": 57.35126122394734,
    "hip": 114.41485974545611,
    "shoulder": 26.32199520739485,
    "elbow": 47.283476791718094
  },
  "analysis_scores": {
    "alignment": 0.870315181758466,
    "balance": 0.7954516353428702,
    "form": 0.8439105936617328,
    "stability": 0.8782526011603904,
    "coordination": 0.9987583174745481,
    "precision": 0.7736111957243783,
    "power": 0.6204605223603835,
    "efficiency": 0.7839770506344146,
    "safety": 0.8402519582160927,
    "overall": 0.8802818558484271,
    "shoulder": 0.9575454034125203,
    "elbow": 0.9981357767188486,
    "wrist": 0.6566214862907925,
    "hip": 0.6219009761438976,
    "knee": 0.7789707213004271,
    "ankle": 0.882113275433249,
    "back": 0.8244442267814658,
    "neck": 0.8198599499985689
  },
  "recommendations": {
    "form": "Focus on maintaining proper joint angles during movement",
    "alignment": "Good alignment, maintain current technique",
    "stability": "Good stability, continue with current technique",
    "power": "Good power output, maintain current intensity"
  },
  "safety_considerations": []
}