{
  "power_generation": {
    "explosiveness": 0.940017099970826,
    "force_transfer": 0.8100841960715903,
    "efficiency": 0.6231903842916784
  },
  "technical_metrics": {
    "precision": 0.5306271662237997,
    "consistency": 0.9510529733209554,
    "fluidity": 0.7523222090310495
  },
  "biomechanical_metrics": {
    "joint_loading": 0.5193515790504717,
    "muscle_activation": 0.966528042943256,
    "energy_efficiency": 0.7158279051092
  }
}