{
  "key_points": {
    "shoulders": [
      0.18686932281103052,
      0.5569193824764127,
      -0.035064680258689654
    ],
    "elbows": [
      -0.10789975404873622,
      0.5327934780401423,
      0.06446561914743065
    ],
    "wrists": [
      -0.25956609738733527,
      0.4578698568028387,
      -0.02004643264056602
    ],
    "hips": [
      0.1564599283907681,
      0.3744347248616885,
      0.07836971885715088
    ],
    "knees": [
      -0.01234253676722713,
      0.2064860659784032,
      0.03288049271253396
    ],
    "ankles": [
      0.06195529573838876,
      0.2776612520839006,
      -0.07017561640186576
    ]
  },
  "angles": {
    "knee": 81.99627756104792,
    "hip": 112.74504377082037,
    "shoulder": 18.61572547996924,
    "elbow": 112.00223133807985
  },
  "analysis_scores": {
    "alignment": 0.8848950840798671,
    "balance": 0.9978320872675199,
    "form": 0.8709076572921888,
    "stability": 0.9594686821757343,
    "coordination": 0.6708499665587577,
    "precision": 0.9534667738600675,
    "power": 0.8191170653414698,
    "efficiency": 0.6900446593299361,
    "safety": 0.8891249079987342,
    "overall": 0.9725452685949838,
    "shoulder": 0.988119587061626,
    "elbow": 0.9555414777732196,
    "wrist": 0.9758140526492921,
    "hip": 0.7341931993521535,
    "knee": 0.9207799061911429,
    "ankle": 0.9905804212194805,
    "back": 0.6603122691925575,
    "neck": 0.9707711984078964
  },
  "recommendations": {
    "form": "Good form, continue practicing with current technique",
    "alignment": "Good alignment, maintain current technique",
    "stability": "Good stability, continue with current technique",
    "power": "Good power output, maintain current intensity"
  },
  "safety_considerations": []
}