{
  "power_generation": {
    "explosiveness": 0.6343481345370476,
    "force_transfer": 0.8416687897509525,
    "efficiency": 0.9256880168584638
  },
  "technical_metrics": {
    "precision": 0.5324506189343691,
    "consistency": 0.5262060022105276,
    "fluidity": 0.9837131163101047
  },
  "biomechanical_metrics": {
    "joint_loading": 0.6365279282350261,
    "muscle_activation": 0.8707768774383309,
    "energy_efficiency": 0.9201085505520945
  }
}