{
  "key_points": {
    "shoulders": [
      -0.17386760823339584,
      0.5713915891536958,
      0.02137874950615712
    ],
    "elbows": [
      0.07117725567483069,
      0.5364675025337036,
      0.005960127541661087
    ],
    "wrists": [
      0.012663757349901328,
      0.42446430002786,
      0.016903722276148114
    ],
    "hips": [
      0.027141610346497702,
      0.32153452933491145,
      -0.02399218865318946
    ],
    "knees": [
      -0.12400423400219165,
      0.2466654741612808,
      -0.022786663674635332
    ],
    "ankles": [
      0.35635054858027926,
      0.24591601571059757,
      0.05738989441299008
    ]
  },
  "angles": {
    "knee": 68.18309633573722,
    "hip": 78.45219470624346,
    "shoulder": 33.56167623099788,
    "elbow": 143.09235938710503
  },
  "analysis_scores": {
    "alignment": 0.8746400057659739,
    "balance": 0.9804481543112772,
    "form": 0.9861702981454709,
    "stability": 0.9062327246999963,
    "coordination": 0.9215831288956199,
    "precision": 0.8696672763997007,
    "power": 0.6250121320370381,
    "efficiency": 0.6551217626530008,
    "safety": 0.7098287710149221,
    "overall": 0.6433781448434699,
    "shoulder": 0.7555446741419085,
    "elbow": 0.8342304328012052,
    "wrist": 0.8832541881310976,
    "hip": 0.9839363515813773,
    "knee": 0.9846334311074079,
    "ankle": 0.794136368105588,
    "back": 0.6039066285493756,
    "neck": 0.7978339437802544
  },
  "recommendations": {
    "form": "Focus on maintaining proper joint angles during movement",
    "alignment": "Work on maintaining symmetrical movement patterns",
    "stability": "Good stability, continue with current technique",
    "power": "Good power output, maintain current intensity"
  },
  "safety_considerations": []
}