{
  "power_generation": {
    "explosiveness": 0.8466920065818282,
    "force_transfer": 0.8754151609218501,
    "efficiency": 0.6275872661096966
  },
  "technical_metrics": {
    "precision": 0.5181901200702748,
    "consistency": 0.655409387283898,
    "fluidity": 0.665615358462136
  },
  "biomechanical_metrics": {
    "joint_loading": 0.6121396131904585,
    "muscle_activation": 0.8880246115663293,
    "energy_efficiency": 0.91675095040832
  }
}