{
  "key_points": {
    "shoulders": [
      -0.04593389211532739,
      0.6053243896117021,
      0.08903462522552821
    ],
    "elbows": [
      0.038812635706571785,
      0.5484718747426838,
      0.09458183778772461
    ],
    "wrists": [
      -0.3945259141184666,
      0.33731666788659453,
      0.057364667907392114
    ],
    "hips": [
      0.0013371112060639179,
      0.4826589517003519,
      0.05385267570263458
    ],
    "knees": [
      -0.29527121338352497,
      0.3714837572755423,
      -0.04515882969344376
    ],
    "ankles": [
      -0.3398686330399473,
      0.12005916719832438,
      0.017770904697482368
    ]
  },
  "angles": {
    "knee": 145.4132864866762,
    "hip": 120.70486689056467,
    "shoulder": 35.072014749948494,
    "elbow": 81.89617007140153
  },
  "analysis_scores": {
    "alignment": 0.6939783078657297,
    "balance": 0.9400364416806367,
    "form": 0.7546164808246869,
    "stability": 0.6826544620763043,
    "coordination": 0.9914339120017158,
    "precision": 0.6021856160710609,
    "power": 0.8478760771825005,
    "efficiency": 0.8384673049922247,
    "safety": 0.7890928865773307,
    "overall": 0.7887690505269572,
    "shoulder": 0.7972263916212321,
    "elbow": 0.778071630692209,
    "wrist": 0.7805218002339652,
    "hip": 0.8822016696158106,
    "knee": 0.929898462879315,
    "ankle": 0.7018656152913291,
    "back": 0.8263904476883931,
    "neck": 0.7514735848701791
  },
  "recommendations": {
    "form": "Good form, continue practicing with current technique",
    "alignment": "Good alignment, maintain current technique",
    "stability": "Focus on maintaining proper posture and balance",
    "power": "Consider increasing intensity gradually"
  },
  "safety_considerations": []
}