{
  "power_generation": {
    "explosiveness": 0.8447834334229345,
    "force_transfer": 0.5023818114481898,
    "efficiency": 0.9678556661512557
  },
  "technical_metrics": {
    "precision": 0.8429632998141608,
    "consistency": 0.8017798008068447,
    "fluidity": 0.7210138399236655
  },
  "biomechanical_metrics": {
    "joint_loading": 0.9255098526815957,
    "muscle_activation": 0.7340142920836009,
    "energy_efficiency": 0.7903982864490782
  }
}