{
  "key_points": {
    "shoulders": [
      -0.17524278331159404,
      0.6299995429284685,
      -0.030534521023238198
    ],
    "elbows": [
      -0.1577184805223996,
      0.5237360038391488,
      -0.06073448249547058
    ],
    "wrists": [
      -0.22149583172024503,
      0.36563041278647185,
      -0.03410003296539628
    ],
    "hips": [
      0.03166098459355432,
      0.37222077992641256,
      0.08273488332657894
    ],
    "knees": [
      0.23184758632846453,
      0.26885979180649966,
      0.0715560449968334
    ],
    "ankles": [
      -0.048607162266255055,
      0.11498190434158458,
      -0.014243020690968874
    ]
  },
  "angles": {
    "knee": 116.6017361239571,
    "hip": 37.74579207089226,
    "shoulder": 49.297552238491775,
    "elbow": 146.9497372697997
  },
  "analysis_scores": {
    "alignment": 0.9760043407108974,
    "balance": 0.8212627189985133,
    "form": 0.7925142922827528,
    "stability": 0.7537873688740488,
    "coordination": 0.8823215203790081,
    "precision": 0.9684053963205383,
    "power": 0.8834846099250515,
    "efficiency": 0.6366108883193369,
    "safety": 0.7880001235873572,
    "overall": 0.7304867935636716,
    "shoulder": 0.7315230924938896,
    "elbow": 0.7740786088025947,
    "wrist": 0.6473836632133333,
    "hip": 0.9731672422963784,
    "knee": 0.6578498086090409,
    "ankle": 0.8025584316930874,
    "back": 0.9452497657330721,
    "neck": 0.6195028027211001
  },
  "recommendations": {
    "form": "Focus on maintaining proper joint angles during movement",
    "alignment": "Work on maintaining symmetrical movement patterns",
    "stability": "Good stability, continue with current technique",
    "power": "Good power output, maintain current intensity"
  },
  "safety_considerations": []
}