{
  "power_generation": {
    "explosiveness": 0.7378612820159458,
    "force_transfer": 0.9258378978313575,
    "efficiency": 0.6263317745928119
  },
  "technical_metrics": {
    "precision": 0.6863479375844492,
    "consistency": 0.6231372691140427,
    "fluidity": 0.7041956785533386
  },
  "biomechanical_metrics": {
    "joint_loading": 0.969388970150874,
    "muscle_activation": 0.5447712789932573,
    "energy_efficiency": 0.9960289519658303
  }
}