{
  "key_points": {
    "shoulders": [
      0.06693959752079925,
      0.5596282939395217,
      -0.0571595279411494
    ],
    "elbows": [
      0.1947643773083615,
      0.5289354817569929,
      0.04581452650056622
    ],
    "wrists": [
      -0.31958940918242285,
      0.44047122060563654,
      0.01008154487017883
    ],
    "hips": [
      0.024388979746412437,
      0.34079235538109875,
      -0.06593603153378144
    ],
    "knees": [
      0.03788311454380089,
      0.24143575535822914,
      0.03818580524941012
    ],
    "ankles": [
      -0.06013519337442624,
      0.24784769766506912,
      0.05900033135706695
    ]
  },
  "angles": {
    "knee": 126.65423745388705,
    "hip": 144.57687101309182,
    "shoulder": 55.74784026557207,
    "elbow": 39.134505791959974
  },
  "analysis_scores": {
    "alignment": 0.6108660957508727,
    "balance": 0.7988988331343321,
    "form": 0.8078490544501588,
    "stability": 0.7457461815871292,
    "coordination": 0.9182254072210077,
    "precision": 0.9050114786663495,
    "power": 0.6740089473462062,
    "efficiency": 0.623353270436381,
    "safety": 0.6572785520018757,
    "overall": 0.8354088881003959,
    "shoulder": 0.6482990845970786,
    "elbow": 0.7243842369003091,
    "wrist": 0.7640908206752983,
    "hip": 0.7554085672401741,
    "knee": 0.7179213177568682,
    "ankle": 0.994845797268095,
    "back": 0.7105289536913838,
    "neck": 0.8815901668780756
  },
  "recommendations": {
    "form": "Focus on maintaining proper joint angles during movement",
    "alignment": "Good alignment, maintain current technique",
    "stability": "Focus on maintaining proper posture and balance",
    "power": "Consider increasing intensity gradually"
  },
  "safety_considerations": []
}