{
  "power_generation": {
    "explosiveness": 0.6724417928786692,
    "force_transfer": 0.5748585514168252,
    "efficiency": 0.7828252813679772
  },
  "technical_metrics": {
    "precision": 0.9435698900155158,
    "consistency": 0.6236899159521127,
    "fluidity": 0.5067740051232623
  },
  "biomechanical_metrics": {
    "joint_loading": 0.8502074794194305,
    "muscle_activation": 0.5710236275888851,
    "energy_efficiency": 0.7267166619729215
  }
}