{
  "key_points": {
    "shoulders": [
      -0.09530056822506974,
      0.6239815041189336,
      0.07726908959427822
    ],
    "elbows": [
      -0.11923940420734017,
      0.5036706380812823,
      -0.03362387977561236
    ],
    "wrists": [
      0.2706189533486274,
      0.47592574742174176,
      -0.0944205448162548
    ],
    "hips": [
      -0.1816023430371191,
      0.4353761059121173,
      0.06653323281604354
    ],
    "knees": [
      0.02652876250125369,
      0.2570053261486798,
      0.03555155137120539
    ],
    "ankles": [
      0.24164954502926927,
      0.24141117037752483,
      -0.019515302107667762
    ]
  },
  "angles": {
    "knee": 61.29318441123896,
    "hip": 74.33252042933023,
    "shoulder": 26.29856518603165,
    "elbow": 147.86225358042415
  },
  "analysis_scores": {
    "alignment": 0.8822830703100994,
    "balance": 0.6040307859340669,
    "form": 0.7823876526597198,
    "stability": 0.839296367686077,
    "coordination": 0.616501369551102,
    "precision": 0.6638515772022315,
    "power": 0.9270313016248789,
    "efficiency": 0.8984214438414484,
    "safety": 0.732720826350158,
    "overall": 0.8382210879945993,
    "shoulder": 0.8936991722410293,
    "elbow": 0.7075901957128555,
    "wrist": 0.85831715842474,
    "hip": 0.6856216068671932,
    "knee": 0.6083641210353451,
    "ankle": 0.9792861716619552,
    "back": 0.8326120281973038,
    "neck": 0.6686279548376868
  },
  "recommendations": {
    "form": "Good form, continue practicing with current technique",
    "alignment": "Good alignment, maintain current technique",
    "stability": "Focus on maintaining proper posture and balance",
    "power": "Good power output, maintain current intensity"
  },
  "safety_considerations": []
}