{
  "key_points": {
    "shoulders": [
      0.23811181915709306,
      0.7896587580283633,
      -0.11274992780352044
    ],
    "hips": [
      0.021048235883829924,
      0.5793576972189889,
      -0.16299233494992726
    ],
    "knees": [
      0.2350864330473793,
      0.434427338105861,
      -0.17389847586802049
    ],
    "ankles": [
      0.41756157366017244,
      0.3538117061479683,
      -0.04010308953861824
    ]
  },
  "angles": {
    "knee": 132.64208155840575,
    "hip": 83.03735175073439,
    "shoulder": 53.52254464585774
  },
  "analysis_scores": {
    "alignment": 0.6323595263124938,
    "balance": 0.6641931576457615,
    "form": 0.9914797201723191,
    "stability": 0.6445112742232361,
    "coordination": 0.9103050094096127,
    "precision": 0.9854947092058097,
    "power": 0.9911711848445718,
    "efficiency": 0.6934091040739175,
    "safety": 0.7072927759828737,
    "overall": 0.9963144406624682,
    "shoulder": 0.742521524096526,
    "elbow": 0.8580641900259856,
    "wrist": 0.8754541768962292,
    "hip": 0.7603827946143935,
    "knee": 1.0,
    "ankle": 0.9518042213947826,
    "back": 0.9541941693908622,
    "neck": 0.825396221152889
  },
  "recommendations": {
    "form": "Good form, continue practicing with current technique",
    "alignment": "Work on maintaining symmetrical movement patterns",
    "stability": "Good stability, continue with current technique",
    "power": "Consider increasing intensity gradually"
  },
  "safety_considerations": []
}