{
  "power_generation": {
    "explosiveness": 0.9563440893815373,
    "force_transfer": 0.6082502094026909,
    "efficiency": 0.5628241714940769
  },
  "technical_metrics": {
    "precision": 0.88530316764971,
    "consistency": 0.6336189391220242,
    "fluidity": 0.5548652788670243
  },
  "biomechanical_metrics": {
    "joint_loading": 0.9640052262982217,
    "muscle_activation": 0.9281090681222184,
    "energy_efficiency": 0.9474053251374832
  }
}