{
  "key_points": {
    "shoulders": [
      -0.038467621739251445,
      0.5337573209405385,
      0.09048367373937574
    ],
    "elbows": [
      -0.2592504533924537,
      0.42736349603831303,
      0.05836575475937966
    ],
    "wrists": [
      0.3288952335461518,
      0.32076525723731836,
      -0.04726327924683238
    ],
    "hips": [
      -0.01872999195560593,
      0.46350486593305623,
      -0.0521063420577542
    ],
    "knees": [
      -0.1829284449203312,
      0.3657491675859573,
      -0.0706833601823326
    ],
    "ankles": [
      0.3024083348245966,
      0.1809642474360415,
      0.06487459124773928
    ]
  },
  "angles": {
    "knee": 54.008002862222924,
    "hip": 90.50827529009575,
    "shoulder": 11.620091866768687,
    "elbow": 150.79015503290339
  },
  "analysis_scores": {
    "alignment": 0.7929746307932337,
    "balance": 0.7243910861496246,
    "form": 0.9565248580858231,
    "stability": 0.9277754695777791,
    "coordination": 0.9535459306362934,
    "precision": 0.9936183772882374,
    "power": 0.6288309397990944,
    "efficiency": 0.8325540844100046,
    "safety": 0.6858827848215521,
    "overall": 0.8075594968541694,
    "shoulder": 0.7308826581847911,
    "elbow": 0.606142839846471,
    "wrist": 0.9319574018059835,
    "hip": 0.614796657330655,
    "knee": 0.8460369241217257,
    "ankle": 0.9442398064061133,
    "back": 0.7951439321789311,
    "neck": 0.8622628416563924
  },
  "recommendations": {
    "form": "Good form, continue practicing with current technique",
    "alignment": "Good alignment, maintain current technique",
    "stability": "Good stability, continue with current technique",
    "power": "Good power output, maintain current intensity"
  },
  "safety_considerations": [
    "Focus on proper shoulder mechanics to prevent rotator cuff injuries",
    "Maintain proper elbow alignment to prevent tennis elbow"
  ]
}