{
  "power_generation": {
    "explosiveness": 0.5078293562464007,
    "force_transfer": 0.8339956749762665,
    "efficiency": 0.9270090878744026
  },
  "technical_metrics": {
    "precision": 0.63056595410774,
    "consistency": 0.8255302224321079,
    "fluidity": 0.7362704929998218
  },
  "biomechanical_metrics": {
    "joint_loading": 0.6262272632646146,
    "muscle_activation": 0.9369652854895263,
    "energy_efficiency": 0.7232210076055645
  }
}