{
  "key_points": {
    "shoulders": [
      -0.037784121819152666,
      0.6113258925970161,
      -0.0884814985559908
    ],
    "elbows": [
      0.03341707871186861,
      0.5173292737877105,
      -0.04597591475492
    ],
    "wrists": [
      0.3537463299984005,
      0.30100055798066316,
      0.00825321118943545
    ],
    "hips": [
      -0.08014292924316724,
      0.3567974967082775,
      -0.07828083355594406
    ],
    "knees": [
      0.16898123030578432,
      0.39084279163643376,
      -0.006184955184827562
    ],
    "ankles": [
      0.09415914069703746,
      0.19484898540589835,
      -0.05213032535837223
    ]
  },
  "angles": {
    "knee": 30.25068714053683,
    "hip": 46.97601185620914,
    "shoulder": 52.48942090457475,
    "elbow": 158.71746010259716
  },
  "analysis_scores": {
    "alignment": 0.9956949275020809,
    "balance": 0.8746091443719466,
    "form": 0.7982939419676365,
    "stability": 0.8964049784402959,
    "coordination": 0.6021288538615948,
    "precision": 0.9242055910410897,
    "power": 0.7942928608380234,
    "efficiency": 0.7029971014674226,
    "safety": 0.6101291759957587,
    "overall": 0.7038910908220604,
    "shoulder": 0.607774399893348,
    "elbow": 0.8750599342256127,
    "wrist": 0.9297866651273384,
    "hip": 0.7535011305228467,
    "knee": 0.7845170838183733,
    "ankle": 0.9856115703683302,
    "back": 0.8137675256947783,
    "neck": 0.8682558252138859
  },
  "recommendations": {
    "form": "Good form, continue practicing with current technique",
    "alignment": "Good alignment, maintain current technique",
    "stability": "Good stability, continue with current technique",
    "power": "Consider increasing intensity gradually"
  },
  "safety_considerations": []
}