{
  "power_generation": {
    "explosiveness": 0.6849081080684964,
    "force_transfer": 0.9086505907555367,
    "efficiency": 0.8133170070765312
  },
  "technical_metrics": {
    "precision": 0.9695073502786529,
    "consistency": 0.8582398007276042,
    "fluidity": 0.7125914496068733
  },
  "biomechanical_metrics": {
    "joint_loading": 0.8936065907985359,
    "muscle_activation": 0.8207566989649131,
    "energy_efficiency": 0.8705324776999035
  }
}