{
  "key_points": {
    "shoulders": [
      0.14369409839617053,
      0.5350316921559979,
      0.06807526670550987
    ],
    "elbows": [
      0.2622856982119604,
      0.5851802147385032,
      0.02296218702468303
    ],
    "wrists": [
      -0.3749307782997191,
      0.3752258557801156,
      0.08941071791028193
    ],
    "hips": [
      -0.1888068919410967,
      0.4875280561681962,
      0.05041251876046171
    ],
    "knees": [
      0.1775579270226978,
      0.24927874886787701,
      -0.0473359129077116
    ],
    "ankles": [
      -0.2489248671871568,
      0.2390478104699173,
      0.07953601837164487
    ]
  },
  "angles": {
    "knee": 107.82010482669986,
    "hip": 88.68000418893293,
    "shoulder": 24.88555557102104,
    "elbow": 115.39947722639212
  },
  "analysis_scores": {
    "alignment": 0.921372223969867,
    "balance": 0.6526817227660862,
    "form": 0.7713255367170317,
    "stability": 0.9622271370684088,
    "coordination": 0.6717356016464192,
    "precision": 0.9473373361040789,
    "power": 0.9031936616220425,
    "efficiency": 0.8199058588808589,
    "safety": 0.8483765496797637,
    "overall": 0.7415222230094692,
    "shoulder": 0.8265378628885374,
    "elbow": 0.6589665305866707,
    "wrist": 0.8484364258594458,
    "hip": 0.7176825671541993,
    "knee": 0.7852147908144673,
    "ankle": 0.6388431997362797,
    "back": 0.7519306979310085,
    "neck": 0.6704019246040569
  },
  "recommendations": {
    "form": "Good form, continue practicing with current technique",
    "alignment": "Work on maintaining symmetrical movement patterns",
    "stability": "Good stability, continue with current technique",
    "power": "Good power output, maintain current intensity"
  },
  "safety_considerations": []
}