{
  "power_generation": {
    "explosiveness": 0.9997428844944765,
    "force_transfer": 0.6427176020750014,
    "efficiency": 0.8082105623248639
  },
  "technical_metrics": {
    "precision": 0.8147612448894199,
    "consistency": 0.879910021791109,
    "fluidity": 0.8032932341553508
  },
  "biomechanical_metrics": {
    "joint_loading": 0.8332527150802167,
    "muscle_activation": 0.8724178687762448,
    "energy_efficiency": 0.7123138868985781
  }
}