{
  "key_points": {
    "shoulders": [
      -0.06971951240658888,
      0.6895509982445489,
      0.013293715135054215
    ],
    "elbows": [
      -0.24292516884052115,
      0.5934938222471119,
      0.09343597545263232
    ],
    "wrists": [
      0.3939003239792166,
      0.4057085254480913,
      0.04280280411946216
    ],
    "hips": [
      -0.17276971954056958,
      0.39617028662459775,
      0.06329275696264874
    ],
    "knees": [
      -0.12088272442999648,
      0.30599443981937713,
      -0.0712032705100282
    ],
    "ankles": [
      0.3598470779345858,
      0.16957985882128163,
      0.08601327822269841
    ]
  },
  "angles": {
    "knee": 42.106330226574286,
    "hip": 46.9046492709059,
    "shoulder": 51.61140583920942,
    "elbow": 86.45764754808474
  },
  "analysis_scores": {
    "alignment": 0.7734836819270752,
    "balance": 0.6413827182969722,
    "form": 0.7547999042901317,
    "stability": 0.9731401322205155,
    "coordination": 0.8946974754323476,
    "precision": 0.9217034664960287,
    "power": 0.7505367104253142,
    "efficiency": 0.6074897819266215,
    "safety": 0.6397347249899845,
    "overall": 0.8780558006626935,
    "shoulder": 0.7184107600726234,
    "elbow": 0.901023930481274,
    "wrist": 0.6038624600916924,
    "hip": 0.8300729728733924,
    "knee": 0.6134842682294678,
    "ankle": 0.85116691391782,
    "back": 0.9404648125663804,
    "neck": 0.6465871966577724
  },
  "recommendations": {
    "form": "Focus on maintaining proper joint angles during movement",
    "alignment": "Work on maintaining symmetrical movement patterns",
    "stability": "Focus on maintaining proper posture and balance",
    "power": "Good power output, maintain current intensity"
  },
  "safety_considerations": []
}