{
  "power_generation": {
    "explosiveness": 0.6083094229515974,
    "force_transfer": 0.7040710302233399,
    "efficiency": 0.5524484335359001
  },
  "technical_metrics": {
    "precision": 0.6274048950024925,
    "consistency": 0.9044736906412449,
    "fluidity": 0.6482131440629538
  },
  "biomechanical_metrics": {
    "joint_loading": 0.5483820582524714,
    "muscle_activation": 0.9864659684357142,
    "energy_efficiency": 0.6520824215065453
  }
}