{
  "key_points": {
    "shoulders": [
      -0.09161145627479393,
      0.6380362353933291,
      -0.09634099963442842
    ],
    "elbows": [
      -0.0909027714146147,
      0.5573697237017625,
      0.031668694281502596
    ],
    "wrists": [
      -0.3504697060859762,
      0.34025881185444845,
      -0.056696445088453555
    ],
    "hips": [
      0.16944057866743606,
      0.417664562850234,
      -0.06151890092709125
    ],
    "knees": [
      -0.10006552681036812,
      0.21061566831571507,
      0.043976487361264555
    ],
    "ankles": [
      -0.11434290439576261,
      0.18910849359316428,
      0.019209376627719515
    ]
  },
  "angles": {
    "knee": 78.1487089385497,
    "hip": 122.88743623406081,
    "shoulder": 14.30895854794157,
    "elbow": 63.819624830554616
  },
  "analysis_scores": {
    "alignment": 0.915179431393339,
    "balance": 0.8312831843570037,
    "form": 0.7494323798880096,
    "stability": 0.781723628934035,
    "coordination": 0.7613979334768286,
    "precision": 0.7518519864462215,
    "power": 0.8596927337105735,
    "efficiency": 0.8889936422880982,
    "safety": 0.6443619388040843,
    "overall": 0.6725955083716245,
    "shoulder": 0.6910409592230607,
    "elbow": 0.9985572703793884,
    "wrist": 0.6241887154956206,
    "hip": 0.9446144115765425,
    "knee": 0.9258837217043758,
    "ankle": 0.9775637788453417,
    "back": 0.6375432349896784,
    "neck": 0.7178208842569677
  },
  "recommendations": {
    "form": "Good form, continue practicing with current technique",
    "alignment": "Good alignment, maintain current technique",
    "stability": "Good stability, continue with current technique",
    "power": "Good power output, maintain current intensity"
  },
  "safety_considerations": []
}