{
  "power_generation": {
    "explosiveness": 0.9958594066210522,
    "force_transfer": 0.5514375735641605,
    "efficiency": 0.5220960524478864
  },
  "technical_metrics": {
    "precision": 0.699512091187331,
    "consistency": 0.9671602076468775,
    "fluidity": 0.991467878513302
  },
  "biomechanical_metrics": {
    "joint_loading": 0.7310189670734548,
    "muscle_activation": 0.6071742655370606,
    "energy_efficiency": 0.9667362670171092
  }
}