{
  "key_points": {
    "shoulders": [
      0.045108972252852764,
      0.6977308071470576,
      0.015042746952017433
    ],
    "elbows": [
      0.006361987042852679,
      0.46349150824137475,
      -0.0943885204550449
    ],
    "wrists": [
      0.26640496871632324,
      0.43338512921157857,
      -0.09462170694889392
    ],
    "hips": [
      0.08646926754745582,
      0.3009136288971512,
      0.0859422606950308
    ],
    "knees": [
      0.16858516790254446,
      0.26795218464024645,
      0.06812346435893299
    ],
    "ankles": [
      -0.2159274051484717,
      0.21895647479512298,
      -0.06425840677704148
    ]
  },
  "angles": {
    "knee": 55.94047859080831,
    "hip": 30.600744048415226,
    "shoulder": 83.58317181504455,
    "elbow": 54.964233775250555
  },
  "analysis_scores": {
    "alignment": 0.8702697380272584,
    "balance": 0.9894787754291291,
    "form": 0.957601823173365,
    "stability": 0.9329071801519606,
    "coordination": 0.7109668907226613,
    "precision": 0.9956938467780142,
    "power": 0.9814858192533973,
    "efficiency": 0.9188698255498253,
    "safety": 0.9865697919136132,
    "overall": 0.8391457826809727,
    "shoulder": 0.7197270850276964,
    "elbow": 0.7970588258327223,
    "wrist": 0.9509424546414285,
    "hip": 0.7215980873306034,
    "knee": 0.7302967992584033,
    "ankle": 0.6325143527566497,
    "back": 0.6775683270697879,
    "neck": 0.7235212678345826
  },
  "recommendations": {
    "form": "Good form, continue practicing with current technique",
    "alignment": "Good alignment, maintain current technique",
    "stability": "Good stability, continue with current technique",
    "power": "Good power output, maintain current intensity"
  },
  "safety_considerations": [
    "Ensure proper shoulder mechanics during swing"
  ]
}