{
  "power_generation": {
    "explosiveness": 0.579834876108554,
    "force_transfer": 0.9090262616149936,
    "efficiency": 0.9759786715463347
  },
  "technical_metrics": {
    "precision": 0.7491172130992985,
    "consistency": 0.8255092604703446,
    "fluidity": 0.7168536629399335
  },
  "biomechanical_metrics": {
    "joint_loading": 0.5833637620192575,
    "muscle_activation": 0.9123406516763,
    "energy_efficiency": 0.9875758871284013
  }
}