{
  "key_points": {
    "shoulders": [
      -0.053929723385327366,
      0.5309392901702,
      -0.09753416382517627
    ],
    "elbows": [
      0.25932949596393357,
      0.5570340136551425,
      0.0803947939022007
    ],
    "wrists": [
      -0.30637703138287464,
      0.35502692974521743,
      0.021736725189712258
    ],
    "hips": [
      -0.08024269222108105,
      0.3455271421887771,
      -0.022396299599992037
    ],
    "knees": [
      0.22505401415911813,
      0.32724416525094924,
      -0.006735616125140398
    ],
    "ankles": [
      0.3648446953145724,
      0.213885383314608,
      -0.07077956574472706
    ]
  },
  "angles": {
    "knee": 36.86907732716576,
    "hip": 140.08180777223967,
    "shoulder": 29.443091466929857,
    "elbow": 92.29894084128026
  },
  "analysis_scores": {
    "alignment": 0.716354121351845,
    "balance": 0.9490600071634213,
    "form": 0.8785477929994583,
    "stability": 0.919635952457829,
    "coordination": 0.6329715467897604,
    "precision": 0.642606407147686,
    "power": 0.8314900715627602,
    "efficiency": 0.9929915644039156,
    "safety": 0.8188850605104365,
    "overall": 0.8754362480141586,
    "shoulder": 0.6846256259054047,
    "elbow": 0.9998992719788539,
    "wrist": 0.9852277224152282,
    "hip": 0.6153630266972082,
    "knee": 0.6096900888409533,
    "ankle": 0.7943790274738894,
    "back": 0.9977062246518558,
    "neck": 0.6224131225209336
  },
  "recommendations": {
    "form": "Good form, continue practicing with current technique",
    "alignment": "Work on maintaining symmetrical movement patterns",
    "stability": "Good stability, continue with current technique",
    "power": "Good power output, maintain current intensity"
  },
  "safety_considerations": [
    "Focus on maintaining proper back alignment during takedowns"
  ]
}