{
  "power_generation": {
    "explosiveness": 0.7346808652658403,
    "force_transfer": 0.8498954414843589,
    "efficiency": 0.669792517867787
  },
  "technical_metrics": {
    "precision": 0.9316860342909242,
    "consistency": 0.8510325729966111,
    "fluidity": 0.8702076952844056
  },
  "biomechanical_metrics": {
    "joint_loading": 0.9680699721274548,
    "muscle_activation": 0.6663801574852567,
    "energy_efficiency": 0.6077294668938513
  }
}