{
  "key_points": {
    "shoulders": [
      0.02618423936889594,
      0.6604139789836883,
      0.057101117198252005
    ],
    "elbows": [
      0.21335657119883084,
      0.4287858942223613,
      -0.016071868134664907
    ],
    "wrists": [
      -0.3210273425973942,
      0.35666567965352036,
      0.06532975404459082
    ],
    "hips": [
      0.05170714354140993,
      0.4157741484113257,
      0.08098532819597906
    ],
    "knees": [
      0.22569543317279434,
      0.3450627858778168,
      -0.07065841166626624
    ],
    "ankles": [
      0.0894287690567741,
      0.19515320926873533,
      -0.008027162121919895
    ]
  },
  "angles": {
    "knee": 19.642275747879367,
    "hip": 76.4138665203244,
    "shoulder": 19.9439947681512,
    "elbow": 76.54240855239166
  },
  "analysis_scores": {
    "alignment": 0.7661185287925953,
    "balance": 0.6715051703770984,
    "form": 0.9031802564634973,
    "stability": 0.9332661447621612,
    "coordination": 0.9286386107643542,
    "precision": 0.8896721588058731,
    "power": 0.7700477810908183,
    "efficiency": 0.9271412947333804,
    "safety": 0.7359706199110823,
    "overall": 0.7760748050124128,
    "shoulder": 0.8394833917584316,
    "elbow": 0.7887877097543717,
    "wrist": 0.7662037142674779,
    "hip": 0.9892220894728547,
    "knee": 0.9788451666875474,
    "ankle": 0.7022098855077917,
    "back": 0.8278377789262763,
    "neck": 0.897660093295712
  },
  "recommendations": {
    "form": "Focus on maintaining proper joint angles during movement",
    "alignment": "Good alignment, maintain current technique",
    "stability": "Focus on maintaining proper posture and balance",
    "power": "Good power output, maintain current intensity"
  },
  "safety_considerations": []
}