{
  "power_generation": {
    "explosiveness": 0.9704294764782754,
    "force_transfer": 0.9939920300945931,
    "efficiency": 0.879645979387982
  },
  "technical_metrics": {
    "precision": 0.995764886001869,
    "consistency": 0.7837276976653189,
    "fluidity": 0.9530748415928101
  },
  "biomechanical_metrics": {
    "joint_loading": 0.5188426466012919,
    "muscle_activation": 0.5803556473135558,
    "energy_efficiency": 0.7551260197247135
  }
}