{
  "key_points": {
    "shoulders": [
      -0.14407944321318378,
      0.6035438215884585,
      -0.08975005731096689
    ],
    "elbows": [
      -0.09818136631455993,
      0.5512841264864614,
      0.0771021191829239
    ],
    "wrists": [
      0.08840692252967558,
      0.4815292164688514,
      0.055261879968823396
    ],
    "hips": [
      0.1243765034975659,
      0.37062183278387895,
      -0.015116197681790802
    ],
    "knees": [
      -0.1785737045826363,
      0.20290664803502056,
      0.05225872166571027
    ],
    "ankles": [
      -0.10506145063675021,
      0.2232749611112973,
      0.04331122651629052
    ]
  },
  "angles": {
    "knee": 115.25014261824266,
    "hip": 100.8098503133053,
    "shoulder": 78.62656690576942,
    "elbow": 113.39980827768349
  },
  "analysis_scores": {
    "alignment": 0.6431574521853608,
    "balance": 0.8214440974350201,
    "form": 0.7294953584118846,
    "stability": 0.7618458236763042,
    "coordination": 0.8678140095398897,
    "precision": 0.6948089757342298,
    "power": 0.9615166301027477,
    "efficiency": 0.6427456859946138,
    "safety": 0.7507439119303871,
    "overall": 0.8908155827611617,
    "shoulder": 0.936505365935483,
    "elbow": 0.6287312443821484,
    "wrist": 0.7963394730040718,
    "hip": 0.6262882844851545,
    "knee": 0.7010013358966878,
    "ankle": 0.6224906922394903,
    "back": 0.883493159219999,
    "neck": 0.7443570140345754
  },
  "recommendations": {
    "form": "Good form, continue practicing with current technique",
    "alignment": "Good alignment, maintain current technique",
    "stability": "Good stability, continue with current technique",
    "power": "Good power output, maintain current intensity"
  },
  "safety_considerations": []
}