{
  "power_generation": {
    "explosiveness": 0.6328261757091355,
    "force_transfer": 0.6461593187307535,
    "efficiency": 0.8733406447485488
  },
  "technical_metrics": {
    "precision": 0.523562255225577,
    "consistency": 0.5354731589736099,
    "fluidity": 0.9336062848436195
  },
  "biomechanical_metrics": {
    "joint_loading": 0.8004561082196815,
    "muscle_activation": 0.5114453308806872,
    "energy_efficiency": 0.6215751642206961
  }
}