{
  "key_points": {
    "shoulders": [
      -0.15649979732123392,
      0.625306703974619,
      0.07432123193741064
    ],
    "elbows": [
      -0.20587319567197648,
      0.5284792615282523,
      -0.08881932002813929
    ],
    "wrists": [
      -0.21361051316155796,
      0.48929246265947524,
      -0.04449656208977999
    ],
    "hips": [
      0.035271350413537184,
      0.485395422381953,
      0.09750446246947858
    ],
    "knees": [
      -0.29399282434066526,
      0.20527328452188962,
      -0.06051170131009285
    ],
    "ankles": [
      -0.3901330177589148,
      0.2033064735241315,
      0.003154504304232364
    ]
  },
  "angles": {
    "knee": 107.05234575840349,
    "hip": 120.75568500234334,
    "shoulder": 37.41055231028652,
    "elbow": 84.59407320069623
  },
  "analysis_scores": {
    "alignment": 0.6958311091025488,
    "balance": 0.8175225305557711,
    "form": 0.8014418120859239,
    "stability": 0.6624343323256607,
    "coordination": 0.8312293481300308,
    "precision": 0.7901416229917478,
    "power": 0.7026121405508996,
    "efficiency": 0.6918840245320342,
    "safety": 0.9987246760419093,
    "overall": 0.9133435503569212,
    "shoulder": 0.9772301413951483,
    "elbow": 0.9837369740681902,
    "wrist": 0.9063698977513133,
    "hip": 0.6424952168114827,
    "knee": 0.8966995909927489,
    "ankle": 0.640954750463405,
    "back": 0.8198975908328491,
    "neck": 0.6776108583565832
  },
  "recommendations": {
    "form": "Focus on maintaining proper joint angles during movement",
    "alignment": "Work on maintaining symmetrical movement patterns",
    "stability": "Good stability, continue with current technique",
    "power": "Consider increasing intensity gradually"
  },
  "safety_considerations": [
    "Maintain proper elbow alignment to prevent tendonitis"
  ]
}