{
  "power_generation": {
    "explosiveness": 0.917870019853096,
    "force_transfer": 0.8140486107380017,
    "efficiency": 0.5166656832630454
  },
  "technical_metrics": {
    "precision": 0.9859318765337991,
    "consistency": 0.5957648023147241,
    "fluidity": 0.5669970479888757
  },
  "biomechanical_metrics": {
    "joint_loading": 0.8253148373888618,
    "muscle_activation": 0.8316234115144174,
    "energy_efficiency": 0.6252529276055661
  }
}