{
  "key_points": {
    "shoulders": [
      -0.03559044772220388,
      0.6579514104262486,
      0.10448334634756429
    ],
    "hips": [
      -0.35776471297025003,
      0.5804666779482166,
      0.19088003528955128
    ],
    "knees": [
      0.25275702771207453,
      0.390629100069556,
      0.19545961561594222
    ],
    "ankles": [
      -0.3068059710067872,
      0.20227250708603428,
      -0.011337768282445454
    ]
  },
  "angles": {
    "knee": 66.97176783093595,
    "hip": 56.31349321262458,
    "shoulder": 41.72780969199651
  },
  "analysis_scores": {
    "alignment": 0.682366836789025,
    "balance": 0.8324309694860129,
    "form": 0.824218111321715,
    "stability": 0.7750033919592316,
    "coordination": 0.7280958623974151,
    "precision": 0.6232395197608622,
    "power": 0.9454109176472099,
    "efficiency": 0.7402440205032568,
    "safety": 0.9458424095057478,
    "overall": 0.692065752848588,
    "shoulder": 0.6655134186461268,
    "elbow": 0.7619638410448806,
    "wrist": 0.9870382962115339,
    "hip": 0.9310336066880984,
    "knee": 0.9962024339607339,
    "ankle": 0.7629388471172325,
    "back": 0.697819140102013,
    "neck": 0.7841332567210647
  },
  "recommendations": {
    "form": "Good form, continue practicing with current technique",
    "alignment": "Work on maintaining symmetrical movement patterns",
    "stability": "Good stability, continue with current technique",
    "power": "Good power output, maintain current intensity"
  },
  "safety_considerations": []
}