{
  "power_generation": {
    "explosiveness": 0.8082303867085059,
    "force_transfer": 0.9795091339252602,
    "efficiency": 0.7406286666823116
  },
  "technical_metrics": {
    "precision": 0.829744311863272,
    "consistency": 0.5349325156810703,
    "fluidity": 0.9721784996504242
  },
  "biomechanical_metrics": {
    "joint_loading": 0.7485845385576047,
    "muscle_activation": 0.7926239048203372,
    "energy_efficiency": 0.5286519152341336
  }
}