{
  "key_points": {
    "shoulders": [
      0.11802801850437444,
      0.7354050839000881,
      0.02974080881597213
    ],
    "hips": [
      -0.04868997873531172,
      0.5293483700657948,
      0.03247156685662647
    ],
    "knees": [
      -0.08934373793056588,
      0.301282772835862,
      -0.05085691868669913
    ],
    "ankles": [
      0.0402642735411316,
      0.38236876884780796,
      -0.07480440842330016
    ]
  },
  "angles": {
    "knee": 65.15700027719403,
    "hip": 115.4100198911846,
    "shoulder": 17.160528369371143
  },
  "analysis_scores": {
    "alignment": 0.9026307537197275,
    "balance": 0.9831531489970282,
    "form": 0.9253081582550894,
    "stability": 0.8445513340731685,
    "coordination": 0.9444976530309092,
    "precision": 0.7651237625669192,
    "power": 0.8536673797585377,
    "efficiency": 0.7139724413026171,
    "safety": 0.937380649568732,
    "overall": 0.9000214858622037,
    "shoulder": 0.8267240465088936,
    "elbow": 0.8152737953983213,
    "wrist": 0.8869815564729016,
    "hip": 0.7598504557437591,
    "knee": 0.9580619819427637,
    "ankle": 1.0,
    "back": 0.9992820644035949,
    "neck": 0.8018734096460232
  },
  "recommendations": {
    "form": "Good form, continue practicing with current technique",
    "alignment": "Good alignment, maintain current technique",
    "stability": "Good stability, continue with current technique",
    "power": "Consider increasing intensity gradually"
  },
  "safety_considerations": []
}