{
  "power_generation": {
    "explosiveness": 0.7216729035575047,
    "force_transfer": 0.5233956296797839,
    "efficiency": 0.5742969755449778
  },
  "technical_metrics": {
    "precision": 0.5476191772238068,
    "consistency": 0.6127282133007413,
    "fluidity": 0.6561430803939312
  },
  "biomechanical_metrics": {
    "joint_loading": 0.8290227824486567,
    "muscle_activation": 0.6664365187198675,
    "energy_efficiency": 0.6203846514390292
  }
}