{
  "key_points": {
    "shoulders": [
      -0.005122757345099649,
      0.5417942278354331,
      0.03279389290072118
    ],
    "elbows": [
      -0.25656068541313115,
      0.46499733633152635,
      0.007323535387261743
    ],
    "wrists": [
      0.019619535438173297,
      0.3741772293212424,
      0.06570752757539663
    ],
    "hips": [
      -0.1071043564537181,
      0.4973431113878841,
      -0.08602832854388426
    ],
    "knees": [
      -0.2260924406149255,
      0.2167786135544818,
      -0.015675614694580967
    ],
    "ankles": [
      -0.11783462100577041,
      0.19845687185323552,
      -0.03980347643771534
    ]
  },
  "angles": {
    "knee": 98.90004970572525,
    "hip": 87.68396705871801,
    "shoulder": 29.74377319638264,
    "elbow": 74.6633375511973
  },
  "analysis_scores": {
    "alignment": 0.8665470303403384,
    "balance": 0.6307242690929646,
    "form": 0.7617915874809285,
    "stability": 0.6193169116340733,
    "coordination": 0.7814104612281585,
    "precision": 0.6555727224764499,
    "power": 0.997137679401777,
    "efficiency": 0.9152486674945558,
    "safety": 0.6993293830445211,
    "overall": 0.748064918950643,
    "shoulder": 0.9935165301074568,
    "elbow": 0.68712203555322,
    "wrist": 0.9053080668724369,
    "hip": 0.7101235989728256,
    "knee": 0.7870325270036785,
    "ankle": 0.6624733648224301,
    "back": 0.8490556359248428,
    "neck": 0.6207840960764778
  },
  "recommendations": {
    "form": "Focus on maintaining proper joint angles during movement",
    "alignment": "Good alignment, maintain current technique",
    "stability": "Good stability, continue with current technique",
    "power": "Good power output, maintain current intensity"
  },
  "safety_considerations": []
}