{
  "power_generation": {
    "explosiveness": 0.8882819040301646,
    "force_transfer": 0.8066051857598191,
    "efficiency": 0.5572091450130354
  },
  "technical_metrics": {
    "precision": 0.8710174008145708,
    "consistency": 0.725545285245313,
    "fluidity": 0.9085259241115491
  },
  "biomechanical_metrics": {
    "joint_loading": 0.9253286884833022,
    "muscle_activation": 0.8555740480070573,
    "energy_efficiency": 0.5149244959142341
  }
}