{
  "key_points": {
    "shoulders": [
      0.020758658325331275,
      0.5933564266825392,
      -0.09173208953745421
    ],
    "elbows": [
      0.12083338496987184,
      0.5173419346876085,
      0.054469931943995464
    ],
    "wrists": [
      -0.0009374776839696786,
      0.43363221436446214,
      0.03602108222618114
    ],
    "hips": [
      -0.011512691282241028,
      0.3715341219738446,
      -0.05663944984800371
    ],
    "knees": [
      -0.21525208004004182,
      0.2284340333993149,
      -0.05262364837039684
    ],
    "ankles": [
      0.2766521481832327,
      0.1859852813389224,
      -0.055621367117681064
    ]
  },
  "angles": {
    "knee": 36.552322750739556,
    "hip": 61.14122766736646,
    "shoulder": 64.66792850913944,
    "elbow": 101.71451795612941
  },
  "analysis_scores": {
    "alignment": 0.9600938071409968,
    "balance": 0.9744473002671865,
    "form": 0.9325131916375632,
    "stability": 0.6823460886622199,
    "coordination": 0.9395265014056746,
    "precision": 0.8649391444689134,
    "power": 0.9861729182935435,
    "efficiency": 0.6313779588873625,
    "safety": 0.8369069009352599,
    "overall": 0.8507230602226247,
    "shoulder": 0.8069056013751631,
    "elbow": 0.9570635668720227,
    "wrist": 0.6334937602959066,
    "hip": 0.9141984026505673,
    "knee": 0.6519513707848681,
    "ankle": 0.7188613136467686,
    "back": 0.6345567653386368,
    "neck": 0.6618041467789099
  },
  "recommendations": {
    "form": "Good form, continue practicing with current technique",
    "alignment": "Good alignment, maintain current technique",
    "stability": "Good stability, continue with current technique",
    "power": "Good power output, maintain current intensity"
  },
  "safety_considerations": [
    "Maintain proper elbow alignment",
    "Ensure proper wrist positioning"
  ]
}