{
  "key_points": {
    "shoulders": [
      -0.03981005344399852,
      0.6416812747253744,
      0.15380505065485361
    ],
    "hips": [
      -0.3459205763126441,
      0.4748211774987402,
      -0.06480753272176681
    ],
    "knees": [
      0.20772615318189136,
      0.4068241311543835,
      0.14638271639718736
    ],
    "ankles": [
      0.28129683555551266,
      0.3966631990890528,
      -0.022933992358891098
    ]
  },
  "angles": {
    "knee": 166.42426056198,
    "hip": 81.91926348819936,
    "shoulder": 53.86415254336772
  },
  "analysis_scores": {
    "alignment": 0.6870209336792326,
    "balance": 0.8391475864237776,
    "form": 0.7020665685889326,
    "stability": 0.6359941516995994,
    "coordination": 0.6412861798260391,
    "precision": 0.8388615243456958,
    "power": 0.6363788404403682,
    "efficiency": 0.9968751443235868,
    "safety": 0.7591147202921638,
    "overall": 0.6418767540837329,
    "shoulder": 0.7430388844268763,
    "elbow": 0.6175464322371557,
    "wrist": 0.684532684034001,
    "hip": 0.8831953883548502,
    "knee": 1.0,
    "ankle": 1.0,
    "back": 0.9332926929785925,
    "neck": 0.7251130028663595
  },
  "recommendations": {
    "form": "Good form, continue practicing with current technique",
    "alignment": "Good alignment, maintain current technique",
    "stability": "Good stability, continue with current technique",
    "power": "Good power output, maintain current intensity"
  },
  "safety_considerations": []
}