{
  "power_generation": {
    "explosiveness": 0.8475225397589262,
    "force_transfer": 0.5767294451914013,
    "efficiency": 0.9204799886743464
  },
  "technical_metrics": {
    "precision": 0.6774343923576063,
    "consistency": 0.8125665567796276,
    "fluidity": 0.963145167480299
  },
  "biomechanical_metrics": {
    "joint_loading": 0.8987824112810849,
    "muscle_activation": 0.749746902890285,
    "energy_efficiency": 0.695054663523466
  }
}