{
  "key_points": {
    "shoulders": [
      0.17749337489009837,
      0.5306201981546135,
      0.06091831888080715
    ],
    "elbows": [
      -0.05856715950809013,
      0.5862962029200718,
      -0.06636021629040587
    ],
    "wrists": [
      0.054847178011918074,
      0.38867141570631253,
      0.0008555533213751021
    ],
    "hips": [
      0.05078450599206763,
      0.3048742405379577,
      -0.053493274676424354
    ],
    "knees": [
      -0.18254510945567232,
      0.3886820142876443,
      0.05414424348927788
    ],
    "ankles": [
      -0.003184167842362029,
      0.1585995362775942,
      0.06929807990202394
    ]
  },
  "angles": {
    "knee": 36.294425090380294,
    "hip": 90.73299452776153,
    "shoulder": 43.58913229252063,
    "elbow": 126.12262342473097
  },
  "analysis_scores": {
    "alignment": 0.7620585330140419,
    "balance": 0.6849310851862273,
    "form": 0.8157397483307219,
    "stability": 0.6051394088881684,
    "coordination": 0.9316117967123456,
    "precision": 0.9038375961959506,
    "power": 0.6882249343273771,
    "efficiency": 0.8979205110275672,
    "safety": 0.7132954632487248,
    "overall": 0.9085319715052004,
    "shoulder": 0.7011382681327257,
    "elbow": 0.850716440110716,
    "wrist": 0.834657074199236,
    "hip": 0.6472684336190291,
    "knee": 0.6781237641628814,
    "ankle": 0.7318300216878717,
    "back": 0.7754105244708434,
    "neck": 0.6355244409694732
  },
  "recommendations": {
    "form": "Good form, continue practicing with current technique",
    "alignment": "Good alignment, maintain current technique",
    "stability": "Good stability, continue with current technique",
    "power": "Good power output, maintain current intensity"
  },
  "safety_considerations": []
}