{
  "key_points": {
    "shoulders": [
      0.0008689829175417274,
      0.5539918330106154,
      0.07183695340815677
    ],
    "elbows": [
      0.10451316913018688,
      0.5371675631501533,
      -0.0468920875853041
    ],
    "wrists": [
      -0.11578435697299944,
      0.44747068426346337,
      -0.0950558142347202
    ],
    "hips": [
      0.04196873911990201,
      0.396185567826288,
      0.060421046701372216
    ],
    "knees": [
      -0.09860081220047068,
      0.39256289698914065,
      0.08005856130966471
    ],
    "ankles": [
      -0.3454543337258059,
      0.19236865667680655,
      0.037124775679940825
    ]
  },
  "angles": {
    "knee": 52.35401303508784,
    "hip": 177.08706049935566,
    "shoulder": 55.159553827520114,
    "elbow": 97.06423894204887
  },
  "analysis_scores": {
    "alignment": 0.9032688226067433,
    "balance": 0.6937727769189425,
    "form": 0.7590883473429111,
    "stability": 0.940218272052264,
    "coordination": 0.7367124801931232,
    "precision": 0.802369511753372,
    "power": 0.9889101676279748,
    "efficiency": 0.8722647072530487,
    "safety": 0.9727259139634906,
    "overall": 0.9781596993899677,
    "shoulder": 0.764003517031942,
    "elbow": 0.9951235682934259,
    "wrist": 0.6807789612930402,
    "hip": 0.7644667558186254,
    "knee": 0.6170600451782227,
    "ankle": 0.6142395748847781,
    "back": 0.9806603798651078,
    "neck": 0.9028244430607291
  },
  "recommendations": {
    "form": "Good form, continue practicing with current technique",
    "alignment": "Good alignment, maintain current technique",
    "stability": "Focus on maintaining proper posture and balance",
    "power": "Good power output, maintain current intensity"
  },
  "safety_considerations": []
}