{
  "power_generation": {
    "explosiveness": 0.8070196624979691,
    "force_transfer": 0.5654161708117852,
    "efficiency": 0.7157294033307584
  },
  "technical_metrics": {
    "precision": 0.7183992428979228,
    "consistency": 0.5566700961849487,
    "fluidity": 0.6745953122215237
  },
  "biomechanical_metrics": {
    "joint_loading": 0.5863227896102216,
    "muscle_activation": 0.6094902454678925,
    "energy_efficiency": 0.8708369681274923
  }
}