{
  "key_points": {
    "shoulders": [
      -0.19771094808367531,
      0.5647172311043175,
      0.0007899035143641431
    ],
    "elbows": [
      0.1505788238116344,
      0.4226973012206027,
      0.030784889155846124
    ],
    "wrists": [
      0.21276773433225615,
      0.3756704779109915,
      -0.08269433921750582
    ],
    "hips": [
      0.05620865699839561,
      0.33010187027792837,
      -0.0174731915795429
    ],
    "knees": [
      0.1464223607980517,
      0.36424966429294986,
      -0.062636997490704
    ],
    "ankles": [
      -0.047773578551521756,
      0.23938667366205682,
      -0.07447610691137341
    ]
  },
  "angles": {
    "knee": 76.12429038169434,
    "hip": 118.32116367010084,
    "shoulder": 9.848148407687692,
    "elbow": 114.62809576497693
  },
  "analysis_scores": {
    "alignment": 0.9917873425137247,
    "balance": 0.8792356219771462,
    "form": 0.6151347155554553,
    "stability": 0.9275140687445896,
    "coordination": 0.6803125735596881,
    "precision": 0.7288191816955005,
    "power": 0.7505529042325386,
    "efficiency": 0.7691298458081072,
    "safety": 0.803524719621692,
    "overall": 0.9253866462175964,
    "shoulder": 0.8663439302184825,
    "elbow": 0.8886495062959097,
    "wrist": 0.7982196564874398,
    "hip": 0.8574619045777957,
    "knee": 0.7820323416179925,
    "ankle": 0.7779317119268657,
    "back": 0.8307271776771857,
    "neck": 0.6836967298991932
  },
  "recommendations": {
    "form": "Focus on maintaining proper joint angles during movement",
    "alignment": "Work on maintaining symmetrical movement patterns",
    "stability": "Good stability, continue with current technique",
    "power": "Good power output, maintain current intensity"
  },
  "safety_considerations": [
    "Focus on maintaining proper alignment",
    "Work on balance and stability"
  ]
}