{
  "power_generation": {
    "explosiveness": 0.8761965875760479,
    "force_transfer": 0.5533263249882743,
    "efficiency": 0.9468786946705103
  },
  "technical_metrics": {
    "precision": 0.5071724631630196,
    "consistency": 0.5451019153189498,
    "fluidity": 0.7531233560331025
  },
  "biomechanical_metrics": {
    "joint_loading": 0.5865972588644037,
    "muscle_activation": 0.6338329584997522,
    "energy_efficiency": 0.6121447462977521
  }
}