{
  "key_points": {
    "shoulders": [
      -0.19429524296070727,
      0.5102743075427387,
      -0.0547650779948419
    ],
    "elbows": [
      0.0053238597014823585,
      0.5888556259965609,
      -0.03869268204181997
    ],
    "wrists": [
      0.13635073955223453,
      0.36736354570475455,
      0.09182496270722468
    ],
    "hips": [
      0.03479487152822211,
      0.30608201862699674,
      -0.09498258189616425
    ],
    "knees": [
      -0.14464611538765473,
      0.34415826638441094,
      0.014374204994894502
    ],
    "ankles": [
      -0.34183771743185,
      0.29817577279249596,
      -0.06551288163392774
    ]
  },
  "angles": {
    "knee": 130.20915308646133,
    "hip": 63.00901898986715,
    "shoulder": 49.535283377562,
    "elbow": 156.8617931079808
  },
  "analysis_scores": {
    "alignment": 0.8185155751559432,
    "balance": 0.6019962681012039,
    "form": 0.8767326582696888,
    "stability": 0.8451583232913855,
    "coordination": 0.8051544487510178,
    "precision": 0.9639889658588121,
    "power": 0.9591759648931952,
    "efficiency": 0.8027117473916688,
    "safety": 0.7681955271168076,
    "overall": 0.6047135282162099,
    "shoulder": 0.6268032604623855,
    "elbow": 0.6240859130801075,
    "wrist": 0.7623519748038816,
    "hip": 0.9878944696526601,
    "knee": 0.667794708472896,
    "ankle": 0.9745865650551562,
    "back": 0.6613019652992306,
    "neck": 0.6741911938828798
  },
  "recommendations": {
    "form": "Good form, continue practicing with current technique",
    "alignment": "Good alignment, maintain current technique",
    "stability": "Good stability, continue with current technique",
    "power": "Good power output, maintain current intensity"
  },
  "safety_considerations": [
    "Maintain proper shoulder mechanics to prevent impingement"
  ]
}