{
  "power_generation": {
    "explosiveness": 0.9599485531980603,
    "force_transfer": 0.8941461718484749,
    "efficiency": 0.7656169206119079
  },
  "technical_metrics": {
    "precision": 0.5205003393578382,
    "consistency": 0.8712517044388108,
    "fluidity": 0.7227359690509358
  },
  "biomechanical_metrics": {
    "joint_loading": 0.9939262059480509,
    "muscle_activation": 0.9050256870267865,
    "energy_efficiency": 0.8488255915577338
  }
}