{
  "key_points": {
    "shoulders": [
      -0.050743781550718764,
      0.5704332862755239,
      -0.006410592407513488
    ],
    "elbows": [
      -0.218287447923023,
      0.4004509613290949,
      0.07554112839717517
    ],
    "wrists": [
      -0.06730666310352912,
      0.46432738331826123,
      0.0108484463880347
    ],
    "hips": [
      -0.199087246568335,
      0.4906668714674406,
      0.08084228004203589
    ],
    "knees": [
      0.01375189204989713,
      0.25948507784356617,
      0.06488033785593059
    ],
    "ankles": [
      -0.25340122939822785,
      0.20713999857627174,
      -0.09152093494282698
    ]
  },
  "angles": {
    "knee": 118.10694916554968,
    "hip": 115.31127316423934,
    "shoulder": 64.72982704103941,
    "elbow": 108.92664276025172
  },
  "analysis_scores": {
    "alignment": 0.9758529025400187,
    "balance": 0.6746387524507356,
    "form": 0.8200290774818841,
    "stability": 0.9535224262807103,
    "coordination": 0.9604711209945425,
    "precision": 0.9073563325040653,
    "power": 0.7654656330336406,
    "efficiency": 0.6531858577306192,
    "safety": 0.604530840877145,
    "overall": 0.9636727799688167,
    "shoulder": 0.8947927535170614,
    "elbow": 0.9318219104333405,
    "wrist": 0.6561663814565761,
    "hip": 0.6352678799427567,
    "knee": 0.716089576184577,
    "ankle": 0.621831601046804,
    "back": 0.6426243453230969,
    "neck": 0.6193710931514218
  },
  "recommendations": {
    "form": "Focus on maintaining proper joint angles during movement",
    "alignment": "Good alignment, maintain current technique",
    "stability": "Good stability, continue with current technique",
    "power": "Good power output, maintain current intensity"
  },
  "safety_considerations": []
}