{
  "power_generation": {
    "explosiveness": 0.9990179870171657,
    "force_transfer": 0.550665543004115,
    "efficiency": 0.8791289078020454
  },
  "technical_metrics": {
    "precision": 0.8988326979357709,
    "consistency": 0.8849420152541767,
    "fluidity": 0.706795647035671
  },
  "biomechanical_metrics": {
    "joint_loading": 0.9584514491055067,
    "muscle_activation": 0.8589516812603786,
    "energy_efficiency": 0.8831935982306425
  }
}