{
  "key_points": {
    "shoulders": [
      -0.18426082509566394,
      0.6298939292357917,
      0.06182375859201422
    ],
    "hips": [
      0.057422426104610735,
      0.45121902507684497,
      0.08415692942764724
    ],
    "knees": [
      -0.013575204893164772,
      0.3970885224793115,
      -0.09966893586086574
    ],
    "ankles": [
      0.11714915911730972,
      0.38181920612142545,
      -0.04217068048951789
    ]
  },
  "angles": {
    "knee": 55.8615792244028,
    "hip": 82.98247845426945,
    "shoulder": 46.76961339408553
  },
  "analysis_scores": {
    "alignment": 0.9549041351453675,
    "balance": 1.0,
    "form": 0.9571316255498734,
    "stability": 0.7807630626115786,
    "coordination": 0.9085203336459629,
    "precision": 0.977358918035489,
    "power": 0.6505697495614876,
    "efficiency": 0.8843341764819785,
    "safety": 0.80366703265814,
    "overall": 0.9496254696579576,
    "shoulder": 0.7955399287891456,
    "elbow": 0.9136739121784874,
    "wrist": 0.892883048580301,
    "hip": 0.7815880157790234,
    "knee": 0.7009683043248938,
    "ankle": 0.9886027696645607,
    "back": 0.9666964840789792,
    "neck": 0.6643560425667469
  },
  "recommendations": {
    "form": "Focus on maintaining proper joint angles during movement",
    "alignment": "Good alignment, maintain current technique",
    "stability": "Good stability, continue with current technique",
    "power": "Good power output, maintain current intensity"
  },
  "safety_considerations": []
}