{
  "power_generation": {
    "explosiveness": 0.7676859501056048,
    "force_transfer": 0.8568644822779413,
    "efficiency": 0.9555127566506607
  },
  "technical_metrics": {
    "precision": 0.8234378927058693,
    "consistency": 0.9448559205072851,
    "fluidity": 0.5698571102927563
  },
  "biomechanical_metrics": {
    "joint_loading": 0.8888453446745445,
    "muscle_activation": 0.8762012218935339,
    "energy_efficiency": 0.8777252907749724
  }
}