{
  "key_points": {
    "shoulders": [
      0.08103929301355,
      0.679128460651069,
      -0.05254495953154897
    ],
    "hips": [
      -0.029413057906707785,
      0.401487190404615,
      0.09468561731282016
    ],
    "knees": [
      0.20662115912419837,
      0.3758391595732044,
      0.05889468504485487
    ],
    "ankles": [
      -0.31962610822378423,
      0.28465553378973785,
      -0.02691060984983938
    ]
  },
  "angles": {
    "knee": 106.55874689793816,
    "hip": 36.02888920756511,
    "shoulder": 67.6281234792234
  },
  "analysis_scores": {
    "alignment": 0.8187304358976168,
    "balance": 0.9123229582815624,
    "form": 0.8661540676137317,
    "stability": 0.7624372171591663,
    "coordination": 0.6365898399838797,
    "precision": 0.8936355182996288,
    "power": 0.7367549077910251,
    "efficiency": 0.9146699075835687,
    "safety": 0.7139452685327439,
    "overall": 0.6628297229162728,
    "shoulder": 0.8590624010501763,
    "elbow": 0.9907713379015508,
    "wrist": 0.6693669376840321,
    "hip": 0.8396808644176964,
    "knee": 0.8677547364465383,
    "ankle": 0.9047903433022159,
    "back": 0.9838961932983178,
    "neck": 0.8321693415615503
  },
  "recommendations": {
    "form": "Good form, continue practicing with current technique",
    "alignment": "Good alignment, maintain current technique",
    "stability": "Good stability, continue with current technique",
    "power": "Consider increasing intensity gradually"
  },
  "safety_considerations": []
}