{
  "power_generation": {
    "explosiveness": 0.5640419630094105,
    "force_transfer": 0.8952266855173567,
    "efficiency": 0.6452498483108038
  },
  "technical_metrics": {
    "precision": 0.6176702558093521,
    "consistency": 0.5317251128391408,
    "fluidity": 0.7367492046879545
  },
  "biomechanical_metrics": {
    "joint_loading": 0.6996226956548672,
    "muscle_activation": 0.6064710428548508,
    "energy_efficiency": 0.9375956302614987
  }
}