{
  "key_points": {
    "shoulders": [
      -0.16075364378386336,
      0.6725087567704122,
      -0.0570103282180843
    ],
    "elbows": [
      0.19200211307147075,
      0.4964634213653305,
      0.013526823397479487
    ],
    "wrists": [
      -0.17236243562759956,
      0.39129494698347644,
      0.041556616519343004
    ],
    "hips": [
      -0.1579971451332333,
      0.49920206795670696,
      0.022429956735967413
    ],
    "knees": [
      -0.2951917482420498,
      0.38321444600243826,
      0.04613796304384593
    ],
    "ankles": [
      -0.019423434309028487,
      0.17658160321368305,
      -0.016129992142339164
    ]
  },
  "angles": {
    "knee": 119.39540403424434,
    "hip": 115.81535977861917,
    "shoulder": 15.884761938814774,
    "elbow": 70.83223879362838
  },
  "analysis_scores": {
    "alignment": 0.7387349055565566,
    "balance": 0.7978752611797943,
    "form": 0.6144001603636638,
    "stability": 0.7607763683633085,
    "coordination": 0.6838402415514537,
    "precision": 0.9526003230193851,
    "power": 0.8037222116459124,
    "efficiency": 0.6358124564492703,
    "safety": 0.6201371119597058,
    "overall": 0.7455275339497729,
    "shoulder": 0.6295215532431945,
    "elbow": 0.8321257918180172,
    "wrist": 0.8243276843409555,
    "hip": 0.7971915655546997,
    "knee": 0.9803291104402585,
    "ankle": 0.7462143396544294,
    "back": 0.7833212164186574,
    "neck": 0.7977829828584796
  },
  "recommendations": {
    "form": "Good form, continue practicing with current technique",
    "alignment": "Good alignment, maintain current technique",
    "stability": "Good stability, continue with current technique",
    "power": "Good power output, maintain current intensity"
  },
  "safety_considerations": [
    "Ensure proper ankle positioning to prevent sprains"
  ]
}