{
  "power_generation": {
    "explosiveness": 0.6512067048733652,
    "force_transfer": 0.6828997292111949,
    "efficiency": 0.6664069903380008
  },
  "technical_metrics": {
    "precision": 0.9585029835077334,
    "consistency": 0.8565371026117237,
    "fluidity": 0.5179249779694809
  },
  "biomechanical_metrics": {
    "joint_loading": 0.9303960077266548,
    "muscle_activation": 0.7035446591135804,
    "energy_efficiency": 0.6305190014256421
  }
}