{
  "key_points": {
    "shoulders": [
      -0.04912505159385189,
      0.642687526911079,
      -0.0662855961809406
    ],
    "hips": [
      0.15997752071202032,
      0.5964020536458376,
      0.015201784793011763
    ],
    "knees": [
      -0.28212990894867285,
      0.35391482556566567,
      0.19580332738772865
    ],
    "ankles": [
      0.3352600089244816,
      0.23735478178794023,
      0.008895200200656733
    ]
  },
  "angles": {
    "knee": 48.367005462831244,
    "hip": 93.2717332119183,
    "shoulder": 12.472527622033393
  },
  "analysis_scores": {
    "alignment": 0.9466973491216064,
    "balance": 0.6725874718480852,
    "form": 0.7446478662966747,
    "stability": 0.8761218259985561,
    "coordination": 0.6499106607118476,
    "precision": 0.7545873611686132,
    "power": 0.9181823345324335,
    "efficiency": 0.7288584852613967,
    "safety": 0.6344847069285167,
    "overall": 0.7050177833238805,
    "shoulder": 0.9455893069350807,
    "elbow": 0.6572053536028443,
    "wrist": 0.9732994327382594,
    "hip": 0.7558198960567574,
    "knee": 0.7783503461410947,
    "ankle": 1.0,
    "back": 0.7200011302066478,
    "neck": 0.7803747156711265
  },
  "recommendations": {
    "form": "Good form, continue practicing with current technique",
    "alignment": "Good alignment, maintain current technique",
    "stability": "Good stability, continue with current technique",
    "power": "Good power output, maintain current intensity"
  },
  "safety_considerations": []
}