{
  "power_generation": {
    "explosiveness": 0.6340249178784012,
    "force_transfer": 0.7411444591430565,
    "efficiency": 0.5013674655389666
  },
  "technical_metrics": {
    "precision": 0.7762570667019328,
    "consistency": 0.6968601343908103,
    "fluidity": 0.5768189905785703
  },
  "biomechanical_metrics": {
    "joint_loading": 0.623606488013204,
    "muscle_activation": 0.5377149377494863,
    "energy_efficiency": 0.5471888401264684
  }
}