{
  "key_points": {
    "shoulders": [
      0.14339503254872804,
      0.5293065972836086,
      -0.04994702612525242
    ],
    "elbows": [
      -0.0032239546430760657,
      0.5671222363958515,
      0.0679056787003251
    ],
    "wrists": [
      -0.26489839450594604,
      0.47466241246995317,
      -0.003083201205711511
    ],
    "hips": [
      -0.07144044607202038,
      0.3514449634532562,
      -0.05977943512526851
    ],
    "knees": [
      -0.06418804384110219,
      0.20679828842643908,
      -0.06722399188417555
    ],
    "ankles": [
      -0.22342553743424987,
      0.1453544427849463,
      -0.0907949564239686
    ]
  },
  "angles": {
    "knee": 25.90591607327082,
    "hip": 59.560674801524016,
    "shoulder": 59.18517861893449,
    "elbow": 11.755884695487795
  },
  "analysis_scores": {
    "alignment": 0.7422061097162092,
    "balance": 0.6854476686494188,
    "form": 0.755158711247936,
    "stability": 0.8829843428253422,
    "coordination": 0.7956868210907909,
    "precision": 0.8296006290928983,
    "power": 0.9552246303691254,
    "efficiency": 0.725685044294418,
    "safety": 0.9146751568353865,
    "overall": 0.7432324954847923,
    "shoulder": 0.681734469464448,
    "elbow": 0.8221540836643677,
    "wrist": 0.8198102115626552,
    "hip": 0.9464373844040438,
    "knee": 0.8714657747431962,
    "ankle": 0.8495757989126189,
    "back": 0.7685535885709407,
    "neck": 0.6420147488329384
  },
  "recommendations": {
    "form": "Good form, continue practicing with current technique",
    "alignment": "Good alignment, maintain current technique",
    "stability": "Good stability, continue with current technique",
    "power": "Good power output, maintain current intensity"
  },
  "safety_considerations": []
}