{
  "power_generation": {
    "explosiveness": 0.8381480278517934,
    "force_transfer": 0.763707251607785,
    "efficiency": 0.6033960223690152
  },
  "technical_metrics": {
    "precision": 0.8501944622203972,
    "consistency": 0.6465134213895734,
    "fluidity": 0.5620327680591038
  },
  "biomechanical_metrics": {
    "joint_loading": 0.8725386891343554,
    "muscle_activation": 0.9921413840967166,
    "energy_efficiency": 0.9489799032032165
  }
}