{
  "power_generation": {
    "explosiveness": 0.8450070758239621,
    "force_transfer": 0.7122720144836365,
    "efficiency": 0.6458932320669076
  },
  "technical_metrics": {
    "precision": 0.5709595113658161,
    "consistency": 0.7043477928827535,
    "fluidity": 0.9830518015418175
  },
  "biomechanical_metrics": {
    "joint_loading": 0.9244092599787593,
    "muscle_activation": 0.632249275440151,
    "energy_efficiency": 0.9574122998351748
  }
}