{
  "key_points": {
    "shoulders": [
      0.01635703882124387,
      0.5089133416970097,
      -0.07099302890224457
    ],
    "elbows": [
      -0.0032829214783217098,
      0.4607548452972394,
      0.0426520472894133
    ],
    "wrists": [
      0.05099918947738785,
      0.4713327171979592,
      0.012021978701772087
    ],
    "hips": [
      0.19289542421281897,
      0.35096617927315465,
      -0.044702284991770605
    ],
    "knees": [
      -0.0736068792041848,
      0.3703932517627102,
      -0.025677580079707815
    ],
    "ankles": [
      -0.21012829047403214,
      0.11727676649884311,
      0.006555310796231881
    ]
  },
  "angles": {
    "knee": 26.607005106120482,
    "hip": 78.59354942931556,
    "shoulder": 31.31788027440909,
    "elbow": 152.40393110840924
  },
  "analysis_scores": {
    "alignment": 0.7108065220068112,
    "balance": 0.8602165174795839,
    "form": 0.7874289267439873,
    "stability": 0.7516153475698871,
    "coordination": 0.7244414354324006,
    "precision": 0.7649173214759755,
    "power": 0.8534900172713258,
    "efficiency": 0.7895629494496419,
    "safety": 0.6787132870466429,
    "overall": 0.8192032894551692,
    "shoulder": 0.8855446247853656,
    "elbow": 0.8335527908431734,
    "wrist": 0.7927125281107692,
    "hip": 0.8175011101691231,
    "knee": 0.8357474107476034,
    "ankle": 0.8301459669668313,
    "back": 0.9944005559311956,
    "neck": 0.840756086631727
  },
  "recommendations": {
    "form": "Good form, continue practicing with current technique",
    "alignment": "Good alignment, maintain current technique",
    "stability": "Good stability, continue with current technique",
    "power": "Good power output, maintain current intensity"
  },
  "safety_considerations": []
}