{
  "key_points": {
    "shoulders": [
      0.08189629467896986,
      0.5368695059410927,
      -0.08904876312399333
    ],
    "elbows": [
      -0.23827227150484528,
      0.538496352846721,
      0.06109290224379002
    ],
    "wrists": [
      0.09779598352334978,
      0.4321259393738438,
      0.06685064726111087
    ],
    "hips": [
      0.15213321862435614,
      0.4221504633203239,
      0.06868703683056959
    ],
    "knees": [
      0.1772507699877548,
      0.3067915487970017,
      0.017153045621934093
    ],
    "ankles": [
      0.254036358255709,
      0.15181390445317794,
      0.06416356053710809
    ]
  },
  "angles": {
    "knee": 38.24148084967282,
    "hip": 145.97385438770272,
    "shoulder": 51.55759697569381,
    "elbow": 164.3780823838653
  },
  "analysis_scores": {
    "alignment": 0.6450595603062669,
    "balance": 0.9721063490371902,
    "form": 0.9877417301571354,
    "stability": 0.9535468241513658,
    "coordination": 0.6948099572712305,
    "precision": 0.7820409328291185,
    "power": 0.922355637671731,
    "efficiency": 0.7496311027412368,
    "safety": 0.759225145399805,
    "overall": 0.7383249749393298,
    "shoulder": 0.7348829891889088,
    "elbow": 0.9644959140965575,
    "wrist": 0.6422300673371424,
    "hip": 0.9395317793322979,
    "knee": 0.7728352071191487,
    "ankle": 0.8340899167992597,
    "back": 0.6960253925526942,
    "neck": 0.9030795443074144
  },
  "recommendations": {
    "form": "Good form, continue practicing with current technique",
    "alignment": "Good alignment, maintain current technique",
    "stability": "Focus on maintaining proper posture and balance",
    "power": "Good power output, maintain current intensity"
  },
  "safety_considerations": []
}