{
  "power_generation": {
    "explosiveness": 0.753379422775836,
    "force_transfer": 0.5636398543308307,
    "efficiency": 0.6496331145576185
  },
  "technical_metrics": {
    "precision": 0.7708433981230087,
    "consistency": 0.5439464314603426,
    "fluidity": 0.771622366954232
  },
  "biomechanical_metrics": {
    "joint_loading": 0.7566609354396416,
    "muscle_activation": 0.7077340173331688,
    "energy_efficiency": 0.6685882896598287
  }
}