{
  "key_points": {
    "shoulders": [
      0.1733795986188213,
      0.5325121725643097,
      -0.05857798413249482
    ],
    "elbows": [
      -0.06791444775551908,
      0.5203198475720263,
      -0.06984172027537217
    ],
    "wrists": [
      -0.2945907930895203,
      0.3398834428397513,
      -0.018290891061197592
    ],
    "hips": [
      -0.010012772844877837,
      0.4648283489111201,
      -0.06011173085102959
    ],
    "knees": [
      -0.24740621379175706,
      0.39863129163548083,
      0.03090956916990162
    ],
    "ankles": [
      0.10093811323400559,
      0.2076498493170102,
      -0.09786601000768072
    ]
  },
  "angles": {
    "knee": 119.80112161998339,
    "hip": 126.68040093721238,
    "shoulder": 17.40230883824453,
    "elbow": 125.41521636179519
  },
  "analysis_scores": {
    "alignment": 0.7400153471032693,
    "balance": 0.6593556613208109,
    "form": 0.7723424305256719,
    "stability": 0.6733681652613053,
    "coordination": 0.6407892150577835,
    "precision": 0.7890262676783703,
    "power": 0.6218063088320979,
    "efficiency": 0.9953123376603167,
    "safety": 0.7651275952465173,
    "overall": 0.745353334447755,
    "shoulder": 0.7594609526506024,
    "elbow": 0.6893397650308274,
    "wrist": 0.8705796126405049,
    "hip": 0.781497941146761,
    "knee": 0.6565160891538718,
    "ankle": 0.8038475912671795,
    "back": 0.9592308299153235,
    "neck": 0.7488699895624944
  },
  "recommendations": {
    "form": "Good form, continue practicing with current technique",
    "alignment": "Good alignment, maintain current technique",
    "stability": "Good stability, continue with current technique",
    "power": "Good power output, maintain current intensity"
  },
  "safety_considerations": []
}