{
  "power_generation": {
    "explosiveness": 0.5857527533725644,
    "force_transfer": 0.7004611136995316,
    "efficiency": 0.5184417569719351
  },
  "technical_metrics": {
    "precision": 0.7565268247525255,
    "consistency": 0.9423979025685354,
    "fluidity": 0.6771883735606712
  },
  "biomechanical_metrics": {
    "joint_loading": 0.7704278429252011,
    "muscle_activation": 0.6731727330935988,
    "energy_efficiency": 0.9457647888795028
  }
}