{
  "key_points": {
    "shoulders": [
      0.013186024036334537,
      0.6431723581189398,
      0.0752013928589963
    ],
    "elbows": [
      0.2837800824146928,
      0.41652183444975277,
      -0.032958897021926184
    ],
    "wrists": [
      -0.3484587116927223,
      0.3202857077919943,
      -0.016871273501955233
    ],
    "hips": [
      0.019650835213659124,
      0.323127207907483,
      0.06095408664271165
    ],
    "knees": [
      0.048327453252018426,
      0.2535998948322603,
      -0.05181606699086414
    ],
    "ankles": [
      0.3722267032779353,
      0.15939770192344174,
      0.09376303493524724
    ]
  },
  "angles": {
    "knee": 55.79863871277582,
    "hip": 63.96224731281212,
    "shoulder": 47.057630440142596,
    "elbow": 148.25850509216394
  },
  "analysis_scores": {
    "alignment": 0.8607393441380784,
    "balance": 0.9102808955372845,
    "form": 0.8720462184313924,
    "stability": 0.6833467216574984,
    "coordination": 0.6924157586063318,
    "precision": 0.8392368422593355,
    "power": 0.623680437274904,
    "efficiency": 0.9911981942666188,
    "safety": 0.7232042085262139,
    "overall": 0.6447427496767254,
    "shoulder": 0.9577361712769462,
    "elbow": 0.6996213012747232,
    "wrist": 0.7907295231951378,
    "hip": 0.8240669747734576,
    "knee": 0.8077121530970429,
    "ankle": 0.6690793447701168,
    "back": 0.7470521600722047,
    "neck": 0.8237674586483945
  },
  "recommendations": {
    "form": "Good form, continue practicing with current technique",
    "alignment": "Good alignment, maintain current technique",
    "stability": "Good stability, continue with current technique",
    "power": "Good power output, maintain current intensity"
  },
  "safety_considerations": []
}