{
  "power_generation": {
    "explosiveness": 0.6179380973967337,
    "force_transfer": 0.9293274464234984,
    "efficiency": 0.8952354208109592
  },
  "technical_metrics": {
    "precision": 0.8292741695896786,
    "consistency": 0.6946191114914634,
    "fluidity": 0.6508800161823097
  },
  "biomechanical_metrics": {
    "joint_loading": 0.6465279495285949,
    "muscle_activation": 0.8438720869970375,
    "energy_efficiency": 0.7085103547021155
  }
}