{
  "key_points": {
    "shoulders": [
      0.1624695119301423,
      0.6834243776839676,
      0.05713240485328844
    ],
    "elbows": [
      -0.1330623762763854,
      0.41962911222090443,
      0.04289499724930543
    ],
    "wrists": [
      0.3541284336727504,
      0.45270080528572787,
      -0.01694106260360176
    ],
    "hips": [
      -0.16700826111591727,
      0.3032617717846861,
      -0.025889608468120537
    ],
    "knees": [
      -0.24108654325210943,
      0.34690839539411245,
      0.034234615966830056
    ],
    "ankles": [
      0.01386309765056587,
      0.26365791786292125,
      0.01501500420164803
    ]
  },
  "angles": {
    "knee": 50.5189519546144,
    "hip": 118.99293091197941,
    "shoulder": 21.41551722063083,
    "elbow": 25.525937186259068
  },
  "analysis_scores": {
    "alignment": 0.7554930464115566,
    "balance": 0.6554745614167706,
    "form": 0.9662373051478974,
    "stability": 0.7431991233672972,
    "coordination": 0.7966830269396246,
    "precision": 0.6317759035596863,
    "power": 0.6752118206375854,
    "efficiency": 0.7894571156982961,
    "safety": 0.6411644143071545,
    "overall": 0.7998797702307145,
    "shoulder": 0.6657615728073614,
    "elbow": 0.9599596998296877,
    "wrist": 0.9878419627393299,
    "hip": 0.9756145887908658,
    "knee": 0.6211572871614425,
    "ankle": 0.7761717207676494,
    "back": 0.7129469473138506,
    "neck": 0.9901759062974596
  },
  "recommendations": {
    "form": "Good form, continue practicing with current technique",
    "alignment": "Good alignment, maintain current technique",
    "stability": "Good stability, continue with current technique",
    "power": "Consider increasing intensity gradually"
  },
  "safety_considerations": []
}