{
  "power_generation": {
    "explosiveness": 0.8209930690763265,
    "force_transfer": 0.7210200860813001,
    "efficiency": 0.8322648366846102
  },
  "technical_metrics": {
    "precision": 0.7066070775396318,
    "consistency": 0.9006878077199885,
    "fluidity": 0.8268676582868162
  },
  "biomechanical_metrics": {
    "joint_loading": 0.5180513491972136,
    "muscle_activation": 0.970703818421298,
    "energy_efficiency": 0.5125328150967496
  }
}