{
  "key_points": {
    "shoulders": [
      -0.004099606852862425,
      0.5991328231384858,
      0.027998424702837588
    ],
    "elbows": [
      0.17914403663004091,
      0.5367160674240667,
      -0.012426106509216453
    ],
    "wrists": [
      0.13598342490420157,
      0.4855098310505045,
      -0.06282362206292183
    ],
    "hips": [
      -0.1481221476769945,
      0.33886646700580136,
      0.08915786996242855
    ],
    "knees": [
      -0.020222249663859493,
      0.24529686341715884,
      0.050737096414186694
    ],
    "ankles": [
      -0.2979770234645611,
      0.16605962117218828,
      0.04403588100366615
    ]
  },
  "angles": {
    "knee": 45.33858444421488,
    "hip": 91.48624047085303,
    "shoulder": 63.950130404945355,
    "elbow": 143.58079252175187
  },
  "analysis_scores": {
    "alignment": 0.9233170118567832,
    "balance": 0.8173572961785107,
    "form": 0.6241535156525231,
    "stability": 0.7020175531015072,
    "coordination": 0.6707348611194988,
    "precision": 0.9943287435679306,
    "power": 0.8499118465772401,
    "efficiency": 0.9907833890425214,
    "safety": 0.6807075558163685,
    "overall": 0.9870694713771428,
    "shoulder": 0.9389893693268236,
    "elbow": 0.6536917549990314,
    "wrist": 0.9046064221845294,
    "hip": 0.716652322114775,
    "knee": 0.7643908701178145,
    "ankle": 0.8335932409213188,
    "back": 0.6306425925888306,
    "neck": 0.8665140165034619
  },
  "recommendations": {
    "form": "Good form, continue practicing with current technique",
    "alignment": "Good alignment, maintain current technique",
    "stability": "Focus on maintaining proper posture and balance",
    "power": "Good power output, maintain current intensity"
  },
  "safety_considerations": []
}