{
  "power_generation": {
    "explosiveness": 0.9168334831444505,
    "force_transfer": 0.744346761584511,
    "efficiency": 0.9186267470723868
  },
  "technical_metrics": {
    "precision": 0.7868253631590072,
    "consistency": 0.7044721330326684,
    "fluidity": 0.8225132417271892
  },
  "biomechanical_metrics": {
    "joint_loading": 0.8273576076277305,
    "muscle_activation": 0.9532910399108482,
    "energy_efficiency": 0.7040302878776548
  }
}