{
  "key_points": {
    "shoulders": [
      -0.11936742277977382,
      0.5137586404342802,
      -0.01918402946823325
    ],
    "elbows": [
      -0.2192715603492036,
      0.509785589659137,
      -0.06442692510425876
    ],
    "wrists": [
      -0.2459005404132819,
      0.3800283529988546,
      0.07132447747050405
    ],
    "hips": [
      0.17547037310313457,
      0.3551974975372292,
      0.08868319607982286
    ],
    "knees": [
      0.24496672817360915,
      0.2790430567372818,
      -0.049418957123639244
    ],
    "ankles": [
      -0.2567738956777962,
      0.11761408607522238,
      -0.007928650129608389
    ]
  },
  "angles": {
    "knee": 103.46626185662811,
    "hip": 53.39457717453637,
    "shoulder": 42.906332470449264,
    "elbow": 112.70941511405584
  },
  "analysis_scores": {
    "alignment": 0.9629694099734908,
    "balance": 0.8644355691874206,
    "form": 0.6823202892781499,
    "stability": 0.6563635875428165,
    "coordination": 0.9184720074838427,
    "precision": 0.9570725355368115,
    "power": 0.6017616174532621,
    "efficiency": 0.9034474034347515,
    "safety": 0.8570617300124195,
    "overall": 0.8817584004595636,
    "shoulder": 0.6293853104893359,
    "elbow": 0.7414952969192309,
    "wrist": 0.6104875537033263,
    "hip": 0.6728868205940722,
    "knee": 0.7279411001137069,
    "ankle": 0.8848364822014974,
    "back": 0.8790389383395076,
    "neck": 0.9388766386560107
  },
  "recommendations": {
    "form": "Focus on maintaining proper joint angles during movement",
    "alignment": "Good alignment, maintain current technique",
    "stability": "Good stability, continue with current technique",
    "power": "Good power output, maintain current intensity"
  },
  "safety_considerations": [
    "Focus on proper shoulder mechanics for accurate passing"
  ]
}