{
  "power_generation": {
    "explosiveness": 0.8815915789103783,
    "force_transfer": 0.8800724440529423,
    "efficiency": 0.6493049302308378
  },
  "technical_metrics": {
    "precision": 0.9989764092391675,
    "consistency": 0.9027175598853308,
    "fluidity": 0.953357151600422
  },
  "biomechanical_metrics": {
    "joint_loading": 0.7888295110444846,
    "muscle_activation": 0.7287325638599931,
    "energy_efficiency": 0.5008168960175308
  }
}