{
  "key_points": {
    "shoulders": [
      0.13203848805913782,
      0.5318244800783603,
      0.03398457527574977
    ],
    "elbows": [
      0.2493086816235482,
      0.5954949002857495,
      -0.08134972838058091
    ],
    "wrists": [
      0.18345771818348466,
      0.41636808805173015,
      0.000244811607197179
    ],
    "hips": [
      0.18514243850716872,
      0.35948982789817374,
      -0.0739903293340579
    ],
    "knees": [
      -0.05738626328926083,
      0.3273713924720093,
      -0.07911013512159021
    ],
    "ankles": [
      0.042049446264338264,
      0.23573271181725738,
      -0.09104094568209053
    ]
  },
  "angles": {
    "knee": 42.701688629443225,
    "hip": 53.675108353220494,
    "shoulder": 58.08096710199471,
    "elbow": 45.68140724177567
  },
  "analysis_scores": {
    "alignment": 0.910194979789225,
    "balance": 0.8359027936419956,
    "form": 0.9726762890477728,
    "stability": 0.7634583501019916,
    "coordination": 0.6828671497007679,
    "precision": 0.9656297233376092,
    "power": 0.6314029453561122,
    "efficiency": 0.6513552094612048,
    "safety": 0.9208982841064192,
    "overall": 0.6430082240409803,
    "shoulder": 0.9598643452804457,
    "elbow": 0.8757854986274318,
    "wrist": 0.8291186213975242,
    "hip": 0.8375842525489554,
    "knee": 0.6835886266336744,
    "ankle": 0.8948020206220937,
    "back": 0.9468563887992318,
    "neck": 0.7925996159883464
  },
  "recommendations": {
    "form": "Good form, continue practicing with current technique",
    "alignment": "Good alignment, maintain current technique",
    "stability": "Good stability, continue with current technique",
    "power": "Consider increasing intensity gradually"
  },
  "safety_considerations": []
}