{
  "power_generation": {
    "explosiveness": 0.541588669550125,
    "force_transfer": 0.8580171098197801,
    "efficiency": 0.5657716314719985
  },
  "technical_metrics": {
    "precision": 0.8897307828903904,
    "consistency": 0.9190799014452209,
    "fluidity": 0.8298104229943291
  },
  "biomechanical_metrics": {
    "joint_loading": 0.843783025377705,
    "muscle_activation": 0.9585830680292398,
    "energy_efficiency": 0.8717580188811045
  }
}