{
  "key_points": {
    "shoulders": [
      -0.039111352458348736,
      0.6149026520971147,
      -0.17843302944815626
    ],
    "elbows": [
      -0.10324034379849173,
      0.5531985258183405,
      -0.09796726586703959
    ],
    "wrists": [
      0.23070735868711867,
      0.4757317976951342,
      0.06560305357084101
    ],
    "hips": [
      0.17950523258754297,
      0.365571142411609,
      0.10714051471454339
    ]
  },
  "angles": {
    "shoulder": 18.313301076940093,
    "elbow": 44.59375138114793
  },
  "analysis_scores": {
    "alignment": 0.7968900118523826,
    "balance": 0.9368360387689426,
    "form": 0.8819009160905575,
    "stability": 0.9255341003423532,
    "coordination": 0.7509530911462496,
    "precision": 0.7771301663774803,
    "power": 0.7518012658832387,
    "efficiency": 0.9749639744347406,
    "safety": 0.7396646411246072,
    "overall": 0.961314182962647,
    "shoulder": 0.8157231952734002,
    "elbow": 1.0,
    "wrist": 1.0,
    "hip": 0.9499833059599201,
    "knee": 0.7475199660573626,
    "ankle": 0.6097863551463962,
    "back": 0.6692871796899601,
    "neck": 0.7339553076445732
  },
  "recommendations": {
    "form": "Focus on maintaining proper joint angles during movement",
    "alignment": "Work on maintaining symmetrical movement patterns",
    "stability": "Good stability, continue with current technique",
    "power": "Consider increasing intensity gradually"
  },
  "safety_considerations": []
}