{
  "power_generation": {
    "explosiveness": 0.9529160199797555,
    "force_transfer": 0.5322259717713945,
    "efficiency": 0.9394851189706798
  },
  "technical_metrics": {
    "precision": 0.660576758174163,
    "consistency": 0.8730875157691875,
    "fluidity": 0.7429160335557257
  },
  "biomechanical_metrics": {
    "joint_loading": 0.6813033010904846,
    "muscle_activation": 0.5152897631026433,
    "energy_efficiency": 0.5531437545250724
  }
}