{
  "key_points": {
    "shoulders": [
      -0.04983363120860637,
      0.5006735190771772,
      0.04804737947532711
    ],
    "elbows": [
      -0.16884025224543991,
      0.4477703704450315,
      -0.06054340507677811
    ],
    "wrists": [
      -0.3345466047002617,
      0.31133076321100434,
      -0.07963617504572035
    ],
    "hips": [
      0.03075721528244274,
      0.3817646224413437,
      0.03679820472052747
    ],
    "knees": [
      0.14672577279342502,
      0.22746481971706112,
      -0.07593111380080803
    ],
    "ankles": [
      0.19115501749849273,
      0.1311032382030042,
      0.006324176881135776
    ]
  },
  "angles": {
    "knee": 41.28095308548557,
    "hip": 87.59061649264324,
    "shoulder": 31.090042908292286,
    "elbow": 89.05005109586577
  },
  "analysis_scores": {
    "alignment": 0.7288570505728597,
    "balance": 0.8960450161454032,
    "form": 0.787350728190576,
    "stability": 0.8805258271199254,
    "coordination": 0.6797600470969847,
    "precision": 0.7356283635798047,
    "power": 0.9877791766893295,
    "efficiency": 0.6553343145887611,
    "safety": 0.9663089617242577,
    "overall": 0.9544922741388877,
    "shoulder": 0.7423789063855805,
    "elbow": 0.7102304183977258,
    "wrist": 0.7211131860525856,
    "hip": 0.6254361751492782,
    "knee": 0.8561051800837183,
    "ankle": 0.805859494616128,
    "back": 0.991199204924517,
    "neck": 0.823651310091412
  },
  "recommendations": {
    "form": "Good form, continue practicing with current technique",
    "alignment": "Good alignment, maintain current technique",
    "stability": "Good stability, continue with current technique",
    "power": "Good power output, maintain current intensity"
  },
  "safety_considerations": []
}