{
  "power_generation": {
    "explosiveness": 0.623847773024216,
    "force_transfer": 0.5133835182378705,
    "efficiency": 0.8946711916771231
  },
  "technical_metrics": {
    "precision": 0.7690592573370526,
    "consistency": 0.6459928369605445,
    "fluidity": 0.555330291079832
  },
  "biomechanical_metrics": {
    "joint_loading": 0.8389039201338894,
    "muscle_activation": 0.584804668737618,
    "energy_efficiency": 0.5328855716881948
  }
}