{
  "key_points": {
    "shoulders": [
      -0.18917763530929654,
      0.5572080676344099,
      -0.047618019683449656
    ],
    "elbows": [
      0.18899676488386286,
      0.5003289007682701,
      0.05974708683950386
    ],
    "wrists": [
      0.2821099569106912,
      0.3079182348303504,
      -0.0076605529801725
    ],
    "hips": [
      0.17531625388166078,
      0.43095875220671576,
      -0.08476858317922889
    ],
    "knees": [
      0.09544064343338643,
      0.37431467156434206,
      -0.04574898138079937
    ],
    "ankles": [
      -0.1683671504664889,
      0.27529886431855416,
      -0.023972021383592806
    ]
  },
  "angles": {
    "knee": 68.10739992528751,
    "hip": 97.17130199414667,
    "shoulder": 50.7212494317826,
    "elbow": 55.474023436271416
  },
  "analysis_scores": {
    "alignment": 0.8840715362429837,
    "balance": 0.6002691363376103,
    "form": 0.8563267478676524,
    "stability": 0.9903453188689875,
    "coordination": 0.7248096603172166,
    "precision": 0.6043675193050616,
    "power": 0.9246266751666302,
    "efficiency": 0.8735237223998854,
    "safety": 0.8970479265722799,
    "overall": 0.8394023307408984,
    "shoulder": 0.8091117008622972,
    "elbow": 0.6725086854793716,
    "wrist": 0.7800822039381319,
    "hip": 0.800237046692923,
    "knee": 0.6957164507391405,
    "ankle": 0.7431419698190745,
    "back": 0.944466951518487,
    "neck": 0.7728991627291262
  },
  "recommendations": {
    "form": "Good form, continue practicing with current technique",
    "alignment": "Work on maintaining symmetrical movement patterns",
    "stability": "Good stability, continue with current technique",
    "power": "Consider increasing intensity gradually"
  },
  "safety_considerations": []
}