{
  "power_generation": {
    "explosiveness": 0.7695002102987798,
    "force_transfer": 0.9565840071617875,
    "efficiency": 0.7592342754437761
  },
  "technical_metrics": {
    "precision": 0.5929688392515096,
    "consistency": 0.7836932729960504,
    "fluidity": 0.5667363154682583
  },
  "biomechanical_metrics": {
    "joint_loading": 0.8079015718732331,
    "muscle_activation": 0.8795373362509245,
    "energy_efficiency": 0.5825572481297379
  }
}