{
  "key_points": {
    "shoulders": [
      -0.1767429167051446,
      0.528890590634853,
      -0.061681861429702584
    ],
    "elbows": [
      -0.28827187496624723,
      0.45769555746578733,
      -0.08245390482238071
    ],
    "wrists": [
      -0.3276257690770762,
      0.40376328222981317,
      0.0908044953550041
    ],
    "hips": [
      0.0012027156615128098,
      0.46703507458024024,
      0.09082159040075394
    ],
    "knees": [
      -0.2858096150126067,
      0.3155989616885578,
      0.0015824628238553934
    ],
    "ankles": [
      0.04692731771429043,
      0.1784332552318412,
      -0.07408223889883386
    ]
  },
  "angles": {
    "knee": 74.97553183064795,
    "hip": 142.23313891412872,
    "shoulder": 51.55262653773916,
    "elbow": 109.02525426409206
  },
  "analysis_scores": {
    "alignment": 0.8604224735151405,
    "balance": 0.7829838207625598,
    "form": 0.6761078991500363,
    "stability": 0.8888046477000504,
    "coordination": 0.7634033334383552,
    "precision": 0.860315114858492,
    "power": 0.7278100987193232,
    "efficiency": 0.7301801844791532,
    "safety": 0.6556628907227652,
    "overall": 0.9705831492279512,
    "shoulder": 0.6836390693867955,
    "elbow": 0.7930889649260405,
    "wrist": 0.7890300802521814,
    "hip": 0.8154760223453329,
    "knee": 0.7132750215040118,
    "ankle": 0.8324803543004777,
    "back": 0.6422593020987555,
    "neck": 0.7156075532502466
  },
  "recommendations": {
    "form": "Good form, continue practicing with current technique",
    "alignment": "Work on maintaining symmetrical movement patterns",
    "stability": "Focus on maintaining proper posture and balance",
    "power": "Good power output, maintain current intensity"
  },
  "safety_considerations": []
}