{
  "power_generation": {
    "explosiveness": 0.9558165140457193,
    "force_transfer": 0.6938760433731459,
    "efficiency": 0.9373727864308228
  },
  "technical_metrics": {
    "precision": 0.741341168497124,
    "consistency": 0.9452927636711194,
    "fluidity": 0.7829384235421208
  },
  "biomechanical_metrics": {
    "joint_loading": 0.919569395968779,
    "muscle_activation": 0.5026713526337787,
    "energy_efficiency": 0.6706809930019562
  }
}