{
  "power_generation": {
    "explosiveness": 0.9738347549997874,
    "force_transfer": 0.9776895405829925,
    "efficiency": 0.8864961740361001
  },
  "technical_metrics": {
    "precision": 0.8299134276475674,
    "consistency": 0.5458917614991258,
    "fluidity": 0.7464964034739457
  },
  "biomechanical_metrics": {
    "joint_loading": 0.7073141109224323,
    "muscle_activation": 0.6621310632483921,
    "energy_efficiency": 0.6450434338416638
  }
}