{
  "key_points": {
    "shoulders": [
      0.1584490881399589,
      0.6870923962631167,
      -0.09891191415845224
    ],
    "hips": [
      -0.08127458312412959,
      0.5357590753131647,
      -0.07039818959567067
    ],
    "knees": [
      0.21347943076063763,
      0.4604003605825834,
      0.005739962251624139
    ],
    "ankles": [
      0.2635288773234138,
      0.35414994356120755,
      -0.04360648455509406
    ]
  },
  "angles": {
    "knee": 116.74010959499259,
    "hip": 48.23608435474981,
    "shoulder": 81.19050075397125
  },
  "analysis_scores": {
    "alignment": 0.8203070643569438,
    "balance": 1.0,
    "form": 0.7670056494298109,
    "stability": 0.940173988704232,
    "coordination": 0.9456472468354713,
    "precision": 0.9291700271821074,
    "power": 0.763302716338916,
    "efficiency": 0.662692557150519,
    "safety": 0.8863217019260758,
    "overall": 0.9200281081901952,
    "shoulder": 0.9096711273280862,
    "elbow": 0.916364912988412,
    "wrist": 0.630879089835581,
    "hip": 0.7079303935887543,
    "knee": 0.8304161232453657,
    "ankle": 0.8105213137902814,
    "back": 0.8401619824070243,
    "neck": 0.6007447483592623
  },
  "recommendations": {
    "form": "Good form, continue practicing with current technique",
    "alignment": "Good alignment, maintain current technique",
    "stability": "Good stability, continue with current technique",
    "power": "Consider increasing intensity gradually"
  },
  "safety_considerations": []
}