{
  "power_generation": {
    "explosiveness": 0.8450679083574759,
    "force_transfer": 0.8717910869572887,
    "efficiency": 0.6047153441282724
  },
  "technical_metrics": {
    "precision": 0.8117834587932904,
    "consistency": 0.6413805582931074,
    "fluidity": 0.9942707127197742
  },
  "biomechanical_metrics": {
    "joint_loading": 0.674990174116538,
    "muscle_activation": 0.672649473750372,
    "energy_efficiency": 0.6826811312711076
  }
}