{
  "key_points": {
    "shoulders": [
      0.012442843422530686,
      0.6223875787272181,
      0.03386505457370087
    ],
    "elbows": [
      -0.1839089757552015,
      0.4042833285166164,
      -0.05578061221571873
    ],
    "wrists": [
      0.304441365545869,
      0.4582899376450473,
      -0.028636473634736606
    ],
    "hips": [
      -0.10246081082786179,
      0.4512814738021481,
      0.04765191232061333
    ],
    "knees": [
      -0.2187448818465517,
      0.33992999184657613,
      0.08933304115053833
    ],
    "ankles": [
      0.006921144910093324,
      0.12133850754307562,
      -0.07325781968096601
    ]
  },
  "angles": {
    "knee": 69.36269995862938,
    "hip": 77.30817170783007,
    "shoulder": 41.52714618851424,
    "elbow": 72.8539589013101
  },
  "analysis_scores": {
    "alignment": 0.9054825931223756,
    "balance": 0.626991520837334,
    "form": 0.7387664400101684,
    "stability": 0.7783238319993134,
    "coordination": 0.723693150348637,
    "precision": 0.8160300068450064,
    "power": 0.6668776447753403,
    "efficiency": 0.6743867012189694,
    "safety": 0.9497684065647005,
    "overall": 0.7617371369237801,
    "shoulder": 0.6113217919534372,
    "elbow": 0.9262035457983705,
    "wrist": 0.6353296100739688,
    "hip": 0.7742742008463956,
    "knee": 0.8583339606237868,
    "ankle": 0.9159813753567824,
    "back": 0.6975239093011483,
    "neck": 0.6659415838628497
  },
  "recommendations": {
    "form": "Focus on maintaining proper joint angles during movement",
    "alignment": "Good alignment, maintain current technique",
    "stability": "Focus on maintaining proper posture and balance",
    "power": "Good power output, maintain current intensity"
  },
  "safety_considerations": [
    "Focus on proper shoulder positioning for defense"
  ]
}