{
  "power_generation": {
    "explosiveness": 0.6133490289958761,
    "force_transfer": 0.7163690036402452,
    "efficiency": 0.5345435146402993
  },
  "technical_metrics": {
    "precision": 0.9985514121201557,
    "consistency": 0.5067495064196638,
    "fluidity": 0.5522847316352093
  },
  "biomechanical_metrics": {
    "joint_loading": 0.7863023769759999,
    "muscle_activation": 0.5204843284348885,
    "energy_efficiency": 0.5696738079947951
  }
}