{
  "key_points": {
    "shoulders": [
      0.1280371796068394,
      0.5743987014324182,
      -0.055100661040014015
    ],
    "elbows": [
      -0.023550762016907922,
      0.463092293940037,
      -0.007258470809851841
    ],
    "wrists": [
      -0.2618316727519372,
      0.4785563073009711,
      -0.05095763548706405
    ],
    "hips": [
      -0.07514265044485949,
      0.4354272438859157,
      -0.0632791431120377
    ],
    "knees": [
      0.0007958234914803297,
      0.22579819889772612,
      -0.03624319124596857
    ],
    "ankles": [
      0.025506242825871328,
      0.28628131844285093,
      0.05709008230858165
    ]
  },
  "angles": {
    "knee": 161.89332886785738,
    "hip": 159.2541009411288,
    "shoulder": 61.24008528642757,
    "elbow": 84.36112638860118
  },
  "analysis_scores": {
    "alignment": 0.7036307793000647,
    "balance": 0.8318641138323433,
    "form": 0.7860347075094143,
    "stability": 0.9588135954922212,
    "coordination": 0.8582583988200774,
    "precision": 0.7604980615956894,
    "power": 0.9833552875263445,
    "efficiency": 0.9825142289523305,
    "safety": 0.8381027130041696,
    "overall": 0.760463096868456,
    "shoulder": 0.754595760456834,
    "elbow": 0.9941937294369199,
    "wrist": 0.9849602803451638,
    "hip": 0.9244831638102611,
    "knee": 0.8466044979670551,
    "ankle": 0.7912496480901626,
    "back": 0.9336384755605229,
    "neck": 0.7551181454281739
  },
  "recommendations": {
    "form": "Good form, continue practicing with current technique",
    "alignment": "Good alignment, maintain current technique",
    "stability": "Good stability, continue with current technique",
    "power": "Good power output, maintain current intensity"
  },
  "safety_considerations": []
}