{
  "power_generation": {
    "explosiveness": 0.7932786048680994,
    "force_transfer": 0.8873892812410411,
    "efficiency": 0.7844092422883244
  },
  "technical_metrics": {
    "precision": 0.7592301453820471,
    "consistency": 0.6163915428544696,
    "fluidity": 0.9853751003455599
  },
  "biomechanical_metrics": {
    "joint_loading": 0.9594794993834459,
    "muscle_activation": 0.7537702837453109,
    "energy_efficiency": 0.711128060247407
  }
}