{
  "key_points": {
    "shoulders": [
      -0.19452228371298547,
      0.5071357813434163,
      0.07021373478276269
    ],
    "elbows": [
      0.0299577585345685,
      0.4001277669158334,
      -0.054122429767683826
    ],
    "wrists": [
      0.33835665483541066,
      0.4932852780682002,
      0.01394619429716619
    ],
    "hips": [
      0.007827989955930675,
      0.3850951832023646,
      0.07719573706545721
    ],
    "knees": [
      0.1853059371520046,
      0.38016307942598826,
      -0.0451686960418098
    ],
    "ankles": [
      -0.2276931673931185,
      0.15924266227277242,
      -0.05358057352383512
    ]
  },
  "angles": {
    "knee": 117.99497354589074,
    "hip": 80.17035346978068,
    "shoulder": 24.573340205620752,
    "elbow": 13.994529709282796
  },
  "analysis_scores": {
    "alignment": 0.8231988892200541,
    "balance": 0.9278420690762476,
    "form": 0.7269535595668328,
    "stability": 0.783599721030299,
    "coordination": 0.9275579133089915,
    "precision": 0.8328071874694747,
    "power": 0.6277163272545538,
    "efficiency": 0.6442768137111657,
    "safety": 0.6427766566096281,
    "overall": 0.9063165029753998,
    "shoulder": 0.7637618246549753,
    "elbow": 0.8054455477758843,
    "wrist": 0.6285048594318696,
    "hip": 0.9113023381034067,
    "knee": 0.8401748168861942,
    "ankle": 0.9857583974407068,
    "back": 0.7549023225221071,
    "neck": 0.7576048893047713
  },
  "recommendations": {
    "form": "Good form, continue practicing with current technique",
    "alignment": "Good alignment, maintain current technique",
    "stability": "Good stability, continue with current technique",
    "power": "Good power output, maintain current intensity"
  },
  "safety_considerations": [
    "Focus on proper shoulder mechanics for throwing",
    "Ensure proper body alignment during throw"
  ]
}