{
  "power_generation": {
    "explosiveness": 0.5649491664593341,
    "force_transfer": 0.772573122549461,
    "efficiency": 0.5258028741400358
  },
  "technical_metrics": {
    "precision": 0.7724737830420902,
    "consistency": 0.9825062752010415,
    "fluidity": 0.6500631457256074
  },
  "biomechanical_metrics": {
    "joint_loading": 0.9397240515674896,
    "muscle_activation": 0.9849190984315196,
    "energy_efficiency": 0.8131648544056738
  }
}