{
  "key_points": {
    "shoulders": [
      -0.09686305610758589,
      0.651582419381442,
      0.0372174818867706
    ],
    "elbows": [
      -0.1690994455026773,
      0.4246557082537489,
      -0.021232968117057077
    ],
    "wrists": [
      0.028192955289679578,
      0.33591727427893003,
      0.02880585753355444
    ],
    "hips": [
      -0.13256647831633034,
      0.4129315550288174,
      -0.06919730328693695
    ],
    "knees": [
      -0.2554383359559992,
      0.2836025171519639,
      -0.07354969077624773
    ],
    "ankles": [
      -0.1783719107749624,
      0.14594075013695018,
      0.02945683639378105
    ]
  },
  "angles": {
    "knee": 135.26765143513427,
    "hip": 105.6675005166239,
    "shoulder": 16.599361962838564,
    "elbow": 83.46999480805555
  },
  "analysis_scores": {
    "alignment": 0.9262876138899585,
    "balance": 0.9199585057927946,
    "form": 0.7825451128450902,
    "stability": 0.9079386538980256,
    "coordination": 0.8138064426348671,
    "precision": 0.6450398020593455,
    "power": 0.815974799605498,
    "efficiency": 0.6119979879855332,
    "safety": 0.9190714973710888,
    "overall": 0.6421301805013683,
    "shoulder": 0.9761334450261139,
    "elbow": 0.9296219197153962,
    "wrist": 0.883395898764862,
    "hip": 0.8547849267805065,
    "knee": 0.9436696165146987,
    "ankle": 0.7822526686670315,
    "back": 0.7414207252384033,
    "neck": 0.6573302386555843
  },
  "recommendations": {
    "form": "Good form, continue practicing with current technique",
    "alignment": "Work on maintaining symmetrical movement patterns",
    "stability": "Good stability, continue with current technique",
    "power": "Good power output, maintain current intensity"
  },
  "safety_considerations": [
    "Ensure proper wrist alignment to prevent sprains"
  ]
}