{
  "power_generation": {
    "explosiveness": 0.8611002919933868,
    "force_transfer": 0.6085280296388239,
    "efficiency": 0.716548516479073
  },
  "technical_metrics": {
    "precision": 0.6937657950585537,
    "consistency": 0.82719593113431,
    "fluidity": 0.8841610236451685
  },
  "biomechanical_metrics": {
    "joint_loading": 0.9513755983498218,
    "muscle_activation": 0.7242406882926435,
    "energy_efficiency": 0.6908034133239185
  }
}