{
  "key_points": {
    "shoulders": [
      -0.09645494965750029,
      0.5975913467584344,
      0.047297279865785635
    ],
    "elbows": [
      0.06866963888529914,
      0.5901117996720192,
      -0.012823137690712083
    ],
    "wrists": [
      0.14176018144400315,
      0.3126938762995973,
      0.07152070577343461
    ],
    "hips": [
      0.0825284289308369,
      0.32915636179961066,
      -0.07357936413277005
    ],
    "knees": [
      0.11098270329872895,
      0.33085684155086126,
      -0.021341300316989636
    ],
    "ankles": [
      0.36072331586232653,
      0.13432056227135697,
      0.07159585464494617
    ]
  },
  "angles": {
    "knee": 50.09479113200197,
    "hip": 68.92935756586718,
    "shoulder": 50.598993228430686,
    "elbow": 93.67884300826174
  },
  "analysis_scores": {
    "alignment": 0.8235287333851579,
    "balance": 0.8052023953072095,
    "form": 0.8968852601232151,
    "stability": 0.6955056896429181,
    "coordination": 0.907563748015744,
    "precision": 0.9165073495369171,
    "power": 0.6065625191375049,
    "efficiency": 0.8062158050074189,
    "safety": 0.8846096177409,
    "overall": 0.9288851087124296,
    "shoulder": 0.7080970088812975,
    "elbow": 0.7564908741510444,
    "wrist": 0.6781166827970634,
    "hip": 0.7099369327215104,
    "knee": 0.7307921941003694,
    "ankle": 0.6810709240939399,
    "back": 0.628048197130043,
    "neck": 0.8219764294967897
  },
  "recommendations": {
    "form": "Good form, continue practicing with current technique",
    "alignment": "Good alignment, maintain current technique",
    "stability": "Focus on maintaining proper posture and balance",
    "power": "Good power output, maintain current intensity"
  },
  "safety_considerations": [
    "Focus on maintaining proper alignment",
    "Work on balance and stability"
  ]
}