{
  "power_generation": {
    "explosiveness": 0.5312376461266093,
    "force_transfer": 0.7231428008684776,
    "efficiency": 0.8082636046928579
  },
  "technical_metrics": {
    "precision": 0.6258664163251049,
    "consistency": 0.5677805815323493,
    "fluidity": 0.6267555829167746
  },
  "biomechanical_metrics": {
    "joint_loading": 0.8910722452624895,
    "muscle_activation": 0.5981742348508139,
    "energy_efficiency": 0.6166836571590631
  }
}