{
  "key_points": {
    "shoulders": [
      0.02101227513888637,
      0.696744721234023,
      -0.08938746211072553
    ],
    "elbows": [
      -0.24757933851364788,
      0.45301257968559216,
      0.08538293168014849
    ],
    "wrists": [
      0.16311147329460618,
      0.3248184338081206,
      0.08037857903016687
    ],
    "hips": [
      0.03253380518475851,
      0.4161532934187572,
      0.0680072631941398
    ],
    "knees": [
      -0.16114057507999646,
      0.21561216096161365,
      0.06509655382423538
    ],
    "ankles": [
      0.28060129671754064,
      0.15955093179910612,
      0.0059511186997741605
    ]
  },
  "angles": {
    "knee": 95.35818750196238,
    "hip": 146.53855047828827,
    "shoulder": 35.351048326424596,
    "elbow": 52.524066188312865
  },
  "analysis_scores": {
    "alignment": 0.8304589637858646,
    "balance": 0.8619175752256871,
    "form": 0.8025862741080522,
    "stability": 0.964225238124904,
    "coordination": 0.7596447882373245,
    "precision": 0.6751667709723405,
    "power": 0.9900179855467883,
    "efficiency": 0.6725211242713315,
    "safety": 0.9308068244169615,
    "overall": 0.8914714658322622,
    "shoulder": 0.7783579833093692,
    "elbow": 0.6325100190811637,
    "wrist": 0.8897347624845999,
    "hip": 0.890807343636353,
    "knee": 0.8434338180115789,
    "ankle": 0.7249401961679373,
    "back": 0.7069180570592047,
    "neck": 0.8389409509271162
  },
  "recommendations": {
    "form": "Good form, continue practicing with current technique",
    "alignment": "Work on maintaining symmetrical movement patterns",
    "stability": "Focus on maintaining proper posture and balance",
    "power": "Good power output, maintain current intensity"
  },
  "safety_considerations": [
    "Work on balance and stability during movement"
  ]
}