{
  "power_generation": {
    "explosiveness": 0.909557455613508,
    "force_transfer": 0.9342952732929348,
    "efficiency": 0.5295775357203527
  },
  "technical_metrics": {
    "precision": 0.7994196790649895,
    "consistency": 0.8349711876382446,
    "fluidity": 0.9733937139910044
  },
  "biomechanical_metrics": {
    "joint_loading": 0.7147126620075426,
    "muscle_activation": 0.573525934951737,
    "energy_efficiency": 0.5202380100432026
  }
}