{
  "key_points": {
    "shoulders": [
      -0.0021874314280576623,
      0.6778117378058552,
      0.04923393898157952
    ],
    "elbows": [
      0.04748804936380552,
      0.47612607847030664,
      -0.07926334551326118
    ],
    "wrists": [
      -0.2206586779377945,
      0.4772616972317343,
      0.044724676816248976
    ],
    "hips": [
      -0.11481473495725153,
      0.4403621969651922,
      0.07363789836535778
    ],
    "knees": [
      0.13083063916535087,
      0.29054600435717914,
      0.008927152687237497
    ],
    "ankles": [
      -0.2836539120318287,
      0.2772686727895837,
      -0.026258477245425405
    ]
  },
  "angles": {
    "knee": 147.00045637198667,
    "hip": 121.52731782542389,
    "shoulder": 39.16395018233599,
    "elbow": 129.92908812393907
  },
  "analysis_scores": {
    "alignment": 0.7894173742279843,
    "balance": 0.7552773763646177,
    "form": 0.6711947182649941,
    "stability": 0.9016102760682259,
    "coordination": 0.8234534126847706,
    "precision": 0.7786742304044222,
    "power": 0.6150589503998122,
    "efficiency": 0.8600766181300605,
    "safety": 0.7463910907844535,
    "overall": 0.648541912263175,
    "shoulder": 0.9764560534752196,
    "elbow": 0.661910081566231,
    "wrist": 0.8795436456366863,
    "hip": 0.6869614503793127,
    "knee": 0.9452640919649885,
    "ankle": 0.8656595129455591,
    "back": 0.8050546108121654,
    "neck": 0.7326465824114159
  },
  "recommendations": {
    "form": "Good form, continue practicing with current technique",
    "alignment": "Work on maintaining symmetrical movement patterns",
    "stability": "Focus on maintaining proper posture and balance",
    "power": "Good power output, maintain current intensity"
  },
  "safety_considerations": []
}