{
  "power_generation": {
    "explosiveness": 0.9122161207389359,
    "force_transfer": 0.923694130982088,
    "efficiency": 0.8057134974075512
  },
  "technical_metrics": {
    "precision": 0.9489437764821352,
    "consistency": 0.9167439250957076,
    "fluidity": 0.8344319528275157
  },
  "biomechanical_metrics": {
    "joint_loading": 0.9471215600286711,
    "muscle_activation": 0.8469976807559998,
    "energy_efficiency": 0.5885278236375042
  }
}