{
  "key_points": {
    "shoulders": [
      -0.024597178353400168,
      0.6962651631237409,
      -0.029417178109089323
    ],
    "elbows": [
      0.18356902149147347,
      0.42945343614803777,
      -0.03660606600529184
    ],
    "wrists": [
      0.04131460296093675,
      0.3222931692544832,
      -0.011438620106537775
    ],
    "hips": [
      -0.12478602525540215,
      0.3817086643211408,
      -0.08680539090357182
    ],
    "knees": [
      0.2479316861388105,
      0.3871345008118312,
      0.04747726558487203
    ],
    "ankles": [
      0.19028970379352006,
      0.1696600027024095,
      -0.03990949226250454
    ]
  },
  "angles": {
    "knee": 128.30160744229573,
    "hip": 116.2720129732305,
    "shoulder": 7.176698971178468,
    "elbow": 108.43257955648404
  },
  "analysis_scores": {
    "alignment": 0.7302223713382183,
    "balance": 0.9418584452401995,
    "form": 0.7982866563733577,
    "stability": 0.6579322672265323,
    "coordination": 0.9350399268710747,
    "precision": 0.9572351684500021,
    "power": 0.7773657329721666,
    "efficiency": 0.6400956853950112,
    "safety": 0.7915041642636532,
    "overall": 0.7818508810013911,
    "shoulder": 0.7982501343186719,
    "elbow": 0.7989563066193686,
    "wrist": 0.9227223706213588,
    "hip": 0.9120813170459486,
    "knee": 0.8663045023135407,
    "ankle": 0.6836943583928614,
    "back": 0.9737524361587291,
    "neck": 0.8135170788293985
  },
  "recommendations": {
    "form": "Good form, continue practicing with current technique",
    "alignment": "Good alignment, maintain current technique",
    "stability": "Good stability, continue with current technique",
    "power": "Good power output, maintain current intensity"
  },
  "safety_considerations": []
}