{
  "power_generation": {
    "explosiveness": 0.8991777737917752,
    "force_transfer": 0.8484840659368704,
    "efficiency": 0.8618996199745964
  },
  "technical_metrics": {
    "precision": 0.9115610910292133,
    "consistency": 0.9423277392267189,
    "fluidity": 0.8555921210949364
  },
  "biomechanical_metrics": {
    "joint_loading": 0.549136757411887,
    "muscle_activation": 0.5164697386538037,
    "energy_efficiency": 0.6305562195919244
  }
}