{
  "key_points": {
    "shoulders": [
      -0.099871483208524,
      0.5118411491922553,
      -0.05041476788447006
    ],
    "elbows": [
      0.2816020449746702,
      0.5896450801237536,
      0.09904324421579777
    ],
    "wrists": [
      -0.11165754163452091,
      0.43631332907865455,
      0.03229645194204145
    ],
    "hips": [
      0.07690134353143974,
      0.359598395174823,
      0.06701638140264357
    ],
    "knees": [
      0.17189662555956742,
      0.3827967354558206,
      0.039983809668685644
    ],
    "ankles": [
      -0.37471564232728416,
      0.14670231908200057,
      0.06443540195537889
    ]
  },
  "angles": {
    "knee": 65.06106395126719,
    "hip": 117.84633409782481,
    "shoulder": 56.60091219521119,
    "elbow": 78.92396068385862
  },
  "analysis_scores": {
    "alignment": 0.7469948199334517,
    "balance": 0.6452862361567961,
    "form": 0.6887823139687359,
    "stability": 0.8953804118163462,
    "coordination": 0.9960426549281125,
    "precision": 0.7986746699812654,
    "power": 0.7042011085003874,
    "efficiency": 0.6348820267654557,
    "safety": 0.8842152102935512,
    "overall": 0.968026228700046,
    "shoulder": 0.7914179071119991,
    "elbow": 0.7814366528104518,
    "wrist": 0.6228106480527293,
    "hip": 0.9614416502471295,
    "knee": 0.808359940004131,
    "ankle": 0.8571785325900765,
    "back": 0.8062059274751898,
    "neck": 0.9880904797489394
  },
  "recommendations": {
    "form": "Good form, continue practicing with current technique",
    "alignment": "Work on maintaining symmetrical movement patterns",
    "stability": "Focus on maintaining proper posture and balance",
    "power": "Good power output, maintain current intensity"
  },
  "safety_considerations": []
}