{
  "power_generation": {
    "explosiveness": 0.8398404092872016,
    "force_transfer": 0.558466466847646,
    "efficiency": 0.7256879912838946
  },
  "technical_metrics": {
    "precision": 0.5743107383701218,
    "consistency": 0.86064926347893,
    "fluidity": 0.8545113006442454
  },
  "biomechanical_metrics": {
    "joint_loading": 0.8512134409960602,
    "muscle_activation": 0.7936239835274581,
    "energy_efficiency": 0.8030497549707485
  }
}