{
  "key_points": {
    "shoulders": [
      0.021365905654662065,
      0.6513384425900383,
      0.04163520045495761
    ],
    "elbows": [
      0.0053332620948874365,
      0.5522378407964981,
      -0.010724217212589496
    ],
    "wrists": [
      0.32313124389123893,
      0.32258626796776174,
      0.07617147795109785
    ],
    "hips": [
      0.14600671215833694,
      0.33140843848906026,
      -0.07473674639956372
    ],
    "knees": [
      0.20784490464470223,
      0.20176494759313318,
      -0.08778628321387422
    ],
    "ankles": [
      0.38519676777909273,
      0.11306852372374457,
      -0.0513404635086445
    ]
  },
  "angles": {
    "knee": 47.95213429115359,
    "hip": 146.30196955753829,
    "shoulder": 74.81388556977757,
    "elbow": 135.43029207245525
  },
  "analysis_scores": {
    "alignment": 0.7062515248660507,
    "balance": 0.6691405275401178,
    "form": 0.773191436819656,
    "stability": 0.9062891017821568,
    "coordination": 0.8029357157493364,
    "precision": 0.6317544383218769,
    "power": 0.7366398331675996,
    "efficiency": 0.8897285839056175,
    "safety": 0.9254834510366005,
    "overall": 0.6467306469389541,
    "shoulder": 0.8584028034277484,
    "elbow": 0.6361871648660824,
    "wrist": 0.6303797960331917,
    "hip": 0.738962844448595,
    "knee": 0.6964395313293466,
    "ankle": 0.8347173785988173,
    "back": 0.8065468371103581,
    "neck": 0.8511014083610065
  },
  "recommendations": {
    "form": "Focus on maintaining proper joint angles during movement",
    "alignment": "Good alignment, maintain current technique",
    "stability": "Good stability, continue with current technique",
    "power": "Good power output, maintain current intensity"
  },
  "safety_considerations": [
    "Focus on maintaining proper back alignment to prevent injury",
    "Ensure proper hip hinge mechanics"
  ]
}