{
  "power_generation": {
    "explosiveness": 0.7641477256652691,
    "force_transfer": 0.9556555510795708,
    "efficiency": 0.6518685427496254
  },
  "technical_metrics": {
    "precision": 0.9733053675714317,
    "consistency": 0.5368129490542639,
    "fluidity": 0.6143835663475238
  },
  "biomechanical_metrics": {
    "joint_loading": 0.5477917107629738,
    "muscle_activation": 0.8726412263835277,
    "energy_efficiency": 0.753183514966687
  }
}