{
  "key_points": {
    "shoulders": [
      -0.17179660787838322,
      0.6315835172017263,
      0.08972299538964737
    ],
    "elbows": [
      -0.29591814755588286,
      0.47282308430347564,
      -0.013325847740252611
    ],
    "wrists": [
      0.33277237398220494,
      0.3212984272524045,
      -0.04951177155431026
    ],
    "hips": [
      0.008552995639831806,
      0.48739156442545234,
      -0.08335182556997481
    ],
    "knees": [
      -0.003906058406344115,
      0.2941509714549838,
      -0.09334644947882319
    ],
    "ankles": [
      -0.3357603208300545,
      0.208752353107441,
      0.016801195915458964
    ]
  },
  "angles": {
    "knee": 23.44179159364886,
    "hip": 141.32694306416312,
    "shoulder": 40.13282978948054,
    "elbow": 145.6544534302487
  },
  "analysis_scores": {
    "alignment": 0.7985777063501545,
    "balance": 0.7802695069671921,
    "form": 0.8921492254162093,
    "stability": 0.8475909764186588,
    "coordination": 0.8526191925661205,
    "precision": 0.8744431311852268,
    "power": 0.8757082118315327,
    "efficiency": 0.979961130953432,
    "safety": 0.8769054046741017,
    "overall": 0.8990644734344864,
    "shoulder": 0.8181140075831992,
    "elbow": 0.8927025344335914,
    "wrist": 0.957345122174659,
    "hip": 0.747257133384215,
    "knee": 0.9798923486667467,
    "ankle": 0.6178978354324048,
    "back": 0.62286887506288,
    "neck": 0.7329560172177456
  },
  "recommendations": {
    "form": "Good form, continue practicing with current technique",
    "alignment": "Good alignment, maintain current technique",
    "stability": "Good stability, continue with current technique",
    "power": "Good power output, maintain current intensity"
  },
  "safety_considerations": []
}