{
  "key_points": {
    "shoulders": [
      -0.034134558861165176,
      0.6300575037634382,
      -0.021877233352360206
    ],
    "elbows": [
      -0.10843946180474742,
      0.4601968739449625,
      -0.07420543170185541
    ],
    "wrists": [
      0.22092802474648876,
      0.4966676527863437,
      -0.05850390171310731
    ],
    "hips": [
      -0.1872388755046162,
      0.4341322851119639,
      -0.0942429047543124
    ],
    "knees": [
      -0.166064945539295,
      0.3515257083462633,
      -0.038059272076665644
    ],
    "ankles": [
      0.2191547112614023,
      0.1455079225529765,
      0.010170867644260756
    ]
  },
  "angles": {
    "knee": 72.15555171863701,
    "hip": 96.63872992318998,
    "shoulder": 29.05169157186715,
    "elbow": 126.31421083542524
  },
  "analysis_scores": {
    "alignment": 0.9217624964428934,
    "balance": 0.6261369498128827,
    "form": 0.6463177652909465,
    "stability": 0.8577192606910766,
    "coordination": 0.6546170684971122,
    "precision": 0.6279420391258397,
    "power": 0.7397891956222178,
    "efficiency": 0.7528200221517108,
    "safety": 0.721272299672311,
    "overall": 0.7714223894526715,
    "shoulder": 0.7174045347389011,
    "elbow": 0.9400900825997851,
    "wrist": 0.6008754272539266,
    "hip": 0.9637790919030893,
    "knee": 0.7136388108034458,
    "ankle": 0.7592929991262785,
    "back": 0.9952182360062649,
    "neck": 0.9963618446443087
  },
  "recommendations": {
    "form": "Focus on maintaining proper joint angles during movement",
    "alignment": "Good alignment, maintain current technique",
    "stability": "Good stability, continue with current technique",
    "power": "Consider increasing intensity gradually"
  },
  "safety_considerations": []
}