{
  "power_generation": {
    "explosiveness": 0.5541318725292689,
    "force_transfer": 0.567173847694211,
    "efficiency": 0.5983804856822377
  },
  "technical_metrics": {
    "precision": 0.5655671217385283,
    "consistency": 0.8675167890751103,
    "fluidity": 0.6373497498002028
  },
  "biomechanical_metrics": {
    "joint_loading": 0.8446931623072715,
    "muscle_activation": 0.9076228022721737,
    "energy_efficiency": 0.9224133880403709
  }
}