{
  "key_points": {
    "shoulders": [
      0.01725032650267999,
      0.5271453942870851,
      0.08210012741282713
    ],
    "elbows": [
      -0.12582296042782853,
      0.5127683227468584,
      -0.028018656073980727
    ],
    "wrists": [
      -0.0032959405516798657,
      0.3977853001433457,
      0.07567725516953455
    ],
    "hips": [
      -0.16187311661208242,
      0.4102135927320888,
      -0.0995658656042297
    ],
    "knees": [
      -0.21067629598212076,
      0.3098486256260822,
      -0.04188645565467064
    ],
    "ankles": [
      -0.07453847189397267,
      0.2408302176525154,
      0.09892775904122694
    ]
  },
  "angles": {
    "knee": 126.94578929211556,
    "hip": 118.74674836135779,
    "shoulder": 12.12111883802131,
    "elbow": 39.00424533517479
  },
  "analysis_scores": {
    "alignment": 0.6224171432652538,
    "balance": 0.8976092215750575,
    "form": 0.7044462853697024,
    "stability": 0.6123740494966649,
    "coordination": 0.9866248266435674,
    "precision": 0.9591236108246197,
    "power": 0.8929562320276274,
    "efficiency": 0.6139385039731295,
    "safety": 0.8689993885599021,
    "overall": 0.73464098996151,
    "shoulder": 0.6135953169287731,
    "elbow": 0.6797646968566151,
    "wrist": 0.674068051718678,
    "hip": 0.9798353866493361,
    "knee": 0.8943604819851981,
    "ankle": 0.6676764979763697,
    "back": 0.9538263097505991,
    "neck": 0.8268435796443179
  },
  "recommendations": {
    "form": "Good form, continue practicing with current technique",
    "alignment": "Good alignment, maintain current technique",
    "stability": "Focus on maintaining proper posture and balance",
    "power": "Good power output, maintain current intensity"
  },
  "safety_considerations": [
    "Maintain proper shoulder mechanics to prevent impingement"
  ]
}