{
  "power_generation": {
    "explosiveness": 0.6601286341146342,
    "force_transfer": 0.6375545002182832,
    "efficiency": 0.9811167002311502
  },
  "technical_metrics": {
    "precision": 0.6807399252691195,
    "consistency": 0.8785903593239203,
    "fluidity": 0.5443209066455297
  },
  "biomechanical_metrics": {
    "joint_loading": 0.7406684998878169,
    "muscle_activation": 0.7209263785474825,
    "energy_efficiency": 0.8982904501492546
  }
}