{
  "key_points": {
    "shoulders": [
      -0.06563782670108886,
      0.525853060818715,
      -0.033431604244058624
    ],
    "elbows": [
      -0.21563899376671947,
      0.5733159421161342,
      -0.03549565394836207
    ],
    "wrists": [
      0.2083573523642478,
      0.37292284715108864,
      0.0710656447728272
    ],
    "hips": [
      0.06492885365889689,
      0.4638070019928256,
      -0.08081408092102081
    ],
    "knees": [
      -0.18476563536595078,
      0.3777747633991002,
      -0.021182602699231848
    ],
    "ankles": [
      -0.36710523688902175,
      0.23526056729477685,
      -0.0645951436086723
    ]
  },
  "angles": {
    "knee": 132.2624161805567,
    "hip": 103.77157129673256,
    "shoulder": 27.135341727055383,
    "elbow": 122.86725507005795
  },
  "analysis_scores": {
    "alignment": 0.7536522713768188,
    "balance": 0.7723627812691234,
    "form": 0.9359814337915293,
    "stability": 0.621938508356785,
    "coordination": 0.8723866872985098,
    "precision": 0.6017381674461235,
    "power": 0.7706616238306987,
    "efficiency": 0.698782513671623,
    "safety": 0.8858906903144472,
    "overall": 0.6873127924544973,
    "shoulder": 0.8177569602614508,
    "elbow": 0.8621604541534316,
    "wrist": 0.9238321967362908,
    "hip": 0.6416792845616724,
    "knee": 0.880607741046848,
    "ankle": 0.8910615430855428,
    "back": 0.996445131068088,
    "neck": 0.821513640621949
  },
  "recommendations": {
    "form": "Focus on maintaining proper joint angles during movement",
    "alignment": "Good alignment, maintain current technique",
    "stability": "Good stability, continue with current technique",
    "power": "Consider increasing intensity gradually"
  },
  "safety_considerations": [
    "Ensure proper body alignment during throw"
  ]
}