{
  "power_generation": {
    "explosiveness": 0.9623392532443628,
    "force_transfer": 0.5177481681655994,
    "efficiency": 0.7167888767828035
  },
  "technical_metrics": {
    "precision": 0.8915871847260404,
    "consistency": 0.7282580194339023,
    "fluidity": 0.714906091743354
  },
  "biomechanical_metrics": {
    "joint_loading": 0.6054388984603973,
    "muscle_activation": 0.8860551269995468,
    "energy_efficiency": 0.6304882181481889
  }
}