{
  "key_points": {
    "shoulders": [
      -0.04504742656705307,
      0.5690839102053016,
      -0.018721760497024148
    ],
    "elbows": [
      0.07403367456964816,
      0.5270778639772548,
      -0.03234010805797394
    ],
    "wrists": [
      -0.25965354814740194,
      0.46112246856680134,
      0.03713250308710009
    ],
    "hips": [
      -0.02931457402687615,
      0.31369563089251346,
      -0.07104161174866142
    ],
    "knees": [
      -0.2142793925876616,
      0.20491843237804586,
      0.015669338181166337
    ],
    "ankles": [
      -0.22183121962728525,
      0.2022131456034214,
      -0.06980143267685646
    ]
  },
  "angles": {
    "knee": 139.5733112718484,
    "hip": 115.69523199084385,
    "shoulder": 23.4224758826536,
    "elbow": 154.65613777141374
  },
  "analysis_scores": {
    "alignment": 0.6358312476042284,
    "balance": 0.8287853930813478,
    "form": 0.7688303974271424,
    "stability": 0.7714156926965048,
    "coordination": 0.6808218562679634,
    "precision": 0.9243189622259915,
    "power": 0.9037655376377803,
    "efficiency": 0.7617880111392198,
    "safety": 0.8693565654588109,
    "overall": 0.7040237425064928,
    "shoulder": 0.9540776110705287,
    "elbow": 0.6345153863968801,
    "wrist": 0.947897824780381,
    "hip": 0.8366102218470527,
    "knee": 0.8003338323278875,
    "ankle": 0.6640919754396081,
    "back": 0.693434596080867,
    "neck": 0.8479772144642566
  },
  "recommendations": {
    "form": "Good form, continue practicing with current technique",
    "alignment": "Good alignment, maintain current technique",
    "stability": "Focus on maintaining proper posture and balance",
    "power": "Good power output, maintain current intensity"
  },
  "safety_considerations": [
    "Maintain proper hip alignment for movement"
  ]
}