{
  "power_generation": {
    "explosiveness": 0.7130077677986728,
    "force_transfer": 0.9238584806420344,
    "efficiency": 0.6300532022103167
  },
  "technical_metrics": {
    "precision": 0.8117756526206298,
    "consistency": 0.9710077899355063,
    "fluidity": 0.7516828850557218
  },
  "biomechanical_metrics": {
    "joint_loading": 0.519361679322842,
    "muscle_activation": 0.9529611085146971,
    "energy_efficiency": 0.6395042524008963
  }
}