{
  "key_points": {
    "shoulders": [
      -0.022780533340706594,
      0.6292808735015999,
      0.05567149788708167
    ],
    "elbows": [
      -0.19579480410736214,
      0.5973172288110002,
      -0.02682342080801743
    ],
    "wrists": [
      0.0882146975899693,
      0.420787654977131,
      0.059412330346508835
    ],
    "hips": [
      -0.10826053837239052,
      0.3578643907575268,
      0.0006794406768432654
    ],
    "knees": [
      -0.1575457955071989,
      0.3543254987580717,
      0.07172841279992892
    ],
    "ankles": [
      -0.3498600088437783,
      0.22515873688484014,
      -0.046214072130583574
    ]
  },
  "angles": {
    "knee": 66.016940376081,
    "hip": 170.2534718424745,
    "shoulder": 42.54428602679659,
    "elbow": 75.96860724643972
  },
  "analysis_scores": {
    "alignment": 0.9072712468970162,
    "balance": 0.8776337719416167,
    "form": 0.6753095956108013,
    "stability": 0.7919245489734139,
    "coordination": 0.7948945476964522,
    "precision": 0.7092666181434218,
    "power": 0.6296155325104551,
    "efficiency": 0.7779847954829526,
    "safety": 0.6828433915651388,
    "overall": 0.9828622289696309,
    "shoulder": 0.8979669467072151,
    "elbow": 0.6567213055879356,
    "wrist": 0.6496031610691333,
    "hip": 0.6428456818751599,
    "knee": 0.7306420407568175,
    "ankle": 0.7539130790689142,
    "back": 0.9392252987427941,
    "neck": 0.9884627972722283
  },
  "recommendations": {
    "form": "Focus on maintaining proper joint angles during movement",
    "alignment": "Work on maintaining symmetrical movement patterns",
    "stability": "Good stability, continue with current technique",
    "power": "Good power output, maintain current intensity"
  },
  "safety_considerations": []
}