{
  "power_generation": {
    "explosiveness": 0.9280458316415763,
    "force_transfer": 0.9628697433509612,
    "efficiency": 0.7539668120587364
  },
  "technical_metrics": {
    "precision": 0.6166977029188319,
    "consistency": 0.8223076064548225,
    "fluidity": 0.9956613946603072
  },
  "biomechanical_metrics": {
    "joint_loading": 0.5239125850413198,
    "muscle_activation": 0.538685038854475,
    "energy_efficiency": 0.6546233679878632
  }
}