{
  "key_points": {
    "shoulders": [
      -0.11856913860032058,
      0.6991795759041134,
      -0.09575477930396047
    ],
    "elbows": [
      0.2678569921653174,
      0.4563470431737916,
      0.035588880885535634
    ],
    "wrists": [
      -0.16687091547769342,
      0.4847532208696786,
      0.004084602502931259
    ],
    "hips": [
      0.1248912352871327,
      0.49117112562415477,
      0.04008349510293832
    ],
    "knees": [
      -0.10959940285344064,
      0.2779591503063862,
      0.06504506486584777
    ],
    "ankles": [
      -0.29973018952535435,
      0.21952224329070774,
      0.08857371182218596
    ]
  },
  "angles": {
    "knee": 104.84408958621617,
    "hip": 106.32743101905601,
    "shoulder": 62.06572723545224,
    "elbow": 145.71787409551908
  },
  "analysis_scores": {
    "alignment": 0.911589914905068,
    "balance": 0.654433628339164,
    "form": 0.6084501232660623,
    "stability": 0.6332997902978007,
    "coordination": 0.7913166737979958,
    "precision": 0.9478531482516485,
    "power": 0.630206699542959,
    "efficiency": 0.7742722024954871,
    "safety": 0.942418574639771,
    "overall": 0.6384301796199979,
    "shoulder": 0.7522959070158919,
    "elbow": 0.7192783419330587,
    "wrist": 0.9656234547255754,
    "hip": 0.7748656359342347,
    "knee": 0.6847590123064353,
    "ankle": 0.750930864213853,
    "back": 0.8364731663870775,
    "neck": 0.6602586466095132
  },
  "recommendations": {
    "form": "Focus on maintaining proper joint angles during movement",
    "alignment": "Good alignment, maintain current technique",
    "stability": "Good stability, continue with current technique",
    "power": "Good power output, maintain current intensity"
  },
  "safety_considerations": [
    "Focus on maintaining proper back alignment during rotation",
    "Ensure proper shoulder mechanics during swing"
  ]
}