{
  "power_generation": {
    "explosiveness": 0.7764945445861121,
    "force_transfer": 0.7229062367966514,
    "efficiency": 0.5202747459256527
  },
  "technical_metrics": {
    "precision": 0.936921809537522,
    "consistency": 0.8878855132227806,
    "fluidity": 0.8271422149772403
  },
  "biomechanical_metrics": {
    "joint_loading": 0.8616859317636674,
    "muscle_activation": 0.5394609316554538,
    "energy_efficiency": 0.8601591178873425
  }
}