{
  "key_points": {
    "shoulders": [
      0.17902162043630626,
      0.6882938988766749,
      0.08298256647183458
    ],
    "elbows": [
      0.09302234791958902,
      0.43209847435669274,
      0.002124800966406326
    ],
    "wrists": [
      -0.20459737110164894,
      0.48071734480125305,
      0.018966529554794984
    ],
    "hips": [
      -0.17064108284765514,
      0.3696046116409336,
      0.08520901253918631
    ],
    "knees": [
      -0.19542910688296233,
      0.32083837151325745,
      0.06270546266391785
    ],
    "ankles": [
      -0.057588351977092445,
      0.278576716389905,
      -0.00966639683094754
    ]
  },
  "angles": {
    "knee": 108.39199911181746,
    "hip": 125.4656281329584,
    "shoulder": 38.438837466826,
    "elbow": 72.31839349553161
  },
  "analysis_scores": {
    "alignment": 0.794293865101738,
    "balance": 0.6546142999371284,
    "form": 0.9287475447369467,
    "stability": 0.66667131439455,
    "coordination": 0.8627089233545933,
    "precision": 0.8947446736319948,
    "power": 0.7144272717545068,
    "efficiency": 0.6489411402288633,
    "safety": 0.7512523666402776,
    "overall": 0.9635824003811249,
    "shoulder": 0.8913557108358771,
    "elbow": 0.9083608824780647,
    "wrist": 0.8998750500455783,
    "hip": 0.7831835610763529,
    "knee": 0.790259159507082,
    "ankle": 0.8746500918020634,
    "back": 0.7310484618782651,
    "neck": 0.8257185022321181
  },
  "recommendations": {
    "form": "Good form, continue practicing with current technique",
    "alignment": "Work on maintaining symmetrical movement patterns",
    "stability": "Good stability, continue with current technique",
    "power": "Good power output, maintain current intensity"
  },
  "safety_considerations": [
    "Consider reducing jump height to prevent joint stress"
  ]
}