{
  "power_generation": {
    "explosiveness": 0.5503811626087118,
    "force_transfer": 0.7727309860628849,
    "efficiency": 0.7195853841844062
  },
  "technical_metrics": {
    "precision": 0.8578716082241646,
    "consistency": 0.6296741641194603,
    "fluidity": 0.5031812881610991
  },
  "biomechanical_metrics": {
    "joint_loading": 0.5864826000350711,
    "muscle_activation": 0.8606353475313177,
    "energy_efficiency": 0.868107042106656
  }
}