{
  "key_points": {
    "shoulders": [
      0.17381752910239,
      0.5401388707980631,
      -0.013277625825570974
    ],
    "elbows": [
      0.1570881615621903,
      0.5465735616811689,
      -0.0015945827750009495
    ],
    "wrists": [
      -0.30155863371114866,
      0.404284953996188,
      0.0983018600337342
    ],
    "hips": [
      0.12132932377647382,
      0.40048467705765534,
      -0.043318141230439006
    ],
    "knees": [
      0.27199623459127703,
      0.325967527772407,
      -0.07804241449572674
    ],
    "ankles": [
      0.12877658733885033,
      0.1920406389898612,
      0.08297366533101269
    ]
  },
  "angles": {
    "knee": 89.06458127211327,
    "hip": 104.811101580843,
    "shoulder": 37.48176647133872,
    "elbow": 36.33350124209447
  },
  "analysis_scores": {
    "alignment": 0.843112508369197,
    "balance": 0.8177377483477801,
    "form": 0.9980355736224542,
    "stability": 0.6224254249274533,
    "coordination": 0.8326300350591523,
    "precision": 0.8398023964272049,
    "power": 0.6532586847322445,
    "efficiency": 0.9439132302546007,
    "safety": 0.9371559317359169,
    "overall": 0.7106361693439086,
    "shoulder": 0.9578289920259319,
    "elbow": 0.9447681650573847,
    "wrist": 0.8472323354037823,
    "hip": 0.8525528421569282,
    "knee": 0.8407016240743127,
    "ankle": 0.6244503190136832,
    "back": 0.725738828069641,
    "neck": 0.75235571961281
  },
  "recommendations": {
    "form": "Good form, continue practicing with current technique",
    "alignment": "Good alignment, maintain current technique",
    "stability": "Good stability, continue with current technique",
    "power": "Good power output, maintain current intensity"
  },
  "safety_considerations": [
    "Work on balance and stability"
  ]
}