{
  "power_generation": {
    "explosiveness": 0.8602192559723159,
    "force_transfer": 0.7508052398898479,
    "efficiency": 0.7799719398407097
  },
  "technical_metrics": {
    "precision": 0.5389213375655848,
    "consistency": 0.8684888273426474,
    "fluidity": 0.6606019102065585
  },
  "biomechanical_metrics": {
    "joint_loading": 0.9798992976621277,
    "muscle_activation": 0.5652989295727062,
    "energy_efficiency": 0.5995976011504709
  }
}