{
  "key_points": {
    "shoulders": [
      0.05580760861827383,
      0.5880385216115896,
      -0.0783331745477372
    ],
    "elbows": [
      0.15561842719482388,
      0.467054582915806,
      0.04410700584111324
    ],
    "wrists": [
      -0.3272219317481595,
      0.4641770082432416,
      -0.021362799118782888
    ],
    "hips": [
      0.15705566511954366,
      0.42751856830819884,
      0.01608795147614464
    ],
    "knees": [
      0.2561890694572763,
      0.25159798259709404,
      -0.03737366223558454
    ],
    "ankles": [
      0.07767430683019427,
      0.11361856607549621,
      -0.07519544615838139
    ]
  },
  "angles": {
    "knee": 120.55035859962489,
    "hip": 142.12680272866405,
    "shoulder": 24.855160313131766,
    "elbow": 67.50330397616892
  },
  "analysis_scores": {
    "alignment": 0.8654833182169995,
    "balance": 0.9286357511527862,
    "form": 0.9334111393570091,
    "stability": 0.6993409749439056,
    "coordination": 0.7205868628127492,
    "precision": 0.9546396380304678,
    "power": 0.9134811555411295,
    "efficiency": 0.9127178990313533,
    "safety": 0.6018912580983711,
    "overall": 0.847973928020432,
    "shoulder": 0.6730745946699135,
    "elbow": 0.6703363080362356,
    "wrist": 0.6211064804558855,
    "hip": 0.8907436634876209,
    "knee": 0.854629502578715,
    "ankle": 0.7346411123311243,
    "back": 0.7788272345342625,
    "neck": 0.6699328535708419
  },
  "recommendations": {
    "form": "Good form, continue practicing with current technique",
    "alignment": "Work on maintaining symmetrical movement patterns",
    "stability": "Focus on maintaining proper posture and balance",
    "power": "Good power output, maintain current intensity"
  },
  "safety_considerations": []
}