{
  "power_generation": {
    "explosiveness": 0.67342311547207,
    "force_transfer": 0.8892743981578151,
    "efficiency": 0.5921541686824537
  },
  "technical_metrics": {
    "precision": 0.6229096830619743,
    "consistency": 0.5984674308242981,
    "fluidity": 0.5532667644302112
  },
  "biomechanical_metrics": {
    "joint_loading": 0.8321983756237992,
    "muscle_activation": 0.7872223999605736,
    "energy_efficiency": 0.7004989607823702
  }
}