{
  "key_points": {
    "shoulders": [
      0.047037601177386174,
      0.6832074101154066,
      0.09345692882369613
    ],
    "elbows": [
      0.013657849658497423,
      0.49732234466092506,
      0.08996007034054238
    ],
    "wrists": [
      0.002044785913727032,
      0.49128799887375585,
      -0.03986926995427229
    ],
    "hips": [
      -0.12951787698092532,
      0.3586559658632541,
      0.08205637562935544
    ],
    "knees": [
      0.24693810800030142,
      0.3121425537469203,
      -0.013085487419475614
    ],
    "ankles": [
      0.3004654864451435,
      0.177640650224348,
      -0.026911515018170393
    ]
  },
  "angles": {
    "knee": 15.095360987663229,
    "hip": 69.35282315598754,
    "shoulder": 10.403455809179833,
    "elbow": 13.814076423100586
  },
  "analysis_scores": {
    "alignment": 0.9923864787122479,
    "balance": 0.8646648731701372,
    "form": 0.6769429014879624,
    "stability": 0.7037644967752998,
    "coordination": 0.9006874180985601,
    "precision": 0.7363866271678907,
    "power": 0.6910353761090458,
    "efficiency": 0.7493841785107531,
    "safety": 0.7672080625300242,
    "overall": 0.8008932392156987,
    "shoulder": 0.9235655325937425,
    "elbow": 0.924890249587659,
    "wrist": 0.8405760205646308,
    "hip": 0.9090199472419759,
    "knee": 0.7567264172625825,
    "ankle": 0.641659499277407,
    "back": 0.6004325250602679,
    "neck": 0.6329789409195424
  },
  "recommendations": {
    "form": "Good form, continue practicing with current technique",
    "alignment": "Good alignment, maintain current technique",
    "stability": "Good stability, continue with current technique",
    "power": "Consider increasing intensity gradually"
  },
  "safety_considerations": []
}