{
  "power_generation": {
    "explosiveness": 0.902089658637697,
    "force_transfer": 0.9663838827039433,
    "efficiency": 0.8477359754976368
  },
  "technical_metrics": {
    "precision": 0.7652004753392109,
    "consistency": 0.6922925950122159,
    "fluidity": 0.5442160757711209
  },
  "biomechanical_metrics": {
    "joint_loading": 0.7841154676330885,
    "muscle_activation": 0.991139034939988,
    "energy_efficiency": 0.8031324408133478
  }
}