{
  "key_points": {
    "shoulders": [
      0.13706509081569285,
      0.6943860326601285,
      -0.07092820753727631
    ],
    "elbows": [
      0.217373396035433,
      0.4636008802179843,
      -0.04302739452507685
    ],
    "wrists": [
      -0.29289247688479075,
      0.39814139240197216,
      0.009440510449629042
    ],
    "hips": [
      0.05208895472647118,
      0.3381081080948579,
      0.06195523981653778
    ],
    "knees": [
      -0.2989332686883052,
      0.27021624742201433,
      0.006187009072677968
    ],
    "ankles": [
      -0.11198936978449625,
      0.15830749542711367,
      -0.0948799961367667
    ]
  },
  "angles": {
    "knee": 55.43700830178531,
    "hip": 48.04756636565956,
    "shoulder": 25.483011874681626,
    "elbow": 115.20738574239891
  },
  "analysis_scores": {
    "alignment": 0.7114418303157332,
    "balance": 0.9711480972721455,
    "form": 0.8318892976197316,
    "stability": 0.8203952867299006,
    "coordination": 0.814257170520291,
    "precision": 0.7611391907357677,
    "power": 0.8371835480539942,
    "efficiency": 0.6848535733839407,
    "safety": 0.7849049448830736,
    "overall": 0.9850306229787882,
    "shoulder": 0.9457099154193674,
    "elbow": 0.6275238298396881,
    "wrist": 0.8656395704619848,
    "hip": 0.784691882771853,
    "knee": 0.749079264156963,
    "ankle": 0.6869280021908789,
    "back": 0.9328494364282895,
    "neck": 0.7129793465365293
  },
  "recommendations": {
    "form": "Good form, continue practicing with current technique",
    "alignment": "Good alignment, maintain current technique",
    "stability": "Good stability, continue with current technique",
    "power": "Good power output, maintain current intensity"
  },
  "safety_considerations": []
}