{
  "power_generation": {
    "explosiveness": 0.5537970528344976,
    "force_transfer": 0.9949751606709781,
    "efficiency": 0.5227803804760768
  },
  "technical_metrics": {
    "precision": 0.9828724963016149,
    "consistency": 0.5452726755450927,
    "fluidity": 0.8142145386225199
  },
  "biomechanical_metrics": {
    "joint_loading": 0.8650574748987022,
    "muscle_activation": 0.8837053934232209,
    "energy_efficiency": 0.8974123095234345
  }
}