{
  "key_points": {
    "shoulders": [
      0.18994545105904248,
      0.5825935016328195,
      0.05100555447680594
    ],
    "elbows": [
      -0.08334407518497436,
      0.4122420811900215,
      -0.038025919870404226
    ],
    "wrists": [
      0.18977369407096822,
      0.35791788913343253,
      -0.08914593768807905
    ],
    "hips": [
      0.14383451934186614,
      0.49102685690240316,
      0.001467556754288779
    ],
    "knees": [
      -0.09567979066667537,
      0.3122970249319186,
      0.08486359403034002
    ],
    "ankles": [
      0.34671603749521984,
      0.14492992749137557,
      -0.05714616051966901
    ]
  },
  "angles": {
    "knee": 92.27355271241449,
    "hip": 112.21819557578246,
    "shoulder": 15.420197958031919,
    "elbow": 158.59996822267613
  },
  "analysis_scores": {
    "alignment": 0.7245266311006179,
    "balance": 0.9213319823353336,
    "form": 0.975344558149628,
    "stability": 0.9740143430847521,
    "coordination": 0.8771764742443304,
    "precision": 0.6600405397625966,
    "power": 0.9295637232442653,
    "efficiency": 0.8478451886595539,
    "safety": 0.7433864908296871,
    "overall": 0.9963356017487324,
    "shoulder": 0.9554790061310988,
    "elbow": 0.8615302859642617,
    "wrist": 0.8786996627712317,
    "hip": 0.7737165543356737,
    "knee": 0.7141000134237406,
    "ankle": 0.9203970317933328,
    "back": 0.889237848077465,
    "neck": 0.984992289271452
  },
  "recommendations": {
    "form": "Good form, continue practicing with current technique",
    "alignment": "Good alignment, maintain current technique",
    "stability": "Good stability, continue with current technique",
    "power": "Consider increasing intensity gradually"
  },
  "safety_considerations": [
    "Maintain proper hip rotation",
    "Ensure proper body alignment during throw"
  ]
}