{
  "power_generation": {
    "explosiveness": 0.5385056181458278,
    "force_transfer": 0.8663644265513444,
    "efficiency": 0.9653049525665904
  },
  "technical_metrics": {
    "precision": 0.5592764777148003,
    "consistency": 0.5095880053045846,
    "fluidity": 0.9026846177472535
  },
  "biomechanical_metrics": {
    "joint_loading": 0.5407570558510701,
    "muscle_activation": 0.654970717446775,
    "energy_efficiency": 0.6341243422060738
  }
}