{
  "key_points": {
    "shoulders": [
      -0.18835836315464327,
      0.5731254436361789,
      0.025780973687922926
    ],
    "elbows": [
      0.28066496206950137,
      0.4505221139682247,
      0.05578884809201423
    ],
    "wrists": [
      -0.3798447510473765,
      0.38636261273205735,
      0.03331953487114464
    ],
    "hips": [
      0.12210601226410128,
      0.42165003972294723,
      -0.053838162324601084
    ],
    "knees": [
      -0.14543428926414217,
      0.3545113515825211,
      0.02396517704022902
    ],
    "ankles": [
      -0.24061885013147713,
      0.24404937982895697,
      -0.07008228304715627
    ]
  },
  "angles": {
    "knee": 47.694274053613896,
    "hip": 74.87641970883269,
    "shoulder": 50.11342180184489,
    "elbow": 92.89302335217943
  },
  "analysis_scores": {
    "alignment": 0.8428095564240528,
    "balance": 0.7358383547763192,
    "form": 0.7409156398536573,
    "stability": 0.781815017453249,
    "coordination": 0.6777016777773555,
    "precision": 0.9895548153373915,
    "power": 0.9610528489530789,
    "efficiency": 0.8323937561398926,
    "safety": 0.6933512291689832,
    "overall": 0.7171279603922748,
    "shoulder": 0.8026072258678344,
    "elbow": 0.7869704237057562,
    "wrist": 0.9180732354020874,
    "hip": 0.7099608497798249,
    "knee": 0.694906186941747,
    "ankle": 0.9246727701360953,
    "back": 0.6847399029064175,
    "neck": 0.9092558618206067
  },
  "recommendations": {
    "form": "Focus on maintaining proper joint angles during movement",
    "alignment": "Good alignment, maintain current technique",
    "stability": "Good stability, continue with current technique",
    "power": "Consider increasing intensity gradually"
  },
  "safety_considerations": []
}