{
  "power_generation": {
    "explosiveness": 0.907981380143678,
    "force_transfer": 0.5172434948395785,
    "efficiency": 0.8914765652765424
  },
  "technical_metrics": {
    "precision": 0.5142516237163066,
    "consistency": 0.6312459640873085,
    "fluidity": 0.5618414268520837
  },
  "biomechanical_metrics": {
    "joint_loading": 0.5566011613563273,
    "muscle_activation": 0.6458250116840372,
    "energy_efficiency": 0.5579785294942836
  }
}