{
  "key_points": {
    "shoulders": [
      0.04052578891517983,
      0.6625981615884003,
      -0.007584796916204395
    ],
    "elbows": [
      -0.034381287358218104,
      0.5932887729602796,
      -0.020693002963974
    ],
    "wrists": [
      -0.2353908176307723,
      0.4810660069142476,
      0.09283291260233675
    ],
    "hips": [
      0.17611439793473954,
      0.4312841546065426,
      -0.05810478088618261
    ],
    "knees": [
      -0.26660836246029224,
      0.3955503698032542,
      -0.016336343860564637
    ],
    "ankles": [
      -0.19519977328646076,
      0.2724480661922072,
      0.07372025278283331
    ]
  },
  "angles": {
    "knee": 17.53586330152656,
    "hip": 42.95556068988346,
    "shoulder": 48.4641187801913,
    "elbow": 143.07034296692254
  },
  "analysis_scores": {
    "alignment": 0.819212332260645,
    "balance": 0.6683313178161336,
    "form": 0.6644163091544381,
    "stability": 0.9511050250501345,
    "coordination": 0.704011397788393,
    "precision": 0.8837704681718048,
    "power": 0.7740616499233761,
    "efficiency": 0.9962075257285509,
    "safety": 0.823707551676788,
    "overall": 0.8769359710483781,
    "shoulder": 0.7889194559602613,
    "elbow": 0.8701703177007571,
    "wrist": 0.8525584079839899,
    "hip": 0.8612681977637295,
    "knee": 0.9976029727510615,
    "ankle": 0.8433382537499392,
    "back": 0.9512312068978799,
    "neck": 0.70370523751501
  },
  "recommendations": {
    "form": "Good form, continue practicing with current technique",
    "alignment": "Good alignment, maintain current technique",
    "stability": "Good stability, continue with current technique",
    "power": "Good power output, maintain current intensity"
  },
  "safety_considerations": []
}