{
  "power_generation": {
    "explosiveness": 0.5430509870629173,
    "force_transfer": 0.7306219667517624,
    "efficiency": 0.8176401550776784
  },
  "technical_metrics": {
    "precision": 0.7427416185688334,
    "consistency": 0.8663465087251969,
    "fluidity": 0.6035301673824585
  },
  "biomechanical_metrics": {
    "joint_loading": 0.8995243605112908,
    "muscle_activation": 0.5360322825042916,
    "energy_efficiency": 0.511930815081074
  }
}