{
  "key_points": {
    "shoulders": [
      0.11893623949499404,
      0.6675087287629894,
      0.08244953796314422
    ],
    "elbows": [
      -0.2977160266151952,
      0.5307715924767167,
      0.01816182765607577
    ],
    "wrists": [
      -0.016626269160259555,
      0.36058237255655984,
      -0.016626330034867576
    ],
    "hips": [
      -0.15759896405750015,
      0.3586515910911082,
      -0.05631330349882984
    ],
    "knees": [
      0.1471951579343569,
      0.36112188121571437,
      -0.028646684165181527
    ],
    "ankles": [
      0.19627808180848572,
      0.15573577479775375,
      0.09132615379202366
    ]
  },
  "angles": {
    "knee": 109.4634396804044,
    "hip": 133.79660170447391,
    "shoulder": 24.37195369161956,
    "elbow": 86.58289058117987
  },
  "analysis_scores": {
    "alignment": 0.9925690014520235,
    "balance": 0.7425653172064824,
    "form": 0.7817631615210607,
    "stability": 0.6791676271906527,
    "coordination": 0.8169753137017578,
    "precision": 0.6641113872567452,
    "power": 0.9946956097507974,
    "efficiency": 0.6487196839194247,
    "safety": 0.989524876141854,
    "overall": 0.6898184879753845,
    "shoulder": 0.8961272281883454,
    "elbow": 0.7559793531309784,
    "wrist": 0.7353882431578891,
    "hip": 0.6659393104108297,
    "knee": 0.7285785044294417,
    "ankle": 0.6608334374581236,
    "back": 0.6573053960888908,
    "neck": 0.8411944761656175
  },
  "recommendations": {
    "form": "Good form, continue practicing with current technique",
    "alignment": "Good alignment, maintain current technique",
    "stability": "Good stability, continue with current technique",
    "power": "Consider increasing intensity gradually"
  },
  "safety_considerations": [
    "Ensure proper knee alignment to prevent injury"
  ]
}