{
  "power_generation": {
    "explosiveness": 0.6351824337350795,
    "force_transfer": 0.815241860280174,
    "efficiency": 0.8447361744463584
  },
  "technical_metrics": {
    "precision": 0.5712028142862715,
    "consistency": 0.9202146613509827,
    "fluidity": 0.7325185150217228
  },
  "biomechanical_metrics": {
    "joint_loading": 0.9758322825870308,
    "muscle_activation": 0.7043494397184056,
    "energy_efficiency": 0.5035993604180635
  }
}