{
  "key_points": {
    "shoulders": [
      -0.19417121544768554,
      0.6672629443258116,
      0.0745249339934499
    ],
    "elbows": [
      -0.21962509700791294,
      0.5810906270341939,
      0.07997777449353463
    ],
    "wrists": [
      -0.25616740200463883,
      0.38600613333462525,
      -0.09390541078768877
    ],
    "hips": [
      -0.01846650857323834,
      0.47257695516624515,
      0.0915752363428472
    ],
    "knees": [
      -0.14814756216723507,
      0.2648144585751347,
      -0.02034344547507269
    ],
    "ankles": [
      -0.10586038317807528,
      0.11841748054698367,
      -0.06518101845309943
    ]
  },
  "angles": {
    "knee": 66.67982126631429,
    "hip": 147.4994095486266,
    "shoulder": 18.622394749673752,
    "elbow": 81.32820887600604
  },
  "analysis_scores": {
    "alignment": 0.7026115905702696,
    "balance": 0.8205738196550274,
    "form": 0.7824936891428624,
    "stability": 0.852772804739931,
    "coordination": 0.6072558296803894,
    "precision": 0.6954723382650467,
    "power": 0.7484140857433416,
    "efficiency": 0.6533966133621573,
    "safety": 0.7110804824137384,
    "overall": 0.8745763781095506,
    "shoulder": 0.6124184530443096,
    "elbow": 0.7520251191148466,
    "wrist": 0.8690111943223341,
    "hip": 0.8460098073104777,
    "knee": 0.746671723306713,
    "ankle": 0.7819831847979368,
    "back": 0.629904281728387,
    "neck": 0.8757503093187233
  },
  "recommendations": {
    "form": "Focus on maintaining proper joint angles during movement",
    "alignment": "Good alignment, maintain current technique",
    "stability": "Good stability, continue with current technique",
    "power": "Consider increasing intensity gradually"
  },
  "safety_considerations": []
}