{
  "power_generation": {
    "explosiveness": 0.8032368496080642,
    "force_transfer": 0.8642443763469796,
    "efficiency": 0.601658259192522
  },
  "technical_metrics": {
    "precision": 0.8580221288351111,
    "consistency": 0.6880145543084646,
    "fluidity": 0.6481469293778848
  },
  "biomechanical_metrics": {
    "joint_loading": 0.6721537837619638,
    "muscle_activation": 0.74343415748322,
    "energy_efficiency": 0.9370101150968753
  }
}