{
  "key_points": {
    "shoulders": [
      -0.008710561332191002,
      0.5850535179000661,
      0.01256916279272105
    ],
    "elbows": [
      -0.2087711270056358,
      0.5452704192521383,
      -0.005516294265175262
    ],
    "wrists": [
      0.16155900918838206,
      0.4964635152186034,
      -0.015693391903250836
    ],
    "hips": [
      -0.16429215453264567,
      0.497023732457638,
      0.03845494382373099
    ],
    "knees": [
      0.1542884654714628,
      0.252296623812003,
      0.0020076257096208056
    ],
    "ankles": [
      -0.24103392966820217,
      0.15020625082973832,
      0.04173249608052221
    ]
  },
  "angles": {
    "knee": 94.32355593718432,
    "hip": 68.40244655990814,
    "shoulder": 30.808046783511582,
    "elbow": 123.46588690901952
  },
  "analysis_scores": {
    "alignment": 0.7676063225382816,
    "balance": 0.9466972156758946,
    "form": 0.7060060558309778,
    "stability": 0.6012990238364441,
    "coordination": 0.7430666586453514,
    "precision": 0.6393210666256598,
    "power": 0.6653752912080678,
    "efficiency": 0.8286366957538319,
    "safety": 0.7288687640773939,
    "overall": 0.6526138804259787,
    "shoulder": 0.8133745368967902,
    "elbow": 0.8266229204250424,
    "wrist": 0.7004520876840433,
    "hip": 0.8974752049454808,
    "knee": 0.8349994489992565,
    "ankle": 0.6121239574734932,
    "back": 0.7596977172113178,
    "neck": 0.8154469618886186
  },
  "recommendations": {
    "form": "Good form, continue practicing with current technique",
    "alignment": "Good alignment, maintain current technique",
    "stability": "Good stability, continue with current technique",
    "power": "Good power output, maintain current intensity"
  },
  "safety_considerations": []
}