{
  "power_generation": {
    "explosiveness": 0.9681052331612507,
    "force_transfer": 0.9295467368073547,
    "efficiency": 0.9967499348147139
  },
  "technical_metrics": {
    "precision": 0.8560681909635661,
    "consistency": 0.94434500763821,
    "fluidity": 0.8298399380742834
  },
  "biomechanical_metrics": {
    "joint_loading": 0.790543111894148,
    "muscle_activation": 0.9743895321859904,
    "energy_efficiency": 0.7256622448499044
  }
}