{
  "power_generation": {
    "explosiveness": 0.8868773068468948,
    "force_transfer": 0.991329831238414,
    "efficiency": 0.5188915894078591
  },
  "technical_metrics": {
    "precision": 0.8445640721117524,
    "consistency": 0.9240181819173177,
    "fluidity": 0.8863722527681279
  },
  "biomechanical_metrics": {
    "joint_loading": 0.6524638909534832,
    "muscle_activation": 0.6025603083874246,
    "energy_efficiency": 0.6107644185431556
  }
}