{
  "key_points": {
    "shoulders": [
      -0.14035741360324516,
      0.6017004541746673,
      0.08254791039997897
    ],
    "elbows": [
      -0.22558789846683644,
      0.4553538504744246,
      0.0689908130568424
    ],
    "wrists": [
      -0.17570248308060066,
      0.35006332866680506,
      -0.0701239515759597
    ],
    "hips": [
      -0.18870671875637288,
      0.3821315527971084,
      -0.06410039887760435
    ],
    "knees": [
      -0.07417459822944822,
      0.35912594477891274,
      0.05368346002973842
    ],
    "ankles": [
      0.3601165879246849,
      0.2873361395469246,
      -0.019452948298574885
    ]
  },
  "angles": {
    "knee": 141.6538221502503,
    "hip": 51.149150082668456,
    "shoulder": 53.134661795671335,
    "elbow": 24.669260700780605
  },
  "analysis_scores": {
    "alignment": 0.9203129562391859,
    "balance": 0.811562087471881,
    "form": 0.6013687791703041,
    "stability": 0.7277107669607834,
    "coordination": 0.6720983708712625,
    "precision": 0.628502735433095,
    "power": 0.8398811124063157,
    "efficiency": 0.9384655295484656,
    "safety": 0.7853453266331447,
    "overall": 0.7678825014916522,
    "shoulder": 0.7692280950389454,
    "elbow": 0.8726076597947927,
    "wrist": 0.7081096540720325,
    "hip": 0.6109402562721332,
    "knee": 0.6462844243869293,
    "ankle": 0.6091634052533799,
    "back": 0.6211412753966564,
    "neck": 0.655695505136828
  },
  "recommendations": {
    "form": "Good form, continue practicing with current technique",
    "alignment": "Work on maintaining symmetrical movement patterns",
    "stability": "Good stability, continue with current technique",
    "power": "Good power output, maintain current intensity"
  },
  "safety_considerations": [
    "Maintain proper elbow alignment to prevent tennis elbow"
  ]
}