{
  "power_generation": {
    "explosiveness": 0.5672259351896967,
    "force_transfer": 0.7662387882631558,
    "efficiency": 0.6371187054609229
  },
  "technical_metrics": {
    "precision": 0.529529261086355,
    "consistency": 0.9935325385152016,
    "fluidity": 0.6483188950741023
  },
  "biomechanical_metrics": {
    "joint_loading": 0.6528547955498697,
    "muscle_activation": 0.9286096731156994,
    "energy_efficiency": 0.5473449665164611
  }
}