{
  "key_points": {
    "shoulders": [
      -0.1462539683698083,
      0.6286990068226157,
      -0.04082778956807254
    ],
    "elbows": [
      -0.04815838011623208,
      0.48582342831008923,
      -0.04683148105665043
    ],
    "wrists": [
      -0.3228182960825529,
      0.4790974832498214,
      -0.0592107623095022
    ],
    "hips": [
      0.02835624436419376,
      0.46803464097051856,
      0.06322756453894723
    ],
    "knees": [
      -0.26378572428554203,
      0.3986036246505604,
      -0.07779548935575492
    ],
    "ankles": [
      0.0019306852678910857,
      0.1478174607356896,
      -0.06220722291978886
    ]
  },
  "angles": {
    "knee": 36.955882163382974,
    "hip": 161.11172223582685,
    "shoulder": 46.82134835468561,
    "elbow": 128.49055952606778
  },
  "analysis_scores": {
    "alignment": 0.7990609337827289,
    "balance": 0.6783177008076084,
    "form": 0.8208701388505556,
    "stability": 0.9038806893919344,
    "coordination": 0.7756120985898849,
    "precision": 0.6956306218661614,
    "power": 0.8601291039679158,
    "efficiency": 0.9364501869545374,
    "safety": 0.7506210825668589,
    "overall": 0.6582968307822392,
    "shoulder": 0.6309012838947674,
    "elbow": 0.6751340585908603,
    "wrist": 0.6699853764850516,
    "hip": 0.7907585130798623,
    "knee": 0.7502791281512723,
    "ankle": 0.895473478924115,
    "back": 0.7281995959038922,
    "neck": 0.9012103269265245
  },
  "recommendations": {
    "form": "Good form, continue practicing with current technique",
    "alignment": "Good alignment, maintain current technique",
    "stability": "Good stability, continue with current technique",
    "power": "Consider increasing intensity gradually"
  },
  "safety_considerations": [
    "Focus on proper knee alignment during jumps and turns",
    "Work on balance and stability to prevent falls"
  ]
}