{
  "key_points": {
    "shoulders": [
      0.09252228970001075,
      0.6283265711378669,
      0.03003476403961372
    ],
    "elbows": [
      -0.15786117852306794,
      0.5853298292870772,
      -0.037734500038445765
    ],
    "wrists": [
      0.018080034147343826,
      0.4045825507576842,
      0.03289302047602538
    ],
    "hips": [
      -0.11301390802912464,
      0.4749197351314156,
      -0.03090828808755426
    ],
    "knees": [
      -0.2646851114847801,
      0.30816385676664587,
      -0.02033993971871148
    ],
    "ankles": [
      0.20536721896396448,
      0.28450133987212034,
      -0.0275388182565052
    ]
  },
  "angles": {
    "knee": 137.79102036784778,
    "hip": 92.58446281154198,
    "shoulder": 74.98284768589198,
    "elbow": 153.09872395893245
  },
  "analysis_scores": {
    "alignment": 0.8504132925929466,
    "balance": 0.6845549157425299,
    "form": 0.9270243355970862,
    "stability": 0.9196585904903518,
    "coordination": 0.7650896744494657,
    "precision": 0.7143720839854941,
    "power": 0.6198978935318672,
    "efficiency": 0.663343847616703,
    "safety": 0.8952454841176385,
    "overall": 0.8094716116305537,
    "shoulder": 0.9733568829660683,
    "elbow": 0.9241727744286061,
    "wrist": 0.7694112832220208,
    "hip": 0.8293736724388487,
    "knee": 0.7474549064197387,
    "ankle": 0.7278620111336825,
    "back": 0.7702956900344391,
    "neck": 0.7759786989923748
  },
  "recommendations": {
    "form": "Good form, continue practicing with current technique",
    "alignment": "Good alignment, maintain current technique",
    "stability": "Good stability, continue with current technique",
    "power": "Consider increasing intensity gradually"
  },
  "safety_considerations": []
}