{
  "power_generation": {
    "explosiveness": 0.5339673041296107,
    "force_transfer": 0.8934808165624966,
    "efficiency": 0.6554521558769443
  },
  "technical_metrics": {
    "precision": 0.8566274524904938,
    "consistency": 0.7197781414198245,
    "fluidity": 0.9859820093960623
  },
  "biomechanical_metrics": {
    "joint_loading": 0.9345935744549057,
    "muscle_activation": 0.5125403599810856,
    "energy_efficiency": 0.5565154867768616
  }
}