{
  "power_generation": {
    "explosiveness": 0.8769504778906277,
    "force_transfer": 0.5418977624121117,
    "efficiency": 0.6477516274419347
  },
  "technical_metrics": {
    "precision": 0.5095348694939388,
    "consistency": 0.846557317279433,
    "fluidity": 0.5103808953517682
  },
  "biomechanical_metrics": {
    "joint_loading": 0.6451041784503218,
    "muscle_activation": 0.9830049145678164,
    "energy_efficiency": 0.8973899116779487
  }
}