{
  "key_points": {
    "shoulders": [
      0.03895362424691179,
      0.6327142510319219,
      0.03440595173206856
    ],
    "elbows": [
      0.12109853242999252,
      0.43251970495266645,
      -0.09219608839716925
    ],
    "wrists": [
      -0.2717204258454272,
      0.4955679649156716,
      -0.01241009309359628
    ],
    "hips": [
      -0.18506990291131153,
      0.34103353182816387,
      -0.01948780375158221
    ],
    "knees": [
      -0.06252889924916583,
      0.38062565294535256,
      -0.09967240755377334
    ],
    "ankles": [
      -0.14598641190177997,
      0.1574612204228206,
      -0.07272393666796931
    ]
  },
  "angles": {
    "knee": 72.4926423993679,
    "hip": 110.17240441750876,
    "shoulder": 40.140542484921475,
    "elbow": 57.78012330012696
  },
  "analysis_scores": {
    "alignment": 0.7500169249963907,
    "balance": 0.6043049369249188,
    "form": 0.881463421672635,
    "stability": 0.8707362225085086,
    "coordination": 0.7803062719239217,
    "precision": 0.6531715826005038,
    "power": 0.6649189312309074,
    "efficiency": 0.9596392158796282,
    "safety": 0.9884690480199013,
    "overall": 0.6433424435924565,
    "shoulder": 0.8034807928739951,
    "elbow": 0.6921901325733639,
    "wrist": 0.783763975617337,
    "hip": 0.605829304984916,
    "knee": 0.7493506347458128,
    "ankle": 0.8458190025098671,
    "back": 0.8481761539150787,
    "neck": 0.656729576671138
  },
  "recommendations": {
    "form": "Good form, continue practicing with current technique",
    "alignment": "Good alignment, maintain current technique",
    "stability": "Focus on maintaining proper posture and balance",
    "power": "Consider increasing intensity gradually"
  },
  "safety_considerations": [
    "Ensure proper shoulder mechanics during swing"
  ]
}