{
  "power_generation": {
    "explosiveness": 0.713824537845394,
    "force_transfer": 0.8667991363533283,
    "efficiency": 0.7590473035931591
  },
  "technical_metrics": {
    "precision": 0.9800977380954412,
    "consistency": 0.5006059944187027,
    "fluidity": 0.8975803960375965
  },
  "biomechanical_metrics": {
    "joint_loading": 0.9929734528660195,
    "muscle_activation": 0.7587584623929785,
    "energy_efficiency": 0.780427509364357
  }
}