{
  "key_points": {
    "shoulders": [
      0.13904799351882102,
      0.6459106707764214,
      0.06147722154080221
    ],
    "elbows": [
      0.15746343292446158,
      0.41040448501927673,
      0.022746241845524873
    ],
    "wrists": [
      -0.20100272459006466,
      0.4239514897147376,
      0.018003979987408658
    ],
    "hips": [
      0.05976263129402998,
      0.47968000205182604,
      -0.0669300713034981
    ],
    "knees": [
      -0.15087311729853928,
      0.3016554003082772,
      0.07135191747057246
    ],
    "ankles": [
      -0.06357245045484528,
      0.2516664776210058,
      -0.07758044858270041
    ]
  },
  "angles": {
    "knee": 135.4027237552727,
    "hip": 95.57943581192035,
    "shoulder": 33.711340366853356,
    "elbow": 72.61513439687182
  },
  "analysis_scores": {
    "alignment": 0.6831519065695897,
    "balance": 0.850799212324632,
    "form": 0.9320041184908452,
    "stability": 0.8658113250779444,
    "coordination": 0.6235033727776517,
    "precision": 0.6117005848550029,
    "power": 0.7424294901429539,
    "efficiency": 0.7630152389898202,
    "safety": 0.6324828778855057,
    "overall": 0.9632223114005455,
    "shoulder": 0.7411579297230301,
    "elbow": 0.7798482651516049,
    "wrist": 0.7839866432477689,
    "hip": 0.7591007173648523,
    "knee": 0.6774025290298915,
    "ankle": 0.8917324938278064,
    "back": 0.6050012441297191,
    "neck": 0.6000086794639408
  },
  "recommendations": {
    "form": "Good form, continue practicing with current technique",
    "alignment": "Good alignment, maintain current technique",
    "stability": "Good stability, continue with current technique",
    "power": "Good power output, maintain current intensity"
  },
  "safety_considerations": []
}