{
  "power_generation": {
    "explosiveness": 0.6675644511114291,
    "force_transfer": 0.744918049829161,
    "efficiency": 0.650368609518533
  },
  "technical_metrics": {
    "precision": 0.606023380358091,
    "consistency": 0.6431582759998673,
    "fluidity": 0.8131049662088599
  },
  "biomechanical_metrics": {
    "joint_loading": 0.8808827595800098,
    "muscle_activation": 0.6380892955191984,
    "energy_efficiency": 0.8366142962306513
  }
}