{
  "key_points": {
    "shoulders": [
      0.06404762842130757,
      0.5467778853747073,
      0.01404224539189139
    ],
    "elbows": [
      0.2381005190462257,
      0.5404926113269346,
      0.08071183481838021
    ],
    "wrists": [
      -0.06041174547833805,
      0.34692239269160935,
      -0.06027375940316096
    ],
    "hips": [
      0.1323389939469532,
      0.4249540558952194,
      0.06962504344265769
    ],
    "knees": [
      -0.12498869182018249,
      0.2680580891426605,
      0.09534605927621886
    ],
    "ankles": [
      0.12020975759689267,
      0.1436977980529272,
      -0.07197334336905388
    ]
  },
  "angles": {
    "knee": 30.46489296389238,
    "hip": 91.50996946633269,
    "shoulder": 15.829621699843123,
    "elbow": 76.99657422284011
  },
  "analysis_scores": {
    "alignment": 0.8160869865410807,
    "balance": 0.8560575708221208,
    "form": 0.6940532246950386,
    "stability": 0.7277694690149276,
    "coordination": 0.9807123806788203,
    "precision": 0.9161917751233091,
    "power": 0.9390289794150734,
    "efficiency": 0.9193818826656597,
    "safety": 0.8872765947829315,
    "overall": 0.8798480865086127,
    "shoulder": 0.7854578149191936,
    "elbow": 0.6757350348282172,
    "wrist": 0.6665017337781908,
    "hip": 0.7607882095202396,
    "knee": 0.9810811911169127,
    "ankle": 0.9133787113939978,
    "back": 0.6886846932181717,
    "neck": 0.8540397414040533
  },
  "recommendations": {
    "form": "Good form, continue practicing with current technique",
    "alignment": "Work on maintaining symmetrical movement patterns",
    "stability": "Good stability, continue with current technique",
    "power": "Good power output, maintain current intensity"
  },
  "safety_considerations": []
}