{
  "power_generation": {
    "explosiveness": 0.7920693313075098,
    "force_transfer": 0.5591246896946622,
    "efficiency": 0.7917020657206584
  },
  "technical_metrics": {
    "precision": 0.5004571580356508,
    "consistency": 0.8764762753867896,
    "fluidity": 0.501993940750298
  },
  "biomechanical_metrics": {
    "joint_loading": 0.692787551978699,
    "muscle_activation": 0.559941695919985,
    "energy_efficiency": 0.7480452030009014
  }
}