{
  "key_points": {
    "shoulders": [
      -0.04937600274305237,
      0.6085524891690102,
      0.07399400015214141
    ],
    "elbows": [
      -0.013520585637793181,
      0.5221139964394661,
      0.026056769828763537
    ],
    "wrists": [
      0.3008479870385299,
      0.4289121133903391,
      -0.006027615372332734
    ],
    "hips": [
      0.18023263602768058,
      0.4967355818956736,
      0.0702088068155235
    ],
    "knees": [
      -0.05934535909633648,
      0.24855661813405058,
      0.02519061524418159
    ],
    "ankles": [
      -0.1806108891561259,
      0.2727658414316356,
      0.03186168809334028
    ]
  },
  "angles": {
    "knee": 104.8133616147177,
    "hip": 110.77659357857841,
    "shoulder": 39.61503959095161,
    "elbow": 43.09077774219182
  },
  "analysis_scores": {
    "alignment": 0.880241060880262,
    "balance": 0.7759197798448376,
    "form": 0.8452046944065599,
    "stability": 0.6672798825913564,
    "coordination": 0.7245672176958771,
    "precision": 0.6957630504323993,
    "power": 0.6947464472379664,
    "efficiency": 0.9908884119684968,
    "safety": 0.7620830329954715,
    "overall": 0.7016873078257359,
    "shoulder": 0.8619852650809777,
    "elbow": 0.9960160775894015,
    "wrist": 0.7802901609796968,
    "hip": 0.6437792839612536,
    "knee": 0.9827157696040101,
    "ankle": 0.9069324789827208,
    "back": 0.6197914254109906,
    "neck": 0.9990167159975463
  },
  "recommendations": {
    "form": "Focus on maintaining proper joint angles during movement",
    "alignment": "Good alignment, maintain current technique",
    "stability": "Good stability, continue with current technique",
    "power": "Good power output, maintain current intensity"
  },
  "safety_considerations": []
}