{
  "power_generation": {
    "explosiveness": 0.6385457987672059,
    "force_transfer": 0.600927632188512,
    "efficiency": 0.6913823705945126
  },
  "technical_metrics": {
    "precision": 0.5638542986880819,
    "consistency": 0.9827618487055414,
    "fluidity": 0.9861015526737033
  },
  "biomechanical_metrics": {
    "joint_loading": 0.9067740126382531,
    "muscle_activation": 0.6984135113281379,
    "energy_efficiency": 0.6501045429845402
  }
}