{
  "key_points": {
    "shoulders": [
      0.012392209657223319,
      0.6054609775447308,
      0.04200036710257049
    ],
    "elbows": [
      -0.07288772384648995,
      0.5814881234659033,
      0.061272435955933235
    ],
    "wrists": [
      0.021906385584557764,
      0.3661010477204284,
      -0.09382063764158742
    ],
    "hips": [
      -0.024453718442963096,
      0.33600385479718636,
      0.09206313194742244
    ],
    "knees": [
      0.11432627816598495,
      0.3530386367204952,
      -0.06303889544735858
    ],
    "ankles": [
      -0.20288433039016995,
      0.283113032342859,
      -0.04662890406491915
    ]
  },
  "angles": {
    "knee": 90.32143691223774,
    "hip": 61.452553964206764,
    "shoulder": 32.14545239616522,
    "elbow": 36.9316422389004
  },
  "analysis_scores": {
    "alignment": 0.8619419867879146,
    "balance": 0.8875999828779816,
    "form": 0.7495758726826371,
    "stability": 0.7721232789446015,
    "coordination": 0.6434247176639344,
    "precision": 0.9973228184683539,
    "power": 0.96748723639971,
    "efficiency": 0.8569885557074005,
    "safety": 0.9540938680592389,
    "overall": 0.8436804065954308,
    "shoulder": 0.9574017961497261,
    "elbow": 0.8122270589102052,
    "wrist": 0.9053466447211694,
    "hip": 0.9371273264305988,
    "knee": 0.9502481802065146,
    "ankle": 0.9483741562850897,
    "back": 0.6778230979298302,
    "neck": 0.6994024296243778
  },
  "recommendations": {
    "form": "Focus on maintaining proper joint angles during movement",
    "alignment": "Good alignment, maintain current technique",
    "stability": "Good stability, continue with current technique",
    "power": "Good power output, maintain current intensity"
  },
  "safety_considerations": []
}