{
  "power_generation": {
    "explosiveness": 0.6612793735303255,
    "force_transfer": 0.5817100980656843,
    "efficiency": 0.5205593361795722
  },
  "technical_metrics": {
    "precision": 0.6798529952571803,
    "consistency": 0.8249206228059554,
    "fluidity": 0.7483543204824619
  },
  "biomechanical_metrics": {
    "joint_loading": 0.8524791188152389,
    "muscle_activation": 0.881791217526662,
    "energy_efficiency": 0.5343112605978251
  }
}