{
  "key_points": {
    "shoulders": [
      -0.059956053178928104,
      0.555014020270637,
      -0.04767552020981034
    ],
    "elbows": [
      0.2512352558023307,
      0.40159517563459224,
      -0.01767951631883205
    ],
    "wrists": [
      0.02682428389561453,
      0.4834134286935603,
      0.09351943158683007
    ],
    "hips": [
      -0.03194408741814009,
      0.46035884355747714,
      -0.016308426649534177
    ],
    "knees": [
      0.07030201012721887,
      0.29884660273808483,
      0.05695039396456339
    ],
    "ankles": [
      0.1781445671609505,
      0.11846444662302646,
      -0.08475123937462203
    ]
  },
  "angles": {
    "knee": 81.04400659744853,
    "hip": 154.80216463318942,
    "shoulder": 26.887171854420497,
    "elbow": 48.733844477056245
  },
  "analysis_scores": {
    "alignment": 0.8110456918750061,
    "balance": 0.9111576047763094,
    "form": 0.6113443663438575,
    "stability": 0.9427533533662389,
    "coordination": 0.7037456422966858,
    "precision": 0.981345952891085,
    "power": 0.627412376084399,
    "efficiency": 0.9801513910348665,
    "safety": 0.7965219073942654,
    "overall": 0.6686227614621196,
    "shoulder": 0.9730652365011123,
    "elbow": 0.9590755421685759,
    "wrist": 0.7669951991235405,
    "hip": 0.9437574214326199,
    "knee": 0.6163236927567927,
    "ankle": 0.651768586210442,
    "back": 0.7866040189402612,
    "neck": 0.9360833181608877
  },
  "recommendations": {
    "form": "Focus on maintaining proper joint angles during movement",
    "alignment": "Good alignment, maintain current technique",
    "stability": "Focus on maintaining proper posture and balance",
    "power": "Good power output, maintain current intensity"
  },
  "safety_considerations": []
}