{
  "power_generation": {
    "explosiveness": 0.7787003631323677,
    "force_transfer": 0.7108416125191448,
    "efficiency": 0.9641979607582442
  },
  "technical_metrics": {
    "precision": 0.7333747550120515,
    "consistency": 0.8976609967751743,
    "fluidity": 0.7462524230893819
  },
  "biomechanical_metrics": {
    "joint_loading": 0.605826842699022,
    "muscle_activation": 0.8827641731739289,
    "energy_efficiency": 0.6250298516147549
  }
}