{
  "key_points": {
    "shoulders": [
      -0.07573576973500358,
      0.6669531882792955,
      -0.09047528656246251
    ],
    "elbows": [
      -0.21349018671807002,
      0.5916027169309994,
      0.024803062102080192
    ],
    "wrists": [
      0.34728647717514183,
      0.3600159190286778,
      0.09158892936039939
    ],
    "hips": [
      0.07723251402561182,
      0.3407211194039341,
      0.02278792806123875
    ],
    "knees": [
      -0.28334584182710704,
      0.221206541279004,
      0.038984901268436345
    ],
    "ankles": [
      0.02327159265939882,
      0.15721713477948915,
      -0.04276793703104145
    ]
  },
  "angles": {
    "knee": 84.88946775308243,
    "hip": 120.75273011488632,
    "shoulder": 45.96434775041531,
    "elbow": 65.45916933329215
  },
  "analysis_scores": {
    "alignment": 0.7290733702549003,
    "balance": 0.6027308450718231,
    "form": 0.942749081349525,
    "stability": 0.9767796269676192,
    "coordination": 0.6436877670398101,
    "precision": 0.6280162854878854,
    "power": 0.6140978715809485,
    "efficiency": 0.9322453519179239,
    "safety": 0.6989929154904072,
    "overall": 0.7050378438674562,
    "shoulder": 0.7069841041983909,
    "elbow": 0.7966148763535572,
    "wrist": 0.9423924211019912,
    "hip": 0.8855728944149932,
    "knee": 0.6159307386288166,
    "ankle": 0.9071370212765535,
    "back": 0.7168054463609257,
    "neck": 0.9867963749739285
  },
  "recommendations": {
    "form": "Good form, continue practicing with current technique",
    "alignment": "Good alignment, maintain current technique",
    "stability": "Good stability, continue with current technique",
    "power": "Good power output, maintain current intensity"
  },
  "safety_considerations": [
    "Focus on proper shoulder mechanics for throwing"
  ]
}