{
  "power_generation": {
    "explosiveness": 0.816222369338397,
    "force_transfer": 0.8432827275090299,
    "efficiency": 0.545130550400822
  },
  "technical_metrics": {
    "precision": 0.9619792329175283,
    "consistency": 0.8290629631534279,
    "fluidity": 0.810819186623941
  },
  "biomechanical_metrics": {
    "joint_loading": 0.6954358809406294,
    "muscle_activation": 0.8472354482958416,
    "energy_efficiency": 0.7558024680017301
  }
}