{
  "key_points": {
    "shoulders": [
      0.021221692316035157,
      0.5325637723870105,
      -0.026959605269190307
    ],
    "elbows": [
      0.24965519756291904,
      0.5829226151258233,
      -0.08189101906661522
    ],
    "wrists": [
      0.05947366877269944,
      0.33921720497247454,
      0.022344911375531587
    ],
    "hips": [
      0.1435687482334027,
      0.32352793529057355,
      -0.037758826814919
    ],
    "knees": [
      -0.22289726242362345,
      0.20645176772779167,
      -0.05789864401082108
    ],
    "ankles": [
      -0.07460108641773999,
      0.266612245756469,
      -0.08989477315256444
    ]
  },
  "angles": {
    "knee": 31.69765823933495,
    "hip": 52.27808093493348,
    "shoulder": 47.196503122922856,
    "elbow": 112.26685744429417
  },
  "analysis_scores": {
    "alignment": 0.8010912177238442,
    "balance": 0.658437478075287,
    "form": 0.9650543440284673,
    "stability": 0.690705446483183,
    "coordination": 0.8678745961647072,
    "precision": 0.9826581917977635,
    "power": 0.6707371103992449,
    "efficiency": 0.847240995489164,
    "safety": 0.97411830316013,
    "overall": 0.7658281905909414,
    "shoulder": 0.886609087749213,
    "elbow": 0.8922958884410304,
    "wrist": 0.8026597142729398,
    "hip": 0.9784748224689164,
    "knee": 0.778388528437273,
    "ankle": 0.8532598292370173,
    "back": 0.9859102207894063,
    "neck": 0.6847201111308499
  },
  "recommendations": {
    "form": "Good form, continue practicing with current technique",
    "alignment": "Good alignment, maintain current technique",
    "stability": "Focus on maintaining proper posture and balance",
    "power": "Good power output, maintain current intensity"
  },
  "safety_considerations": []
}