{
  "power_generation": {
    "explosiveness": 0.8665259429187349,
    "force_transfer": 0.5764932360446514,
    "efficiency": 0.7180520088376287
  },
  "technical_metrics": {
    "precision": 0.8108960277217832,
    "consistency": 0.6112615649879983,
    "fluidity": 0.8844781304228564
  },
  "biomechanical_metrics": {
    "joint_loading": 0.594477097119129,
    "muscle_activation": 0.9222526077673313,
    "energy_efficiency": 0.7566486217900562
  }
}