{
  "key_points": {
    "shoulders": [
      0.15021857594142268,
      0.5105552620761491,
      0.05911899182055674
    ],
    "elbows": [
      0.15867816673069413,
      0.49642718070960523,
      -0.0719311944767721
    ],
    "wrists": [
      -0.28046646982656426,
      0.4303956366182362,
      0.0611771008924161
    ],
    "hips": [
      0.051534542147214646,
      0.3129775145400847,
      -0.01827020841076346
    ],
    "knees": [
      0.065939360138355,
      0.3809510089080911,
      -0.043357415561240065
    ],
    "ankles": [
      -0.20916953063771865,
      0.18780647847354925,
      -0.01913672544692982
    ]
  },
  "angles": {
    "knee": 55.53814202854088,
    "hip": 43.4967459512381,
    "shoulder": 70.565263218499,
    "elbow": 155.37245754161972
  },
  "analysis_scores": {
    "alignment": 0.873060930199552,
    "balance": 0.6414367702024447,
    "form": 0.8194109218514836,
    "stability": 0.621772981665186,
    "coordination": 0.7993713387036937,
    "precision": 0.7200933401357917,
    "power": 0.87416089980208,
    "efficiency": 0.8072094455263096,
    "safety": 0.739273427115383,
    "overall": 0.8314339002295951,
    "shoulder": 0.9155164842180616,
    "elbow": 0.8392185583004512,
    "wrist": 0.6839803097487007,
    "hip": 0.6547020466744714,
    "knee": 0.7343298671045736,
    "ankle": 0.6148056217086147,
    "back": 0.980730217319634,
    "neck": 0.7761083719918778
  },
  "recommendations": {
    "form": "Good form, continue practicing with current technique",
    "alignment": "Good alignment, maintain current technique",
    "stability": "Good stability, continue with current technique",
    "power": "Good power output, maintain current intensity"
  },
  "safety_considerations": []
}