{
  "key_points": {
    "shoulders": [
      -0.1943556794696809,
      0.6468873991489124,
      -0.032643892588939696
    ],
    "elbows": [
      0.29568713716726497,
      0.5873609783071131,
      0.02223326772144185
    ],
    "wrists": [
      0.370988683188742,
      0.39741210873098076,
      0.024786009443828985
    ],
    "hips": [
      -0.029255878407716013,
      0.44323722641302754,
      -0.02303426004811067
    ],
    "knees": [
      -0.23374632552643027,
      0.2608218280352286,
      -0.0929650076596313
    ],
    "ankles": [
      0.1703523304715343,
      0.18004001310771003,
      0.0919992029388316
    ]
  },
  "angles": {
    "knee": 150.83413152486776,
    "hip": 129.9817666353571,
    "shoulder": 3.524379623665634,
    "elbow": 110.03408867730299
  },
  "analysis_scores": {
    "alignment": 0.7135471456881627,
    "balance": 0.9228137497911078,
    "form": 0.9687674973578577,
    "stability": 0.9824761923983921,
    "coordination": 0.626478320184096,
    "precision": 0.7205375341045909,
    "power": 0.6293013156504325,
    "efficiency": 0.7046003549153965,
    "safety": 0.9294718403520427,
    "overall": 0.7254633544415313,
    "shoulder": 0.999740551808319,
    "elbow": 0.7378859531610625,
    "wrist": 0.6880017283493064,
    "hip": 0.8394135949564111,
    "knee": 0.896236700855702,
    "ankle": 0.8536708469033865,
    "back": 0.9562008744335461,
    "neck": 0.6741612607997917
  },
  "recommendations": {
    "form": "Good form, continue practicing with current technique",
    "alignment": "Good alignment, maintain current technique",
    "stability": "Good stability, continue with current technique",
    "power": "Good power output, maintain current intensity"
  },
  "safety_considerations": []
}