{
  "power_generation": {
    "explosiveness": 0.9346724333176024,
    "force_transfer": 0.8454344095424211,
    "efficiency": 0.6770827902129346
  },
  "technical_metrics": {
    "precision": 0.5859158094201447,
    "consistency": 0.635781686241466,
    "fluidity": 0.8637724181608659
  },
  "biomechanical_metrics": {
    "joint_loading": 0.8490571433944036,
    "muscle_activation": 0.6480694710249866,
    "energy_efficiency": 0.6801574848542546
  }
}