{
  "key_points": {
    "shoulders": [
      -0.12321589869185004,
      0.5330768964053909,
      -0.06901186798683018
    ],
    "elbows": [
      0.13594819750116782,
      0.5292948190629028,
      -0.09501702698602382
    ],
    "wrists": [
      0.39335460851678383,
      0.44196352838988806,
      0.06501898002782133
    ],
    "hips": [
      0.14103901867882174,
      0.43986774093818404,
      0.010325604037465741
    ],
    "knees": [
      0.27493054968519665,
      0.20751782720449077,
      0.07045096402837345
    ],
    "ankles": [
      0.33489866434560944,
      0.119607290939922,
      0.031661278980781804
    ]
  },
  "angles": {
    "knee": 84.95433212149109,
    "hip": 99.84390507468616,
    "shoulder": 27.739031199842795,
    "elbow": 61.76150235501419
  },
  "analysis_scores": {
    "alignment": 0.8519482155861408,
    "balance": 0.937959160449821,
    "form": 0.9059777695310062,
    "stability": 0.8292747301211445,
    "coordination": 0.8486764230653754,
    "precision": 0.8290539674587674,
    "power": 0.9289719752096847,
    "efficiency": 0.6299496795183717,
    "safety": 0.600384007671875,
    "overall": 0.7407409284473625,
    "shoulder": 0.7721532746725871,
    "elbow": 0.8835440785501165,
    "wrist": 0.6751964334821455,
    "hip": 0.6772642796779378,
    "knee": 0.9365130570513147,
    "ankle": 0.9860034848526413,
    "back": 0.6792000981407531,
    "neck": 0.6791123156587182
  },
  "recommendations": {
    "form": "Focus on maintaining proper joint angles during movement",
    "alignment": "Good alignment, maintain current technique",
    "stability": "Good stability, continue with current technique",
    "power": "Good power output, maintain current intensity"
  },
  "safety_considerations": [
    "Focus on proper shoulder positioning for defense"
  ]
}