{
  "power_generation": {
    "explosiveness": 0.9580833584799635,
    "force_transfer": 0.9083577957421556,
    "efficiency": 0.9537825437039136
  },
  "technical_metrics": {
    "precision": 0.6165624392633041,
    "consistency": 0.7610616434735106,
    "fluidity": 0.6651801598288964
  },
  "biomechanical_metrics": {
    "joint_loading": 0.8517103022208051,
    "muscle_activation": 0.7994347070444232,
    "energy_efficiency": 0.6331510422168034
  }
}