{
  "key_points": {
    "shoulders": [
      -0.19392841328032218,
      0.6555335252967818,
      -0.017424341456088732
    ],
    "elbows": [
      -0.11820269371355024,
      0.4335030332593612,
      -0.051205498410735475
    ],
    "wrists": [
      0.06803494458018733,
      0.4254861642812003,
      0.0007280335950463623
    ],
    "hips": [
      -0.1391211765685319,
      0.31174458513914244,
      0.07821285538505263
    ],
    "knees": [
      -0.06054093456992676,
      0.2001402853789935,
      -0.0880816965564642
    ],
    "ankles": [
      0.05419426476345335,
      0.2381076713784275,
      -0.08991805488005332
    ]
  },
  "angles": {
    "knee": 42.37356122121295,
    "hip": 128.95167709935308,
    "shoulder": 19.238995680649214,
    "elbow": 63.940047608253195
  },
  "analysis_scores": {
    "alignment": 0.6065741201132868,
    "balance": 0.7868963981913346,
    "form": 0.7690440271814816,
    "stability": 0.7465069011621738,
    "coordination": 0.6712109741935756,
    "precision": 0.6305743333563372,
    "power": 0.6114301816737654,
    "efficiency": 0.9630445345926432,
    "safety": 0.936933975266576,
    "overall": 0.8371483006116167,
    "shoulder": 0.8545166021763317,
    "elbow": 0.8102231917342329,
    "wrist": 0.868488036530036,
    "hip": 0.62022805286946,
    "knee": 0.7326087109874041,
    "ankle": 0.8012829376233427,
    "back": 0.9585143212135816,
    "neck": 0.746282083631417
  },
  "recommendations": {
    "form": "Good form, continue practicing with current technique",
    "alignment": "Good alignment, maintain current technique",
    "stability": "Good stability, continue with current technique",
    "power": "Consider increasing intensity gradually"
  },
  "safety_considerations": [
    "Focus on proper shoulder positioning for defense",
    "Maintain proper hip alignment for movement"
  ]
}