{
  "power_generation": {
    "explosiveness": 0.6422404505260302,
    "force_transfer": 0.7212255886151575,
    "efficiency": 0.9820006816268888
  },
  "technical_metrics": {
    "precision": 0.7835810831816332,
    "consistency": 0.5048200316905911,
    "fluidity": 0.9918369866616218
  },
  "biomechanical_metrics": {
    "joint_loading": 0.9704436624960572,
    "muscle_activation": 0.6293614293391339,
    "energy_efficiency": 0.5440945374837505
  }
}