{
  "key_points": {
    "shoulders": [
      -0.19505679622930014,
      0.6115409266363748,
      -0.031188357524746094
    ],
    "elbows": [
      0.04322238918868321,
      0.47168154056532674,
      -0.05766144705277348
    ],
    "wrists": [
      -0.1966273603685277,
      0.3758012053847861,
      0.07270729403610424
    ],
    "hips": [
      -0.11668986784781299,
      0.36241520039669556,
      0.098134626489462
    ],
    "knees": [
      0.2941168262200144,
      0.3664728915793298,
      -0.09938738205199256
    ],
    "ankles": [
      -0.0851461849902389,
      0.21469735036762316,
      0.08659398699166232
    ]
  },
  "angles": {
    "knee": 77.36079068622875,
    "hip": 100.40056300753099,
    "shoulder": 38.50200447582885,
    "elbow": 3.25513683410826
  },
  "analysis_scores": {
    "alignment": 0.6407550292858203,
    "balance": 0.6484642975185156,
    "form": 0.6349180280135301,
    "stability": 0.8381850445463468,
    "coordination": 0.6280832517168652,
    "precision": 0.6410581978594013,
    "power": 0.609109448148975,
    "efficiency": 0.701322636925847,
    "safety": 0.8140468675140108,
    "overall": 0.966230767662071,
    "shoulder": 0.9885114693618952,
    "elbow": 0.6314818254392189,
    "wrist": 0.8991139507587689,
    "hip": 0.6147539012799071,
    "knee": 0.7332682218917128,
    "ankle": 0.9968359331243581,
    "back": 0.8901889932435925,
    "neck": 0.7431040537466533
  },
  "recommendations": {
    "form": "Good form, continue practicing with current technique",
    "alignment": "Good alignment, maintain current technique",
    "stability": "Good stability, continue with current technique",
    "power": "Good power output, maintain current intensity"
  },
  "safety_considerations": []
}