{
  "power_generation": {
    "explosiveness": 0.9036878466761729,
    "force_transfer": 0.5597988841771127,
    "efficiency": 0.6472350917846204
  },
  "technical_metrics": {
    "precision": 0.5486908054772719,
    "consistency": 0.9945492116853965,
    "fluidity": 0.740536504919449
  },
  "biomechanical_metrics": {
    "joint_loading": 0.9311590284546077,
    "muscle_activation": 0.9824779676165807,
    "energy_efficiency": 0.6866208139275761
  }
}