{
  "key_points": {
    "shoulders": [
      -0.17699248319910288,
      0.6660161159004909,
      0.06280820926473793
    ],
    "elbows": [
      0.2889332998896797,
      0.5770915525046532,
      -0.08847682774114617
    ],
    "wrists": [
      0.28301367106217734,
      0.4878482357146847,
      0.024790219651526807
    ],
    "hips": [
      0.09775195248937613,
      0.4716152062783508,
      0.026612840167985208
    ],
    "knees": [
      0.28985826953870614,
      0.2915904349888218,
      -0.08288710759853389
    ],
    "ankles": [
      -0.08577397951529997,
      0.2926373405919715,
      -0.09444612178218191
    ]
  },
  "angles": {
    "knee": 34.848638860330176,
    "hip": 146.27462665177464,
    "shoulder": 36.63584673132467,
    "elbow": 107.03265773196694
  },
  "analysis_scores": {
    "alignment": 0.7883868458113117,
    "balance": 0.6353401906454429,
    "form": 0.7311836140752123,
    "stability": 0.8907390744273566,
    "coordination": 0.6686298584554453,
    "precision": 0.999371523119189,
    "power": 0.6025405055452232,
    "efficiency": 0.6646074653415813,
    "safety": 0.9172510312214215,
    "overall": 0.9376507230510334,
    "shoulder": 0.8285133663622993,
    "elbow": 0.6868673916652986,
    "wrist": 0.6210527772101738,
    "hip": 0.8971569660320549,
    "knee": 0.6222310207261298,
    "ankle": 0.7912391020630335,
    "back": 0.6516507805315183,
    "neck": 0.9307733119292422
  },
  "recommendations": {
    "form": "Good form, continue practicing with current technique",
    "alignment": "Good alignment, maintain current technique",
    "stability": "Good stability, continue with current technique",
    "power": "Consider increasing intensity gradually"
  },
  "safety_considerations": [
    "Maintain proper wrist alignment to prevent strain"
  ]
}