{
  "power_generation": {
    "explosiveness": 0.5097364250949481,
    "force_transfer": 0.7504178497119472,
    "efficiency": 0.9631454256125191
  },
  "technical_metrics": {
    "precision": 0.5811622831422156,
    "consistency": 0.9925805504997589,
    "fluidity": 0.6831330300804938
  },
  "biomechanical_metrics": {
    "joint_loading": 0.9546009316307772,
    "muscle_activation": 0.908387446800947,
    "energy_efficiency": 0.7947642357723665
  }
}