{
  "key_points": {
    "shoulders": [
      -0.05059464923120002,
      0.6952535520902038,
      -0.08340471710087925
    ],
    "elbows": [
      -0.11319455734301695,
      0.5548829839732032,
      -0.013310051995361907
    ],
    "wrists": [
      0.24793473142042044,
      0.342234343255261,
      -0.04762102800544939
    ],
    "hips": [
      0.1454936795176513,
      0.3349190804077777,
      0.010250584126751242
    ],
    "knees": [
      -0.22354216868139962,
      0.24790047905982082,
      -0.03876711151325261
    ],
    "ankles": [
      0.15881421635201132,
      0.18546837561541657,
      0.060625385592324055
    ]
  },
  "angles": {
    "knee": 70.53337542828149,
    "hip": 155.141987910142,
    "shoulder": 19.071016701064746,
    "elbow": 65.31619744790956
  },
  "analysis_scores": {
    "alignment": 0.6488265755087276,
    "balance": 0.7563668182683616,
    "form": 0.9270504100612131,
    "stability": 0.6145909513427429,
    "coordination": 0.6435245711651005,
    "precision": 0.6062222896265045,
    "power": 0.6655416031007612,
    "efficiency": 0.8164450199932433,
    "safety": 0.8858439722939007,
    "overall": 0.698281571430126,
    "shoulder": 0.7014870859075911,
    "elbow": 0.8181748557007197,
    "wrist": 0.6544144956199609,
    "hip": 0.9654964432461347,
    "knee": 0.9292326805860729,
    "ankle": 0.6997134315944342,
    "back": 0.6580471224497415,
    "neck": 0.7262870960683849
  },
  "recommendations": {
    "form": "Good form, continue practicing with current technique",
    "alignment": "Work on maintaining symmetrical movement patterns",
    "stability": "Good stability, continue with current technique",
    "power": "Good power output, maintain current intensity"
  },
  "safety_considerations": []
}