{
  "power_generation": {
    "explosiveness": 0.7863670163691641,
    "force_transfer": 0.8727631161033944,
    "efficiency": 0.7804896907319461
  },
  "technical_metrics": {
    "precision": 0.6095907901514351,
    "consistency": 0.8726327549211055,
    "fluidity": 0.7596191193787784
  },
  "biomechanical_metrics": {
    "joint_loading": 0.6059367208862199,
    "muscle_activation": 0.7205493244944803,
    "energy_efficiency": 0.5488724686555867
  }
}