{
  "key_points": {
    "shoulders": [
      0.0342718562150007,
      0.6083670527234866,
      -0.06031526826329876
    ],
    "elbows": [
      -0.02574377220320112,
      0.40909128157834723,
      -0.065575853209003
    ],
    "wrists": [
      -0.15031910922121253,
      0.4962144455578608,
      0.041223110595863366
    ],
    "hips": [
      -0.10300292787188013,
      0.4112930041102664,
      0.003703212324853114
    ],
    "knees": [
      0.19931119193688723,
      0.3713862680526895,
      -0.00039500657860905286
    ],
    "ankles": [
      0.0717304082428229,
      0.2581939762999934,
      -0.09386166725355427
    ]
  },
  "angles": {
    "knee": 125.50129739335875,
    "hip": 124.41468467531493,
    "shoulder": 27.428702769722754,
    "elbow": 56.0162634514984
  },
  "analysis_scores": {
    "alignment": 0.833789710582939,
    "balance": 0.9899705534887631,
    "form": 0.7839808321597826,
    "stability": 0.9047040819262515,
    "coordination": 0.6880787936244439,
    "precision": 0.7849407162650495,
    "power": 0.6480957965125914,
    "efficiency": 0.8857043269187088,
    "safety": 0.6688462802575513,
    "overall": 0.7274012253977907,
    "shoulder": 0.8821246147309598,
    "elbow": 0.9723195634813382,
    "wrist": 0.7067022186025672,
    "hip": 0.6800646435880956,
    "knee": 0.7668158161700682,
    "ankle": 0.7863052089982547,
    "back": 0.9842142054754477,
    "neck": 0.9639551492235525
  },
  "recommendations": {
    "form": "Focus on maintaining proper joint angles during movement",
    "alignment": "Good alignment, maintain current technique",
    "stability": "Focus on maintaining proper posture and balance",
    "power": "Good power output, maintain current intensity"
  },
  "safety_considerations": []
}