{
  "power_generation": {
    "explosiveness": 0.6078677519636682,
    "force_transfer": 0.664063120567324,
    "efficiency": 0.7387383170552012
  },
  "technical_metrics": {
    "precision": 0.7770177897465316,
    "consistency": 0.9876819352046144,
    "fluidity": 0.5302423194986353
  },
  "biomechanical_metrics": {
    "joint_loading": 0.9856904565488332,
    "muscle_activation": 0.9088654063671007,
    "energy_efficiency": 0.6805985841901172
  }
}