{
  "key_points": {
    "shoulders": [
      -0.06224351077969517,
      0.618125128662405,
      0.03548179481781913
    ],
    "hips": [
      -0.08349898920827092,
      0.5958611194698429,
      -0.06705723707760461
    ],
    "knees": [
      -0.016480428908053013,
      0.34551315612356887,
      -0.021891007304456284
    ],
    "ankles": [
      -0.3873877595776454,
      0.28820287674446715,
      -0.04000993072380119
    ]
  },
  "angles": {
    "knee": 56.7160101608502,
    "hip": 118.88884303731184,
    "shoulder": 52.513872020026824
  },
  "analysis_scores": {
    "alignment": 0.7796699390798844,
    "balance": 0.8761075814225331,
    "form": 0.9161318422645526,
    "stability": 0.9317442959388328,
    "coordination": 0.9955738391090198,
    "precision": 0.9009856916666421,
    "power": 0.7152823219749402,
    "efficiency": 0.8307106287040874,
    "safety": 0.9047181329080954,
    "overall": 0.716190214553772,
    "shoulder": 0.7828021646995051,
    "elbow": 0.6253999803855061,
    "wrist": 0.7905413122995147,
    "hip": 0.650476411516961,
    "knee": 0.7707421174855444,
    "ankle": 0.9912458181654364,
    "back": 0.8616468227269699,
    "neck": 0.7267500122077372
  },
  "recommendations": {
    "form": "Focus on maintaining proper joint angles during movement",
    "alignment": "Good alignment, maintain current technique",
    "stability": "Focus on maintaining proper posture and balance",
    "power": "Good power output, maintain current intensity"
  },
  "safety_considerations": []
}