{
  "power_generation": {
    "explosiveness": 0.7320133610455948,
    "force_transfer": 0.6241810998537805,
    "efficiency": 0.6351363338204401
  },
  "technical_metrics": {
    "precision": 0.8328922259233394,
    "consistency": 0.9458935184126465,
    "fluidity": 0.8117377820402194
  },
  "biomechanical_metrics": {
    "joint_loading": 0.6436853840205365,
    "muscle_activation": 0.50386524340765,
    "energy_efficiency": 0.7500472564424534
  }
}