{
  "key_points": {
    "shoulders": [
      -0.05193653505552778,
      0.6322981645086739,
      -0.09282971401672893
    ],
    "elbows": [
      -0.07284464292087639,
      0.4770186299621598,
      -0.00016294147908071932
    ],
    "wrists": [
      -0.29931979037114687,
      0.4378443144411024,
      0.08405656438319295
    ],
    "hips": [
      -0.1659091971010359,
      0.3180043923963075,
      -0.023897977486724065
    ],
    "knees": [
      0.26761005450588854,
      0.3519420070629157,
      0.03856627314363176
    ],
    "ankles": [
      -0.10174649121680135,
      0.26211224700185287,
      -0.020460755885757576
    ]
  },
  "angles": {
    "knee": 22.327280655231267,
    "hip": 47.907867840901645,
    "shoulder": 62.66907724014821,
    "elbow": 89.55498951224287
  },
  "analysis_scores": {
    "alignment": 0.7667957860938286,
    "balance": 0.7569241246612005,
    "form": 0.8690178440988561,
    "stability": 0.8917664283011236,
    "coordination": 0.8602589115012067,
    "precision": 0.7091351168429675,
    "power": 0.7274527659767087,
    "efficiency": 0.7999413539200992,
    "safety": 0.7018553294942533,
    "overall": 0.7142246504828431,
    "shoulder": 0.7680534723878101,
    "elbow": 0.6445493994932617,
    "wrist": 0.9345915102442108,
    "hip": 0.882848000541856,
    "knee": 0.606290076407222,
    "ankle": 0.978805359668961,
    "back": 0.9563273853370734,
    "neck": 0.6783046712676231
  },
  "recommendations": {
    "form": "Good form, continue practicing with current technique",
    "alignment": "Good alignment, maintain current technique",
    "stability": "Focus on maintaining proper posture and balance",
    "power": "Good power output, maintain current intensity"
  },
  "safety_considerations": [
    "Ensure proper ankle stability"
  ]
}