{
  "power_generation": {
    "explosiveness": 0.901665659385082,
    "force_transfer": 0.7906449978473062,
    "efficiency": 0.9456059932831185
  },
  "technical_metrics": {
    "precision": 0.6988650697591612,
    "consistency": 0.7977733181933955,
    "fluidity": 0.5565023919914249
  },
  "biomechanical_metrics": {
    "joint_loading": 0.6927419743203528,
    "muscle_activation": 0.698404896119986,
    "energy_efficiency": 0.5406470523762124
  }
}