{
  "key_points": {
    "shoulders": [
      -0.010542472487341664,
      0.5941368828140915,
      0.07800163598309962
    ],
    "elbows": [
      -0.27071253423042174,
      0.43376702551916746,
      0.0986336463853471
    ],
    "wrists": [
      -0.3255076774152588,
      0.3355965602668635,
      -0.07750271153480491
    ],
    "hips": [
      0.06951962736661599,
      0.43572975293304705,
      -0.0014916991022823484
    ],
    "knees": [
      0.14694269935625798,
      0.2042536245973814,
      0.03780472477422314
    ],
    "ankles": [
      0.12074581346620084,
      0.2301347773750895,
      0.021567119508943258
    ]
  },
  "angles": {
    "knee": 97.3708563636615,
    "hip": 53.3355729785977,
    "shoulder": 31.714385092782273,
    "elbow": 117.93665206470094
  },
  "analysis_scores": {
    "alignment": 0.8460612770542127,
    "balance": 0.8384694890826446,
    "form": 0.8447568563590115,
    "stability": 0.7178053118841702,
    "coordination": 0.7794326869033285,
    "precision": 0.9797918586738708,
    "power": 0.6659941654380236,
    "efficiency": 0.674039838392263,
    "safety": 0.6170868676595782,
    "overall": 0.8073332641142716,
    "shoulder": 0.6653834539171635,
    "elbow": 0.9282306121495756,
    "wrist": 0.943889310581187,
    "hip": 0.6793863827273261,
    "knee": 0.8292911827929448,
    "ankle": 0.9073892333327801,
    "back": 0.9612223152417246,
    "neck": 0.9191537021613009
  },
  "recommendations": {
    "form": "Focus on maintaining proper joint angles during movement",
    "alignment": "Good alignment, maintain current technique",
    "stability": "Good stability, continue with current technique",
    "power": "Good power output, maintain current intensity"
  },
  "safety_considerations": []
}