{
  "power_generation": {
    "explosiveness": 0.8740221071140349,
    "force_transfer": 0.5254129706013914,
    "efficiency": 0.6633337697061557
  },
  "technical_metrics": {
    "precision": 0.7967098301443175,
    "consistency": 0.7657883244043566,
    "fluidity": 0.9307637698301436
  },
  "biomechanical_metrics": {
    "joint_loading": 0.9221459988511437,
    "muscle_activation": 0.7462411070084398,
    "energy_efficiency": 0.9006079786481445
  }
}