{
  "key_points": {
    "shoulders": [
      0.0755967974763781,
      0.6467642290635459,
      0.1190024459993066
    ],
    "elbows": [
      -0.17836092308972315,
      0.4161724862250471,
      -0.01520674688191953
    ],
    "wrists": [
      -0.008130956747109175,
      0.4592108573380552,
      0.1379432840427779
    ],
    "hips": [
      0.18050437517638607,
      0.3519411697981574,
      -0.05560016520126654
    ]
  },
  "angles": {
    "shoulder": 79.9374577273096,
    "elbow": 126.07643339705878
  },
  "analysis_scores": {
    "alignment": 0.6981591517272043,
    "balance": 0.9231489226103057,
    "form": 0.6624880918016465,
    "stability": 0.735557403741308,
    "coordination": 0.8173736021442317,
    "precision": 0.894027993481387,
    "power": 0.6535762261249908,
    "efficiency": 0.8437602525112203,
    "safety": 0.8195064407526319,
    "overall": 0.950124701395489,
    "shoulder": 1.0,
    "elbow": 0.897947296991986,
    "wrist": 1.0,
    "hip": 0.9326970997294659,
    "knee": 0.9735461761799691,
    "ankle": 0.7791536431593766,
    "back": 0.902494897826684,
    "neck": 0.9024001159808515
  },
  "recommendations": {
    "form": "Good form, continue practicing with current technique",
    "alignment": "Work on maintaining symmetrical movement patterns",
    "stability": "Focus on maintaining proper posture and balance",
    "power": "Good power output, maintain current intensity"
  },
  "safety_considerations": []
}