{
  "power_generation": {
    "explosiveness": 0.715568437863429,
    "force_transfer": 0.6232083207203235,
    "efficiency": 0.6074794679064874
  },
  "technical_metrics": {
    "precision": 0.6683610464294971,
    "consistency": 0.935801127749218,
    "fluidity": 0.8616795253598892
  },
  "biomechanical_metrics": {
    "joint_loading": 0.613479244298049,
    "muscle_activation": 0.7174524181608704,
    "energy_efficiency": 0.840933025329972
  }
}