{
  "key_points": {
    "shoulders": [
      0.09982031847759398,
      0.5375272759071068,
      0.08403390137724193
    ],
    "elbows": [
      -0.25677254676988176,
      0.4887790014882949,
      0.018778111756763805
    ],
    "wrists": [
      0.06860318278366001,
      0.4622908392177396,
      0.0017755324423997798
    ],
    "hips": [
      0.069397408867436,
      0.30764701471821615,
      -0.0934608893487266
    ],
    "knees": [
      -0.2932800670164537,
      0.38385978420047423,
      0.07631314654955976
    ],
    "ankles": [
      -0.22238022297337184,
      0.17209196715438593,
      -0.07478960485650817
    ]
  },
  "angles": {
    "knee": 38.12747252589115,
    "hip": 143.32956062028387,
    "shoulder": 38.68753194234911,
    "elbow": 65.7199404855188
  },
  "analysis_scores": {
    "alignment": 0.6894369966244913,
    "balance": 0.9252967115883615,
    "form": 0.7666931352873255,
    "stability": 0.8872921130502776,
    "coordination": 0.9960297794521958,
    "precision": 0.7777768961503595,
    "power": 0.6589758628875139,
    "efficiency": 0.8669259953257322,
    "safety": 0.7262148491755995,
    "overall": 0.9306542486747464,
    "shoulder": 0.8565578591395808,
    "elbow": 0.9464645127157966,
    "wrist": 0.6710018680461748,
    "hip": 0.6369139670755852,
    "knee": 0.9604291551800355,
    "ankle": 0.7132220513636662,
    "back": 0.7447926008366348,
    "neck": 0.8389899086261007
  },
  "recommendations": {
    "form": "Good form, continue practicing with current technique",
    "alignment": "Work on maintaining symmetrical movement patterns",
    "stability": "Good stability, continue with current technique",
    "power": "Good power output, maintain current intensity"
  },
  "safety_considerations": []
}