{
  "power_generation": {
    "explosiveness": 0.919424690678952,
    "force_transfer": 0.9193826441448756,
    "efficiency": 0.942526266102786
  },
  "technical_metrics": {
    "precision": 0.7657258837057475,
    "consistency": 0.5837188536812179,
    "fluidity": 0.620121843463503
  },
  "biomechanical_metrics": {
    "joint_loading": 0.5221932410108288,
    "muscle_activation": 0.7404157026727465,
    "energy_efficiency": 0.8491085205434286
  }
}