{
  "key_points": {
    "shoulders": [
      -0.17672571777908608,
      0.687862465191983,
      -0.05327819161225458
    ],
    "hips": [
      0.0895641799641288,
      0.568208455957653,
      0.04273041489935803
    ],
    "knees": [
      -0.12798672965702912,
      0.4376638384967261,
      0.05703675883753312
    ],
    "ankles": [
      -0.06614521387388594,
      0.2595696474112823,
      -0.07374092457437986
    ]
  },
  "angles": {
    "knee": 78.94677993445113,
    "hip": 40.5094383968362,
    "shoulder": 21.515246158726487
  },
  "analysis_scores": {
    "alignment": 0.9558603369514854,
    "balance": 0.8025584778286176,
    "form": 0.9940061867102533,
    "stability": 0.805612261861069,
    "coordination": 0.7489532411344583,
    "precision": 0.8239799307678694,
    "power": 0.6638495341122667,
    "efficiency": 0.6405647120539284,
    "safety": 0.9755005093032975,
    "overall": 0.9470862920116961,
    "shoulder": 0.7760016374681067,
    "elbow": 0.7909115016560015,
    "wrist": 0.9631370148683536,
    "hip": 0.9591820618074571,
    "knee": 0.6783760256373509,
    "ankle": 0.9601469119761457,
    "back": 0.691947312288167,
    "neck": 0.8545812577208434
  },
  "recommendations": {
    "form": "Good form, continue practicing with current technique",
    "alignment": "Good alignment, maintain current technique",
    "stability": "Good stability, continue with current technique",
    "power": "Good power output, maintain current intensity"
  },
  "safety_considerations": []
}