{
  "power_generation": {
    "explosiveness": 0.742804214373571,
    "force_transfer": 0.726457526807078,
    "efficiency": 0.6687906563297326
  },
  "technical_metrics": {
    "precision": 0.6382862243330656,
    "consistency": 0.7515628911756731,
    "fluidity": 0.9842710642358165
  },
  "biomechanical_metrics": {
    "joint_loading": 0.7114173150465216,
    "muscle_activation": 0.6302018880877095,
    "energy_efficiency": 0.843454719128033
  }
}