{
  "key_points": {
    "shoulders": [
      -0.031392081466525085,
      0.5717568317758291,
      0.06737054690675612
    ],
    "elbows": [
      -0.040582055638266,
      0.5516367609463938,
      0.04426631428928943
    ],
    "wrists": [
      -0.21167486516205286,
      0.47744354816507917,
      0.05584407252381038
    ],
    "hips": [
      0.07637100341868608,
      0.39819566681276175,
      0.06840425426599914
    ],
    "knees": [
      0.06379245264188338,
      0.27355280702081347,
      -0.03844959224567628
    ],
    "ankles": [
      0.2164235793131798,
      0.12188176891674395,
      0.0187352351721983
    ]
  },
  "angles": {
    "knee": 105.90641276789832,
    "hip": 105.07992693220648,
    "shoulder": 46.47942631654926,
    "elbow": 143.6686464531164
  },
  "analysis_scores": {
    "alignment": 0.9364926026308713,
    "balance": 0.6665439421811418,
    "form": 0.7373922326542215,
    "stability": 0.7537686018507819,
    "coordination": 0.7622567450410429,
    "precision": 0.8014924890461,
    "power": 0.6822725833380902,
    "efficiency": 0.8674084983936087,
    "safety": 0.688742687533217,
    "overall": 0.7080771128541938,
    "shoulder": 0.7648341874021576,
    "elbow": 0.9561636764780463,
    "wrist": 0.8170933593287983,
    "hip": 0.7501519300263263,
    "knee": 0.6954791303700358,
    "ankle": 0.7866929986826794,
    "back": 0.6003775331540636,
    "neck": 0.8335964404560741
  },
  "recommendations": {
    "form": "Focus on maintaining proper joint angles during movement",
    "alignment": "Work on maintaining symmetrical movement patterns",
    "stability": "Good stability, continue with current technique",
    "power": "Consider increasing intensity gradually"
  },
  "safety_considerations": []
}