{
  "power_generation": {
    "explosiveness": 0.6592523055667061,
    "force_transfer": 0.83208909572633,
    "efficiency": 0.7952434509462698
  },
  "technical_metrics": {
    "precision": 0.6406354692695362,
    "consistency": 0.7460461740807709,
    "fluidity": 0.9613058132727708
  },
  "biomechanical_metrics": {
    "joint_loading": 0.9419634386107689,
    "muscle_activation": 0.6805893764161408,
    "energy_efficiency": 0.8077485029657447
  }
}