{
  "key_points": {
    "shoulders": [
      -0.04858881389406697,
      0.5468222358694691,
      0.012837904156657448
    ],
    "elbows": [
      -0.13442609693678648,
      0.4755631255151195,
      -0.031946950293464726
    ],
    "wrists": [
      0.3025835201865996,
      0.33512564921023724,
      -0.041387688612201504
    ],
    "hips": [
      0.008191923108135823,
      0.39293864957341124,
      -0.0016443642119157997
    ],
    "knees": [
      -0.21516079872285054,
      0.3927680203285009,
      -0.0951965618815916
    ],
    "ankles": [
      -0.18752438057413345,
      0.24631117992892604,
      0.0648026541619133
    ]
  },
  "angles": {
    "knee": 76.17548616254862,
    "hip": 123.5919923098783,
    "shoulder": 36.521048094917504,
    "elbow": 166.08118453646094
  },
  "analysis_scores": {
    "alignment": 0.7911699138887807,
    "balance": 0.6427224683276064,
    "form": 0.6886295149711615,
    "stability": 0.6125861795397264,
    "coordination": 0.7371938680901856,
    "precision": 0.686987865259011,
    "power": 0.7221137121010079,
    "efficiency": 0.7834458806796332,
    "safety": 0.7052685813378996,
    "overall": 0.8547505051367107,
    "shoulder": 0.605343265169669,
    "elbow": 0.9161474275066357,
    "wrist": 0.819377407306546,
    "hip": 0.879200713581722,
    "knee": 0.8340151620382852,
    "ankle": 0.8714143604507099,
    "back": 0.6121678340306714,
    "neck": 0.9756794742885725
  },
  "recommendations": {
    "form": "Good form, continue practicing with current technique",
    "alignment": "Work on maintaining symmetrical movement patterns",
    "stability": "Good stability, continue with current technique",
    "power": "Consider increasing intensity gradually"
  },
  "safety_considerations": [
    "Maintain proper wrist alignment to prevent wrist sprains"
  ]
}