{
  "power_generation": {
    "explosiveness": 0.6828904028297877,
    "force_transfer": 0.7732132963399014,
    "efficiency": 0.6930842262939783
  },
  "technical_metrics": {
    "precision": 0.6001242867573495,
    "consistency": 0.6587201869617263,
    "fluidity": 0.8868086524950434
  },
  "biomechanical_metrics": {
    "joint_loading": 0.7629715079769183,
    "muscle_activation": 0.5209281432131347,
    "energy_efficiency": 0.897083650052722
  }
}