{
  "key_points": {
    "shoulders": [
      -0.12148085522464949,
      0.5839443174539006,
      0.01981460817681173
    ],
    "elbows": [
      0.26287253879662315,
      0.5089840433762481,
      0.07871797846872136
    ],
    "wrists": [
      0.367277647364867,
      0.3760623771733129,
      0.08866242460521342
    ],
    "hips": [
      0.026848329261462023,
      0.4671252050508461,
      -0.07437839392886898
    ],
    "knees": [
      -0.04091833255139016,
      0.333852604408479,
      0.062461274944978634
    ],
    "ankles": [
      -0.34582821890954785,
      0.16754782563478215,
      0.07928187889099775
    ]
  },
  "angles": {
    "knee": 27.47370920889356,
    "hip": 79.01421675791606,
    "shoulder": 23.458836730088134,
    "elbow": 67.94297474371413
  },
  "analysis_scores": {
    "alignment": 0.8847452600329309,
    "balance": 0.7264203505572304,
    "form": 0.931298080057157,
    "stability": 0.789121283181927,
    "coordination": 0.6004761120113387,
    "precision": 0.8757229142562633,
    "power": 0.9587584077228036,
    "efficiency": 0.9224452164488718,
    "safety": 0.8471671787148078,
    "overall": 0.858966513145039,
    "shoulder": 0.6448790811843623,
    "elbow": 0.9462407108812019,
    "wrist": 0.6506071629783785,
    "hip": 0.9277154106588141,
    "knee": 0.9143166712295282,
    "ankle": 0.6839628431036128,
    "back": 0.8198214602698735,
    "neck": 0.7686093143837717
  },
  "recommendations": {
    "form": "Good form, continue practicing with current technique",
    "alignment": "Work on maintaining symmetrical movement patterns",
    "stability": "Focus on maintaining proper posture and balance",
    "power": "Good power output, maintain current intensity"
  },
  "safety_considerations": []
}