{
  "power_generation": {
    "explosiveness": 0.8356722896424325,
    "force_transfer": 0.8784031215888137,
    "efficiency": 0.947112521126986
  },
  "technical_metrics": {
    "precision": 0.6798425860722113,
    "consistency": 0.6361099688598949,
    "fluidity": 0.5352534051831885
  },
  "biomechanical_metrics": {
    "joint_loading": 0.9205324210200461,
    "muscle_activation": 0.9666077927422985,
    "energy_efficiency": 0.9620123962792413
  }
}