{
  "key_points": {
    "shoulders": [
      -0.09298187101376337,
      0.5062674053053697,
      0.0334055003550211
    ],
    "elbows": [
      -0.20202697914880294,
      0.4161663615729846,
      -0.036963503216776106
    ],
    "wrists": [
      0.2425815861131062,
      0.33725868357876443,
      -0.09576383660299895
    ],
    "hips": [
      -0.017173949791060128,
      0.305199201627638,
      -0.01330993129253058
    ],
    "knees": [
      -0.2749427106837591,
      0.20129894297827874,
      0.024384176229431648
    ],
    "ankles": [
      0.2978093470418759,
      0.28483023238505245,
      -0.03137093682646962
    ]
  },
  "angles": {
    "knee": 88.80182261024869,
    "hip": 84.97188044451127,
    "shoulder": 72.25729717221196,
    "elbow": 140.505328233885
  },
  "analysis_scores": {
    "alignment": 0.7370924871543758,
    "balance": 0.6333986882308902,
    "form": 0.8360359390709328,
    "stability": 0.6036604833625716,
    "coordination": 0.9212802641468423,
    "precision": 0.9614704325982963,
    "power": 0.6808226082624729,
    "efficiency": 0.6445713018359418,
    "safety": 0.6759222894532796,
    "overall": 0.8489835636220637,
    "shoulder": 0.8698910691491923,
    "elbow": 0.6597246702856879,
    "wrist": 0.6324105927648985,
    "hip": 0.7978000312201492,
    "knee": 0.8916439172580967,
    "ankle": 0.6956967796465856,
    "back": 0.8814315048203734,
    "neck": 0.9706477610628742
  },
  "recommendations": {
    "form": "Good form, continue practicing with current technique",
    "alignment": "Good alignment, maintain current technique",
    "stability": "Good stability, continue with current technique",
    "power": "Good power output, maintain current intensity"
  },
  "safety_considerations": []
}