{
  "power_generation": {
    "explosiveness": 0.5071551718460764,
    "force_transfer": 0.5319384596427748,
    "efficiency": 0.6283082840285066
  },
  "technical_metrics": {
    "precision": 0.8816197843299295,
    "consistency": 0.9484944528271901,
    "fluidity": 0.9012021189323538
  },
  "biomechanical_metrics": {
    "joint_loading": 0.8742855389911097,
    "muscle_activation": 0.750474150068676,
    "energy_efficiency": 0.5126087879591679
  }
}