{
  "power_generation": {
    "explosiveness": 0.9265783214807704,
    "force_transfer": 0.7840434798044709,
    "efficiency": 0.9254008949205569
  },
  "technical_metrics": {
    "precision": 0.55778305260513,
    "consistency": 0.6562417074279923,
    "fluidity": 0.7114465244382355
  },
  "biomechanical_metrics": {
    "joint_loading": 0.8608991194016135,
    "muscle_activation": 0.9095577582595844,
    "energy_efficiency": 0.7999994198828411
  }
}