{
  "key_points": {
    "shoulders": [
      -0.05296514652157791,
      0.6163981520489629,
      0.07973239168536336
    ],
    "elbows": [
      0.0464830713930216,
      0.533913398831984,
      -0.07358180321963251
    ],
    "wrists": [
      -0.23249133272042677,
      0.3794241272408262,
      0.06255960147564477
    ],
    "hips": [
      -0.03494629512686767,
      0.4832796563694743,
      0.07339452450909908
    ],
    "knees": [
      0.28179133862164113,
      0.32959769463288335,
      0.07850372729684205
    ],
    "ankles": [
      0.17470535235542406,
      0.10430008908888529,
      0.03453120631842485
    ]
  },
  "angles": {
    "knee": 67.98372564729593,
    "hip": 113.928666686357,
    "shoulder": 25.7429777012871,
    "elbow": 59.17188230873566
  },
  "analysis_scores": {
    "alignment": 0.6710581446731406,
    "balance": 0.6819470593805672,
    "form": 0.820370241405367,
    "stability": 0.731367250445015,
    "coordination": 0.9869626156184692,
    "precision": 0.8930379825240606,
    "power": 0.7162142966339284,
    "efficiency": 0.9048921395582714,
    "safety": 0.9987894218513772,
    "overall": 0.728251294957508,
    "shoulder": 0.8588024168386501,
    "elbow": 0.7035288578638228,
    "wrist": 0.8259034484490677,
    "hip": 0.8039535131251682,
    "knee": 0.8710992536445683,
    "ankle": 0.8125052826306042,
    "back": 0.7982811985619076,
    "neck": 0.7415181922005212
  },
  "recommendations": {
    "form": "Focus on maintaining proper joint angles during movement",
    "alignment": "Good alignment, maintain current technique",
    "stability": "Good stability, continue with current technique",
    "power": "Good power output, maintain current intensity"
  },
  "safety_considerations": []
}