{
  "power_generation": {
    "explosiveness": 0.8008953447799565,
    "force_transfer": 0.7335092855058245,
    "efficiency": 0.808000848981727
  },
  "technical_metrics": {
    "precision": 0.7163782555265137,
    "consistency": 0.5244415493869078,
    "fluidity": 0.669086431390471
  },
  "biomechanical_metrics": {
    "joint_loading": 0.5750611781267609,
    "muscle_activation": 0.9388850368680888,
    "energy_efficiency": 0.6209060021337929
  }
}