{
  "key_points": {
    "shoulders": [
      -0.21758410829672675,
      0.5979724490540161,
      0.11298236903792852
    ],
    "elbows": [
      0.39312924226096513,
      0.559578772056545,
      -0.10353240074437764
    ],
    "wrists": [
      -0.31375566174226843,
      0.3505395196651293,
      0.13434918483712915
    ],
    "hips": [
      0.14047520957857823,
      0.4533406331245137,
      -0.16971921000463508
    ]
  },
  "angles": {
    "shoulder": 57.1027411219307,
    "elbow": 149.73969106685672
  },
  "analysis_scores": {
    "alignment": 0.637586925913139,
    "balance": 0.6030607710938587,
    "form": 0.664099348237525,
    "stability": 0.694020069098056,
    "coordination": 0.6691786878470627,
    "precision": 0.6444355283116896,
    "power": 0.9638381205357838,
    "efficiency": 0.7175509943100269,
    "safety": 0.8354215389880346,
    "overall": 0.600484477477868,
    "shoulder": 1.0,
    "elbow": 0.7754727434752289,
    "wrist": 1.0,
    "hip": 0.7380455086699237,
    "knee": 0.9576123865626857,
    "ankle": 0.763044941611837,
    "back": 0.8677547508103921,
    "neck": 0.7218849854248173
  },
  "recommendations": {
    "form": "Good form, continue practicing with current technique",
    "alignment": "Good alignment, maintain current technique",
    "stability": "Focus on maintaining proper posture and balance",
    "power": "Good power output, maintain current intensity"
  },
  "safety_considerations": []
}