{
  "key_points": {
    "shoulders": [
      0.005142093356073213,
      0.5334520691901805,
      0.064386222867962
    ],
    "elbows": [
      0.12032634295523814,
      0.5141881167649511,
      0.05809654825118221
    ],
    "wrists": [
      -0.06598656744833004,
      0.3375228457156046,
      0.03270961350929913
    ],
    "hips": [
      -0.08499386031616796,
      0.4409134872426502,
      -0.07925804351854532
    ],
    "knees": [
      0.13266530595535725,
      0.3127109112070393,
      0.08231738695516708
    ],
    "ankles": [
      -0.3730846804941627,
      0.2848810016895898,
      -0.0027000260159906198
    ]
  },
  "angles": {
    "knee": 111.9807733728602,
    "hip": 81.83717459201624,
    "shoulder": 48.713327607451454,
    "elbow": 139.26859126012764
  },
  "analysis_scores": {
    "alignment": 0.7061707402287101,
    "balance": 0.7091080271827583,
    "form": 0.8465970140624836,
    "stability": 0.666254120425411,
    "coordination": 0.9358968536715265,
    "precision": 0.7079627171119537,
    "power": 0.9745608188741679,
    "efficiency": 0.7699211669597112,
    "safety": 0.7163500645964935,
    "overall": 0.9844140634439762,
    "shoulder": 0.6912221328075513,
    "elbow": 0.6721842001239543,
    "wrist": 0.9327221973621944,
    "hip": 0.8568373983476807,
    "knee": 0.9578131459491724,
    "ankle": 0.6276312700527508,
    "back": 0.8527453825671418,
    "neck": 0.983147785741122
  },
  "recommendations": {
    "form": "Focus on maintaining proper joint angles during movement",
    "alignment": "Good alignment, maintain current technique",
    "stability": "Good stability, continue with current technique",
    "power": "Good power output, maintain current intensity"
  },
  "safety_considerations": []
}