{
  "power_generation": {
    "explosiveness": 0.6931750761905606,
    "force_transfer": 0.5367667657543198,
    "efficiency": 0.7891746365575777
  },
  "technical_metrics": {
    "precision": 0.6679803936169166,
    "consistency": 0.9973169291088952,
    "fluidity": 0.586713798584948
  },
  "biomechanical_metrics": {
    "joint_loading": 0.536946788196538,
    "muscle_activation": 0.9311694631012593,
    "energy_efficiency": 0.5084065584442774
  }
}