{
  "key_points": {
    "shoulders": [
      -0.17003248886092615,
      0.5713429494279652,
      -0.05743399284554476
    ],
    "elbows": [
      -0.12565474837941973,
      0.5667773751218923,
      0.014946650175373957
    ],
    "wrists": [
      -0.0005961628843551559,
      0.4054752372230107,
      -0.04897871935321501
    ],
    "hips": [
      -0.0939425742584767,
      0.3381942225712915,
      0.09113350281043262
    ],
    "knees": [
      0.18940153280839378,
      0.3918420083722128,
      0.08367714090704997
    ],
    "ankles": [
      0.0716517637313071,
      0.27684736474660193,
      0.014106163497414309
    ]
  },
  "angles": {
    "knee": 101.23620919311108,
    "hip": 87.98751885725392,
    "shoulder": 64.83170959623618,
    "elbow": 67.69631987200785
  },
  "analysis_scores": {
    "alignment": 0.9306715246527884,
    "balance": 0.9927716268018013,
    "form": 0.7002332071173007,
    "stability": 0.7696785636303768,
    "coordination": 0.787434313804612,
    "precision": 0.8287986294063592,
    "power": 0.7796003589587012,
    "efficiency": 0.6426775387140927,
    "safety": 0.6385240882400195,
    "overall": 0.9518269378589108,
    "shoulder": 0.9903533463367497,
    "elbow": 0.9245471283398586,
    "wrist": 0.7257043089592776,
    "hip": 0.8039177258097229,
    "knee": 0.6240961818227028,
    "ankle": 0.9796561762943187,
    "back": 0.8758608820522154,
    "neck": 0.6887051481841581
  },
  "recommendations": {
    "form": "Good form, continue practicing with current technique",
    "alignment": "Good alignment, maintain current technique",
    "stability": "Good stability, continue with current technique",
    "power": "Good power output, maintain current intensity"
  },
  "safety_considerations": []
}