{
  "power_generation": {
    "explosiveness": 0.9598748235101949,
    "force_transfer": 0.7303698076123852,
    "efficiency": 0.5450766520359271
  },
  "technical_metrics": {
    "precision": 0.6453770957066645,
    "consistency": 0.96735758536815,
    "fluidity": 0.7663311233845962
  },
  "biomechanical_metrics": {
    "joint_loading": 0.7764694318960554,
    "muscle_activation": 0.8972903194900073,
    "energy_efficiency": 0.7734042837536093
  }
}