{
  "key_points": {
    "shoulders": [
      -0.11271959906879472,
      0.6464618677123803,
      0.027265168042006183
    ],
    "elbows": [
      0.26303061387191534,
      0.4409355440551794,
      0.09013969925237905
    ],
    "wrists": [
      -0.14298307830995594,
      0.3898137544463282,
      -0.07381055834210642
    ],
    "hips": [
      0.07636557572761077,
      0.47551980831115614,
      -0.026088113105886213
    ],
    "knees": [
      -0.2644407082892504,
      0.2895150670337848,
      0.02366941785629864
    ],
    "ankles": [
      0.2758474200130314,
      0.22508813009697506,
      -0.08658943454171589
    ]
  },
  "angles": {
    "knee": 72.96173919793938,
    "hip": 76.91716815590387,
    "shoulder": 66.46863104800569,
    "elbow": 74.59574845259829
  },
  "analysis_scores": {
    "alignment": 0.6678942182007631,
    "balance": 0.8101425991867212,
    "form": 0.8064214062352909,
    "stability": 0.6205346688973926,
    "coordination": 0.7539967841264918,
    "precision": 0.8577771448321261,
    "power": 0.9999124717612058,
    "efficiency": 0.7952809032022414,
    "safety": 0.9535777192414557,
    "overall": 0.7917409929674202,
    "shoulder": 0.666603731216435,
    "elbow": 0.7918270639182334,
    "wrist": 0.8424210363495385,
    "hip": 0.8234300275529469,
    "knee": 0.7197566998788951,
    "ankle": 0.8441845237570402,
    "back": 0.869620855074505,
    "neck": 0.888145878921711
  },
  "recommendations": {
    "form": "Focus on maintaining proper joint angles during movement",
    "alignment": "Work on maintaining symmetrical movement patterns",
    "stability": "Good stability, continue with current technique",
    "power": "Good power output, maintain current intensity"
  },
  "safety_considerations": []
}