{
  "power_generation": {
    "explosiveness": 0.5751156930877825,
    "force_transfer": 0.9146781798833005,
    "efficiency": 0.6002591394301313
  },
  "technical_metrics": {
    "precision": 0.7673362090507425,
    "consistency": 0.6002403693061067,
    "fluidity": 0.6336504792995685
  },
  "biomechanical_metrics": {
    "joint_loading": 0.9871099082261713,
    "muscle_activation": 0.8139986423146639,
    "energy_efficiency": 0.5050624067182019
  }
}