{
  "key_points": {
    "shoulders": [
      0.17449234686919018,
      0.6991815844568736,
      0.03843873861188968
    ],
    "elbows": [
      -0.24435079920539338,
      0.4804829356338506,
      -0.06800950141993412
    ],
    "wrists": [
      0.3325471499197854,
      0.3712543762996086,
      0.03331689273768454
    ],
    "hips": [
      -0.11039982127219689,
      0.3011265722927797,
      0.07884585322819698
    ],
    "knees": [
      0.2590883954073819,
      0.23504715452165137,
      0.06929189440685132
    ],
    "ankles": [
      -0.17172439680979165,
      0.29311253731928244,
      -0.011392008438602413
    ]
  },
  "angles": {
    "knee": 143.36238583031493,
    "hip": 95.59465824136471,
    "shoulder": 33.84473217830249,
    "elbow": 133.29826812872
  },
  "analysis_scores": {
    "alignment": 0.7127579641570102,
    "balance": 0.8858071990900772,
    "form": 0.9098855911898844,
    "stability": 0.8345013588982512,
    "coordination": 0.8979077553041108,
    "precision": 0.8025332565912572,
    "power": 0.7794776081048793,
    "efficiency": 0.9778803739497162,
    "safety": 0.8618859754667996,
    "overall": 0.899466963075715,
    "shoulder": 0.698220938558,
    "elbow": 0.976610940099619,
    "wrist": 0.9069224874000152,
    "hip": 0.8923099531382406,
    "knee": 0.9755429052104945,
    "ankle": 0.8305403847435002,
    "back": 0.8673815184795899,
    "neck": 0.8693119237104054
  },
  "recommendations": {
    "form": "Good form, continue practicing with current technique",
    "alignment": "Good alignment, maintain current technique",
    "stability": "Focus on maintaining proper posture and balance",
    "power": "Consider increasing intensity gradually"
  },
  "safety_considerations": []
}