{
  "power_generation": {
    "explosiveness": 0.5654929307973369,
    "force_transfer": 0.9088624259995773,
    "efficiency": 0.5998243229423481
  },
  "technical_metrics": {
    "precision": 0.8456508958490581,
    "consistency": 0.8863621461598141,
    "fluidity": 0.826321876195566
  },
  "biomechanical_metrics": {
    "joint_loading": 0.7859525666203511,
    "muscle_activation": 0.6698306265793672,
    "energy_efficiency": 0.5776971463731013
  }
}