{
  "key_points": {
    "shoulders": [
      -0.21268777203984032,
      0.7985079076000744,
      0.032745540396466405
    ],
    "hips": [
      -0.24990375702832923,
      0.49198778573694796,
      -0.03586237600828443
    ],
    "knees": [
      -0.04827380816577154,
      0.4861507417818408,
      0.11985479608125577
    ],
    "ankles": [
      -0.06807728381845912,
      0.3908306701720841,
      0.17661307926036868
    ]
  },
  "angles": {
    "knee": 155.8100708540733,
    "hip": 31.781111928108906,
    "shoulder": 56.23371528468328
  },
  "analysis_scores": {
    "alignment": 0.8654425925915876,
    "balance": 0.6399179901448895,
    "form": 0.6094417868428682,
    "stability": 0.8510465032307777,
    "coordination": 0.771917090757319,
    "precision": 0.8847076655191428,
    "power": 0.9297935863297755,
    "efficiency": 0.9629236480819806,
    "safety": 0.6733061130617171,
    "overall": 0.8405701082346102,
    "shoulder": 0.921210276698125,
    "elbow": 0.6617328939944657,
    "wrist": 0.7591841228189156,
    "hip": 1.0,
    "knee": 1.0,
    "ankle": 1.0,
    "back": 0.7360810862436546,
    "neck": 0.6561876784830482
  },
  "recommendations": {
    "form": "Good form, continue practicing with current technique",
    "alignment": "Work on maintaining symmetrical movement patterns",
    "stability": "Focus on maintaining proper posture and balance",
    "power": "Good power output, maintain current intensity"
  },
  "safety_considerations": []
}