{
  "power_generation": {
    "explosiveness": 0.8812807990149855,
    "force_transfer": 0.7259994329364491,
    "efficiency": 0.714030434877091
  },
  "technical_metrics": {
    "precision": 0.62999987100041,
    "consistency": 0.8653343052570169,
    "fluidity": 0.7414744761234375
  },
  "biomechanical_metrics": {
    "joint_loading": 0.6031819869665587,
    "muscle_activation": 0.5851488055538423,
    "energy_efficiency": 0.9957316790447157
  }
}