{
  "key_points": {
    "shoulders": [
      0.12696552655463955,
      0.5223532345512091,
      -0.04759362232215552
    ],
    "elbows": [
      -0.18301554757130856,
      0.4353856024043556,
      -0.03475323175623375
    ],
    "wrists": [
      0.2562638946099457,
      0.3703852363426372,
      -0.09517182905570865
    ],
    "hips": [
      0.07036837172922639,
      0.35155275294124716,
      0.06574224356618172
    ],
    "knees": [
      -0.016486754364204992,
      0.22083641966639456,
      -0.018611020194117242
    ],
    "ankles": [
      -0.39145020630361343,
      0.2028123536273541,
      0.014737728192587896
    ]
  },
  "angles": {
    "knee": 144.00821320870315,
    "hip": 44.78337478741498,
    "shoulder": 41.804559962719566,
    "elbow": 119.32996897178008
  },
  "analysis_scores": {
    "alignment": 0.6779176943930562,
    "balance": 0.9897311498222364,
    "form": 0.882585749722891,
    "stability": 0.9243488132931719,
    "coordination": 0.7882061933112722,
    "precision": 0.6219256835795006,
    "power": 0.6788995441350056,
    "efficiency": 0.709300098839935,
    "safety": 0.9191883315565506,
    "overall": 0.9589943235697211,
    "shoulder": 0.8902568188768669,
    "elbow": 0.9236486164170354,
    "wrist": 0.6726021679727844,
    "hip": 0.8190587090940578,
    "knee": 0.9292104964240809,
    "ankle": 0.8289500212182237,
    "back": 0.831870633507916,
    "neck": 0.6624273960626244
  },
  "recommendations": {
    "form": "Focus on maintaining proper joint angles during movement",
    "alignment": "Good alignment, maintain current technique",
    "stability": "Good stability, continue with current technique",
    "power": "Consider increasing intensity gradually"
  },
  "safety_considerations": []
}