{
  "power_generation": {
    "explosiveness": 0.8103561362201073,
    "force_transfer": 0.5059660816712477,
    "efficiency": 0.708008777194149
  },
  "technical_metrics": {
    "precision": 0.5067683868529256,
    "consistency": 0.5701614501159842,
    "fluidity": 0.9454735282948082
  },
  "biomechanical_metrics": {
    "joint_loading": 0.9965017737250097,
    "muscle_activation": 0.7014330984874351,
    "energy_efficiency": 0.6009086106518825
  }
}