{
  "key_points": {
    "shoulders": [
      0.004317871587309341,
      0.6863081284827155,
      0.04635584096346568
    ],
    "elbows": [
      0.2942326056972379,
      0.5776390710982784,
      -0.030154455211867645
    ],
    "wrists": [
      0.11461277483906529,
      0.3548654107774409,
      0.04223683325073688
    ],
    "hips": [
      -0.16614390836730766,
      0.4301606983527284,
      -0.016994486646980028
    ],
    "knees": [
      0.18873316749986085,
      0.33608767801615536,
      -0.06739672787980763
    ],
    "ankles": [
      -0.23204215563505654,
      0.2857848649712622,
      0.031355612259379245
    ]
  },
  "angles": {
    "knee": 129.37711352766553,
    "hip": 154.63701711782727,
    "shoulder": 48.22324552787333,
    "elbow": 78.80528366692154
  },
  "analysis_scores": {
    "alignment": 0.6049483465452247,
    "balance": 0.6418468470440228,
    "form": 0.775097335284179,
    "stability": 0.9003699227673491,
    "coordination": 0.8334233035573722,
    "precision": 0.9118776553984378,
    "power": 0.6476712441158535,
    "efficiency": 0.8586851862337178,
    "safety": 0.9668100983884228,
    "overall": 0.9030608223193286,
    "shoulder": 0.6159069943780372,
    "elbow": 0.798820560137352,
    "wrist": 0.8352713907921707,
    "hip": 0.6615265862331304,
    "knee": 0.7679675753089052,
    "ankle": 0.9881695181385062,
    "back": 0.7377072451019694,
    "neck": 0.849237990350953
  },
  "recommendations": {
    "form": "Good form, continue practicing with current technique",
    "alignment": "Work on maintaining symmetrical movement patterns",
    "stability": "Focus on maintaining proper posture and balance",
    "power": "Good power output, maintain current intensity"
  },
  "safety_considerations": [
    "Focus on proper wrist positioning to prevent strain"
  ]
}