{
  "power_generation": {
    "explosiveness": 0.8526537024521849,
    "force_transfer": 0.6978192961054612,
    "efficiency": 0.7046286339237562
  },
  "technical_metrics": {
    "precision": 0.6218585349434154,
    "consistency": 0.5426352411517363,
    "fluidity": 0.8286778730291345
  },
  "biomechanical_metrics": {
    "joint_loading": 0.6744635687755348,
    "muscle_activation": 0.7857674100473313,
    "energy_efficiency": 0.6900812287238521
  }
}