{
  "key_points": {
    "shoulders": [
      0.04954322873307446,
      0.5066766003826471,
      -0.09816435542979468
    ],
    "elbows": [
      0.022847087089712392,
      0.5729260210453535,
      -0.0002717314961610262
    ],
    "wrists": [
      -0.14094230669414687,
      0.4033847747856314,
      -0.008571533454556496
    ],
    "hips": [
      0.10703340887892993,
      0.38361508820980356,
      0.05141841218595303
    ],
    "knees": [
      0.21760399129605829,
      0.32902788738769867,
      -0.06584465376760726
    ],
    "ankles": [
      0.36054939816733544,
      0.15146398291941035,
      0.04089076066932315
    ]
  },
  "angles": {
    "knee": 95.242720959197,
    "hip": 126.21278307131692,
    "shoulder": 19.109568714463744,
    "elbow": 97.21042093551758
  },
  "analysis_scores": {
    "alignment": 0.6880888516157496,
    "balance": 0.6342223032359358,
    "form": 0.8401796988837902,
    "stability": 0.8046154894389748,
    "coordination": 0.8862048486949796,
    "precision": 0.7089517750694455,
    "power": 0.686589623040686,
    "efficiency": 0.9360943356201046,
    "safety": 0.8395790546623028,
    "overall": 0.642320517232701,
    "shoulder": 0.6247199267599195,
    "elbow": 0.871310832501803,
    "wrist": 0.935287020544971,
    "hip": 0.9794683308748797,
    "knee": 0.7520577090108711,
    "ankle": 0.9770550455628938,
    "back": 0.8074587241714091,
    "neck": 0.9420555724120014
  },
  "recommendations": {
    "form": "Good form, continue practicing with current technique",
    "alignment": "Good alignment, maintain current technique",
    "stability": "Good stability, continue with current technique",
    "power": "Good power output, maintain current intensity"
  },
  "safety_considerations": [
    "Focus on proper knee alignment to prevent overuse injuries"
  ]
}