{
  "power_generation": {
    "explosiveness": 0.8743024077929462,
    "force_transfer": 0.958855741403816,
    "efficiency": 0.6217502945519361
  },
  "technical_metrics": {
    "precision": 0.7845513597348633,
    "consistency": 0.6767361736452979,
    "fluidity": 0.9218772351258333
  },
  "biomechanical_metrics": {
    "joint_loading": 0.8838565254612617,
    "muscle_activation": 0.8390341695137986,
    "energy_efficiency": 0.8374114679085392
  }
}