{
  "key_points": {
    "shoulders": [
      0.12545552088474554,
      0.5078563440007298,
      0.042778036142357645
    ],
    "elbows": [
      0.2102880195591777,
      0.5230167821842429,
      0.0349982622000225
    ],
    "wrists": [
      -0.3720497609016394,
      0.35060630183333547,
      0.027524188918527204
    ],
    "hips": [
      0.19950320963474671,
      0.4438608955250688,
      -0.0729344873932525
    ],
    "knees": [
      -0.2661315992085969,
      0.2823083624656697,
      -0.05785329109262485
    ],
    "ankles": [
      -0.3769929486071464,
      0.27989201243949735,
      0.08960110749115244
    ]
  },
  "angles": {
    "knee": 62.257186401807715,
    "hip": 116.4630623457639,
    "shoulder": 20.502064507777096,
    "elbow": 40.15918279712121
  },
  "analysis_scores": {
    "alignment": 0.7515506614306848,
    "balance": 0.8381011240371088,
    "form": 0.8894609070972832,
    "stability": 0.7317252730484297,
    "coordination": 0.923214570864782,
    "precision": 0.6140789202281189,
    "power": 0.7557241362380225,
    "efficiency": 0.6910997526323214,
    "safety": 0.9178264809647286,
    "overall": 0.9365556370756388,
    "shoulder": 0.978982035757888,
    "elbow": 0.7343572549434854,
    "wrist": 0.6500853734003843,
    "hip": 0.7249601817322495,
    "knee": 0.6276635063000966,
    "ankle": 0.823921154068864,
    "back": 0.6154498363647997,
    "neck": 0.9716302813379557
  },
  "recommendations": {
    "form": "Focus on maintaining proper joint angles during movement",
    "alignment": "Good alignment, maintain current technique",
    "stability": "Focus on maintaining proper posture and balance",
    "power": "Good power output, maintain current intensity"
  },
  "safety_considerations": []
}