{
  "power_generation": {
    "explosiveness": 0.6728132765857513,
    "force_transfer": 0.6145084878846334,
    "efficiency": 0.9316688826264379
  },
  "technical_metrics": {
    "precision": 0.8282796741865992,
    "consistency": 0.6656487077021598,
    "fluidity": 0.9878111277054308
  },
  "biomechanical_metrics": {
    "joint_loading": 0.5147333829372442,
    "muscle_activation": 0.8147232209508861,
    "energy_efficiency": 0.9680882640785806
  }
}