{
  "key_points": {
    "shoulders": [
      0.016794742046256278,
      0.5289355731819232,
      0.023312543168110933
    ],
    "elbows": [
      0.20125651589814547,
      0.5803901693264009,
      0.026567098929735383
    ],
    "wrists": [
      0.181201441357992,
      0.44260199592206806,
      0.043538637931312574
    ],
    "hips": [
      0.03208978396943157,
      0.4010611682580397,
      0.03845968220538504
    ],
    "knees": [
      0.06115009339359512,
      0.2294434137731497,
      0.02782342496011031
    ],
    "ankles": [
      -0.24636153854576542,
      0.28600703621590284,
      0.05664238860898099
    ]
  },
  "angles": {
    "knee": 68.58291846955937,
    "hip": 148.04919717101816,
    "shoulder": 48.03512629648254,
    "elbow": 68.80173223360497
  },
  "analysis_scores": {
    "alignment": 0.6569473326962308,
    "balance": 0.9730479444573784,
    "form": 0.871911780375229,
    "stability": 0.6263968872189496,
    "coordination": 0.8602670758564959,
    "precision": 0.8921982562641296,
    "power": 0.7420553742079677,
    "efficiency": 0.7365063244516158,
    "safety": 0.665149593620988,
    "overall": 0.9271752027407338,
    "shoulder": 0.7891047453172368,
    "elbow": 0.631566534533982,
    "wrist": 0.8741453272074209,
    "hip": 0.7307066176117852,
    "knee": 0.7576375007712337,
    "ankle": 0.6741760490752489,
    "back": 0.6821885886786855,
    "neck": 0.7084521433648907
  },
  "recommendations": {
    "form": "Good form, continue practicing with current technique",
    "alignment": "Good alignment, maintain current technique",
    "stability": "Good stability, continue with current technique",
    "power": "Good power output, maintain current intensity"
  },
  "safety_considerations": []
}