{
  "power_generation": {
    "explosiveness": 0.6320677048088121,
    "force_transfer": 0.6401191605548288,
    "efficiency": 0.5272392943200586
  },
  "technical_metrics": {
    "precision": 0.8817554288265318,
    "consistency": 0.7216738662180284,
    "fluidity": 0.9035753074552687
  },
  "biomechanical_metrics": {
    "joint_loading": 0.9118839350688528,
    "muscle_activation": 0.8846194465709114,
    "energy_efficiency": 0.9502850450258952
  }
}