{
  "key_points": {
    "shoulders": [
      0.0015922143433502178,
      0.5069012688670314,
      0.02893903345342222
    ],
    "elbows": [
      -0.13902392043873732,
      0.5190663093741337,
      0.0015105403369038567
    ],
    "wrists": [
      -0.22172408471934243,
      0.3255187246918911,
      -0.004275078784921366
    ],
    "hips": [
      0.05286785559500029,
      0.3614635428678599,
      0.030136835783204724
    ],
    "knees": [
      0.07265243484868222,
      0.21145187160324005,
      0.08746327561149878
    ],
    "ankles": [
      0.28434123915997733,
      0.1360347358391754,
      -0.06490896168211924
    ]
  },
  "angles": {
    "knee": 125.92570511639585,
    "hip": 127.22732017403455,
    "shoulder": 16.837115379074024,
    "elbow": 155.32888712844152
  },
  "analysis_scores": {
    "alignment": 0.8433432428735628,
    "balance": 0.8513315825878087,
    "form": 0.725835578853512,
    "stability": 0.7264851136595499,
    "coordination": 0.9902579175343204,
    "precision": 0.8366047128581184,
    "power": 0.8849121642418203,
    "efficiency": 0.6572301921277699,
    "safety": 0.9993327612698581,
    "overall": 0.8750828668959431,
    "shoulder": 0.8350134460064579,
    "elbow": 0.794164520992213,
    "wrist": 0.9542131658184492,
    "hip": 0.6713083365884825,
    "knee": 0.6187095073380801,
    "ankle": 0.7704646005266733,
    "back": 0.8906443522425842,
    "neck": 0.6194802087502369
  },
  "recommendations": {
    "form": "Focus on maintaining proper joint angles during movement",
    "alignment": "Good alignment, maintain current technique",
    "stability": "Good stability, continue with current technique",
    "power": "Good power output, maintain current intensity"
  },
  "safety_considerations": []
}