{
  "power_generation": {
    "explosiveness": 0.9375127239525788,
    "force_transfer": 0.780760191719112,
    "efficiency": 0.5720058989086617
  },
  "technical_metrics": {
    "precision": 0.5051620834669737,
    "consistency": 0.8009281578586035,
    "fluidity": 0.9694105188673905
  },
  "biomechanical_metrics": {
    "joint_loading": 0.8452507155615602,
    "muscle_activation": 0.8087739143911252,
    "energy_efficiency": 0.7534625583999209
  }
}