{
  "key_points": {
    "shoulders": [
      -0.06091940858853748,
      0.5767660757554406,
      0.0524229545977721
    ],
    "elbows": [
      -0.25246545184752944,
      0.565588127054843,
      0.0810117859078057
    ],
    "wrists": [
      -0.23511871751380575,
      0.3365885830703523,
      0.05389861063858689
    ],
    "hips": [
      -0.024996383634508318,
      0.43477092781665205,
      0.020983995825631707
    ],
    "knees": [
      0.22489031520899988,
      0.3267165095194072,
      0.00791640131071962
    ],
    "ankles": [
      -0.05498267929739925,
      0.13675881520285998,
      0.06470972134942346
    ]
  },
  "angles": {
    "knee": 36.976580235878025,
    "hip": 47.41934815581386,
    "shoulder": 45.703467867014915,
    "elbow": 108.8374221230003
  },
  "analysis_scores": {
    "alignment": 0.8062174834844107,
    "balance": 0.6726994450888545,
    "form": 0.606295392573266,
    "stability": 0.7853132751359031,
    "coordination": 0.7926213743269437,
    "precision": 0.6335432059275724,
    "power": 0.7719910974876953,
    "efficiency": 0.6909389893131289,
    "safety": 0.9951496571550256,
    "overall": 0.9446793379286212,
    "shoulder": 0.7841482646736849,
    "elbow": 0.6562798177546877,
    "wrist": 0.8315999581649763,
    "hip": 0.8903677904463073,
    "knee": 0.9259732417809255,
    "ankle": 0.6759383038617655,
    "back": 0.631058694792369,
    "neck": 0.7971613356077193
  },
  "recommendations": {
    "form": "Good form, continue practicing with current technique",
    "alignment": "Good alignment, maintain current technique",
    "stability": "Good stability, continue with current technique",
    "power": "Good power output, maintain current intensity"
  },
  "safety_considerations": [
    "Focus on maintaining proper back alignment to prevent injury",
    "Maintain proper knee tracking"
  ]
}