{
  "power_generation": {
    "explosiveness": 0.7108316900316098,
    "force_transfer": 0.684173341685735,
    "efficiency": 0.6234491355977918
  },
  "technical_metrics": {
    "precision": 0.88826709135581,
    "consistency": 0.8149334109237338,
    "fluidity": 0.5309849156519677
  },
  "biomechanical_metrics": {
    "joint_loading": 0.5621250005513949,
    "muscle_activation": 0.7402165585451246,
    "energy_efficiency": 0.7545818930094914
  }
}