{
  "key_points": {
    "shoulders": [
      0.21958766817224035,
      0.7241702085474734,
      0.12257032840626386
    ],
    "hips": [
      0.044293448849048456,
      0.48435397692953663,
      -0.07290342631603677
    ],
    "knees": [
      -0.4207294591260725,
      0.33081360859927106,
      -0.19072222416351275
    ],
    "ankles": [
      -0.3442891384898545,
      0.2882996999621175,
      0.1977471297924674
    ]
  },
  "angles": {
    "knee": 93.29676279858693,
    "hip": 91.31507046770382,
    "shoulder": 67.58017261658036
  },
  "analysis_scores": {
    "alignment": 0.8111077802198454,
    "balance": 0.603530635649531,
    "form": 0.9936641958352195,
    "stability": 0.620203078044309,
    "coordination": 0.9006615232459434,
    "precision": 0.8868017977831941,
    "power": 0.9829327706118981,
    "efficiency": 0.8337227460929291,
    "safety": 0.8135435659398847,
    "overall": 0.6015742993793193,
    "shoulder": 0.8853873110782284,
    "elbow": 0.7317580103748567,
    "wrist": 0.7780312587131315,
    "hip": 0.944903969690226,
    "knee": 0.9307796768056114,
    "ankle": 0.9831210150777292,
    "back": 0.6105604622011667,
    "neck": 0.9333827418353456
  },
  "recommendations": {
    "form": "Good form, continue practicing with current technique",
    "alignment": "Good alignment, maintain current technique",
    "stability": "Focus on maintaining proper posture and balance",
    "power": "Good power output, maintain current intensity"
  },
  "safety_considerations": []
}