{
  "power_generation": {
    "explosiveness": 0.9245873078404879,
    "force_transfer": 0.5902202292982055,
    "efficiency": 0.7631932938567436
  },
  "technical_metrics": {
    "precision": 0.9890231397651692,
    "consistency": 0.6383181075858213,
    "fluidity": 0.8534655582619914
  },
  "biomechanical_metrics": {
    "joint_loading": 0.5516230080303854,
    "muscle_activation": 0.8798349450158844,
    "energy_efficiency": 0.7949678499398072
  }
}