{
  "key_points": {
    "shoulders": [
      0.20046765685323792,
      0.5169192165166414,
      -0.07477764371912018
    ],
    "elbows": [
      0.2450132275082979,
      0.4877783745236915,
      -0.009812966832159375
    ],
    "wrists": [
      -0.03866151701650877,
      0.3435138532138967,
      0.16501656325486586
    ],
    "hips": [
      -0.213896514897533,
      0.4057592260746222,
      0.012396707050689348
    ]
  },
  "angles": {
    "shoulder": 38.82070945167599,
    "elbow": 122.34172252769793
  },
  "analysis_scores": {
    "alignment": 0.9886910552208366,
    "balance": 0.9846752959286452,
    "form": 0.6581194295450994,
    "stability": 0.6591614559078117,
    "coordination": 0.7641064376291709,
    "precision": 0.9119450977778684,
    "power": 0.8971163190402408,
    "efficiency": 0.6330425425426354,
    "safety": 0.7832405232089574,
    "overall": 0.8766212585879142,
    "shoulder": 0.7356656175725863,
    "elbow": 0.7725005018557677,
    "wrist": 1.0,
    "hip": 0.7513711162354907,
    "knee": 0.8552495564761631,
    "ankle": 0.9783462892389286,
    "back": 0.9353800128107591,
    "neck": 0.8776386080677534
  },
  "recommendations": {
    "form": "Focus on maintaining proper joint angles during movement",
    "alignment": "Work on maintaining symmetrical movement patterns",
    "stability": "Good stability, continue with current technique",
    "power": "Consider increasing intensity gradually"
  },
  "safety_considerations": []
}