{
  "power_generation": {
    "explosiveness": 0.5087965748979144,
    "force_transfer": 0.8447280576603815,
    "efficiency": 0.7786775734759204
  },
  "technical_metrics": {
    "precision": 0.9417790244528232,
    "consistency": 0.718465781547321,
    "fluidity": 0.5585693332169919
  },
  "biomechanical_metrics": {
    "joint_loading": 0.589931106687019,
    "muscle_activation": 0.5692222512542708,
    "energy_efficiency": 0.8832831892403834
  }
}