{
  "key_points": {
    "shoulders": [
      0.21521540735787864,
      0.5639110468571102,
      0.14976743074391663
    ],
    "elbows": [
      -0.00691383354151176,
      0.41260374702826563,
      0.05703285129117219
    ],
    "wrists": [
      0.3585467297772652,
      0.3987106298149144,
      0.0013852444979572665
    ],
    "hips": [
      -0.12647761751768283,
      0.4494373025140152,
      0.06323783931646643
    ]
  },
  "angles": {
    "shoulder": 18.404422904730783,
    "elbow": 144.53473999516993
  },
  "analysis_scores": {
    "alignment": 0.694585330750105,
    "balance": 0.6975969993970362,
    "form": 0.8633231010379849,
    "stability": 0.6940759957909133,
    "coordination": 0.9370586839902133,
    "precision": 0.9616190396454787,
    "power": 0.6102155583380531,
    "efficiency": 0.852242648583116,
    "safety": 0.6852580997399902,
    "overall": 0.6002714084241304,
    "shoulder": 1.0,
    "elbow": 1.0,
    "wrist": 1.0,
    "hip": 0.6974237775794174,
    "knee": 0.625080367997395,
    "ankle": 0.9320206845876234,
    "back": 0.9107811162895407,
    "neck": 0.6889039568920499
  },
  "recommendations": {
    "form": "Focus on maintaining proper joint angles during movement",
    "alignment": "Good alignment, maintain current technique",
    "stability": "Good stability, continue with current technique",
    "power": "Good power output, maintain current intensity"
  },
  "safety_considerations": []
}