{
  "power_generation": {
    "explosiveness": 0.5759871499443299,
    "force_transfer": 0.8167488979818617,
    "efficiency": 0.7199815543944226
  },
  "technical_metrics": {
    "precision": 0.7901824370455206,
    "consistency": 0.5651370196159242,
    "fluidity": 0.9582538462387558
  },
  "biomechanical_metrics": {
    "joint_loading": 0.9837629840013835,
    "muscle_activation": 0.8446395835782533,
    "energy_efficiency": 0.8859108838907912
  }
}