{
  "key_points": {
    "shoulders": [
      0.15291207446751648,
      0.6667500483391684,
      0.006484651976836092
    ],
    "elbows": [
      0.055877842208760464,
      0.5215078455561306,
      0.04149187688333797
    ],
    "wrists": [
      -0.19122299998226186,
      0.4195069738214471,
      -0.010609250448363985
    ],
    "hips": [
      -0.11911569296588748,
      0.39179012802955876,
      -0.007856236983730239
    ],
    "knees": [
      -0.19184190072275364,
      0.36146317270272127,
      0.06125634854456394
    ],
    "ankles": [
      -0.06992300722240313,
      0.2774062514870358,
      -0.061168774672042917
    ]
  },
  "angles": {
    "knee": 61.17642600460482,
    "hip": 122.49242372838644,
    "shoulder": 52.04037299266563,
    "elbow": 107.4528942480246
  },
  "analysis_scores": {
    "alignment": 0.6438829178050121,
    "balance": 0.994275392765539,
    "form": 0.76960507023023,
    "stability": 0.6736064175771187,
    "coordination": 0.6304308389725517,
    "precision": 0.6075426250317871,
    "power": 0.6693810849088299,
    "efficiency": 0.6641336718724021,
    "safety": 0.7506791613048681,
    "overall": 0.8756041116843106,
    "shoulder": 0.8758724388846167,
    "elbow": 0.6897806538306295,
    "wrist": 0.8602493342064301,
    "hip": 0.9177532317713245,
    "knee": 0.7285758253300583,
    "ankle": 0.6629972168371718,
    "back": 0.6683602490365715,
    "neck": 0.8466497972379823
  },
  "recommendations": {
    "form": "Good form, continue practicing with current technique",
    "alignment": "Good alignment, maintain current technique",
    "stability": "Focus on maintaining proper posture and balance",
    "power": "Good power output, maintain current intensity"
  },
  "safety_considerations": []
}