{
  "power_generation": {
    "explosiveness": 0.7701284601543963,
    "force_transfer": 0.768108358736485,
    "efficiency": 0.8505569200932395
  },
  "technical_metrics": {
    "precision": 0.6908658404113506,
    "consistency": 0.9216290578111596,
    "fluidity": 0.7817783240245598
  },
  "biomechanical_metrics": {
    "joint_loading": 0.982781527923988,
    "muscle_activation": 0.711848950472403,
    "energy_efficiency": 0.8805107351351381
  }
}