{
  "key_points": {
    "shoulders": [
      -0.10577256263637912,
      0.5518633185492808,
      -0.06048689187718124
    ],
    "elbows": [
      0.28687553377026825,
      0.5682986731169591,
      0.09264584428991537
    ],
    "wrists": [
      -0.3686780886653887,
      0.37952065063416984,
      -0.03295248621510198
    ],
    "hips": [
      -0.16172915243289496,
      0.4158787627684869,
      -0.0029166246295718318
    ],
    "knees": [
      -0.17694755632776726,
      0.23554427179887105,
      0.05478327425196275
    ],
    "ankles": [
      -0.39891264958531186,
      0.28219430853161775,
      0.07069563971042364
    ]
  },
  "angles": {
    "knee": 105.17216060041801,
    "hip": 72.12384649001072,
    "shoulder": 65.75602402812855,
    "elbow": 84.90926586380336
  },
  "analysis_scores": {
    "alignment": 0.7204161556675336,
    "balance": 0.688335655440796,
    "form": 0.9429350747156847,
    "stability": 0.6676924187333636,
    "coordination": 0.8193641633554212,
    "precision": 0.8316322012167455,
    "power": 0.7398950151225641,
    "efficiency": 0.6842771748144085,
    "safety": 0.7458685099434463,
    "overall": 0.7706914200575677,
    "shoulder": 0.8384890069444859,
    "elbow": 0.7740191006585452,
    "wrist": 0.6882807174427525,
    "hip": 0.6631442283858173,
    "knee": 0.9162292759815847,
    "ankle": 0.8079225651073607,
    "back": 0.6860466987478413,
    "neck": 0.767060507911645
  },
  "recommendations": {
    "form": "Good form, continue practicing with current technique",
    "alignment": "Work on maintaining symmetrical movement patterns",
    "stability": "Good stability, continue with current technique",
    "power": "Good power output, maintain current intensity"
  },
  "safety_considerations": [
    "Ensure proper wrist positioning to prevent strain"
  ]
}