{
  "power_generation": {
    "explosiveness": 0.9681644599770736,
    "force_transfer": 0.7163707114847511,
    "efficiency": 0.7870729170886889
  },
  "technical_metrics": {
    "precision": 0.9986271351709335,
    "consistency": 0.5572676541226531,
    "fluidity": 0.941437839765072
  },
  "biomechanical_metrics": {
    "joint_loading": 0.831086746841693,
    "muscle_activation": 0.8588239784372088,
    "energy_efficiency": 0.8599770532900401
  }
}