{
  "key_points": {
    "shoulders": [
      0.0807277442246419,
      0.5836582147271641,
      -0.052434067819113195
    ],
    "elbows": [
      0.012247585505319125,
      0.545746819490697,
      0.06183217258743462
    ],
    "wrists": [
      0.11507626483872802,
      0.3341209475144888,
      0.02901837822583192
    ],
    "hips": [
      -0.19543993571240317,
      0.3949528963602902,
      0.04161542375011154
    ],
    "knees": [
      0.05785167928392626,
      0.33462241927418657,
      -0.01119350629621449
    ],
    "ankles": [
      -0.043174107709161746,
      0.11219460338874143,
      -0.08527220515835116
    ]
  },
  "angles": {
    "knee": 36.35286915426491,
    "hip": 146.52900574927008,
    "shoulder": 47.06270936411609,
    "elbow": 25.327963027820736
  },
  "analysis_scores": {
    "alignment": 0.867485247505924,
    "balance": 0.6977750369387232,
    "form": 0.7081498860305646,
    "stability": 0.7109830225731644,
    "coordination": 0.6241980065240716,
    "precision": 0.922647655603134,
    "power": 0.6151893653842871,
    "efficiency": 0.8013140190411363,
    "safety": 0.9464050834246571,
    "overall": 0.8480951367254284,
    "shoulder": 0.7807377891561835,
    "elbow": 0.6920627756188651,
    "wrist": 0.7049130983231321,
    "hip": 0.8114037953504012,
    "knee": 0.8993378491046429,
    "ankle": 0.8751170066539375,
    "back": 0.9093699954749066,
    "neck": 0.6453832680352664
  },
  "recommendations": {
    "form": "Good form, continue practicing with current technique",
    "alignment": "Good alignment, maintain current technique",
    "stability": "Good stability, continue with current technique",
    "power": "Good power output, maintain current intensity"
  },
  "safety_considerations": []
}