{
  "power_generation": {
    "explosiveness": 0.5736640871868467,
    "force_transfer": 0.6067770573318539,
    "efficiency": 0.6596700640606254
  },
  "technical_metrics": {
    "precision": 0.7776763114425539,
    "consistency": 0.736686465691722,
    "fluidity": 0.8044849730093853
  },
  "biomechanical_metrics": {
    "joint_loading": 0.7933831038105479,
    "muscle_activation": 0.5333983208186499,
    "energy_efficiency": 0.785049971207864
  }
}