{
  "key_points": {
    "shoulders": [
      -0.050235017835380896,
      0.6495513649980745,
      -0.02327829563581711
    ],
    "elbows": [
      0.23496103794690443,
      0.5437060380063327,
      0.08633104651163195
    ],
    "wrists": [
      -0.32145026508560726,
      0.4004185865757185,
      0.061343708452953116
    ],
    "hips": [
      0.11857944055257469,
      0.49346836435192565,
      0.06987125137240052
    ],
    "knees": [
      -0.11240324966972873,
      0.34485057898856364,
      0.07505151458827317
    ],
    "ankles": [
      0.3030697321292072,
      0.16829623677719271,
      -0.07339540519214523
    ]
  },
  "angles": {
    "knee": 113.92872555276706,
    "hip": 148.6356467609376,
    "shoulder": 53.2188163036953,
    "elbow": 155.16441716133312
  },
  "analysis_scores": {
    "alignment": 0.7718122849138749,
    "balance": 0.636267566625585,
    "form": 0.6572612300069344,
    "stability": 0.7991367867265989,
    "coordination": 0.7927263373390038,
    "precision": 0.614682680274667,
    "power": 0.9102065759933579,
    "efficiency": 0.9976268124832302,
    "safety": 0.9711101654207481,
    "overall": 0.932669488212292,
    "shoulder": 0.662045931937352,
    "elbow": 0.9734629832907065,
    "wrist": 0.9223457886847704,
    "hip": 0.9924863583048936,
    "knee": 0.61473941330864,
    "ankle": 0.960355172063621,
    "back": 0.89994312488501,
    "neck": 0.9084546070115236
  },
  "recommendations": {
    "form": "Good form, continue practicing with current technique",
    "alignment": "Good alignment, maintain current technique",
    "stability": "Focus on maintaining proper posture and balance",
    "power": "Consider increasing intensity gradually"
  },
  "safety_considerations": [
    "Focus on proper shoulder mechanics to prevent rotator cuff injuries"
  ]
}