{
  "power_generation": {
    "explosiveness": 0.8228445904850584,
    "force_transfer": 0.944794023153799,
    "efficiency": 0.5358335146458062
  },
  "technical_metrics": {
    "precision": 0.9322206526573883,
    "consistency": 0.7168296447010944,
    "fluidity": 0.8557416128510905
  },
  "biomechanical_metrics": {
    "joint_loading": 0.5764175842318762,
    "muscle_activation": 0.9317111142150626,
    "energy_efficiency": 0.9536710691581929
  }
}