{
  "key_points": {
    "shoulders": [
      -0.0814154134169963,
      0.5302319354167588,
      0.09138187335859335
    ],
    "elbows": [
      0.29108123360328114,
      0.4523028396477335,
      0.04134520069112327
    ],
    "wrists": [
      0.25046951233089354,
      0.4032807982346345,
      0.046604689353731354
    ],
    "hips": [
      0.16157194401303426,
      0.4319923014440644,
      -0.031132089230379023
    ],
    "knees": [
      -0.05425939097397994,
      0.34101899882063474,
      -0.040948406225520456
    ],
    "ankles": [
      0.12355354034064825,
      0.11335727208930235,
      -0.058678781304767384
    ]
  },
  "angles": {
    "knee": 44.27075285203224,
    "hip": 53.139955517601884,
    "shoulder": 42.302892054320544,
    "elbow": 151.53994783906845
  },
  "analysis_scores": {
    "alignment": 0.7615228305458204,
    "balance": 0.6928997623159971,
    "form": 0.8959304802465748,
    "stability": 0.9387889096716838,
    "coordination": 0.9415527145126924,
    "precision": 0.6756212677751445,
    "power": 0.6722543378332092,
    "efficiency": 0.8529081115119035,
    "safety": 0.7780780429139715,
    "overall": 0.6053821583192508,
    "shoulder": 0.6230329361531562,
    "elbow": 0.8992493116205242,
    "wrist": 0.8764868847474734,
    "hip": 0.9684364618063336,
    "knee": 0.7577388599864059,
    "ankle": 0.9728685994124591,
    "back": 0.8557510337870451,
    "neck": 0.6646200710957602
  },
  "recommendations": {
    "form": "Good form, continue practicing with current technique",
    "alignment": "Good alignment, maintain current technique",
    "stability": "Good stability, continue with current technique",
    "power": "Consider increasing intensity gradually"
  },
  "safety_considerations": []
}