{
  "power_generation": {
    "explosiveness": 0.5413675584516563,
    "force_transfer": 0.5344788203607442,
    "efficiency": 0.9059398837823885
  },
  "technical_metrics": {
    "precision": 0.825659560765182,
    "consistency": 0.5955846748924442,
    "fluidity": 0.5649840381437639
  },
  "biomechanical_metrics": {
    "joint_loading": 0.9918821544185797,
    "muscle_activation": 0.500385511514791,
    "energy_efficiency": 0.9798684868144725
  }
}