{
  "key_points": {
    "shoulders": [
      0.11352412697263392,
      0.6573541496594895,
      -0.056404715970929
    ],
    "elbows": [
      0.11969665028527032,
      0.5650660438715669,
      0.08381184642833453
    ],
    "wrists": [
      0.10737972489540426,
      0.4722949759043577,
      0.09249856297050327
    ],
    "hips": [
      0.14130195901919834,
      0.4051365605246651,
      0.07044764286269839
    ],
    "knees": [
      0.04814638723405423,
      0.2407841121225114,
      -0.0024926906289175904
    ],
    "ankles": [
      0.37968029339155185,
      0.22040131633871396,
      0.04908638200623491
    ]
  },
  "angles": {
    "knee": 87.55785259514182,
    "hip": 116.54308242355661,
    "shoulder": 70.84627916546305,
    "elbow": 77.88927271993627
  },
  "analysis_scores": {
    "alignment": 0.6530026293251993,
    "balance": 0.7470751780466942,
    "form": 0.6946123040623169,
    "stability": 0.9386348694658054,
    "coordination": 0.8131612721243481,
    "precision": 0.9723780679116705,
    "power": 0.8166252274579181,
    "efficiency": 0.8643895420586366,
    "safety": 0.677626832326224,
    "overall": 0.8034668640985219,
    "shoulder": 0.7031474313220814,
    "elbow": 0.7487097708207304,
    "wrist": 0.6624701059404274,
    "hip": 0.8113182412048223,
    "knee": 0.7443718784995863,
    "ankle": 0.9992188819707302,
    "back": 0.8720743499448924,
    "neck": 0.8395799309997722
  },
  "recommendations": {
    "form": "Focus on maintaining proper joint angles during movement",
    "alignment": "Good alignment, maintain current technique",
    "stability": "Good stability, continue with current technique",
    "power": "Good power output, maintain current intensity"
  },
  "safety_considerations": []
}