{
  "power_generation": {
    "explosiveness": 0.5985419250599258,
    "force_transfer": 0.9818614428982722,
    "efficiency": 0.6741006289615261
  },
  "technical_metrics": {
    "precision": 0.6000234441030741,
    "consistency": 0.8652844628353803,
    "fluidity": 0.5701102224776622
  },
  "biomechanical_metrics": {
    "joint_loading": 0.8156168483146078,
    "muscle_activation": 0.9804426953250862,
    "energy_efficiency": 0.9637712581079526
  }
}