{
  "key_points": {
    "shoulders": [
      -0.14380135053365187,
      0.5939688262228066,
      0.09659669098661444
    ],
    "elbows": [
      0.10809693749880483,
      0.4729389763638162,
      -0.08760467341718428
    ],
    "wrists": [
      0.2844212970086315,
      0.3722726197532059,
      0.043956723022234995
    ],
    "hips": [
      -0.01559735263893497,
      0.30477231663017756,
      -0.0016441342142514692
    ],
    "knees": [
      0.27631237418068827,
      0.2621366191042631,
      -0.0006511085972336905
    ],
    "ankles": [
      -0.35191358088041147,
      0.10167593984823392,
      0.07249423245984213
    ]
  },
  "angles": {
    "knee": 32.31818774941771,
    "hip": 85.21258593806922,
    "shoulder": 19.61674304129735,
    "elbow": 145.8187001310229
  },
  "analysis_scores": {
    "alignment": 0.9418310373763388,
    "balance": 0.9895350404456408,
    "form": 0.6448791434476279,
    "stability": 0.7058519418091002,
    "coordination": 0.7240431553693226,
    "precision": 0.999161718599505,
    "power": 0.7655148222779691,
    "efficiency": 0.656519340688483,
    "safety": 0.9529652230017752,
    "overall": 0.6753245793664615,
    "shoulder": 0.8146030394160619,
    "elbow": 0.6282003214245055,
    "wrist": 0.8063295216964216,
    "hip": 0.6599946268824683,
    "knee": 0.8703001068597316,
    "ankle": 0.9421986213069649,
    "back": 0.727233981553142,
    "neck": 0.6314708632878953
  },
  "recommendations": {
    "form": "Good form, continue practicing with current technique",
    "alignment": "Good alignment, maintain current technique",
    "stability": "Good stability, continue with current technique",
    "power": "Good power output, maintain current intensity"
  },
  "safety_considerations": []
}