{
  "power_generation": {
    "explosiveness": 0.7682721102201491,
    "force_transfer": 0.6538934772401264,
    "efficiency": 0.6787737415472888
  },
  "technical_metrics": {
    "precision": 0.7137123766751567,
    "consistency": 0.9320066352409428,
    "fluidity": 0.5478612066426732
  },
  "biomechanical_metrics": {
    "joint_loading": 0.798278283717885,
    "muscle_activation": 0.9504318582690094,
    "energy_efficiency": 0.6944292771669665
  }
}