{
  "key_points": {
    "shoulders": [
      0.053218081578877974,
      0.642967693504176,
      0.030924387661783126
    ],
    "elbows": [
      -0.07431205868119886,
      0.40591312852061806,
      -0.058395417189660195
    ],
    "wrists": [
      -0.2321102009940649,
      0.4272092355004512,
      -0.0747634265771293
    ],
    "hips": [
      -0.0068467535337632945,
      0.3159540719769686,
      0.09278363510179219
    ],
    "knees": [
      -0.037896916270215186,
      0.21496932780720798,
      0.08439508088988432
    ],
    "ankles": [
      -0.2016840341370837,
      0.19575754913782295,
      0.04905043694796346
    ]
  },
  "angles": {
    "knee": 124.81140255890787,
    "hip": 105.2945773781755,
    "shoulder": 31.776159059516115,
    "elbow": 78.87004107274443
  },
  "analysis_scores": {
    "alignment": 0.692517157342817,
    "balance": 0.6765292077072642,
    "form": 0.9456908495957352,
    "stability": 0.9735343370251451,
    "coordination": 0.6694944536619911,
    "precision": 0.6901439577083117,
    "power": 0.8355697354546157,
    "efficiency": 0.7192210577460406,
    "safety": 0.672632007714261,
    "overall": 0.7652547809774635,
    "shoulder": 0.7526144376497786,
    "elbow": 0.9946716278595591,
    "wrist": 0.6767419654479152,
    "hip": 0.6708353512202155,
    "knee": 0.6619157302981562,
    "ankle": 0.7876633507849676,
    "back": 0.7274410562804573,
    "neck": 0.9610942824515599
  },
  "recommendations": {
    "form": "Good form, continue practicing with current technique",
    "alignment": "Good alignment, maintain current technique",
    "stability": "Focus on maintaining proper posture and balance",
    "power": "Consider increasing intensity gradually"
  },
  "safety_considerations": []
}