{
  "power_generation": {
    "explosiveness": 0.8750575348115031,
    "force_transfer": 0.9319408151160097,
    "efficiency": 0.7964775855136461
  },
  "technical_metrics": {
    "precision": 0.5387912094250982,
    "consistency": 0.827356248908984,
    "fluidity": 0.571502034590462
  },
  "biomechanical_metrics": {
    "joint_loading": 0.8664245708535684,
    "muscle_activation": 0.980585767159114,
    "energy_efficiency": 0.5831410931378906
  }
}