{
  "key_points": {
    "shoulders": [
      -0.1719611164707706,
      0.660005097855845,
      -0.04855958959865539
    ],
    "elbows": [
      -0.14026805472442164,
      0.4739174983728713,
      -0.0632860952828533
    ],
    "wrists": [
      -0.38619793551825526,
      0.44913708694292465,
      -0.08482995944080239
    ],
    "hips": [
      0.010318116280457895,
      0.3745988455350407,
      0.08909132663886862
    ],
    "knees": [
      -0.22789726958768008,
      0.2494758159649228,
      -0.05615801532535434
    ],
    "ankles": [
      0.27967619308929537,
      0.1361371854690116,
      0.04711811229268442
    ]
  },
  "angles": {
    "knee": 71.26364337934403,
    "hip": 85.62159183465543,
    "shoulder": 34.55906577208615,
    "elbow": 142.96501555154575
  },
  "analysis_scores": {
    "alignment": 0.8515668111407665,
    "balance": 0.643626145762471,
    "form": 0.900003745711463,
    "stability": 0.7668021255214845,
    "coordination": 0.7593992049669408,
    "precision": 0.619023470154594,
    "power": 0.910433355755769,
    "efficiency": 0.7191365272187102,
    "safety": 0.7010937671016059,
    "overall": 0.9453102939421133,
    "shoulder": 0.9060313005214274,
    "elbow": 0.8423452513419383,
    "wrist": 0.6257854966112407,
    "hip": 0.6660837178592943,
    "knee": 0.7750308287707464,
    "ankle": 0.8555751557038349,
    "back": 0.8235381864494435,
    "neck": 0.9489602495044586
  },
  "recommendations": {
    "form": "Good form, continue practicing with current technique",
    "alignment": "Good alignment, maintain current technique",
    "stability": "Focus on maintaining proper posture and balance",
    "power": "Consider increasing intensity gradually"
  },
  "safety_considerations": []
}