{
  "power_generation": {
    "explosiveness": 0.7116698818637301,
    "force_transfer": 0.7774393601406033,
    "efficiency": 0.583017978001997
  },
  "technical_metrics": {
    "precision": 0.7838908321244238,
    "consistency": 0.9035606686861755,
    "fluidity": 0.8880760615619341
  },
  "biomechanical_metrics": {
    "joint_loading": 0.5925464534832251,
    "muscle_activation": 0.6737439921404793,
    "energy_efficiency": 0.830431863060823
  }
}