{
  "key_points": {
    "shoulders": [
      0.035784479350632836,
      0.5752960498615484,
      0.08610992627974176
    ],
    "elbows": [
      -0.070704586879447,
      0.5258352154352989,
      0.07030997464901903
    ],
    "wrists": [
      -0.24649773715375867,
      0.3318579619091891,
      -0.009620017211499965
    ],
    "hips": [
      0.19056302450271229,
      0.3809879399239782,
      0.05041716326633644
    ],
    "knees": [
      0.14446238669851175,
      0.22971906026907965,
      -0.034084405942752624
    ],
    "ankles": [
      0.07109046766360183,
      0.11992286390376426,
      -0.09716286020914613
    ]
  },
  "angles": {
    "knee": 110.28945681333302,
    "hip": 153.11105507538647,
    "shoulder": 19.294428655197798,
    "elbow": 110.47051255239181
  },
  "analysis_scores": {
    "alignment": 0.7492519480639069,
    "balance": 0.905560332246248,
    "form": 0.9626992521033317,
    "stability": 0.6694463460657698,
    "coordination": 0.6584095382325141,
    "precision": 0.9021317631004225,
    "power": 0.6352728208531313,
    "efficiency": 0.8773069825872324,
    "safety": 0.6702421994467501,
    "overall": 0.6299417046731984,
    "shoulder": 0.816132111367055,
    "elbow": 0.815022926654713,
    "wrist": 0.8414348131660999,
    "hip": 0.6500140330529351,
    "knee": 0.9994179676974093,
    "ankle": 0.7522290353164622,
    "back": 0.6542229292922385,
    "neck": 0.845837772990109
  },
  "recommendations": {
    "form": "Good form, continue practicing with current technique",
    "alignment": "Good alignment, maintain current technique",
    "stability": "Good stability, continue with current technique",
    "power": "Good power output, maintain current intensity"
  },
  "safety_considerations": []
}