{
  "power_generation": {
    "explosiveness": 0.6651073728151977,
    "force_transfer": 0.8889780816702817,
    "efficiency": 0.8079056680419936
  },
  "technical_metrics": {
    "precision": 0.9009606797748921,
    "consistency": 0.9757014807522143,
    "fluidity": 0.7438643818897762
  },
  "biomechanical_metrics": {
    "joint_loading": 0.928263453082828,
    "muscle_activation": 0.5186521390845338,
    "energy_efficiency": 0.9004488015658715
  }
}