{
  "key_points": {
    "shoulders": [
      0.10444363385574706,
      0.673540833679258,
      -0.05585640757361546
    ],
    "elbows": [
      -0.09436838217413132,
      0.544929526202545,
      -0.08247980287992446
    ],
    "wrists": [
      0.12272268725555091,
      0.30956235381534986,
      -0.06031919730182942
    ],
    "hips": [
      -0.12335496743626227,
      0.4298867775651086,
      0.03575901745328436
    ],
    "knees": [
      0.23909244823426762,
      0.29687463168778405,
      -0.08972896601118513
    ],
    "ankles": [
      -0.38261824627737573,
      0.23238634648507098,
      0.05326631641446036
    ]
  },
  "angles": {
    "knee": 93.0699941105666,
    "hip": 154.59670780155662,
    "shoulder": 45.82298161308134,
    "elbow": 105.37680137590905
  },
  "analysis_scores": {
    "alignment": 0.9108938865464522,
    "balance": 0.9758707686181937,
    "form": 0.6453265339276827,
    "stability": 0.6854275293254891,
    "coordination": 0.6021096714698856,
    "precision": 0.9260759084115976,
    "power": 0.7907438316389397,
    "efficiency": 0.9518008830382214,
    "safety": 0.697586555729314,
    "overall": 0.7370333515238731,
    "shoulder": 0.8085721111017543,
    "elbow": 0.7486262487678046,
    "wrist": 0.7101809869044592,
    "hip": 0.8862347634788141,
    "knee": 0.6733524550216339,
    "ankle": 0.6581448234789887,
    "back": 0.7079492228196476,
    "neck": 0.7973635208959574
  },
  "recommendations": {
    "form": "Good form, continue practicing with current technique",
    "alignment": "Good alignment, maintain current technique",
    "stability": "Good stability, continue with current technique",
    "power": "Good power output, maintain current intensity"
  },
  "safety_considerations": []
}