{
  "power_generation": {
    "explosiveness": 0.5090537831192316,
    "force_transfer": 0.6980791996619606,
    "efficiency": 0.5468252664626214
  },
  "technical_metrics": {
    "precision": 0.5361429994720033,
    "consistency": 0.6611118423392834,
    "fluidity": 0.7049243844934379
  },
  "biomechanical_metrics": {
    "joint_loading": 0.5210950402077743,
    "muscle_activation": 0.6048650786644794,
    "energy_efficiency": 0.9428509028733673
  }
}