{
  "key_points": {
    "shoulders": [
      -0.19487834930435843,
      0.5920582337173468,
      0.0438877837692086
    ],
    "elbows": [
      0.05870331798238698,
      0.42570933475417594,
      0.017897884098669298
    ],
    "wrists": [
      -0.017930955564003148,
      0.3666429928738646,
      0.07948651753109612
    ],
    "hips": [
      -0.12752115615922216,
      0.446467622563926,
      -0.011075376702606082
    ],
    "knees": [
      0.15750182129533186,
      0.3031344338713901,
      -0.029767386980116967
    ],
    "ankles": [
      -0.21604848099312132,
      0.2620175094282025,
      0.00900745998523926
    ]
  },
  "angles": {
    "knee": 85.63375089699358,
    "hip": 90.37456069666204,
    "shoulder": 47.70965178214542,
    "elbow": 24.94457961490452
  },
  "analysis_scores": {
    "alignment": 0.9212098406557447,
    "balance": 0.8057346621170393,
    "form": 0.8761052035557269,
    "stability": 0.7985113225677554,
    "coordination": 0.8754805352932951,
    "precision": 0.6144399970718344,
    "power": 0.9581187676161493,
    "efficiency": 0.7820935798178913,
    "safety": 0.9551053584251089,
    "overall": 0.6472537498273384,
    "shoulder": 0.9882923988389617,
    "elbow": 0.8930968026825482,
    "wrist": 0.6643259388910094,
    "hip": 0.9035534728726817,
    "knee": 0.9460667993394067,
    "ankle": 0.9402776414615603,
    "back": 0.782920371452578,
    "neck": 0.9086506398078644
  },
  "recommendations": {
    "form": "Good form, continue practicing with current technique",
    "alignment": "Good alignment, maintain current technique",
    "stability": "Good stability, continue with current technique",
    "power": "Good power output, maintain current intensity"
  },
  "safety_considerations": [
    "Focus on maintaining proper back alignment to prevent injury"
  ]
}