{
  "power_generation": {
    "explosiveness": 0.8274656044136555,
    "force_transfer": 0.9315209931962288,
    "efficiency": 0.6711045001471858
  },
  "technical_metrics": {
    "precision": 0.9306904012408395,
    "consistency": 0.9088365241805425,
    "fluidity": 0.7354210052792325
  },
  "biomechanical_metrics": {
    "joint_loading": 0.5420530598331041,
    "muscle_activation": 0.7910898371441831,
    "energy_efficiency": 0.7783636433142187
  }
}