{
  "key_points": {
    "shoulders": [
      -0.05931711891851321,
      0.6360048206167381,
      -0.08804720766096229
    ],
    "hips": [
      0.06771514628365416,
      0.5957745120366917,
      -0.13420222227537773
    ],
    "knees": [
      -0.2789122483386748,
      0.35781712878031185,
      0.17219373881746963
    ],
    "ankles": [
      -0.4925859911961225,
      0.30078856676476334,
      -0.1348952176983781
    ]
  },
  "angles": {
    "knee": 79.71994702574992,
    "hip": 76.63468020712392,
    "shoulder": 56.76844788702737
  },
  "analysis_scores": {
    "alignment": 0.7159497013586408,
    "balance": 0.6761333971177598,
    "form": 0.9747272921613921,
    "stability": 0.6726442594862502,
    "coordination": 0.8528588886273887,
    "precision": 0.7569196345121597,
    "power": 0.7482410293823998,
    "efficiency": 0.6292232830289679,
    "safety": 0.8232018134706018,
    "overall": 0.7132159060108108,
    "shoulder": 0.6943467009557103,
    "elbow": 0.7077338618538832,
    "wrist": 0.8156856716568159,
    "hip": 0.8528311045027955,
    "knee": 0.8017345344764156,
    "ankle": 0.8417273807188416,
    "back": 0.7082931731516215,
    "neck": 0.9765875468140343
  },
  "recommendations": {
    "form": "Good form, continue practicing with current technique",
    "alignment": "Good alignment, maintain current technique",
    "stability": "Focus on maintaining proper posture and balance",
    "power": "Good power output, maintain current intensity"
  },
  "safety_considerations": []
}