{
  "power_generation": {
    "explosiveness": 0.9752284517165257,
    "force_transfer": 0.7904677240585651,
    "efficiency": 0.917827223173171
  },
  "technical_metrics": {
    "precision": 0.9914253089184267,
    "consistency": 0.8386663544183077,
    "fluidity": 0.5359950380737264
  },
  "biomechanical_metrics": {
    "joint_loading": 0.562351627951144,
    "muscle_activation": 0.9128661319207663,
    "energy_efficiency": 0.8936797549236144
  }
}