{
  "key_points": {
    "shoulders": [
      0.17534093634178632,
      0.5579679637052105,
      -0.06711906338121337
    ],
    "elbows": [
      0.07826466576793822,
      0.43693515353579976,
      -0.03586643319253249
    ],
    "wrists": [
      -0.3096917631688653,
      0.3108333905628789,
      0.036672258814793884
    ],
    "hips": [
      -0.12772504197367135,
      0.47571070718667396,
      0.07516771545688444
    ],
    "knees": [
      -0.20675567621499663,
      0.2986336425469092,
      0.052624924803383905
    ],
    "ankles": [
      0.3978323156305902,
      0.21453405331187603,
      0.05276217757253812
    ]
  },
  "angles": {
    "knee": 53.1321622324558,
    "hip": 65.09935851705289,
    "shoulder": 17.063341930685496,
    "elbow": 102.80270966561727
  },
  "analysis_scores": {
    "alignment": 0.8160380811795246,
    "balance": 0.6144744733941873,
    "form": 0.7259559165645229,
    "stability": 0.6630246070116333,
    "coordination": 0.8406506303559254,
    "precision": 0.9899912845843223,
    "power": 0.9931918609037906,
    "efficiency": 0.7376114711580354,
    "safety": 0.8717662014798158,
    "overall": 0.6371649903009029,
    "shoulder": 0.7867486035535458,
    "elbow": 0.9955124449763543,
    "wrist": 0.982983083961875,
    "hip": 0.8878190642107093,
    "knee": 0.9119933951919217,
    "ankle": 0.7057762966739771,
    "back": 0.922228516034554,
    "neck": 0.647714765174205
  },
  "recommendations": {
    "form": "Good form, continue practicing with current technique",
    "alignment": "Good alignment, maintain current technique",
    "stability": "Good stability, continue with current technique",
    "power": "Consider increasing intensity gradually"
  },
  "safety_considerations": []
}