{
  "power_generation": {
    "explosiveness": 0.8498229188486162,
    "force_transfer": 0.5560331833043957,
    "efficiency": 0.6171695966686468
  },
  "technical_metrics": {
    "precision": 0.9559772853767017,
    "consistency": 0.8094270765773416,
    "fluidity": 0.6294925116764907
  },
  "biomechanical_metrics": {
    "joint_loading": 0.7859805058615004,
    "muscle_activation": 0.9584216589153666,
    "energy_efficiency": 0.7203775409385171
  }
}