{
  "key_points": {
    "shoulders": [
      -0.07084848428407606,
      0.5835252947778489,
      -0.08665010032175469
    ],
    "elbows": [
      0.2789816687244026,
      0.4359064005757227,
      0.09906669855818148
    ],
    "wrists": [
      -0.20558870270847526,
      0.44019601939339986,
      -0.05411190232315708
    ],
    "hips": [
      -0.058634720533194656,
      0.3749047702248885,
      -0.06667105415751817
    ],
    "knees": [
      -0.04792750735204976,
      0.3033735496779793,
      0.03597808426936164
    ],
    "ankles": [
      0.13780276449979778,
      0.22129109829292848,
      0.0686985207930629
    ]
  },
  "angles": {
    "knee": 88.90820225077951,
    "hip": 105.00543839409592,
    "shoulder": 9.835671976428861,
    "elbow": 132.1061212944085
  },
  "analysis_scores": {
    "alignment": 0.8939526207787764,
    "balance": 0.9919465658902284,
    "form": 0.6229179864093815,
    "stability": 0.7128094742380835,
    "coordination": 0.6203655835603282,
    "precision": 0.9185755114626919,
    "power": 0.6694569607030806,
    "efficiency": 0.706190006247142,
    "safety": 0.7554923554054662,
    "overall": 0.7628527796329427,
    "shoulder": 0.9648611252495015,
    "elbow": 0.9058214958005385,
    "wrist": 0.8304567663729336,
    "hip": 0.775218873412689,
    "knee": 0.9702929189342564,
    "ankle": 0.9318343674025836,
    "back": 0.6987418016353177,
    "neck": 0.8076516628971069
  },
  "recommendations": {
    "form": "Good form, continue practicing with current technique",
    "alignment": "Good alignment, maintain current technique",
    "stability": "Good stability, continue with current technique",
    "power": "Good power output, maintain current intensity"
  },
  "safety_considerations": []
}