{
  "power_generation": {
    "explosiveness": 0.6482532026099317,
    "force_transfer": 0.6138241691860105,
    "efficiency": 0.5482363217196681
  },
  "technical_metrics": {
    "precision": 0.7452289348209586,
    "consistency": 0.9560336038948036,
    "fluidity": 0.7722542890023059
  },
  "biomechanical_metrics": {
    "joint_loading": 0.5114200051308064,
    "muscle_activation": 0.7436710969784608,
    "energy_efficiency": 0.5990802502322612
  }
}