{
  "key_points": {
    "shoulders": [
      -0.038724961312326556,
      0.5728563298052853,
      -0.02281822766394878
    ],
    "elbows": [
      -0.014845758563718892,
      0.5041815021622548,
      0.058312609877181926
    ],
    "wrists": [
      -0.059507250032494574,
      0.41621945771711943,
      -0.08538149751647697
    ],
    "hips": [
      0.09819434068219429,
      0.4274207750188891,
      0.0929035539934715
    ],
    "knees": [
      -0.07664333719135788,
      0.39725341985931484,
      0.0024789744854952084
    ],
    "ankles": [
      -0.2628398851028123,
      0.2696316447531759,
      0.007090987086384268
    ]
  },
  "angles": {
    "knee": 114.12913355308015,
    "hip": 17.73014016180676,
    "shoulder": 58.216928318885664,
    "elbow": 25.044014312122005
  },
  "analysis_scores": {
    "alignment": 0.9687506366557843,
    "balance": 0.945237684681181,
    "form": 0.72886627470457,
    "stability": 0.9205841453372144,
    "coordination": 0.6461648671005054,
    "precision": 0.818070069335673,
    "power": 0.6740050134716559,
    "efficiency": 0.8938765097653669,
    "safety": 0.8295501815632275,
    "overall": 0.9040954825334484,
    "shoulder": 0.7751735579761538,
    "elbow": 0.8325019547281455,
    "wrist": 0.8563071976194299,
    "hip": 0.7262529440016803,
    "knee": 0.6220707968391442,
    "ankle": 0.7707844055573102,
    "back": 0.9097685415191867,
    "neck": 0.8626119339815368
  },
  "recommendations": {
    "form": "Good form, continue practicing with current technique",
    "alignment": "Good alignment, maintain current technique",
    "stability": "Good stability, continue with current technique",
    "power": "Good power output, maintain current intensity"
  },
  "safety_considerations": [
    "Ensure proper hip hinge mechanics",
    "Maintain proper knee tracking"
  ]
}