{
  "power_generation": {
    "explosiveness": 0.7098778218713956,
    "force_transfer": 0.7010192199144556,
    "efficiency": 0.7112287197772293
  },
  "technical_metrics": {
    "precision": 0.7696671412514203,
    "consistency": 0.5370159463401843,
    "fluidity": 0.7267145055750899
  },
  "biomechanical_metrics": {
    "joint_loading": 0.6691266440668004,
    "muscle_activation": 0.7039574078044257,
    "energy_efficiency": 0.8228118799590447
  }
}