{
  "key_points": {
    "shoulders": [
      0.026564840989012295,
      0.5691143116677676,
      0.08292050766063777
    ],
    "elbows": [
      0.10990751162670842,
      0.5742116725906536,
      0.039348973391540365
    ],
    "wrists": [
      -0.15230557830862487,
      0.4167108989039512,
      0.05636293732757797
    ],
    "hips": [
      0.14661596959821405,
      0.3350774602316446,
      0.057924767990731624
    ],
    "knees": [
      -0.0022244501455238597,
      0.3978455736729649,
      -0.045448924878683794
    ],
    "ankles": [
      0.1436684637607939,
      0.24406216878294507,
      -0.005566762984092893
    ]
  },
  "angles": {
    "knee": 54.2872025025777,
    "hip": 8.552148295200624,
    "shoulder": 18.23924897122591,
    "elbow": 53.66633015577341
  },
  "analysis_scores": {
    "alignment": 0.8898099883278361,
    "balance": 0.7616357916877178,
    "form": 0.6880158832586156,
    "stability": 0.6076734079643481,
    "coordination": 0.7395887483537321,
    "precision": 0.945424827496317,
    "power": 0.976800451430132,
    "efficiency": 0.6465369675589006,
    "safety": 0.6860016991497169,
    "overall": 0.7121446445129951,
    "shoulder": 0.8274107609951656,
    "elbow": 0.732145575613447,
    "wrist": 0.9583254314301214,
    "hip": 0.9796426103697549,
    "knee": 0.6314456250374934,
    "ankle": 0.9624961654741445,
    "back": 0.6709387565732404,
    "neck": 0.7459908605098804
  },
  "recommendations": {
    "form": "Good form, continue practicing with current technique",
    "alignment": "Work on maintaining symmetrical movement patterns",
    "stability": "Good stability, continue with current technique",
    "power": "Good power output, maintain current intensity"
  },
  "safety_considerations": []
}