{
  "power_generation": {
    "explosiveness": 0.7985876049945524,
    "force_transfer": 0.7859599194603646,
    "efficiency": 0.9272682291999627
  },
  "technical_metrics": {
    "precision": 0.9925820256390043,
    "consistency": 0.5045652537199106,
    "fluidity": 0.561802044899506
  },
  "biomechanical_metrics": {
    "joint_loading": 0.6634612408552568,
    "muscle_activation": 0.8523906017707527,
    "energy_efficiency": 0.7657591948111347
  }
}