{
  "key_points": {
    "shoulders": [
      0.13417351019451723,
      0.5957504163486972,
      -0.00570886272065832
    ],
    "elbows": [
      -0.1622764817916079,
      0.4100336142267801,
      0.05251624060636387
    ],
    "wrists": [
      -0.3722240252704474,
      0.35152889377649416,
      -0.018648944600020756
    ],
    "hips": [
      -0.06935745326572937,
      0.4304812627624773,
      0.023135641267697918
    ],
    "knees": [
      0.17361444998332326,
      0.2810572048674123,
      0.015741309949663745
    ],
    "ankles": [
      0.3420530272090627,
      0.2527012013261506,
      -0.03587547532513927
    ]
  },
  "angles": {
    "knee": 116.50359852005148,
    "hip": 32.8135537888963,
    "shoulder": 51.78670937768086,
    "elbow": 119.30024662700525
  },
  "analysis_scores": {
    "alignment": 0.7166218545654629,
    "balance": 0.6702706854249928,
    "form": 0.7489910680474872,
    "stability": 0.7615701728533681,
    "coordination": 0.9412127556963148,
    "precision": 0.9835724969690826,
    "power": 0.8356142708541764,
    "efficiency": 0.6764947140364558,
    "safety": 0.6340261624918774,
    "overall": 0.8889596662653216,
    "shoulder": 0.6464287195758874,
    "elbow": 0.6539283650577096,
    "wrist": 0.8901650802646783,
    "hip": 0.8430882135565625,
    "knee": 0.7688656116856447,
    "ankle": 0.8100796118949662,
    "back": 0.684490942921911,
    "neck": 0.7216353361355108
  },
  "recommendations": {
    "form": "Good form, continue practicing with current technique",
    "alignment": "Good alignment, maintain current technique",
    "stability": "Good stability, continue with current technique",
    "power": "Good power output, maintain current intensity"
  },
  "safety_considerations": [
    "Maintain proper wrist alignment to prevent strain"
  ]
}