{
  "power_generation": {
    "explosiveness": 0.5587236949727393,
    "force_transfer": 0.502662642834647,
    "efficiency": 0.8843496076240585
  },
  "technical_metrics": {
    "precision": 0.6759298256933441,
    "consistency": 0.7182793688324476,
    "fluidity": 0.721093856839414
  },
  "biomechanical_metrics": {
    "joint_loading": 0.9909583156974995,
    "muscle_activation": 0.9021653802091548,
    "energy_efficiency": 0.6008362084177685
  }
}