{
  "power_generation": {
    "explosiveness": 0.6942607530395979,
    "force_transfer": 0.9234363715734846,
    "efficiency": 0.6316710891272385
  },
  "technical_metrics": {
    "precision": 0.5113505582056688,
    "consistency": 0.9507752902666029,
    "fluidity": 0.7804477139987671
  },
  "biomechanical_metrics": {
    "joint_loading": 0.8265030252305927,
    "muscle_activation": 0.5431864945651352,
    "energy_efficiency": 0.5802114330556831
  }
}