{
  "key_points": {
    "shoulders": [
      -0.05103158259631865,
      0.6749376293382536,
      0.06682020590577223
    ],
    "elbows": [
      0.06749882171634447,
      0.49221210252026903,
      -0.026941574246477723
    ],
    "wrists": [
      0.20186941126059754,
      0.3258600245928991,
      0.08477788182586307
    ],
    "hips": [
      -0.0627439955022148,
      0.37179959093715675,
      0.02586408738988044
    ],
    "knees": [
      0.15358352058776398,
      0.3921172911745081,
      -0.06340158233445384
    ],
    "ankles": [
      -0.39758543109676125,
      0.15394472351133692,
      -0.03972624366281126
    ]
  },
  "angles": {
    "knee": 82.97281063033182,
    "hip": 69.56004875075914,
    "shoulder": 61.43568735323201,
    "elbow": 137.3137965352044
  },
  "analysis_scores": {
    "alignment": 0.9102603908671066,
    "balance": 0.9643673348206796,
    "form": 0.6527378135485938,
    "stability": 0.8179355716773731,
    "coordination": 0.6212064812691729,
    "precision": 0.7717060383366442,
    "power": 0.7215825529767078,
    "efficiency": 0.6975398585722313,
    "safety": 0.8567991075844971,
    "overall": 0.8277839857182521,
    "shoulder": 0.9222511477104695,
    "elbow": 0.602008248010341,
    "wrist": 0.6134854193167549,
    "hip": 0.8913373056115921,
    "knee": 0.943370156172262,
    "ankle": 0.6853883289415214,
    "back": 0.604337373007496,
    "neck": 0.6263808027243124
  },
  "recommendations": {
    "form": "Focus on maintaining proper joint angles during movement",
    "alignment": "Good alignment, maintain current technique",
    "stability": "Good stability, continue with current technique",
    "power": "Good power output, maintain current intensity"
  },
  "safety_considerations": [
    "Maintain proper hip alignment to prevent lower back strain"
  ]
}