{
  "key_points": {
    "shoulders": [
      0.1066427423468691,
      0.5584530604001113,
      0.03830674925689634
    ],
    "elbows": [
      0.05060357545009503,
      0.5144280094341281,
      0.04544008624576035
    ],
    "wrists": [
      -0.1686896111275031,
      0.45620208880399743,
      -0.012094458037158806
    ],
    "hips": [
      0.15233605998445893,
      0.4669682815731855,
      -0.05203062381258579
    ],
    "knees": [
      0.21931874798711043,
      0.3148236099790699,
      -0.01378208457953542
    ],
    "ankles": [
      0.33982092020302823,
      0.2976243091586766,
      0.020847298974080858
    ]
  },
  "angles": {
    "knee": 85.2588269388205,
    "hip": 56.19747673869319,
    "shoulder": 18.634122371214666,
    "elbow": 42.499549069807685
  },
  "analysis_scores": {
    "alignment": 0.7730429674596866,
    "balance": 0.873261977945275,
    "form": 0.9982077967621505,
    "stability": 0.8482699579846404,
    "coordination": 0.6602678357422999,
    "precision": 0.9608606847112916,
    "power": 0.6830998177425615,
    "efficiency": 0.9830194449932391,
    "safety": 0.9789219453951102,
    "overall": 0.7610316901457296,
    "shoulder": 0.7262507538978169,
    "elbow": 0.6785043438575278,
    "wrist": 0.9334991196426083,
    "hip": 0.7419666719579671,
    "knee": 0.6039931885186912,
    "ankle": 0.9632990120424391,
    "back": 0.9254518343707794,
    "neck": 0.8674993112163232
  },
  "recommendations": {
    "form": "Good form, continue practicing with current technique",
    "alignment": "Good alignment, maintain current technique",
    "stability": "Good stability, continue with current technique",
    "power": "Consider increasing intensity gradually"
  },
  "safety_considerations": [
    "Maintain proper hip alignment to prevent hip injuries",
    "Work on balance and stability to prevent falls"
  ]
}