{
  "power_generation": {
    "explosiveness": 0.5683027389420336,
    "force_transfer": 0.9522153557719812,
    "efficiency": 0.9316950108968897
  },
  "technical_metrics": {
    "precision": 0.9612740034881547,
    "consistency": 0.9026325225367711,
    "fluidity": 0.8923828471069625
  },
  "biomechanical_metrics": {
    "joint_loading": 0.5354901104390101,
    "muscle_activation": 0.7588203561299065,
    "energy_efficiency": 0.858318544711475
  }
}