{
  "key_points": {
    "shoulders": [
      -0.028124963070418202,
      0.681694209210694,
      0.058836265487285266
    ],
    "elbows": [
      -0.06092461044332059,
      0.4184750506673477,
      0.05594133327243364
    ],
    "wrists": [
      -0.339220273521835,
      0.4938303105137241,
      0.09068915203531566
    ],
    "hips": [
      -0.0026051568780460777,
      0.4083097214433542,
      0.047246248970324894
    ],
    "knees": [
      0.27977086673879686,
      0.2428418320168536,
      -0.06818774857164862
    ],
    "ankles": [
      -0.15993277786065488,
      0.24446887690883592,
      -0.05463259530740468
    ]
  },
  "angles": {
    "knee": 80.25919075343208,
    "hip": 102.98098417015765,
    "shoulder": 8.154550129711922,
    "elbow": 19.43823011382366
  },
  "analysis_scores": {
    "alignment": 0.6224683757663803,
    "balance": 0.8350770463767623,
    "form": 0.8127452918615252,
    "stability": 0.9429039838607826,
    "coordination": 0.6868010295542651,
    "precision": 0.8976299891999817,
    "power": 0.8140704329013588,
    "efficiency": 0.6957610582140272,
    "safety": 0.7987245211614137,
    "overall": 0.7255333689212794,
    "shoulder": 0.9983855284431394,
    "elbow": 0.6669866271463475,
    "wrist": 0.7201228490849882,
    "hip": 0.7001387683609952,
    "knee": 0.671876862208748,
    "ankle": 0.7614948632016686,
    "back": 0.6638760606167847,
    "neck": 0.7415117782269951
  },
  "recommendations": {
    "form": "Good form, continue practicing with current technique",
    "alignment": "Good alignment, maintain current technique",
    "stability": "Good stability, continue with current technique",
    "power": "Good power output, maintain current intensity"
  },
  "safety_considerations": []
}