{
  "power_generation": {
    "explosiveness": 0.8858179568945954,
    "force_transfer": 0.654923370337118,
    "efficiency": 0.7423495572945548
  },
  "technical_metrics": {
    "precision": 0.526323566603057,
    "consistency": 0.5338474225152064,
    "fluidity": 0.7540429713444348
  },
  "biomechanical_metrics": {
    "joint_loading": 0.9777807219412928,
    "muscle_activation": 0.8711246616552115,
    "energy_efficiency": 0.9352145278833076
  }
}