{
  "key_points": {
    "shoulders": [
      -0.16329895784179654,
      0.668780514148326,
      0.019184217586815433
    ],
    "elbows": [
      -0.18159064869530905,
      0.4490918774071603,
      -0.08851802987781819
    ],
    "wrists": [
      0.07075595689326197,
      0.35776991208241005,
      0.056985375766915286
    ],
    "hips": [
      0.03862772885025967,
      0.3393155878960099,
      -0.06778059896939644
    ],
    "knees": [
      -0.1019249960408583,
      0.2377314449588725,
      -0.04768891266178617
    ],
    "ankles": [
      -0.27923780129309883,
      0.27081183414452037,
      0.0378900375101513
    ]
  },
  "angles": {
    "knee": 83.81938345586128,
    "hip": 132.81366607572795,
    "shoulder": 39.09785801453306,
    "elbow": 170.77198044551446
  },
  "analysis_scores": {
    "alignment": 0.8395892884224192,
    "balance": 0.9669517981037223,
    "form": 0.9494156552535553,
    "stability": 0.6323248315308092,
    "coordination": 0.7199090779663939,
    "precision": 0.6657914789487821,
    "power": 0.8464172177185785,
    "efficiency": 0.8076278384323768,
    "safety": 0.8888827973869623,
    "overall": 0.779629638768659,
    "shoulder": 0.9172618619015555,
    "elbow": 0.7682099519421495,
    "wrist": 0.8958921110117943,
    "hip": 0.7657571729098301,
    "knee": 0.9656491111006856,
    "ankle": 0.7835258573903452,
    "back": 0.9155934916667122,
    "neck": 0.7972248289792884
  },
  "recommendations": {
    "form": "Good form, continue practicing with current technique",
    "alignment": "Work on maintaining symmetrical movement patterns",
    "stability": "Focus on maintaining proper posture and balance",
    "power": "Good power output, maintain current intensity"
  },
  "safety_considerations": [
    "Work on balance and stability to prevent falls"
  ]
}