{
  "power_generation": {
    "explosiveness": 0.8070248103482901,
    "force_transfer": 0.9707080526382244,
    "efficiency": 0.5206178196478124
  },
  "technical_metrics": {
    "precision": 0.561623794250733,
    "consistency": 0.9514116402361681,
    "fluidity": 0.7877736819359586
  },
  "biomechanical_metrics": {
    "joint_loading": 0.8655406443616083,
    "muscle_activation": 0.50336659899415,
    "energy_efficiency": 0.6466216892782531
  }
}