{
  "power_generation": {
    "explosiveness": 0.8024431725191635,
    "force_transfer": 0.7052241580258389,
    "efficiency": 0.8833631634284469
  },
  "technical_metrics": {
    "precision": 0.8387126530811956,
    "consistency": 0.6362780435184054,
    "fluidity": 0.9060557900762671
  },
  "biomechanical_metrics": {
    "joint_loading": 0.9430603297636178,
    "muscle_activation": 0.9979341033595781,
    "energy_efficiency": 0.6419613369452879
  }
}