{
  "key_points": {
    "shoulders": [
      -0.0330985287829037,
      0.5058787629614605,
      -0.03800300507199102
    ],
    "elbows": [
      0.12572947372941756,
      0.4413297600526654,
      -0.07078637772903394
    ],
    "wrists": [
      -0.07083749964045144,
      0.47345061916930764,
      0.0414973654469068
    ],
    "hips": [
      -0.04066949974563375,
      0.36110760273425563,
      0.006969152788591337
    ],
    "knees": [
      0.1580596835537612,
      0.26492401467537946,
      -0.012436258174713832
    ],
    "ankles": [
      -0.17646344474912531,
      0.20670170441993158,
      0.07670031544440523
    ]
  },
  "angles": {
    "knee": 103.95535755683194,
    "hip": 113.99689166184218,
    "shoulder": 47.01171356088363,
    "elbow": 114.65257007359516
  },
  "analysis_scores": {
    "alignment": 0.9693749407944287,
    "balance": 0.954720575146058,
    "form": 0.8273138754047096,
    "stability": 0.906105766655543,
    "coordination": 0.9980929779873705,
    "precision": 0.6961593593602775,
    "power": 0.7467886023187482,
    "efficiency": 0.6059080627433517,
    "safety": 0.7125839766976193,
    "overall": 0.734411465929332,
    "shoulder": 0.6245966426274902,
    "elbow": 0.7277102492934733,
    "wrist": 0.9374060646822081,
    "hip": 0.7218312067014089,
    "knee": 0.71901867681263,
    "ankle": 0.6844919489796526,
    "back": 0.880656204547821,
    "neck": 0.628537918904683
  },
  "recommendations": {
    "form": "Good form, continue practicing with current technique",
    "alignment": "Good alignment, maintain current technique",
    "stability": "Good stability, continue with current technique",
    "power": "Good power output, maintain current intensity"
  },
  "safety_considerations": [
    "Focus on proper shoulder stability to prevent shoulder injuries"
  ]
}