{
  "power_generation": {
    "explosiveness": 0.8016833258589899,
    "force_transfer": 0.5360273193321838,
    "efficiency": 0.6644593926526536
  },
  "technical_metrics": {
    "precision": 0.7980224448169118,
    "consistency": 0.8266125445034738,
    "fluidity": 0.7486668979541526
  },
  "biomechanical_metrics": {
    "joint_loading": 0.6421968442243366,
    "muscle_activation": 0.7033525325872421,
    "energy_efficiency": 0.6932014433244786
  }
}