{
  "key_points": {
    "shoulders": [
      -0.10543764651571404,
      0.5407563335395285,
      -0.021455946653290897
    ],
    "elbows": [
      -0.16398523625985084,
      0.534271023220147,
      -0.03687082769497885
    ],
    "wrists": [
      0.06874879976407378,
      0.39031250589695177,
      -0.007948535654242389
    ],
    "hips": [
      -0.05005109012472034,
      0.3251995600557865,
      0.011068149809286942
    ],
    "knees": [
      0.25294023827897844,
      0.32382868900284245,
      -0.06149741989973104
    ],
    "ankles": [
      0.15953133588464719,
      0.265960766356922,
      -0.022046698460680997
    ]
  },
  "angles": {
    "knee": 109.77440710210541,
    "hip": 112.37578145847299,
    "shoulder": 26.514238568203425,
    "elbow": 68.81716528334427
  },
  "analysis_scores": {
    "alignment": 0.7968671824038183,
    "balance": 0.803399219774375,
    "form": 0.661074504371126,
    "stability": 0.8569391828886885,
    "coordination": 0.8749822069707358,
    "precision": 0.7330902368161557,
    "power": 0.9078408424543416,
    "efficiency": 0.8000377824845732,
    "safety": 0.6718555889101229,
    "overall": 0.7342125275072289,
    "shoulder": 0.8652158349925289,
    "elbow": 0.7767527785385223,
    "wrist": 0.7752528419550941,
    "hip": 0.7443032568670146,
    "knee": 0.7223202462351648,
    "ankle": 0.8302416339320695,
    "back": 0.6236778222238188,
    "neck": 0.8353810804850168
  },
  "recommendations": {
    "form": "Good form, continue practicing with current technique",
    "alignment": "Good alignment, maintain current technique",
    "stability": "Good stability, continue with current technique",
    "power": "Good power output, maintain current intensity"
  },
  "safety_considerations": [
    "Maintain proper hip alignment to prevent injury"
  ]
}