{
  "power_generation": {
    "explosiveness": 0.6175532098896759,
    "force_transfer": 0.6048858008508794,
    "efficiency": 0.8589929985387135
  },
  "technical_metrics": {
    "precision": 0.8407912394710254,
    "consistency": 0.6303607866380583,
    "fluidity": 0.9724636236619459
  },
  "biomechanical_metrics": {
    "joint_loading": 0.8317086085963791,
    "muscle_activation": 0.5692716136829226,
    "energy_efficiency": 0.6445795718610994
  }
}