{
  "key_points": {
    "shoulders": [
      -0.1683830512649215,
      0.6164366820041945,
      -0.0629833665169813
    ],
    "elbows": [
      0.13604770428157997,
      0.44669775167197445,
      0.08287240132920898
    ],
    "wrists": [
      -0.27284450357118106,
      0.463204190469867,
      0.09832853350572648
    ],
    "hips": [
      0.05840417956179922,
      0.441268669323319,
      0.05968445586441068
    ],
    "knees": [
      -0.11875949103227681,
      0.2694641244986499,
      -0.04031624140252295
    ],
    "ankles": [
      0.11879244761670793,
      0.1467562226027454,
      -0.02170700469728648
    ]
  },
  "angles": {
    "knee": 63.946258502454036,
    "hip": 159.04199817573615,
    "shoulder": 35.448679601194094,
    "elbow": 48.531744479736076
  },
  "analysis_scores": {
    "alignment": 0.6383669795019786,
    "balance": 0.6241939335613174,
    "form": 0.6497679920753338,
    "stability": 0.708942526452576,
    "coordination": 0.7372357704650322,
    "precision": 0.6572768805255818,
    "power": 0.7030023800235307,
    "efficiency": 0.7947698920141428,
    "safety": 0.9578683842715303,
    "overall": 0.8378237855802224,
    "shoulder": 0.9097513758672495,
    "elbow": 0.8601889537676422,
    "wrist": 0.7290049923910681,
    "hip": 0.958694390622697,
    "knee": 0.8079835617224049,
    "ankle": 0.6344679938396947,
    "back": 0.9369863670752798,
    "neck": 0.7592545664283702
  },
  "recommendations": {
    "form": "Good form, continue practicing with current technique",
    "alignment": "Good alignment, maintain current technique",
    "stability": "Good stability, continue with current technique",
    "power": "Good power output, maintain current intensity"
  },
  "safety_considerations": []
}