{
  "power_generation": {
    "explosiveness": 0.5712309803676529,
    "force_transfer": 0.8191722128292392,
    "efficiency": 0.7073561537078288
  },
  "technical_metrics": {
    "precision": 0.6198141859004278,
    "consistency": 0.5034699305655947,
    "fluidity": 0.6268105841118399
  },
  "biomechanical_metrics": {
    "joint_loading": 0.8794337242047415,
    "muscle_activation": 0.7741746316863067,
    "energy_efficiency": 0.883265842622745
  }
}