{
  "key_points": {
    "shoulders": [
      -0.18525338528584814,
      0.5769917725793465,
      0.06602243101664276
    ],
    "elbows": [
      -0.02428128544195607,
      0.4362593962407308,
      0.09101995439861263
    ],
    "wrists": [
      0.2709643548624814,
      0.49444368101518354,
      0.05151548105217141
    ],
    "hips": [
      0.16761487080092663,
      0.32365894550717084,
      0.0976107965634199
    ],
    "knees": [
      -0.09128205701082848,
      0.2818401491275133,
      -0.09083123438578107
    ],
    "ankles": [
      -0.11696346456825213,
      0.1728345190631237,
      0.0897885246635641
    ]
  },
  "angles": {
    "knee": 136.6887769929592,
    "hip": 76.87690773946419,
    "shoulder": 36.063938323020245,
    "elbow": 100.58971174441163
  },
  "analysis_scores": {
    "alignment": 0.7391004575933612,
    "balance": 0.6244957834482416,
    "form": 0.7215434612609171,
    "stability": 0.953842863901807,
    "coordination": 0.9083419350127255,
    "precision": 0.8423572216388165,
    "power": 0.6061723847801843,
    "efficiency": 0.6662524232954118,
    "safety": 0.8038617295625159,
    "overall": 0.8863744499260545,
    "shoulder": 0.7309528428420858,
    "elbow": 0.6505844832966531,
    "wrist": 0.7571928797469204,
    "hip": 0.7170377259127397,
    "knee": 0.6694652924002182,
    "ankle": 0.8171088770567734,
    "back": 0.8252974195383395,
    "neck": 0.920800188746433
  },
  "recommendations": {
    "form": "Focus on maintaining proper joint angles during movement",
    "alignment": "Good alignment, maintain current technique",
    "stability": "Good stability, continue with current technique",
    "power": "Good power output, maintain current intensity"
  },
  "safety_considerations": []
}