{
  "power_generation": {
    "explosiveness": 0.6435920403878038,
    "force_transfer": 0.5347467258507512,
    "efficiency": 0.8213740637035118
  },
  "technical_metrics": {
    "precision": 0.9440220957007441,
    "consistency": 0.5522323474305488,
    "fluidity": 0.8505444376919453
  },
  "biomechanical_metrics": {
    "joint_loading": 0.8837562171478166,
    "muscle_activation": 0.7389971550065333,
    "energy_efficiency": 0.5354476153173038
  }
}