{
  "key_points": {
    "shoulders": [
      0.017396396745949005,
      0.5356248142272362,
      0.051953458116024004
    ],
    "elbows": [
      0.25776554150157344,
      0.42891130568686126,
      0.0025571371871164345
    ],
    "wrists": [
      0.08768914952855933,
      0.36043187406961863,
      0.01487818586206946
    ],
    "hips": [
      0.18532721766883137,
      0.4503598199739932,
      0.04744683540783859
    ],
    "knees": [
      0.08386862663024558,
      0.2292922974212246,
      -0.0834071494321413
    ],
    "ankles": [
      -0.01712927430791167,
      0.21054480205197088,
      0.05907751082011506
    ]
  },
  "angles": {
    "knee": 61.43396172691689,
    "hip": 154.39998901231974,
    "shoulder": 19.11600748997041,
    "elbow": 82.07051311152215
  },
  "analysis_scores": {
    "alignment": 0.8281351264881625,
    "balance": 0.8436200457973456,
    "form": 0.8950176197343305,
    "stability": 0.8896505243524739,
    "coordination": 0.717409292751297,
    "precision": 0.7317137681128987,
    "power": 0.879351275049117,
    "efficiency": 0.7939478207343084,
    "safety": 0.9586008887758957,
    "overall": 0.968699126446615,
    "shoulder": 0.9188707365825443,
    "elbow": 0.6781009669170435,
    "wrist": 0.7375928610074816,
    "hip": 0.8483807888958009,
    "knee": 0.8702536415330206,
    "ankle": 0.9547385145355641,
    "back": 0.640159603358658,
    "neck": 0.7948716397096854
  },
  "recommendations": {
    "form": "Good form, continue practicing with current technique",
    "alignment": "Work on maintaining symmetrical movement patterns",
    "stability": "Good stability, continue with current technique",
    "power": "Good power output, maintain current intensity"
  },
  "safety_considerations": []
}