{
  "power_generation": {
    "explosiveness": 0.7767146361179749,
    "force_transfer": 0.7126137863908732,
    "efficiency": 0.7541366868746303
  },
  "technical_metrics": {
    "precision": 0.9697632119889708,
    "consistency": 0.7245431415924981,
    "fluidity": 0.978145134316192
  },
  "biomechanical_metrics": {
    "joint_loading": 0.7561365892708202,
    "muscle_activation": 0.9192951339719735,
    "energy_efficiency": 0.944240704851307
  }
}