{
  "key_points": {
    "shoulders": [
      0.15008873842593395,
      0.5286037898445671,
      -0.04783704731149361
    ],
    "elbows": [
      0.16778465352676109,
      0.5378041537713151,
      -0.025793218681377836
    ],
    "wrists": [
      0.1773601544020026,
      0.49028522051343315,
      -0.04484981793446326
    ],
    "hips": [
      0.025090950632104037,
      0.4939684935797359,
      -0.052850904209238284
    ],
    "knees": [
      -0.15644506125687782,
      0.33859277365713014,
      0.05106953272638354
    ],
    "ankles": [
      -0.13599592942758232,
      0.19543072217265428,
      -0.0017804155971129498
    ]
  },
  "angles": {
    "knee": 104.2510882701694,
    "hip": 93.02347883458415,
    "shoulder": 33.51986173369318,
    "elbow": 98.3363273111785
  },
  "analysis_scores": {
    "alignment": 0.7896471670593453,
    "balance": 0.8940282044325063,
    "form": 0.7600432464944045,
    "stability": 0.9328426681586709,
    "coordination": 0.8042493028042362,
    "precision": 0.8719231261698412,
    "power": 0.9243903299977975,
    "efficiency": 0.8683444786093214,
    "safety": 0.7842367693147019,
    "overall": 0.9606046239714584,
    "shoulder": 0.9422671677264953,
    "elbow": 0.8572302491905537,
    "wrist": 0.612789115728963,
    "hip": 0.7102105552795653,
    "knee": 0.7842824001416913,
    "ankle": 0.6403039365705059,
    "back": 0.8402181598659846,
    "neck": 0.8736488400173987
  },
  "recommendations": {
    "form": "Good form, continue practicing with current technique",
    "alignment": "Good alignment, maintain current technique",
    "stability": "Good stability, continue with current technique",
    "power": "Good power output, maintain current intensity"
  },
  "safety_considerations": []
}