{
  "power_generation": {
    "explosiveness": 0.7352109124782524,
    "force_transfer": 0.950969209879891,
    "efficiency": 0.6185257849067932
  },
  "technical_metrics": {
    "precision": 0.9577790292621207,
    "consistency": 0.9786086139587413,
    "fluidity": 0.6785052781438281
  },
  "biomechanical_metrics": {
    "joint_loading": 0.5337043938593301,
    "muscle_activation": 0.9871944916251757,
    "energy_efficiency": 0.9936750469893151
  }
}