{
  "key_points": {
    "shoulders": [
      -0.06445785904202836,
      0.5508483893917006,
      -0.008795256446324576
    ],
    "elbows": [
      0.21819025844596235,
      0.449448265423257,
      -0.07264420837096278
    ],
    "wrists": [
      -0.27562989083648787,
      0.30138269643142057,
      -0.03433138696353337
    ],
    "hips": [
      -0.19072322319561313,
      0.3833700075504733,
      0.011343195286037402
    ],
    "knees": [
      -0.09091684807215944,
      0.23510454494410404,
      0.07916083564498097
    ],
    "ankles": [
      0.37720937607154326,
      0.1829236532236032,
      0.04297118786677276
    ]
  },
  "angles": {
    "knee": 116.29653278630718,
    "hip": 108.07478069499074,
    "shoulder": 88.88584802559153,
    "elbow": 100.96197861940875
  },
  "analysis_scores": {
    "alignment": 0.9108829370205012,
    "balance": 0.6454731164071471,
    "form": 0.8142511972459426,
    "stability": 0.7686136494946305,
    "coordination": 0.9320467231541307,
    "precision": 0.6777877875842829,
    "power": 0.7609411410281123,
    "efficiency": 0.8826668647831002,
    "safety": 0.9594484120687465,
    "overall": 0.6719913803916368,
    "shoulder": 0.9800258685574842,
    "elbow": 0.6085983953913315,
    "wrist": 0.8719108694039559,
    "hip": 0.6430682863065834,
    "knee": 0.8616047576668829,
    "ankle": 0.8788099727872123,
    "back": 0.6743193934936977,
    "neck": 0.8457315749841101
  },
  "recommendations": {
    "form": "Focus on maintaining proper joint angles during movement",
    "alignment": "Work on maintaining symmetrical movement patterns",
    "stability": "Focus on maintaining proper posture and balance",
    "power": "Good power output, maintain current intensity"
  },
  "safety_considerations": []
}