{
  "power_generation": {
    "explosiveness": 0.9120277488837968,
    "force_transfer": 0.7852722440885995,
    "efficiency": 0.5991938276948906
  },
  "technical_metrics": {
    "precision": 0.9122775601482314,
    "consistency": 0.6807736451085431,
    "fluidity": 0.8030728099592689
  },
  "biomechanical_metrics": {
    "joint_loading": 0.7490650850556396,
    "muscle_activation": 0.7716034660019582,
    "energy_efficiency": 0.7011016300588697
  }
}