{
  "key_points": {
    "shoulders": [
      0.16450516549652577,
      0.5718113136699451,
      0.06787660504808224
    ],
    "elbows": [
      0.2391820006234447,
      0.5502851847478424,
      0.06824763451747712
    ],
    "wrists": [
      -0.31289582632077506,
      0.3620363152792565,
      0.02638443938941684
    ],
    "hips": [
      0.12362870570600226,
      0.400879861111273,
      -0.07616123942651912
    ],
    "knees": [
      0.21668523505564824,
      0.3494524344303046,
      -0.07513846363592812
    ],
    "ankles": [
      -0.14656221526888819,
      0.16082300623957296,
      -0.08110242535697508
    ]
  },
  "angles": {
    "knee": 32.928465566050164,
    "hip": 110.96303181943142,
    "shoulder": 15.966745452682474,
    "elbow": 128.6784346562157
  },
  "analysis_scores": {
    "alignment": 0.636642384115028,
    "balance": 0.7566289393462861,
    "form": 0.6381954262111914,
    "stability": 0.9693348274787568,
    "coordination": 0.9266399032579637,
    "precision": 0.7632960293952471,
    "power": 0.7978308205627163,
    "efficiency": 0.7728515430174765,
    "safety": 0.7419383684656014,
    "overall": 0.8544474656810794,
    "shoulder": 0.6606390680628258,
    "elbow": 0.7045355420982309,
    "wrist": 0.7104903651390347,
    "hip": 0.860951900636353,
    "knee": 0.8701294915998908,
    "ankle": 0.7800901104426419,
    "back": 0.6714595960594558,
    "neck": 0.8819243074263026
  },
  "recommendations": {
    "form": "Good form, continue practicing with current technique",
    "alignment": "Good alignment, maintain current technique",
    "stability": "Good stability, continue with current technique",
    "power": "Good power output, maintain current intensity"
  },
  "safety_considerations": []
}