{
  "power_generation": {
    "explosiveness": 0.5355767775289564,
    "force_transfer": 0.7583299046583807,
    "efficiency": 0.6091116216554693
  },
  "technical_metrics": {
    "precision": 0.6242843952797918,
    "consistency": 0.8240057019896534,
    "fluidity": 0.8663811240231999
  },
  "biomechanical_metrics": {
    "joint_loading": 0.797551454335117,
    "muscle_activation": 0.9296454168294659,
    "energy_efficiency": 0.6880535877645012
  }
}