{
  "key_points": {
    "shoulders": [
      -0.1508056931233378,
      0.5042830026568238,
      0.008892189122913646
    ],
    "elbows": [
      -0.10610820988675165,
      0.4962860149653778,
      -0.061244082894975495
    ],
    "wrists": [
      0.27621148568593934,
      0.4193028906139212,
      0.03191303081835578
    ],
    "hips": [
      0.13021162747340864,
      0.34171106656720684,
      0.02585169756753855
    ],
    "knees": [
      0.2559393679133443,
      0.2429713896607165,
      0.053276163078075395
    ],
    "ankles": [
      0.1565354473823477,
      0.22299203623253522,
      0.019772225404262406
    ]
  },
  "angles": {
    "knee": 141.31293781951123,
    "hip": 111.68389536865351,
    "shoulder": 33.47782983054676,
    "elbow": 93.00505444057194
  },
  "analysis_scores": {
    "alignment": 0.9216718278756024,
    "balance": 0.6946880133511176,
    "form": 0.9325949657749957,
    "stability": 0.9952383983104538,
    "coordination": 0.7207217021245489,
    "precision": 0.9832582050979354,
    "power": 0.6632029481745068,
    "efficiency": 0.6542997272703226,
    "safety": 0.8380215930196425,
    "overall": 0.6526056086538496,
    "shoulder": 0.7768636902767703,
    "elbow": 0.8154672485709167,
    "wrist": 0.8680286482437052,
    "hip": 0.9150399579974284,
    "knee": 0.903531794557971,
    "ankle": 0.9997879397788775,
    "back": 0.966909618707725,
    "neck": 0.7105376209334615
  },
  "recommendations": {
    "form": "Focus on maintaining proper joint angles during movement",
    "alignment": "Good alignment, maintain current technique",
    "stability": "Focus on maintaining proper posture and balance",
    "power": "Consider increasing intensity gradually"
  },
  "safety_considerations": [
    "Work on balance and stability to prevent falls"
  ]
}