{
  "power_generation": {
    "explosiveness": 0.7156871838634308,
    "force_transfer": 0.747968447188051,
    "efficiency": 0.6217608914901624
  },
  "technical_metrics": {
    "precision": 0.9562300646726347,
    "consistency": 0.924883709390946,
    "fluidity": 0.8802162600494663
  },
  "biomechanical_metrics": {
    "joint_loading": 0.669301598231452,
    "muscle_activation": 0.7224616191017028,
    "energy_efficiency": 0.7706474901262919
  }
}