{
  "key_points": {
    "shoulders": [
      0.12680632150870425,
      0.6473865346206357,
      0.025681966450019522
    ],
    "elbows": [
      0.26247302516071186,
      0.5999794714376998,
      0.043290012850355636
    ],
    "wrists": [
      0.33677683603300335,
      0.3718663068338932,
      -0.07238289022071609
    ],
    "hips": [
      -0.03882268071484335,
      0.32208435854980905,
      -0.03646890953376006
    ],
    "knees": [
      -0.24107324310188005,
      0.3709332667469694,
      0.03580796863126287
    ],
    "ankles": [
      -0.26290351250354993,
      0.13954471117024808,
      -0.03951536003204255
    ]
  },
  "angles": {
    "knee": 128.04729147164602,
    "hip": 83.77735711318896,
    "shoulder": 21.793886566766716,
    "elbow": 118.61853418784906
  },
  "analysis_scores": {
    "alignment": 0.6775782944705053,
    "balance": 0.874101696438415,
    "form": 0.8813996379391642,
    "stability": 0.6674926549927584,
    "coordination": 0.6728188980891462,
    "precision": 0.7715779920956678,
    "power": 0.9640052989847171,
    "efficiency": 0.9284688270761605,
    "safety": 0.7456865453525638,
    "overall": 0.8334674606040076,
    "shoulder": 0.6454419891160103,
    "elbow": 0.9836530237559856,
    "wrist": 0.6330774535079161,
    "hip": 0.8087609267768526,
    "knee": 0.7836855495176215,
    "ankle": 0.9465895652412427,
    "back": 0.8129919275625667,
    "neck": 0.6953174731549614
  },
  "recommendations": {
    "form": "Focus on maintaining proper joint angles during movement",
    "alignment": "Good alignment, maintain current technique",
    "stability": "Good stability, continue with current technique",
    "power": "Good power output, maintain current intensity"
  },
  "safety_considerations": []
}