{
  "power_generation": {
    "explosiveness": 0.6420241079446443,
    "force_transfer": 0.6420233293332656,
    "efficiency": 0.7206563413622135
  },
  "technical_metrics": {
    "precision": 0.8563431473553468,
    "consistency": 0.7683591914502845,
    "fluidity": 0.7911818220843472
  },
  "biomechanical_metrics": {
    "joint_loading": 0.7682466288360381,
    "muscle_activation": 0.8076277244113546,
    "energy_efficiency": 0.5848763687631475
  }
}