{
  "key_points": {
    "shoulders": [
      0.05133777129324846,
      0.5009772173432621,
      -0.04812193566268266
    ],
    "elbows": [
      0.24141208728878577,
      0.5281839577528877,
      -0.07377798269745806
    ],
    "wrists": [
      0.36765263317798746,
      0.39225513317266486,
      -0.004057333258860443
    ],
    "hips": [
      0.09253272047150168,
      0.4030913783218203,
      -0.017845934043258932
    ],
    "knees": [
      -0.17192182338500356,
      0.21455129885883945,
      -0.06336860712898937
    ],
    "ankles": [
      -0.07838740260137272,
      0.19422032516966214,
      0.07059282185485885
    ]
  },
  "angles": {
    "knee": 37.59812525214906,
    "hip": 70.696759863706,
    "shoulder": 50.1168774696701,
    "elbow": 64.53218657439714
  },
  "analysis_scores": {
    "alignment": 0.9149250923682946,
    "balance": 0.8206794697795542,
    "form": 0.6807285282084099,
    "stability": 0.7340572128898601,
    "coordination": 0.6185058832139849,
    "precision": 0.6261424021940605,
    "power": 0.6003918899311779,
    "efficiency": 0.9948605281058427,
    "safety": 0.9540241692042504,
    "overall": 0.9369203071393143,
    "shoulder": 0.8795052382236371,
    "elbow": 0.7471116735481629,
    "wrist": 0.9028182750312728,
    "hip": 0.8516262525130867,
    "knee": 0.6520046193875522,
    "ankle": 0.9540706934858094,
    "back": 0.7047228729759023,
    "neck": 0.6393851054986106
  },
  "recommendations": {
    "form": "Good form, continue practicing with current technique",
    "alignment": "Good alignment, maintain current technique",
    "stability": "Good stability, continue with current technique",
    "power": "Consider increasing intensity gradually"
  },
  "safety_considerations": []
}