{
  "power_generation": {
    "explosiveness": 0.9765029083275361,
    "force_transfer": 0.8189695279384617,
    "efficiency": 0.9846662423622548
  },
  "technical_metrics": {
    "precision": 0.9190558324368563,
    "consistency": 0.7407097965219127,
    "fluidity": 0.8307941702270927
  },
  "biomechanical_metrics": {
    "joint_loading": 0.8588416491337768,
    "muscle_activation": 0.828178173291679,
    "energy_efficiency": 0.9461028417174899
  }
}