{
  "key_points": {
    "shoulders": [
      0.049619235854204524,
      0.638119615824219,
      -0.0036847586881144923
    ],
    "elbows": [
      0.08453676077658345,
      0.5809513607718337,
      -0.09898651092284523
    ],
    "wrists": [
      0.3635961707619282,
      0.30244277850890106,
      0.030767289987342267
    ],
    "hips": [
      -0.004213051583295435,
      0.3330078375512311,
      -0.08787059288606039
    ],
    "knees": [
      -0.17198156092258396,
      0.3337438156139564,
      -0.049213694543325186
    ],
    "ankles": [
      0.17953043451304862,
      0.25288220088154634,
      -0.06554868399469432
    ]
  },
  "angles": {
    "knee": 32.17147619891716,
    "hip": 66.49732590498311,
    "shoulder": 55.29474586658271,
    "elbow": 100.51492759649804
  },
  "analysis_scores": {
    "alignment": 0.8349435240117364,
    "balance": 0.687640112505375,
    "form": 0.8341759327880821,
    "stability": 0.9071449774177185,
    "coordination": 0.730388546968139,
    "precision": 0.9573659015587865,
    "power": 0.6113728588898198,
    "efficiency": 0.8557533829491246,
    "safety": 0.8423345357151953,
    "overall": 0.643051751979101,
    "shoulder": 0.6266766869860323,
    "elbow": 0.7850041551862966,
    "wrist": 0.9581881083149348,
    "hip": 0.805586165570903,
    "knee": 0.8924805065728321,
    "ankle": 0.8664564434659505,
    "back": 0.6451202987812342,
    "neck": 0.8382247108223406
  },
  "recommendations": {
    "form": "Focus on maintaining proper joint angles during movement",
    "alignment": "Good alignment, maintain current technique",
    "stability": "Good stability, continue with current technique",
    "power": "Good power output, maintain current intensity"
  },
  "safety_considerations": []
}