{
  "power_generation": {
    "explosiveness": 0.9287494050617802,
    "force_transfer": 0.6515529273163518,
    "efficiency": 0.6619082432073551
  },
  "technical_metrics": {
    "precision": 0.8826528929728529,
    "consistency": 0.863225591623269,
    "fluidity": 0.6487155118782725
  },
  "biomechanical_metrics": {
    "joint_loading": 0.8510209519280926,
    "muscle_activation": 0.9151247773712035,
    "energy_efficiency": 0.6150808096875066
  }
}