{
  "power_generation": {
    "explosiveness": 0.8928615120543348,
    "force_transfer": 0.8232213025339424,
    "efficiency": 0.9151074502225935
  },
  "technical_metrics": {
    "precision": 0.8433773403380005,
    "consistency": 0.7169629807489513,
    "fluidity": 0.5936656834053946
  },
  "biomechanical_metrics": {
    "joint_loading": 0.8249900960419816,
    "muscle_activation": 0.5561962552250457,
    "energy_efficiency": 0.5351381901192915
  }
}