{
  "power_generation": {
    "explosiveness": 0.8605256080623407,
    "force_transfer": 0.9751088430308399,
    "efficiency": 0.604427993537588
  },
  "technical_metrics": {
    "precision": 0.5070031729035394,
    "consistency": 0.5666513127810837,
    "fluidity": 0.6322569639013162
  },
  "biomechanical_metrics": {
    "joint_loading": 0.6542699080039278,
    "muscle_activation": 0.8092708414732348,
    "energy_efficiency": 0.5448001833485434
  }
}