{
  "key_points": {
    "shoulders": [
      -0.1081443976732214,
      0.6548572140539675,
      -0.12952085251918788
    ],
    "elbows": [
      0.1477382272502593,
      0.5664999082938318,
      -0.07179203879213913
    ],
    "wrists": [
      -0.27026072544517776,
      0.3616911640695376,
      0.00440507853358757
    ],
    "hips": [
      0.29250497604968057,
      0.4417580492920372,
      -0.031122954411399173
    ]
  },
  "angles": {
    "shoulder": 55.868205291732494,
    "elbow": 120.95629882089989
  },
  "analysis_scores": {
    "alignment": 0.6855752096023445,
    "balance": 0.8768401493559761,
    "form": 0.989975381328428,
    "stability": 0.909358248846962,
    "coordination": 0.685141967772004,
    "precision": 0.7554845069695402,
    "power": 0.8497691265957773,
    "efficiency": 0.9688129643125903,
    "safety": 0.669432029851729,
    "overall": 0.7031380876975099,
    "shoulder": 1.0,
    "elbow": 0.8900947974864826,
    "wrist": 1.0,
    "hip": 0.6784156485439636,
    "knee": 0.835004407843271,
    "ankle": 0.7398242174616851,
    "back": 0.858416357353665,
    "neck": 0.9019628327921844
  },
  "recommendations": {
    "form": "Good form, continue practicing with current technique",
    "alignment": "Good alignment, maintain current technique",
    "stability": "Good stability, continue with current technique",
    "power": "Good power output, maintain current intensity"
  },
  "safety_considerations": []
}