{
  "power_generation": {
    "explosiveness": 0.6939445962745061,
    "force_transfer": 0.7204855207567034,
    "efficiency": 0.7766251686903565
  },
  "technical_metrics": {
    "precision": 0.5757458452861608,
    "consistency": 0.6505279999922209,
    "fluidity": 0.6605715676366577
  },
  "biomechanical_metrics": {
    "joint_loading": 0.5393800993255736,
    "muscle_activation": 0.9364274381065619,
    "energy_efficiency": 0.6726436370241606
  }
}