{
  "key_points": {
    "shoulders": [
      -0.08977334676781275,
      0.63617975531083,
      -0.05325996419721475
    ],
    "elbows": [
      -0.21016879521049392,
      0.4087844043794919,
      -0.07941771248762126
    ],
    "wrists": [
      0.27772127834142735,
      0.31800728266789213,
      -0.07882064340958879
    ],
    "hips": [
      -0.04434208685777072,
      0.4615125142458558,
      -0.0005748813524693863
    ],
    "knees": [
      0.1883714537142328,
      0.21125004225644334,
      -0.0696281892789529
    ],
    "ankles": [
      0.3610303262270198,
      0.28290522635963444,
      0.05433270258094333
    ]
  },
  "angles": {
    "knee": 69.84721707704226,
    "hip": 142.47342455125428,
    "shoulder": 18.052138641094487,
    "elbow": 66.01430883019877
  },
  "analysis_scores": {
    "alignment": 0.7226195987043822,
    "balance": 0.9796640872504523,
    "form": 0.6473030606412274,
    "stability": 0.8017091434356166,
    "coordination": 0.9857583779071192,
    "precision": 0.8354202595409517,
    "power": 0.6407764849743453,
    "efficiency": 0.8125012523222874,
    "safety": 0.9601899672033027,
    "overall": 0.9141814375395408,
    "shoulder": 0.6313419392606955,
    "elbow": 0.9715707917569449,
    "wrist": 0.6897926222055952,
    "hip": 0.6465148071530356,
    "knee": 0.7686006741344877,
    "ankle": 0.9792551415363859,
    "back": 0.8027471869718372,
    "neck": 0.8230636486939277
  },
  "recommendations": {
    "form": "Good form, continue practicing with current technique",
    "alignment": "Good alignment, maintain current technique",
    "stability": "Good stability, continue with current technique",
    "power": "Good power output, maintain current intensity"
  },
  "safety_considerations": [
    "Focus on proper knee alignment during jumps and turns"
  ]
}