{
  "power_generation": {
    "explosiveness": 0.5741081944839883,
    "force_transfer": 0.6326560968498705,
    "efficiency": 0.7982972586675738
  },
  "technical_metrics": {
    "precision": 0.8985197201077473,
    "consistency": 0.8408515780608379,
    "fluidity": 0.7692916042794014
  },
  "biomechanical_metrics": {
    "joint_loading": 0.7322124944394441,
    "muscle_activation": 0.5898388819182006,
    "energy_efficiency": 0.740412651943753
  }
}