{
  "key_points": {
    "shoulders": [
      0.18899501264071955,
      0.5296999240247507,
      -0.013979124657072114
    ],
    "elbows": [
      0.03506517859274377,
      0.4806864037669672,
      0.02812301892114616
    ],
    "wrists": [
      -0.13943724732004342,
      0.31530282661427717,
      0.05118804011119446
    ],
    "hips": [
      0.06482982525750419,
      0.4416988730838849,
      0.08311497419048058
    ],
    "knees": [
      0.14453137468829969,
      0.3644602844379595,
      0.06758509154804423
    ],
    "ankles": [
      -0.37740505465305063,
      0.24736654007920436,
      0.08793818864721922
    ]
  },
  "angles": {
    "knee": 71.11841299790558,
    "hip": 156.94229486852777,
    "shoulder": 55.75904098692136,
    "elbow": 76.88453695103094
  },
  "analysis_scores": {
    "alignment": 0.9638152393330577,
    "balance": 0.7145883110465664,
    "form": 0.7613331479140493,
    "stability": 0.7603775022937871,
    "coordination": 0.7923439064121413,
    "precision": 0.6334438198516419,
    "power": 0.9667439704736249,
    "efficiency": 0.6430288401655272,
    "safety": 0.9060483938916045,
    "overall": 0.7750676257112336,
    "shoulder": 0.6814788623675039,
    "elbow": 0.7915753385460607,
    "wrist": 0.9126700011165486,
    "hip": 0.6728202596830049,
    "knee": 0.9648929080486732,
    "ankle": 0.7506241788536806,
    "back": 0.7311055211925968,
    "neck": 0.8716431332279673
  },
  "recommendations": {
    "form": "Focus on maintaining proper joint angles during movement",
    "alignment": "Good alignment, maintain current technique",
    "stability": "Good stability, continue with current technique",
    "power": "Good power output, maintain current intensity"
  },
  "safety_considerations": []
}