{
  "power_generation": {
    "explosiveness": 0.8136866428208243,
    "force_transfer": 0.7242278161913532,
    "efficiency": 0.5218189647879962
  },
  "technical_metrics": {
    "precision": 0.764975736405465,
    "consistency": 0.9858201305844144,
    "fluidity": 0.8143797801005935
  },
  "biomechanical_metrics": {
    "joint_loading": 0.8422652733926566,
    "muscle_activation": 0.8355005192116849,
    "energy_efficiency": 0.5017920175145252
  }
}