{
  "key_points": {
    "shoulders": [
      0.16414778627152843,
      0.6339936171818568,
      -0.05125246114973192
    ],
    "elbows": [
      -0.09798182034692951,
      0.47054517317820665,
      0.0921871304781719
    ],
    "wrists": [
      -0.15330859524061796,
      0.3824893566179258,
      -0.05909277653360832
    ],
    "hips": [
      -0.05780873226496369,
      0.3169234419355131,
      0.0194448699588005
    ],
    "knees": [
      -0.0421610929428467,
      0.2397051784561529,
      -0.016236869455896974
    ],
    "ankles": [
      0.08580460023104913,
      0.223114983256596,
      -0.06891316959829426
    ]
  },
  "angles": {
    "knee": 89.1716429243698,
    "hip": 100.020804603809,
    "shoulder": 59.78539264036533,
    "elbow": 113.6449235612984
  },
  "analysis_scores": {
    "alignment": 0.9461431326289469,
    "balance": 0.6204190786075546,
    "form": 0.7184138755261893,
    "stability": 0.8592871105691521,
    "coordination": 0.7350896602917241,
    "precision": 0.7010346522673115,
    "power": 0.8132308443356993,
    "efficiency": 0.8709478516345874,
    "safety": 0.6583173959688968,
    "overall": 0.8789751338950567,
    "shoulder": 0.768489837678347,
    "elbow": 0.9348375323303018,
    "wrist": 0.9937099344795797,
    "hip": 0.9742163233589061,
    "knee": 0.7902070347878515,
    "ankle": 0.835176616216205,
    "back": 0.6225590885684024,
    "neck": 0.9491002034178999
  },
  "recommendations": {
    "form": "Good form, continue practicing with current technique",
    "alignment": "Good alignment, maintain current technique",
    "stability": "Good stability, continue with current technique",
    "power": "Consider increasing intensity gradually"
  },
  "safety_considerations": []
}