{
  "power_generation": {
    "explosiveness": 0.9885679106422993,
    "force_transfer": 0.9901853278597881,
    "efficiency": 0.8334035904756916
  },
  "technical_metrics": {
    "precision": 0.8429690892674234,
    "consistency": 0.6719693713188641,
    "fluidity": 0.6673435074407965
  },
  "biomechanical_metrics": {
    "joint_loading": 0.8895964496690789,
    "muscle_activation": 0.6518638066322096,
    "energy_efficiency": 0.860131346497244
  }
}