{
  "key_points": {
    "shoulders": [
      -0.07849634006095295,
      0.664135839656813,
      -0.001608728622059477
    ],
    "elbows": [
      -0.19596141830720476,
      0.5808251429677006,
      -0.012399076475684681
    ],
    "wrists": [
      -0.36063526798714246,
      0.4628069346235118,
      0.08498293240485452
    ],
    "hips": [
      0.035245196270367124,
      0.4491994983081541,
      0.05917303360190182
    ],
    "knees": [
      -0.15844470263594584,
      0.23876900449227592,
      0.018313273145514036
    ],
    "ankles": [
      -0.024939230663651835,
      0.1832238667355648,
      -0.028769899625137416
    ]
  },
  "angles": {
    "knee": 47.46607168520262,
    "hip": 67.77350589331188,
    "shoulder": 57.61776662275103,
    "elbow": 31.910944823719923
  },
  "analysis_scores": {
    "alignment": 0.7103867213407602,
    "balance": 0.7484638751444336,
    "form": 0.7796295040822372,
    "stability": 0.806651555284527,
    "coordination": 0.7358583380648653,
    "precision": 0.879478738853412,
    "power": 0.669992688150249,
    "efficiency": 0.6411159380498384,
    "safety": 0.9222661319054255,
    "overall": 0.8499928517502834,
    "shoulder": 0.9657254453349967,
    "elbow": 0.9587503117248599,
    "wrist": 0.9874108558533851,
    "hip": 0.9013859388536534,
    "knee": 0.8481190281861377,
    "ankle": 0.9767061051786499,
    "back": 0.9089165487645677,
    "neck": 0.6399058568196003
  },
  "recommendations": {
    "form": "Focus on maintaining proper joint angles during movement",
    "alignment": "Work on maintaining symmetrical movement patterns",
    "stability": "Good stability, continue with current technique",
    "power": "Good power output, maintain current intensity"
  },
  "safety_considerations": []
}