{
  "power_generation": {
    "explosiveness": 0.9240889066538714,
    "force_transfer": 0.8206092645646821,
    "efficiency": 0.7642212443873021
  },
  "technical_metrics": {
    "precision": 0.5974059925297383,
    "consistency": 0.9085703052893448,
    "fluidity": 0.6243063277957059
  },
  "biomechanical_metrics": {
    "joint_loading": 0.8102659618753503,
    "muscle_activation": 0.6263192798388948,
    "energy_efficiency": 0.9884540349139407
  }
}