{
  "key_points": {
    "shoulders": [
      0.10751862138035667,
      0.5266051773995172,
      0.014088522922107757
    ],
    "elbows": [
      -0.25474159533646407,
      0.4943825849463903,
      0.017290188102802057
    ],
    "wrists": [
      0.004639029639005976,
      0.3592130723429178,
      0.03316601635399946
    ],
    "hips": [
      0.13100282778810163,
      0.41686352626402445,
      -0.013265657837537706
    ],
    "knees": [
      0.10782417336730177,
      0.2308587814003755,
      -0.03635278132695523
    ],
    "ankles": [
      -0.32785800908284585,
      0.22041246461545094,
      -0.021656436417064898
    ]
  },
  "angles": {
    "knee": 111.55546852240293,
    "hip": 62.387486867286675,
    "shoulder": 51.47025894587641,
    "elbow": 112.78389539715127
  },
  "analysis_scores": {
    "alignment": 0.610425571494429,
    "balance": 0.972843821964471,
    "form": 0.7836815713908474,
    "stability": 0.9681072161005819,
    "coordination": 0.9222546730771836,
    "precision": 0.8852222147486832,
    "power": 0.6694585004100181,
    "efficiency": 0.7703403846045817,
    "safety": 0.6247837177539067,
    "overall": 0.9649176208243608,
    "shoulder": 0.9335641755520317,
    "elbow": 0.8304259330105794,
    "wrist": 0.732886233931462,
    "hip": 0.6298334878192421,
    "knee": 0.9420855785984965,
    "ankle": 0.7162387036670554,
    "back": 0.9337283735721928,
    "neck": 0.8344496139167451
  },
  "recommendations": {
    "form": "Good form, continue practicing with current technique",
    "alignment": "Good alignment, maintain current technique",
    "stability": "Good stability, continue with current technique",
    "power": "Consider increasing intensity gradually"
  },
  "safety_considerations": [
    "Consider reducing jump height to prevent joint stress",
    "Ensure proper landing technique to prevent knee injuries"
  ]
}