{
  "power_generation": {
    "explosiveness": 0.6752533154436148,
    "force_transfer": 0.7116621882489471,
    "efficiency": 0.9946823393000483
  },
  "technical_metrics": {
    "precision": 0.7019863545574883,
    "consistency": 0.6034757042776061,
    "fluidity": 0.7969248389616397
  },
  "biomechanical_metrics": {
    "joint_loading": 0.565289696304418,
    "muscle_activation": 0.98178060874297,
    "energy_efficiency": 0.9730434303875561
  }
}