{
  "key_points": {
    "shoulders": [
      -0.18939283714149308,
      0.5997703187690079,
      0.0969551195788679
    ],
    "elbows": [
      0.025671246526299707,
      0.5156001655956671,
      -0.013620371231798739
    ],
    "wrists": [
      0.33394691059292503,
      0.4835659410811425,
      -0.06154426522625827
    ],
    "hips": [
      -0.14317642587875934,
      0.42370902216307416,
      0.05743004435657076
    ],
    "knees": [
      0.020359879990596685,
      0.38577778892323944,
      -0.09043340876584796
    ],
    "ankles": [
      -0.1604827828565205,
      0.1402212862294983,
      0.07892550380993657
    ]
  },
  "angles": {
    "knee": 76.14575921019417,
    "hip": 85.38214554334901,
    "shoulder": 71.04655572195821,
    "elbow": 70.38497869806822
  },
  "analysis_scores": {
    "alignment": 0.936371541577151,
    "balance": 0.6808434279805708,
    "form": 0.8115208578254354,
    "stability": 0.9743685336864384,
    "coordination": 0.8108755854898799,
    "precision": 0.8989666434911021,
    "power": 0.9234129183264688,
    "efficiency": 0.6019216557838538,
    "safety": 0.9279683054972382,
    "overall": 0.9239921452978236,
    "shoulder": 0.7239088820408726,
    "elbow": 0.6646884471248763,
    "wrist": 0.6169432327533291,
    "hip": 0.7707328805097441,
    "knee": 0.8676939562877799,
    "ankle": 0.9244429279279526,
    "back": 0.9515929976220601,
    "neck": 0.6449664159287091
  },
  "recommendations": {
    "form": "Good form, continue practicing with current technique",
    "alignment": "Work on maintaining symmetrical movement patterns",
    "stability": "Good stability, continue with current technique",
    "power": "Consider increasing intensity gradually"
  },
  "safety_considerations": []
}