{
  "power_generation": {
    "explosiveness": 0.8322237806126636,
    "force_transfer": 0.8621706912559949,
    "efficiency": 0.9542119698477953
  },
  "technical_metrics": {
    "precision": 0.5027229653284704,
    "consistency": 0.9315893111773288,
    "fluidity": 0.8440993450526181
  },
  "biomechanical_metrics": {
    "joint_loading": 0.5535813871482135,
    "muscle_activation": 0.7096088679144715,
    "energy_efficiency": 0.5981962153857325
  }
}