{
  "key_points": {
    "shoulders": [
      0.06887499003970304,
      0.553745227576814,
      -0.0010438179751515175
    ],
    "elbows": [
      0.23121025119049748,
      0.5972356759430797,
      -0.05795864742933021
    ],
    "wrists": [
      0.13259556952164764,
      0.34565660477633325,
      0.03935969770591388
    ],
    "hips": [
      0.05269992639696813,
      0.40813043581733655,
      0.09036912276474654
    ],
    "knees": [
      -0.07176082377818144,
      0.24292804408074334,
      0.0765138970417327
    ],
    "ankles": [
      -0.06660992402160132,
      0.26037101888199476,
      0.04974849969028319
    ]
  },
  "angles": {
    "knee": 147.6116304942087,
    "hip": 66.39967296617672,
    "shoulder": 64.25865718560824,
    "elbow": 155.62757741639547
  },
  "analysis_scores": {
    "alignment": 0.7334572587088782,
    "balance": 0.6680642068071349,
    "form": 0.7379459227143531,
    "stability": 0.714378805027563,
    "coordination": 0.7893844396071494,
    "precision": 0.7491802452951093,
    "power": 0.9872359515882223,
    "efficiency": 0.7851068583427814,
    "safety": 0.758224028678046,
    "overall": 0.8660044258512469,
    "shoulder": 0.6104447381312779,
    "elbow": 0.8362545522164461,
    "wrist": 0.7165357041266714,
    "hip": 0.6732553773918836,
    "knee": 0.9813078854469782,
    "ankle": 0.7930910665166016,
    "back": 0.6721928266545698,
    "neck": 0.640311714717835
  },
  "recommendations": {
    "form": "Good form, continue practicing with current technique",
    "alignment": "Good alignment, maintain current technique",
    "stability": "Good stability, continue with current technique",
    "power": "Good power output, maintain current intensity"
  },
  "safety_considerations": []
}