{
  "power_generation": {
    "explosiveness": 0.9631927891737698,
    "force_transfer": 0.6520226865855309,
    "efficiency": 0.9658380970221403
  },
  "technical_metrics": {
    "precision": 0.9502512409185652,
    "consistency": 0.590393780484908,
    "fluidity": 0.8146159698718052
  },
  "biomechanical_metrics": {
    "joint_loading": 0.8012161653804959,
    "muscle_activation": 0.6795347484921719,
    "energy_efficiency": 0.9759232522549373
  }
}