{
  "key_points": {
    "shoulders": [
      -0.010429640893745484,
      0.6638925973434062,
      -0.0869968795584307
    ],
    "elbows": [
      0.0656542274386469,
      0.5179127766416435,
      0.09921059981156485
    ],
    "wrists": [
      -0.15126620687784867,
      0.34447987730955687,
      -0.02348503953907169
    ],
    "hips": [
      -0.1906156306522005,
      0.4665345623550282,
      0.05906081945454464
    ],
    "knees": [
      -0.27671059082092336,
      0.21254625217117737,
      0.02171039629225828
    ],
    "ankles": [
      0.3692367772550006,
      0.2335369949618143,
      -0.04656995011254483
    ]
  },
  "angles": {
    "knee": 54.45904339316228,
    "hip": 57.64555666284987,
    "shoulder": 17.232766109598902,
    "elbow": 106.24935435587653
  },
  "analysis_scores": {
    "alignment": 0.822476551944205,
    "balance": 0.9034796663383212,
    "form": 0.721510349043834,
    "stability": 0.7141817745774047,
    "coordination": 0.7502387705077952,
    "precision": 0.9041016409814143,
    "power": 0.6447513021414709,
    "efficiency": 0.9649988582221573,
    "safety": 0.8227782087202945,
    "overall": 0.8126614003748186,
    "shoulder": 0.7084049970796336,
    "elbow": 0.7396523556307454,
    "wrist": 0.8283265525061777,
    "hip": 0.8622296995129921,
    "knee": 0.6846710114359027,
    "ankle": 0.9702982576292625,
    "back": 0.7606651751006512,
    "neck": 0.8970525838721424
  },
  "recommendations": {
    "form": "Focus on maintaining proper joint angles during movement",
    "alignment": "Work on maintaining symmetrical movement patterns",
    "stability": "Focus on maintaining proper posture and balance",
    "power": "Good power output, maintain current intensity"
  },
  "safety_considerations": []
}