{
  "power_generation": {
    "explosiveness": 0.6117892905259736,
    "force_transfer": 0.9337694658316693,
    "efficiency": 0.7691396817347537
  },
  "technical_metrics": {
    "precision": 0.8758908662758698,
    "consistency": 0.5160281822593596,
    "fluidity": 0.5648550912416636
  },
  "biomechanical_metrics": {
    "joint_loading": 0.505082576079319,
    "muscle_activation": 0.9443942097056893,
    "energy_efficiency": 0.779140062632655
  }
}