{
  "key_points": {
    "shoulders": [
      -0.07057400652356868,
      0.6713812545059249,
      -0.016785449416272094
    ],
    "hips": [
      -0.13478745436522838,
      0.40699698514721244,
      -0.06846310295728938
    ],
    "knees": [
      0.15735216785362327,
      0.33665291718859536,
      -0.04904646624669946
    ],
    "ankles": [
      0.051575112309366955,
      0.33357464630074996,
      -0.03456741772706229
    ]
  },
  "angles": {
    "knee": 71.0876120803912,
    "hip": 150.66024480808923,
    "shoulder": 10.161658354355913
  },
  "analysis_scores": {
    "alignment": 0.8466111469928629,
    "balance": 0.9407420689858094,
    "form": 0.6069432177730361,
    "stability": 0.771454535671837,
    "coordination": 0.7284674474541956,
    "precision": 0.6756077326557945,
    "power": 0.9647010144882209,
    "efficiency": 0.9246291576073249,
    "safety": 0.624878030397617,
    "overall": 0.9250840942475782,
    "shoulder": 0.7792450378472257,
    "elbow": 0.9004669629231394,
    "wrist": 0.9592718618491842,
    "hip": 0.8510206087414001,
    "knee": 0.6212753398609742,
    "ankle": 1.0,
    "back": 0.629331834890858,
    "neck": 0.9557589528974784
  },
  "recommendations": {
    "form": "Good form, continue practicing with current technique",
    "alignment": "Good alignment, maintain current technique",
    "stability": "Focus on maintaining proper posture and balance",
    "power": "Consider increasing intensity gradually"
  },
  "safety_considerations": []
}