{
  "power_generation": {
    "explosiveness": 0.7405444023117846,
    "force_transfer": 0.937314206567786,
    "efficiency": 0.6475740892783994
  },
  "technical_metrics": {
    "precision": 0.8779869152133053,
    "consistency": 0.8351433585200954,
    "fluidity": 0.5195996027583221
  },
  "biomechanical_metrics": {
    "joint_loading": 0.646484011927787,
    "muscle_activation": 0.6740710009985329,
    "energy_efficiency": 0.5359090941015485
  }
}