{
  "key_points": {
    "shoulders": [
      -0.07268227430940197,
      0.6957095180364476,
      0.04850737466591651
    ],
    "elbows": [
      0.19319173579963167,
      0.40598516849919397,
      -0.0781253848043299
    ],
    "wrists": [
      -0.38046137619145554,
      0.4649292966307662,
      -0.05805713694551387
    ],
    "hips": [
      0.014024676952673065,
      0.48004732851649756,
      0.07217982617761959
    ],
    "knees": [
      0.02010603192309046,
      0.3791667117064875,
      0.05999937078417339
    ],
    "ankles": [
      0.312673979591373,
      0.2333682633994013,
      0.04975838436015759
    ]
  },
  "angles": {
    "knee": 55.203785601361986,
    "hip": 133.32274845170213,
    "shoulder": 73.44692338127402,
    "elbow": 61.7684163215728
  },
  "analysis_scores": {
    "alignment": 0.7682841373575469,
    "balance": 0.6483264459213408,
    "form": 0.683705753311926,
    "stability": 0.6941974850565263,
    "coordination": 0.784301961386809,
    "precision": 0.8005682863539346,
    "power": 0.8332591295401263,
    "efficiency": 0.6315069962122813,
    "safety": 0.7003397946773615,
    "overall": 0.9628367752848028,
    "shoulder": 0.9803327110336306,
    "elbow": 0.9550481281578298,
    "wrist": 0.6171099430834209,
    "hip": 0.705763882866483,
    "knee": 0.7477250095811074,
    "ankle": 0.7188072985981819,
    "back": 0.828413570164083,
    "neck": 0.9850648296945463
  },
  "recommendations": {
    "form": "Focus on maintaining proper joint angles during movement",
    "alignment": "Work on maintaining symmetrical movement patterns",
    "stability": "Focus on maintaining proper posture and balance",
    "power": "Consider increasing intensity gradually"
  },
  "safety_considerations": [
    "Ensure proper shoulder mechanics during swing"
  ]
}