{
  "power_generation": {
    "explosiveness": 0.5583885092290404,
    "force_transfer": 0.8613661661409389,
    "efficiency": 0.9404588865558541
  },
  "technical_metrics": {
    "precision": 0.663498944539973,
    "consistency": 0.6309438706322863,
    "fluidity": 0.9931482767982482
  },
  "biomechanical_metrics": {
    "joint_loading": 0.6514909466732381,
    "muscle_activation": 0.9980705670052188,
    "energy_efficiency": 0.629629557618584
  }
}