{
  "key_points": {
    "shoulders": [
      -0.01470860550156644,
      0.5179889330856575,
      0.019007453483991507
    ],
    "elbows": [
      -0.05893693801046146,
      0.5024568280113929,
      0.07779067391520458
    ],
    "wrists": [
      -0.0523993913265593,
      0.4316712293272494,
      0.01236653443032662
    ],
    "hips": [
      -0.11934188854181019,
      0.36240000124445876,
      -0.0925195230130012
    ],
    "knees": [
      0.11915260813495931,
      0.30565489785212174,
      -0.0470321000266835
    ],
    "ankles": [
      -0.05293285212518495,
      0.2980198532418209,
      0.040387388262188406
    ]
  },
  "angles": {
    "knee": 142.12334606064036,
    "hip": 129.4355119344619,
    "shoulder": 33.750302023621806,
    "elbow": 106.0414691059885
  },
  "analysis_scores": {
    "alignment": 0.8080175742644837,
    "balance": 0.7612190113885678,
    "form": 0.8383852238705943,
    "stability": 0.9835271807732435,
    "coordination": 0.7513450517169962,
    "precision": 0.6086707234288797,
    "power": 0.7582590258568365,
    "efficiency": 0.7233179340733554,
    "safety": 0.7743372621593438,
    "overall": 0.824680494628306,
    "shoulder": 0.6083402808841211,
    "elbow": 0.6148566293512094,
    "wrist": 0.7958868505203531,
    "hip": 0.687658758893326,
    "knee": 0.9882215043101136,
    "ankle": 0.9723964522383289,
    "back": 0.6535649943288403,
    "neck": 0.750677256998917
  },
  "recommendations": {
    "form": "Good form, continue practicing with current technique",
    "alignment": "Good alignment, maintain current technique",
    "stability": "Good stability, continue with current technique",
    "power": "Consider increasing intensity gradually"
  },
  "safety_considerations": []
}