{
  "power_generation": {
    "explosiveness": 0.7241205527481174,
    "force_transfer": 0.7226499629288954,
    "efficiency": 0.6820701482556711
  },
  "technical_metrics": {
    "precision": 0.7688955119395876,
    "consistency": 0.9008327326398582,
    "fluidity": 0.8398871507250916
  },
  "biomechanical_metrics": {
    "joint_loading": 0.8679116449139515,
    "muscle_activation": 0.5078774985615857,
    "energy_efficiency": 0.9921611716439034
  }
}