{
  "key_points": {
    "shoulders": [
      -0.11870428718405956,
      0.6454444504521583,
      0.05126832896372838
    ],
    "elbows": [
      0.01715318984311276,
      0.43941351683503393,
      0.060692993770529835
    ],
    "wrists": [
      -0.10563342326029529,
      0.4596329644582941,
      -0.0689753072171746
    ],
    "hips": [
      0.04900413280775448,
      0.4239168183912243,
      0.09875956708869812
    ],
    "knees": [
      0.11951971010856549,
      0.3385051749780903,
      -0.035779620850141705
    ],
    "ankles": [
      -0.10703253270117363,
      0.25317492055388524,
      -0.008825843998262167
    ]
  },
  "angles": {
    "knee": 13.214619637843567,
    "hip": 71.93981679851406,
    "shoulder": 14.132948458438884,
    "elbow": 174.49108817450178
  },
  "analysis_scores": {
    "alignment": 0.807615985095809,
    "balance": 0.6248334409359173,
    "form": 0.6516527325757145,
    "stability": 0.7492124288983387,
    "coordination": 0.8753849830880328,
    "precision": 0.7499530808255334,
    "power": 0.7427010202872664,
    "efficiency": 0.9994682921697321,
    "safety": 0.7705040478219787,
    "overall": 0.6733427543299494,
    "shoulder": 0.630097630583652,
    "elbow": 0.819860425105742,
    "wrist": 0.9568793237734883,
    "hip": 0.6137600632583858,
    "knee": 0.8639800261036075,
    "ankle": 0.8114713183813316,
    "back": 0.6604502136076252,
    "neck": 0.7599644519593166
  },
  "recommendations": {
    "form": "Focus on maintaining proper joint angles during movement",
    "alignment": "Good alignment, maintain current technique",
    "stability": "Good stability, continue with current technique",
    "power": "Good power output, maintain current intensity"
  },
  "safety_considerations": []
}