{
  "power_generation": {
    "explosiveness": 0.6516865995834622,
    "force_transfer": 0.8847553352840675,
    "efficiency": 0.5247492004704372
  },
  "technical_metrics": {
    "precision": 0.9131950381439751,
    "consistency": 0.7907581540228954,
    "fluidity": 0.7680109491654135
  },
  "biomechanical_metrics": {
    "joint_loading": 0.6368731601016242,
    "muscle_activation": 0.5537314535969831,
    "energy_efficiency": 0.8040072558789906
  }
}