{
  "key_points": {
    "shoulders": [
      -0.14432345993228704,
      0.6164539229585534,
      -0.044313415825781854
    ],
    "elbows": [
      -0.2610099179692048,
      0.4935155353134926,
      0.06317395530139214
    ],
    "wrists": [
      0.25438025712395695,
      0.31224636229870467,
      -0.09484350981714762
    ],
    "hips": [
      -0.00016773963799768254,
      0.3738738748032726,
      0.022797276648806708
    ],
    "knees": [
      -0.026020284758751178,
      0.2947070767000914,
      0.018607580186453504
    ],
    "ankles": [
      0.36201731276088567,
      0.2203125998404017,
      -0.06454836618790902
    ]
  },
  "angles": {
    "knee": 77.45986461637803,
    "hip": 117.91267379372495,
    "shoulder": 15.737822615985971,
    "elbow": 124.81603735639524
  },
  "analysis_scores": {
    "alignment": 0.7270641569782545,
    "balance": 0.8354672865093564,
    "form": 0.9562976417910614,
    "stability": 0.8737386664759449,
    "coordination": 0.6865006547734438,
    "precision": 0.6975568779785152,
    "power": 0.8662822512219777,
    "efficiency": 0.7890119535180463,
    "safety": 0.6885337750437539,
    "overall": 0.7436418730207612,
    "shoulder": 0.7116248776868896,
    "elbow": 0.8853552136079204,
    "wrist": 0.7857111158110442,
    "hip": 0.9661732759602835,
    "knee": 0.6758375629590461,
    "ankle": 0.7606393363547298,
    "back": 0.6702982536022966,
    "neck": 0.6805305378538145
  },
  "recommendations": {
    "form": "Focus on maintaining proper joint angles during movement",
    "alignment": "Work on maintaining symmetrical movement patterns",
    "stability": "Good stability, continue with current technique",
    "power": "Good power output, maintain current intensity"
  },
  "safety_considerations": []
}