{
  "key_points": {
    "shoulders": [
      -0.11034779286202752,
      0.5917577346196589,
      -0.0048379658332119435
    ],
    "elbows": [
      0.10695649702962684,
      0.5760797147272849,
      -0.08298006298329984
    ],
    "wrists": [
      0.23475187600399305,
      0.4949957921072484,
      0.05307546853716824
    ],
    "hips": [
      -0.002817433724731838,
      0.42874774346984057,
      0.047059326633930365
    ],
    "knees": [
      0.29741787509540824,
      0.3393003145596444,
      -0.013959589585682913
    ],
    "ankles": [
      -0.26769467484276954,
      0.2823493059618898,
      -0.001956929404710789
    ]
  },
  "angles": {
    "knee": 55.43496049402575,
    "hip": 83.19622596961396,
    "shoulder": 38.01978027295822,
    "elbow": 141.2154243836014
  },
  "analysis_scores": {
    "alignment": 0.686453672134216,
    "balance": 0.7820222791866097,
    "form": 0.6942605850335022,
    "stability": 0.8571229128598447,
    "coordination": 0.6742179216939284,
    "precision": 0.7634244828820889,
    "power": 0.848503682805297,
    "efficiency": 0.7712362045924757,
    "safety": 0.7715153940674409,
    "overall": 0.9981542125145217,
    "shoulder": 0.6976336443061093,
    "elbow": 0.845630707974902,
    "wrist": 0.8037599162877016,
    "hip": 0.7339644360795077,
    "knee": 0.8885622137049433,
    "ankle": 0.6074257993239003,
    "back": 0.811960349433291,
    "neck": 0.7477571648657318
  },
  "recommendations": {
    "form": "Good form, continue practicing with current technique",
    "alignment": "Work on maintaining symmetrical movement patterns",
    "stability": "Good stability, continue with current technique",
    "power": "Good power output, maintain current intensity"
  },
  "safety_considerations": [
    "Ensure proper ankle stability"
  ]
}