{
  "key_points": {
    "shoulders": [
      -0.042228651740877865,
      0.6579345553344254,
      -0.09042711774097466
    ],
    "elbows": [
      0.16423525646598575,
      0.4662561441035994,
      -0.06376250942218353
    ],
    "wrists": [
      0.3543278953635287,
      0.4951194721671877,
      -0.08462001155708794
    ],
    "hips": [
      0.18511970917171838,
      0.4326591713080078,
      0.09555300979203821
    ],
    "knees": [
      -0.04587043678808622,
      0.3075706930041167,
      0.006021807727593087
    ],
    "ankles": [
      -0.12242672998818804,
      0.2234958514770174,
      0.013295470524369662
    ]
  },
  "angles": {
    "knee": 38.0215201779624,
    "hip": 57.58587344776269,
    "shoulder": 61.232050079414094,
    "elbow": 51.96297082212654
  },
  "analysis_scores": {
    "alignment": 0.6717538553338764,
    "balance": 0.6292971836205927,
    "form": 0.8680592128842312,
    "stability": 0.8306477944273452,
    "coordination": 0.6696616341260014,
    "precision": 0.8216220697037953,
    "power": 0.7638992011700229,
    "efficiency": 0.9268210443594668,
    "safety": 0.6497448179356079,
    "overall": 0.7505193712076339,
    "shoulder": 0.9666349596133484,
    "elbow": 0.7935177938640327,
    "wrist": 0.9759325916022106,
    "hip": 0.7807590296974061,
    "knee": 0.7754393389504048,
    "ankle": 0.8911438085921309,
    "back": 0.7875672034493368,
    "neck": 0.6901301526648765
  },
  "recommendations": {
    "form": "Good form, continue practicing with current technique",
    "alignment": "Work on maintaining symmetrical movement patterns",
    "stability": "Good stability, continue with current technique",
    "power": "Good power output, maintain current intensity"
  },
  "safety_considerations": []
}