{
  "power_generation": {
    "explosiveness": 0.8277506963443649,
    "force_transfer": 0.5403598058025526,
    "efficiency": 0.8857947684737149
  },
  "technical_metrics": {
    "precision": 0.6892083343810987,
    "consistency": 0.8433496941525527,
    "fluidity": 0.8497254926026978
  },
  "biomechanical_metrics": {
    "joint_loading": 0.7286615240615679,
    "muscle_activation": 0.5746102592715783,
    "energy_efficiency": 0.6991707209667246
  }
}