{
  "key_points": {
    "shoulders": [
      -0.060931562265921724,
      0.6263098397729513,
      0.07593018458011339
    ],
    "elbows": [
      0.28887653136515484,
      0.5826628163304071,
      0.04337881748337913
    ],
    "wrists": [
      0.031967002143051926,
      0.3998378803678269,
      0.05236064727958015
    ],
    "hips": [
      -0.10224981674100918,
      0.4633303837548842,
      -0.04636009403774297
    ],
    "knees": [
      0.015084643730967628,
      0.2961969991892741,
      0.07844625284920093
    ],
    "ankles": [
      -0.15021439270377954,
      0.10680664250188004,
      0.019287031670453467
    ]
  },
  "angles": {
    "knee": 134.94537468675338,
    "hip": 111.44788659472553,
    "shoulder": 11.340197083603067,
    "elbow": 57.36734344192821
  },
  "analysis_scores": {
    "alignment": 0.692965369365198,
    "balance": 0.9595831359369401,
    "form": 0.989137441752749,
    "stability": 0.7437609190374888,
    "coordination": 0.6054562615210201,
    "precision": 0.7565222832746569,
    "power": 0.6487235847676496,
    "efficiency": 0.7890599917640257,
    "safety": 0.9791624196564681,
    "overall": 0.8176044099455722,
    "shoulder": 0.6448357785313595,
    "elbow": 0.8796428352815407,
    "wrist": 0.6644256133738835,
    "hip": 0.7996193757694199,
    "knee": 0.6136994025502702,
    "ankle": 0.6290646579341302,
    "back": 0.972806412319696,
    "neck": 0.663561149376917
  },
  "recommendations": {
    "form": "Good form, continue practicing with current technique",
    "alignment": "Good alignment, maintain current technique",
    "stability": "Focus on maintaining proper posture and balance",
    "power": "Consider increasing intensity gradually"
  },
  "safety_considerations": [
    "Work on balance and stability during movement"
  ]
}