{
  "power_generation": {
    "explosiveness": 0.9019123159173221,
    "force_transfer": 0.566996663417486,
    "efficiency": 0.6504747073238979
  },
  "technical_metrics": {
    "precision": 0.6330172205478525,
    "consistency": 0.559118733357127,
    "fluidity": 0.8298161375966231
  },
  "biomechanical_metrics": {
    "joint_loading": 0.9087955314350464,
    "muscle_activation": 0.638676572720623,
    "energy_efficiency": 0.5025458643330196
  }
}