{
  "key_points": {
    "shoulders": [
      -0.054499127423989574,
      0.6253312124877984,
      0.0574037009144423
    ],
    "elbows": [
      -0.2748224335669321,
      0.49755741172363316,
      -0.04062430011021226
    ],
    "wrists": [
      -0.2831304875100804,
      0.3224186351448937,
      -0.08382659289712202
    ],
    "hips": [
      0.14058082840015895,
      0.3789013022959407,
      -0.01888556630519478
    ],
    "knees": [
      0.1258840149310314,
      0.27491500030189053,
      -0.04427689508101995
    ],
    "ankles": [
      -0.37528309444076335,
      0.23799195388232758,
      -0.0865265951695057
    ]
  },
  "angles": {
    "knee": 60.73194947581534,
    "hip": 121.66920546918102,
    "shoulder": 48.04411016014634,
    "elbow": 69.72216761153503
  },
  "analysis_scores": {
    "alignment": 0.925552815908175,
    "balance": 0.6407369091925795,
    "form": 0.8277808242876601,
    "stability": 0.8284433333394594,
    "coordination": 0.8024350393382467,
    "precision": 0.8050094354923265,
    "power": 0.7248804281195393,
    "efficiency": 0.6611113973766614,
    "safety": 0.6635692853160104,
    "overall": 0.77691944457511,
    "shoulder": 0.9271124861786224,
    "elbow": 0.7820275362241758,
    "wrist": 0.906794218724971,
    "hip": 0.7968419691134179,
    "knee": 0.7627160325578388,
    "ankle": 0.956229981518856,
    "back": 0.9760841620192156,
    "neck": 0.9458834281201141
  },
  "recommendations": {
    "form": "Good form, continue practicing with current technique",
    "alignment": "Good alignment, maintain current technique",
    "stability": "Good stability, continue with current technique",
    "power": "Good power output, maintain current intensity"
  },
  "safety_considerations": [
    "Ensure proper kick technique to prevent knee injuries"
  ]
}