{
  "power_generation": {
    "explosiveness": 0.5341367347315562,
    "force_transfer": 0.91278710297869,
    "efficiency": 0.9432609204112241
  },
  "technical_metrics": {
    "precision": 0.9298210569739793,
    "consistency": 0.5004028797079447,
    "fluidity": 0.791798851379836
  },
  "biomechanical_metrics": {
    "joint_loading": 0.942611908756852,
    "muscle_activation": 0.8433124864309081,
    "energy_efficiency": 0.7570243116764327
  }
}