{
  "key_points": {
    "shoulders": [
      0.09807986571617738,
      0.61339335674631,
      0.09914499209249747
    ],
    "elbows": [
      0.04868654446553761,
      0.49812754108578255,
      0.04090551239036022
    ],
    "wrists": [
      0.08427044866335842,
      0.4226197134270851,
      -0.046553911935952555
    ],
    "hips": [
      -0.10576220854361079,
      0.40109716228049846,
      0.09241970134544392
    ],
    "knees": [
      0.06782157022172669,
      0.21790558356886186,
      -0.09411717223924776
    ],
    "ankles": [
      -0.09203153024539823,
      0.1116386441905366,
      -0.053203266034529274
    ]
  },
  "angles": {
    "knee": 54.582959980054504,
    "hip": 59.81306455242365,
    "shoulder": 65.7787144408228,
    "elbow": 96.9419263866265
  },
  "analysis_scores": {
    "alignment": 0.6993543156665954,
    "balance": 0.8154149001804146,
    "form": 0.9824364514019253,
    "stability": 0.9245597492140877,
    "coordination": 0.6348225833647135,
    "precision": 0.6505597594013557,
    "power": 0.9880715385260314,
    "efficiency": 0.8578210811054918,
    "safety": 0.6808551085700454,
    "overall": 0.9210513084132741,
    "shoulder": 0.9585629282018362,
    "elbow": 0.7616282865107477,
    "wrist": 0.7954009584569764,
    "hip": 0.6898737921596287,
    "knee": 0.6859572656259263,
    "ankle": 0.969419453652136,
    "back": 0.6919522887892205,
    "neck": 0.9968422855019601
  },
  "recommendations": {
    "form": "Good form, continue practicing with current technique",
    "alignment": "Work on maintaining symmetrical movement patterns",
    "stability": "Good stability, continue with current technique",
    "power": "Good power output, maintain current intensity"
  },
  "safety_considerations": []
}