{
  "power_generation": {
    "explosiveness": 0.6543106470737297,
    "force_transfer": 0.7024280931024187,
    "efficiency": 0.6851743886297076
  },
  "technical_metrics": {
    "precision": 0.9422124660103819,
    "consistency": 0.8913870204335543,
    "fluidity": 0.8676757707196006
  },
  "biomechanical_metrics": {
    "joint_loading": 0.7171462357065826,
    "muscle_activation": 0.9534267669088702,
    "energy_efficiency": 0.735966847921308
  }
}