{
  "key_points": {
    "shoulders": [
      -0.13067709408396425,
      0.5079251034516841,
      -0.023251889159184858
    ],
    "elbows": [
      0.038259757985105725,
      0.4994700523446502,
      -0.09674729814134658
    ],
    "wrists": [
      0.1385271495699707,
      0.3115410315270914,
      0.023569356489032203
    ],
    "hips": [
      0.04387076713214183,
      0.3629033309966556,
      0.03269471114945824
    ],
    "knees": [
      -0.2793208373635773,
      0.3011295902572724,
      0.036967023451929065
    ],
    "ankles": [
      -0.37114137573216316,
      0.2849463538582252,
      0.0795950507333737
    ]
  },
  "angles": {
    "knee": 77.14646468012636,
    "hip": 101.83047523434487,
    "shoulder": 27.03394720652192,
    "elbow": 161.2921395943869
  },
  "analysis_scores": {
    "alignment": 0.7865810518904378,
    "balance": 0.6988989379028003,
    "form": 0.7013499535750636,
    "stability": 0.6305627788288425,
    "coordination": 0.7485199397820234,
    "precision": 0.698323099512295,
    "power": 0.9834103772629806,
    "efficiency": 0.6164808334271831,
    "safety": 0.7105747163539216,
    "overall": 0.9978406553803605,
    "shoulder": 0.9508784313572677,
    "elbow": 0.9904380084883662,
    "wrist": 0.7207193844701456,
    "hip": 0.7546250771677979,
    "knee": 0.6012832345314064,
    "ankle": 0.9595848407745181,
    "back": 0.8449748938123413,
    "neck": 0.7459321868995874
  },
  "recommendations": {
    "form": "Focus on maintaining proper joint angles during movement",
    "alignment": "Good alignment, maintain current technique",
    "stability": "Focus on maintaining proper posture and balance",
    "power": "Good power output, maintain current intensity"
  },
  "safety_considerations": []
}