{
  "power_generation": {
    "explosiveness": 0.9561496481579377,
    "force_transfer": 0.6975325853969732,
    "efficiency": 0.8349949412902943
  },
  "technical_metrics": {
    "precision": 0.7853086199284603,
    "consistency": 0.8039537590272186,
    "fluidity": 0.8048241270806908
  },
  "biomechanical_metrics": {
    "joint_loading": 0.9318726676382759,
    "muscle_activation": 0.8313655020887667,
    "energy_efficiency": 0.779164249537637
  }
}