{
  "key_points": {
    "shoulders": [
      0.06062240958731463,
      0.6506008240057177,
      0.09967632203190632
    ],
    "elbows": [
      0.25988219185396927,
      0.5745891427253773,
      0.07953075601424303
    ],
    "wrists": [
      0.16568998883430086,
      0.33592720455803016,
      0.07419799591624615
    ],
    "hips": [
      -0.17481911112379112,
      0.4627249678986254,
      0.0821124506439393
    ],
    "knees": [
      0.16384596029067194,
      0.2455446204331088,
      0.06837285477658903
    ],
    "ankles": [
      -0.34285580746011945,
      0.2755538734701072,
      0.032406055592867966
    ]
  },
  "angles": {
    "knee": 139.12678661588478,
    "hip": 48.27276328551584,
    "shoulder": 66.26964788694315,
    "elbow": 134.1535104626281
  },
  "analysis_scores": {
    "alignment": 0.8774623123608511,
    "balance": 0.6879515084931505,
    "form": 0.7074334846545731,
    "stability": 0.753988651828317,
    "coordination": 0.6242782959964274,
    "precision": 0.8097793784726783,
    "power": 0.8242789153840344,
    "efficiency": 0.8595041407698751,
    "safety": 0.9170195991710675,
    "overall": 0.7024339202445639,
    "shoulder": 0.9919682566841799,
    "elbow": 0.7973062041666384,
    "wrist": 0.9025108142843958,
    "hip": 0.8839537003508415,
    "knee": 0.7532559788108566,
    "ankle": 0.8546934530902984,
    "back": 0.8311418443446807,
    "neck": 0.6732897520862038
  },
  "recommendations": {
    "form": "Good form, continue practicing with current technique",
    "alignment": "Good alignment, maintain current technique",
    "stability": "Good stability, continue with current technique",
    "power": "Good power output, maintain current intensity"
  },
  "safety_considerations": []
}