{
  "key_points": {
    "shoulders": [
      0.0618051422679205,
      0.5992731497762374,
      0.09920178115222597
    ],
    "elbows": [
      -0.03282837149556528,
      0.4512299762297843,
      0.09426626312025141
    ],
    "wrists": [
      0.02755196005697158,
      0.46805596696381785,
      0.0946919382998278
    ],
    "hips": [
      0.10080971180615556,
      0.4765773703295604,
      0.009756546257400828
    ],
    "knees": [
      0.19040910083475454,
      0.2806903759386184,
      0.006625211081152521
    ],
    "ankles": [
      -0.36983552905523204,
      0.22815604959995475,
      0.09132081701323697
    ]
  },
  "angles": {
    "knee": 52.27279482838346,
    "hip": 79.73761386700144,
    "shoulder": 25.80216012417778,
    "elbow": 72.05053985000336
  },
  "analysis_scores": {
    "alignment": 0.9342561471819146,
    "balance": 0.7894460672141754,
    "form": 0.7345232956413063,
    "stability": 0.605630544953229,
    "coordination": 0.7761280018536956,
    "precision": 0.9175340872622091,
    "power": 0.7267510678226743,
    "efficiency": 0.684526764408619,
    "safety": 0.8100982457471959,
    "overall": 0.6542417294256683,
    "shoulder": 0.6166485102677179,
    "elbow": 0.9611867313398244,
    "wrist": 0.6142394207946957,
    "hip": 0.8478605141432853,
    "knee": 0.859121831453499,
    "ankle": 0.9213171118043364,
    "back": 0.835057330460897,
    "neck": 0.7839673709694128
  },
  "recommendations": {
    "form": "Good form, continue practicing with current technique",
    "alignment": "Good alignment, maintain current technique",
    "stability": "Good stability, continue with current technique",
    "power": "Consider increasing intensity gradually"
  },
  "safety_considerations": []
}