{
  "power_generation": {
    "explosiveness": 0.5464700580216117,
    "force_transfer": 0.7913765919562818,
    "efficiency": 0.9570362145156814
  },
  "technical_metrics": {
    "precision": 0.9555280658168145,
    "consistency": 0.8614030344711994,
    "fluidity": 0.6525371502368922
  },
  "biomechanical_metrics": {
    "joint_loading": 0.9254866899782678,
    "muscle_activation": 0.6461525990575723,
    "energy_efficiency": 0.6247964527037048
  }
}