{
  "key_points": {
    "shoulders": [
      0.298998554018675,
      0.5389468540855096,
      0.14061123901808964
    ],
    "elbows": [
      -0.34591592639329694,
      0.4243717459430043,
      0.1641295911395284
    ],
    "wrists": [
      0.17917135456660604,
      0.3074496658114505,
      0.1518607983353274
    ],
    "hips": [
      0.16692200011979996,
      0.34121952842562675,
      -0.15834653628751372
    ]
  },
  "angles": {
    "shoulder": 48.60567340243513,
    "elbow": 93.43844039545267
  },
  "analysis_scores": {
    "alignment": 0.6549131497927434,
    "balance": 0.7488744446663593,
    "form": 0.6634775269924394,
    "stability": 0.603239037251684,
    "coordination": 0.8809824150897281,
    "precision": 0.6295318880722287,
    "power": 0.9492763093499919,
    "efficiency": 0.6599552134470836,
    "safety": 0.9285890770419724,
    "overall": 0.7641663478603108,
    "shoulder": 1.0,
    "elbow": 0.8535861911406005,
    "wrist": 1.0,
    "hip": 0.9857666694872479,
    "knee": 0.6583066737383991,
    "ankle": 0.7405656104340574,
    "back": 0.774074469551504,
    "neck": 0.950453020184997
  },
  "recommendations": {
    "form": "Focus on maintaining proper joint angles during movement",
    "alignment": "Work on maintaining symmetrical movement patterns",
    "stability": "Good stability, continue with current technique",
    "power": "Good power output, maintain current intensity"
  },
  "safety_considerations": []
}