{
  "power_generation": {
    "explosiveness": 0.6114140846134211,
    "force_transfer": 0.8029036010487676,
    "efficiency": 0.7802348308013691
  },
  "technical_metrics": {
    "precision": 0.6805108347392734,
    "consistency": 0.7386451971757539,
    "fluidity": 0.7401640330778483
  },
  "biomechanical_metrics": {
    "joint_loading": 0.5541660929062724,
    "muscle_activation": 0.6529455513236654,
    "energy_efficiency": 0.7664188199195134
  }
}