{
  "key_points": {
    "shoulders": [
      -0.08269791886597928,
      0.5529218100205979,
      -0.044135944911773285
    ],
    "elbows": [
      -0.1632247936719677,
      0.5919892084946485,
      0.06268806964320967
    ],
    "wrists": [
      -0.05024063701782566,
      0.37608387007431704,
      -0.010593948803657494
    ],
    "hips": [
      -0.1357649800486101,
      0.30183667881333615,
      0.06129801861342882
    ],
    "knees": [
      0.0199368729448125,
      0.39084032890851383,
      -0.05788195586464145
    ],
    "ankles": [
      0.13609101402062884,
      0.2947851227710135,
      0.02283306167084513
    ]
  },
  "angles": {
    "knee": 94.56926651837594,
    "hip": 72.81397620186696,
    "shoulder": 18.29971638332376,
    "elbow": 66.34212175715909
  },
  "analysis_scores": {
    "alignment": 0.7181107697286147,
    "balance": 0.8531823302662789,
    "form": 0.8384426752264739,
    "stability": 0.8146623493913122,
    "coordination": 0.8698711197244133,
    "precision": 0.7471681764102913,
    "power": 0.652041439957041,
    "efficiency": 0.7999851999929736,
    "safety": 0.6554658271786789,
    "overall": 0.9110323837050772,
    "shoulder": 0.6321701196485047,
    "elbow": 0.908411540440619,
    "wrist": 0.7207491044673056,
    "hip": 0.9714044167825298,
    "knee": 0.756199076359793,
    "ankle": 0.9273117492729859,
    "back": 0.9268952940142026,
    "neck": 0.6140911957420093
  },
  "recommendations": {
    "form": "Good form, continue practicing with current technique",
    "alignment": "Good alignment, maintain current technique",
    "stability": "Good stability, continue with current technique",
    "power": "Good power output, maintain current intensity"
  },
  "safety_considerations": [
    "Maintain proper hip alignment to prevent injury"
  ]
}