{
  "power_generation": {
    "explosiveness": 0.819408125763226,
    "force_transfer": 0.83231194891927,
    "efficiency": 0.5370705493045218
  },
  "technical_metrics": {
    "precision": 0.7247183636046126,
    "consistency": 0.9029618416514782,
    "fluidity": 0.5423284759387481
  },
  "biomechanical_metrics": {
    "joint_loading": 0.5696851557378737,
    "muscle_activation": 0.5045470004843976,
    "energy_efficiency": 0.5712697414477705
  }
}