{
  "key_points": {
    "shoulders": [
      0.029900232161013063,
      0.6764502081387911,
      -0.045383314080844686
    ],
    "elbows": [
      0.11912450866802032,
      0.5761595689494199,
      0.09968235925184118
    ],
    "wrists": [
      0.2578500307002807,
      0.4013595617215647,
      0.03912128829869346
    ],
    "hips": [
      0.08878391048404566,
      0.49805068494143323,
      0.04101088196670183
    ],
    "knees": [
      0.18099353654389033,
      0.29208122849303203,
      -0.013835867195740731
    ],
    "ankles": [
      -0.1851599315031189,
      0.2673917375280332,
      0.06080736959340019
    ]
  },
  "angles": {
    "knee": 119.7754478206014,
    "hip": 67.41487260782706,
    "shoulder": 56.328786677499686,
    "elbow": 70.08083117879599
  },
  "analysis_scores": {
    "alignment": 0.870431723642756,
    "balance": 0.9830800083602766,
    "form": 0.9911282970448072,
    "stability": 0.822634002599947,
    "coordination": 0.6087132745383335,
    "precision": 0.9086840823015564,
    "power": 0.8137937833392244,
    "efficiency": 0.8448209227123914,
    "safety": 0.7797685307648086,
    "overall": 0.9808178099854314,
    "shoulder": 0.7029235414163665,
    "elbow": 0.7191385353749923,
    "wrist": 0.7170035003813642,
    "hip": 0.7493252407683205,
    "knee": 0.865115641946427,
    "ankle": 0.6500661080861049,
    "back": 0.8446349940856799,
    "neck": 0.6930280079742075
  },
  "recommendations": {
    "form": "Good form, continue practicing with current technique",
    "alignment": "Good alignment, maintain current technique",
    "stability": "Good stability, continue with current technique",
    "power": "Good power output, maintain current intensity"
  },
  "safety_considerations": []
}