{
  "power_generation": {
    "explosiveness": 0.8578146041276271,
    "force_transfer": 0.5617027607791221,
    "efficiency": 0.9441597327573954
  },
  "technical_metrics": {
    "precision": 0.7351272439536879,
    "consistency": 0.7275351838707869,
    "fluidity": 0.7863506834337689
  },
  "biomechanical_metrics": {
    "joint_loading": 0.6494555329638573,
    "muscle_activation": 0.8529705529161522,
    "energy_efficiency": 0.6123124380322917
  }
}