{
  "key_points": {
    "shoulders": [
      0.08231439403994878,
      0.5114493255317639,
      -0.06367021465713155
    ],
    "elbows": [
      0.1925566951747098,
      0.41123577223540897,
      -0.09969537240699158
    ],
    "wrists": [
      0.06939787968549654,
      0.4039792253093505,
      -0.08849047217524075
    ],
    "hips": [
      -0.18547035066926496,
      0.44494531502787726,
      0.03988854914615941
    ],
    "knees": [
      -0.15449684248117662,
      0.3412754497008192,
      0.09475268834798264
    ],
    "ankles": [
      -0.17462656735678453,
      0.1694557599238563,
      0.08865828864093941
    ]
  },
  "angles": {
    "knee": 36.36312242576294,
    "hip": 118.21421265313478,
    "shoulder": 84.52765913588274,
    "elbow": 30.12169404449945
  },
  "analysis_scores": {
    "alignment": 0.9746852091041442,
    "balance": 0.6273649925743426,
    "form": 0.8563623385480057,
    "stability": 0.7214611259054534,
    "coordination": 0.9446078669217957,
    "precision": 0.8261681465785267,
    "power": 0.8606697181853353,
    "efficiency": 0.9357652272858349,
    "safety": 0.9515209229129878,
    "overall": 0.6668893336560652,
    "shoulder": 0.6104684522038788,
    "elbow": 0.8478548285495215,
    "wrist": 0.7093708183355786,
    "hip": 0.9526145453184721,
    "knee": 0.7598142533309941,
    "ankle": 0.8776005159052018,
    "back": 0.9434028436277224,
    "neck": 0.6126358875497079
  },
  "recommendations": {
    "form": "Focus on maintaining proper joint angles during movement",
    "alignment": "Good alignment, maintain current technique",
    "stability": "Good stability, continue with current technique",
    "power": "Good power output, maintain current intensity"
  },
  "safety_considerations": []
}