{
  "power_generation": {
    "explosiveness": 0.9598104602129709,
    "force_transfer": 0.9952070907339836,
    "efficiency": 0.5747860858001614
  },
  "technical_metrics": {
    "precision": 0.7928905462945515,
    "consistency": 0.638460993720718,
    "fluidity": 0.9582705319595894
  },
  "biomechanical_metrics": {
    "joint_loading": 0.631966299793657,
    "muscle_activation": 0.6115135502324903,
    "energy_efficiency": 0.9818403902381381
  }
}