{
  "key_points": {
    "shoulders": [
      0.025266872071288582,
      0.5234032568614971,
      -0.0038012997698479573
    ],
    "elbows": [
      -0.22543587473101134,
      0.5183560308774382,
      0.0037111093452362465
    ],
    "wrists": [
      0.3974733840533443,
      0.4136868856815595,
      -0.014108392379131196
    ],
    "hips": [
      0.1256408226080738,
      0.48122639587126553,
      -0.03464773790661835
    ],
    "knees": [
      0.11624336900208432,
      0.2887936868282324,
      0.06594391954953893
    ],
    "ankles": [
      -0.3292240450217759,
      0.17296320700863568,
      0.01401927849056575
    ]
  },
  "angles": {
    "knee": 97.03940009025418,
    "hip": 130.34446954847843,
    "shoulder": 49.20305635140794,
    "elbow": 129.71967442694637
  },
  "analysis_scores": {
    "alignment": 0.8039367687527201,
    "balance": 0.9137282712816738,
    "form": 0.6384988959036016,
    "stability": 0.7375054186493778,
    "coordination": 0.7217667897452485,
    "precision": 0.9632889116887711,
    "power": 0.666531705074792,
    "efficiency": 0.6559819234808719,
    "safety": 0.6596654456099001,
    "overall": 0.6808534587938786,
    "shoulder": 0.8604408157377568,
    "elbow": 0.7123699772143455,
    "wrist": 0.8764870608647952,
    "hip": 0.8390802407926757,
    "knee": 0.7631671384524027,
    "ankle": 0.636693545563855,
    "back": 0.7798386119360343,
    "neck": 0.8594432687064996
  },
  "recommendations": {
    "form": "Good form, continue practicing with current technique",
    "alignment": "Good alignment, maintain current technique",
    "stability": "Good stability, continue with current technique",
    "power": "Good power output, maintain current intensity"
  },
  "safety_considerations": [
    "Maintain proper hip alignment to prevent hip injuries"
  ]
}