{
  "power_generation": {
    "explosiveness": 0.6132606480042395,
    "force_transfer": 0.8035205168661355,
    "efficiency": 0.8557208396315031
  },
  "technical_metrics": {
    "precision": 0.5601928685320539,
    "consistency": 0.7616289224130501,
    "fluidity": 0.5494465641002466
  },
  "biomechanical_metrics": {
    "joint_loading": 0.8405124306142078,
    "muscle_activation": 0.8151861583108193,
    "energy_efficiency": 0.9310407259819511
  }
}