{
  "key_points": {
    "shoulders": [
      -0.038203615676411284,
      0.745147567572076,
      0.00871251342500079
    ],
    "hips": [
      0.3603192181728837,
      0.45625797026657516,
      -0.09558735464858992
    ],
    "knees": [
      -0.19214586512156528,
      0.45326155346868097,
      0.013364746266894045
    ],
    "ankles": [
      0.022768418120200695,
      0.379335500185195,
      0.04522099766193327
    ]
  },
  "angles": {
    "knee": 39.94486378582937,
    "hip": 57.28132073689684,
    "shoulder": 61.23821579229895
  },
  "analysis_scores": {
    "alignment": 0.898600574237675,
    "balance": 0.68353718715748,
    "form": 0.9873393310657375,
    "stability": 0.9569833565563216,
    "coordination": 0.7233190678564977,
    "precision": 0.8807592452762167,
    "power": 0.7018967780996593,
    "efficiency": 0.8671787958661925,
    "safety": 0.8690851111801308,
    "overall": 0.6544164068065851,
    "shoulder": 0.8753092593144016,
    "elbow": 0.7072946130790825,
    "wrist": 0.6113401832008425,
    "hip": 0.797967858394481,
    "knee": 0.8885167177155775,
    "ankle": 0.7354647373204471,
    "back": 0.6196021847183704,
    "neck": 0.7754769608436218
  },
  "recommendations": {
    "form": "Good form, continue practicing with current technique",
    "alignment": "Good alignment, maintain current technique",
    "stability": "Good stability, continue with current technique",
    "power": "Good power output, maintain current intensity"
  },
  "safety_considerations": []
}