{
  "power_generation": {
    "explosiveness": 0.5891598303285224,
    "force_transfer": 0.7070211194622922,
    "efficiency": 0.6163103089605646
  },
  "technical_metrics": {
    "precision": 0.5788682380590117,
    "consistency": 0.6671722191802424,
    "fluidity": 0.7008095171133797
  },
  "biomechanical_metrics": {
    "joint_loading": 0.8246747185052332,
    "muscle_activation": 0.7277339018640225,
    "energy_efficiency": 0.5839578373222936
  }
}