{
  "key_points": {
    "shoulders": [
      0.1597907668508316,
      0.6499611516877537,
      -0.08399055004569451
    ],
    "elbows": [
      -0.2919449261602032,
      0.5879445557354467,
      -0.07963056896497507
    ],
    "wrists": [
      -0.08532196575436057,
      0.48596327608183254,
      -0.050624903191037476
    ],
    "hips": [
      -0.07942470848503094,
      0.3260232867432832,
      0.07560735300973856
    ],
    "knees": [
      0.2671587215079753,
      0.30372699428171773,
      -0.036833809266753656
    ],
    "ankles": [
      0.285239206450292,
      0.19118134515314628,
      0.03567345336110789
    ]
  },
  "angles": {
    "knee": 52.31957435038672,
    "hip": 79.28299872596801,
    "shoulder": 70.1456388600989,
    "elbow": 155.8036823433523
  },
  "analysis_scores": {
    "alignment": 0.6554027103829796,
    "balance": 0.8515768988514183,
    "form": 0.7509291978945973,
    "stability": 0.6735366884320817,
    "coordination": 0.973556902319596,
    "precision": 0.8759509073126264,
    "power": 0.693817828635968,
    "efficiency": 0.8981084129538331,
    "safety": 0.9375710909417765,
    "overall": 0.9109099187623445,
    "shoulder": 0.8940172272060674,
    "elbow": 0.9595768262053158,
    "wrist": 0.7515536735229081,
    "hip": 0.8719943679889477,
    "knee": 0.8795883190849041,
    "ankle": 0.7861968262896675,
    "back": 0.7544656329574545,
    "neck": 0.6062686948257962
  },
  "recommendations": {
    "form": "Good form, continue practicing with current technique",
    "alignment": "Good alignment, maintain current technique",
    "stability": "Good stability, continue with current technique",
    "power": "Good power output, maintain current intensity"
  },
  "safety_considerations": []
}