{
  "power_generation": {
    "explosiveness": 0.5049854425558964,
    "force_transfer": 0.5181609444528896,
    "efficiency": 0.6463022053347043
  },
  "technical_metrics": {
    "precision": 0.955513283377595,
    "consistency": 0.5293832707289776,
    "fluidity": 0.5938208802729574
  },
  "biomechanical_metrics": {
    "joint_loading": 0.9265173854026221,
    "muscle_activation": 0.6876672092160436,
    "energy_efficiency": 0.9387544251462963
  }
}