{
  "key_points": {
    "shoulders": [
      -0.022189639168520736,
      0.5062222064650713,
      -0.02078528463381646
    ],
    "elbows": [
      0.0733821777798373,
      0.43557095153614805,
      -0.08990539147966266
    ],
    "wrists": [
      -0.1088679473992179,
      0.31538404943792925,
      -0.09331615655400155
    ],
    "hips": [
      -0.12805333598016272,
      0.3578812900182102,
      -0.07645422180460422
    ],
    "knees": [
      0.21237480588813312,
      0.2627926948730124,
      0.026507022197173824
    ],
    "ankles": [
      -0.026961411678090297,
      0.24367122034185754,
      0.02125534544179808
    ]
  },
  "angles": {
    "knee": 115.42400678519434,
    "hip": 55.88430583076547,
    "shoulder": 46.6452707919706,
    "elbow": 34.297466527113855
  },
  "analysis_scores": {
    "alignment": 0.8659084300172044,
    "balance": 0.7433247207739313,
    "form": 0.8403044166050415,
    "stability": 0.6161074701502188,
    "coordination": 0.9484959762421585,
    "precision": 0.7544742664828873,
    "power": 0.9017397817533188,
    "efficiency": 0.7850399853819011,
    "safety": 0.7149426570112727,
    "overall": 0.6212502047074582,
    "shoulder": 0.9388641305781514,
    "elbow": 0.7164906417819907,
    "wrist": 0.873037170192837,
    "hip": 0.6297805728995928,
    "knee": 0.7692177683348482,
    "ankle": 0.969044721251523,
    "back": 0.8629659324109362,
    "neck": 0.6293578406059938
  },
  "recommendations": {
    "form": "Good form, continue practicing with current technique",
    "alignment": "Work on maintaining symmetrical movement patterns",
    "stability": "Focus on maintaining proper posture and balance",
    "power": "Good power output, maintain current intensity"
  },
  "safety_considerations": [
    "Ensure proper wrist alignment to prevent sprains"
  ]
}