{
  "power_generation": {
    "explosiveness": 0.6141627688277507,
    "force_transfer": 0.9080842246452584,
    "efficiency": 0.8625006821583232
  },
  "technical_metrics": {
    "precision": 0.6673742735504937,
    "consistency": 0.7464367654761291,
    "fluidity": 0.543249194774535
  },
  "biomechanical_metrics": {
    "joint_loading": 0.6369297312324236,
    "muscle_activation": 0.8493342976142733,
    "energy_efficiency": 0.8015476720802751
  }
}