{
  "key_points": {
    "shoulders": [
      0.1825138822053884,
      0.5089137927838502,
      0.09058840898235107
    ],
    "elbows": [
      0.12798483842264163,
      0.5009483645163356,
      0.033794457544336104
    ],
    "wrists": [
      0.2781719774399809,
      0.44979368140736864,
      0.0793172299110648
    ],
    "hips": [
      -0.14715058494517264,
      0.4992290364030595,
      -0.04869618183890776
    ],
    "knees": [
      0.22329972767373968,
      0.35988722031748854,
      -0.0282421918021684
    ],
    "ankles": [
      -0.28445029977754405,
      0.2661926049618627,
      -0.09555850220276654
    ]
  },
  "angles": {
    "knee": 15.354614908037878,
    "hip": 83.399221289636,
    "shoulder": 5.863232371217276,
    "elbow": 41.624960980658855
  },
  "analysis_scores": {
    "alignment": 0.9855150390719429,
    "balance": 0.7752688448488334,
    "form": 0.659257871569727,
    "stability": 0.8177397157931238,
    "coordination": 0.6348826046628876,
    "precision": 0.8731169524380287,
    "power": 0.8382342211613607,
    "efficiency": 0.6884531679072524,
    "safety": 0.9843713652329472,
    "overall": 0.9339017500901263,
    "shoulder": 0.973763302508608,
    "elbow": 0.8190286144720255,
    "wrist": 0.8756903139649552,
    "hip": 0.7023168149650957,
    "knee": 0.7932799772854799,
    "ankle": 0.6839519563933381,
    "back": 0.6833751891199229,
    "neck": 0.9067298925319018
  },
  "recommendations": {
    "form": "Good form, continue practicing with current technique",
    "alignment": "Good alignment, maintain current technique",
    "stability": "Good stability, continue with current technique",
    "power": "Consider increasing intensity gradually"
  },
  "safety_considerations": [
    "Maintain proper elbow alignment to prevent tennis elbow"
  ]
}