{
  "power_generation": {
    "explosiveness": 0.9220811227521842,
    "force_transfer": 0.9949771775732831,
    "efficiency": 0.7986194258142159
  },
  "technical_metrics": {
    "precision": 0.7794569545735647,
    "consistency": 0.9109522354154773,
    "fluidity": 0.5975002055304652
  },
  "biomechanical_metrics": {
    "joint_loading": 0.7260562839307869,
    "muscle_activation": 0.8461529079257254,
    "energy_efficiency": 0.8496557267471838
  }
}