{
  "key_points": {
    "shoulders": [
      0.18874744019544948,
      0.6798988082888122,
      -0.005768212605666581
    ],
    "elbows": [
      -0.1303205195240153,
      0.543351107605197,
      -0.026103075340534063
    ],
    "wrists": [
      -0.3289411936849631,
      0.4638935375629437,
      -0.06877818378797425
    ],
    "hips": [
      -0.16452817231095773,
      0.38704006766921323,
      -0.019878299290674972
    ],
    "knees": [
      -0.21386836665653786,
      0.28160490054551457,
      0.06556557449147801
    ],
    "ankles": [
      0.13635874430486195,
      0.1346772711127819,
      -0.021480579335033
    ]
  },
  "angles": {
    "knee": 76.95725110952986,
    "hip": 65.22955876854289,
    "shoulder": 43.58010371674989,
    "elbow": 127.07060429597347
  },
  "analysis_scores": {
    "alignment": 0.9640677302940397,
    "balance": 0.6526483010167929,
    "form": 0.8171503753394229,
    "stability": 0.8266148743037534,
    "coordination": 0.6299020404105045,
    "precision": 0.6085431155726134,
    "power": 0.6022973081826636,
    "efficiency": 0.8156194727969849,
    "safety": 0.7123167588429927,
    "overall": 0.9468683020858071,
    "shoulder": 0.7793801493949736,
    "elbow": 0.772238154662327,
    "wrist": 0.8470608695562577,
    "hip": 0.8797302144581184,
    "knee": 0.8399249773947544,
    "ankle": 0.9374404537567541,
    "back": 0.7168315032808866,
    "neck": 0.6270302993145183
  },
  "recommendations": {
    "form": "Good form, continue practicing with current technique",
    "alignment": "Good alignment, maintain current technique",
    "stability": "Good stability, continue with current technique",
    "power": "Good power output, maintain current intensity"
  },
  "safety_considerations": []
}