{
  "power_generation": {
    "explosiveness": 0.5711593536340471,
    "force_transfer": 0.8789881328819011,
    "efficiency": 0.5845919741502373
  },
  "technical_metrics": {
    "precision": 0.6979063299871449,
    "consistency": 0.7147014569456185,
    "fluidity": 0.6856078721576851
  },
  "biomechanical_metrics": {
    "joint_loading": 0.64883518114579,
    "muscle_activation": 0.9987805787505522,
    "energy_efficiency": 0.7777117801325275
  }
}