{
  "key_points": {
    "shoulders": [
      0.03506200343597757,
      0.6688460915772614,
      0.04227329732175236
    ],
    "elbows": [
      -0.07049852528236908,
      0.44652217526240584,
      -0.08871901242246145
    ],
    "wrists": [
      -0.31590064696428066,
      0.3350369293019063,
      0.08550147960217913
    ],
    "hips": [
      -0.08535137004164853,
      0.3145361497146286,
      0.08744108842762288
    ],
    "knees": [
      0.12493159725848646,
      0.28743072454243457,
      0.09670770907975915
    ],
    "ankles": [
      -0.129639810736712,
      0.15453124135397586,
      -0.06314397285911458
    ]
  },
  "angles": {
    "knee": 150.40002729301932,
    "hip": 160.45397190778027,
    "shoulder": 52.74852941009564,
    "elbow": 172.1791814358594
  },
  "analysis_scores": {
    "alignment": 0.6249184020802282,
    "balance": 0.7186791196074142,
    "form": 0.6157891472562681,
    "stability": 0.6158985128206456,
    "coordination": 0.6433415159922494,
    "precision": 0.691006003128877,
    "power": 0.9478615509606119,
    "efficiency": 0.7095458831000425,
    "safety": 0.7066853124350936,
    "overall": 0.909432033756194,
    "shoulder": 0.6087230359201518,
    "elbow": 0.9927066431802181,
    "wrist": 0.6241438196212247,
    "hip": 0.918755625562737,
    "knee": 0.7492167852639635,
    "ankle": 0.7516319519525878,
    "back": 0.8012895674079015,
    "neck": 0.8885721838694651
  },
  "recommendations": {
    "form": "Good form, continue practicing with current technique",
    "alignment": "Work on maintaining symmetrical movement patterns",
    "stability": "Good stability, continue with current technique",
    "power": "Good power output, maintain current intensity"
  },
  "safety_considerations": [
    "Maintain proper hip alignment to prevent lower back strain"
  ]
}