{
  "power_generation": {
    "explosiveness": 0.9056274732119609,
    "force_transfer": 0.5108901980836833,
    "efficiency": 0.6599573089096302
  },
  "technical_metrics": {
    "precision": 0.6634694408612244,
    "consistency": 0.8879609345626072,
    "fluidity": 0.991964261328504
  },
  "biomechanical_metrics": {
    "joint_loading": 0.7327208930457287,
    "muscle_activation": 0.5854655356398795,
    "energy_efficiency": 0.548392231236994
  }
}