{
  "key_points": {
    "shoulders": [
      -0.10139418401740818,
      0.5883104653169062,
      -0.01948940266294505
    ],
    "elbows": [
      0.20399335113763445,
      0.4314720058068937,
      -0.09652849543656766
    ],
    "wrists": [
      0.2256935597499149,
      0.42885518915424536,
      0.032867128570524595
    ],
    "hips": [
      -0.1210264864010156,
      0.4510820961053077,
      0.012158378503666661
    ],
    "knees": [
      0.26141385113312293,
      0.21566013617089153,
      0.045040457852956406
    ],
    "ankles": [
      -0.09921080501506258,
      0.13962384986622445,
      0.08733721195541813
    ]
  },
  "angles": {
    "knee": 164.5835499311609,
    "hip": 123.47400925957123,
    "shoulder": 21.89909772536122,
    "elbow": 134.1875368717101
  },
  "analysis_scores": {
    "alignment": 0.6921082684055814,
    "balance": 0.8548153362211546,
    "form": 0.9915440258225618,
    "stability": 0.7018333691557499,
    "coordination": 0.9591104235049678,
    "precision": 0.6539819135910275,
    "power": 0.6525023721796714,
    "efficiency": 0.8453814289842191,
    "safety": 0.6545404422534444,
    "overall": 0.802681756673548,
    "shoulder": 0.8152363980319902,
    "elbow": 0.8574116841513206,
    "wrist": 0.8484186926924684,
    "hip": 0.9405984640082825,
    "knee": 0.6278198836101043,
    "ankle": 0.9360491148398163,
    "back": 0.6736186222805562,
    "neck": 0.9460507592346532
  },
  "recommendations": {
    "form": "Good form, continue practicing with current technique",
    "alignment": "Good alignment, maintain current technique",
    "stability": "Good stability, continue with current technique",
    "power": "Good power output, maintain current intensity"
  },
  "safety_considerations": [
    "Focus on proper shoulder mechanics during dynamic movements",
    "Maintain proper hip control to prevent injury",
    "Work on body tension and control"
  ]
}