{
  "key_points": {
    "shoulders": [
      0.035282576823455425,
      0.5748005045986488,
      -0.05462951974192958
    ],
    "elbows": [
      -0.04641597717325202,
      0.5990550780682251,
      0.03786191979547501
    ],
    "wrists": [
      -0.03638115171330447,
      0.3761782452095826,
      -0.024989024148527356
    ],
    "hips": [
      -0.013684038104443408,
      0.42890768768235943,
      -0.09229308984885146
    ],
    "knees": [
      0.08829611357581751,
      0.2100108677863019,
      -0.0010559938924681739
    ],
    "ankles": [
      -0.0732656911260019,
      0.24492959941458214,
      -0.008605438879266264
    ]
  },
  "angles": {
    "knee": 168.03344738676535,
    "hip": 94.42236511789827,
    "shoulder": 14.337952071614623,
    "elbow": 162.8884234852681
  },
  "analysis_scores": {
    "alignment": 0.6151104084515329,
    "balance": 0.7134427646706075,
    "form": 0.8818535716188771,
    "stability": 0.8113661767941798,
    "coordination": 0.9582517414354743,
    "precision": 0.7100110627303382,
    "power": 0.6457998681341618,
    "efficiency": 0.8855203538440375,
    "safety": 0.7455225596683588,
    "overall": 0.7899670790649148,
    "shoulder": 0.7503292782886334,
    "elbow": 0.9798189253814198,
    "wrist": 0.6264196871558088,
    "hip": 0.7179149163507104,
    "knee": 0.9639891012063561,
    "ankle": 0.8261211069809302,
    "back": 0.9129947714371905,
    "neck": 0.8681993012840953
  },
  "recommendations": {
    "form": "Focus on maintaining proper joint angles during movement",
    "alignment": "Good alignment, maintain current technique",
    "stability": "Focus on maintaining proper posture and balance",
    "power": "Consider increasing intensity gradually"
  },
  "safety_considerations": []
}