{
  "power_generation": {
    "explosiveness": 0.8675333133136978,
    "force_transfer": 0.5249089811310252,
    "efficiency": 0.7720726277328105
  },
  "technical_metrics": {
    "precision": 0.7463223584738066,
    "consistency": 0.8812438764636455,
    "fluidity": 0.6022253706320937
  },
  "biomechanical_metrics": {
    "joint_loading": 0.5712302480381566,
    "muscle_activation": 0.8346511832466421,
    "energy_efficiency": 0.7119228175385445
  }
}