{
  "key_points": {
    "shoulders": [
      -0.13787800607914866,
      0.6141083675073202,
      -0.03728567844095376
    ],
    "elbows": [
      -0.006624108994134681,
      0.454871594181453,
      0.06766860070129363
    ],
    "wrists": [
      -0.3075920607788003,
      0.35571106427561583,
      -0.08314743809908945
    ],
    "hips": [
      -0.07385857217284833,
      0.3443685516928367,
      -0.09009455681633749
    ],
    "knees": [
      -0.05712941653466613,
      0.37211279976682066,
      -0.05285867579912329
    ],
    "ankles": [
      -0.24416578174397197,
      0.2740535228331789,
      -0.07409562864376354
    ]
  },
  "angles": {
    "knee": 22.359111699868425,
    "hip": 62.00841453769662,
    "shoulder": 57.317233148455365,
    "elbow": 139.00162324094939
  },
  "analysis_scores": {
    "alignment": 0.8035978747953976,
    "balance": 0.8854593372313666,
    "form": 0.9282470497347257,
    "stability": 0.8468933400999115,
    "coordination": 0.8788415473424058,
    "precision": 0.6445329232596524,
    "power": 0.8908882358717971,
    "efficiency": 0.6419136291874864,
    "safety": 0.8856945747238227,
    "overall": 0.6236703812534982,
    "shoulder": 0.6890988598581067,
    "elbow": 0.9455613880275641,
    "wrist": 0.9502720252531918,
    "hip": 0.6242756785567245,
    "knee": 0.7107978578239648,
    "ankle": 0.9723367245308819,
    "back": 0.9635789750504243,
    "neck": 0.8822783677154984
  },
  "recommendations": {
    "form": "Good form, continue practicing with current technique",
    "alignment": "Good alignment, maintain current technique",
    "stability": "Good stability, continue with current technique",
    "power": "Good power output, maintain current intensity"
  },
  "safety_considerations": []
}