{
  "power_generation": {
    "explosiveness": 0.8775854771566811,
    "force_transfer": 0.7077439685239171,
    "efficiency": 0.9526579784970886
  },
  "technical_metrics": {
    "precision": 0.9120861168609558,
    "consistency": 0.7924675056530428,
    "fluidity": 0.7850421537887098
  },
  "biomechanical_metrics": {
    "joint_loading": 0.8713964160518743,
    "muscle_activation": 0.5111926141481874,
    "energy_efficiency": 0.711407798103589
  }
}