{
  "power_generation": {
    "explosiveness": 0.7659392978084625,
    "force_transfer": 0.6984355348717861,
    "efficiency": 0.6968019978162434
  },
  "technical_metrics": {
    "precision": 0.9673160155432945,
    "consistency": 0.875645169778765,
    "fluidity": 0.6808600150710951
  },
  "biomechanical_metrics": {
    "joint_loading": 0.6676214267535221,
    "muscle_activation": 0.5821729949220402,
    "energy_efficiency": 0.7522706193827255
  }
}