{
  "key_points": {
    "shoulders": [
      0.1154633391126429,
      0.5198739402663084,
      -0.037028528912349076
    ],
    "elbows": [
      0.1260187091891064,
      0.4451225790324349,
      -0.010829496028576899
    ],
    "wrists": [
      -0.1286225895565033,
      0.47128796477624935,
      0.002474030042800751
    ],
    "hips": [
      0.08922001555381842,
      0.4424976712984222,
      0.05511652207155235
    ],
    "knees": [
      0.1676244956314224,
      0.3152748296608974,
      -0.09557728186798004
    ],
    "ankles": [
      -0.32145486107028703,
      0.1522673152993151,
      -0.06550908006094219
    ]
  },
  "angles": {
    "knee": 94.21109126332473,
    "hip": 118.49168072077882,
    "shoulder": 67.3731080711825,
    "elbow": 110.67497187297705
  },
  "analysis_scores": {
    "alignment": 0.7143340458099219,
    "balance": 0.783876990159806,
    "form": 0.7653534258210479,
    "stability": 0.7297885336068453,
    "coordination": 0.924837903637256,
    "precision": 0.8217239546755092,
    "power": 0.8684099001300674,
    "efficiency": 0.8818402848021416,
    "safety": 0.7467147149182537,
    "overall": 0.769382009913676,
    "shoulder": 0.7432197458897462,
    "elbow": 0.9662455355461064,
    "wrist": 0.8745154569150502,
    "hip": 0.722637616695869,
    "knee": 0.9191200131503083,
    "ankle": 0.8355397304789992,
    "back": 0.8720560643930622,
    "neck": 0.8105300403040823
  },
  "recommendations": {
    "form": "Good form, continue practicing with current technique",
    "alignment": "Good alignment, maintain current technique",
    "stability": "Good stability, continue with current technique",
    "power": "Consider increasing intensity gradually"
  },
  "safety_considerations": [
    "Maintain proper knee tracking"
  ]
}