{
  "power_generation": {
    "explosiveness": 0.6009383373998105,
    "force_transfer": 0.7479123862553614,
    "efficiency": 0.814992793865125
  },
  "technical_metrics": {
    "precision": 0.5170280581173616,
    "consistency": 0.5773500704746513,
    "fluidity": 0.9638302584167583
  },
  "biomechanical_metrics": {
    "joint_loading": 0.9159422561555852,
    "muscle_activation": 0.55607773805685,
    "energy_efficiency": 0.7739200609119685
  }
}