{
  "key_points": {
    "shoulders": [
      -0.017790919754251178,
      0.6518557434837581,
      0.036437050352194605
    ],
    "elbows": [
      -0.26875256963064437,
      0.4314364423495301,
      0.06257602428576428
    ],
    "wrists": [
      -0.10108555303127753,
      0.3387904831298254,
      -0.09818144728464309
    ],
    "hips": [
      -0.08823012126841459,
      0.3747228649504075,
      -0.03340073320883723
    ],
    "knees": [
      0.25119687945736685,
      0.31456950760528885,
      -0.08216521157203321
    ],
    "ankles": [
      -0.06847836497836984,
      0.12398465986468582,
      -0.05574048361799647
    ]
  },
  "angles": {
    "knee": 61.406080444824255,
    "hip": 145.4366800317235,
    "shoulder": 27.660834203408015,
    "elbow": 141.24388599466042
  },
  "analysis_scores": {
    "alignment": 0.9688664789449508,
    "balance": 0.8005350719414032,
    "form": 0.6680162070931627,
    "stability": 0.9426832027735391,
    "coordination": 0.9520328783062767,
    "precision": 0.7709047988223627,
    "power": 0.8340782729897718,
    "efficiency": 0.8945006112000852,
    "safety": 0.8983972769106188,
    "overall": 0.8842625157498574,
    "shoulder": 0.8923583844510461,
    "elbow": 0.7607479598173453,
    "wrist": 0.8470431115771443,
    "hip": 0.9947913573810395,
    "knee": 0.7628461195552092,
    "ankle": 0.7309469536871362,
    "back": 0.7633278532656358,
    "neck": 0.6142818302696308
  },
  "recommendations": {
    "form": "Good form, continue practicing with current technique",
    "alignment": "Good alignment, maintain current technique",
    "stability": "Good stability, continue with current technique",
    "power": "Good power output, maintain current intensity"
  },
  "safety_considerations": []
}