{
  "power_generation": {
    "explosiveness": 0.6971611352950569,
    "force_transfer": 0.6022409865705473,
    "efficiency": 0.5855539193790718
  },
  "technical_metrics": {
    "precision": 0.743515464815623,
    "consistency": 0.5777813261545868,
    "fluidity": 0.8449844203315746
  },
  "biomechanical_metrics": {
    "joint_loading": 0.6669057688910193,
    "muscle_activation": 0.9212642781910052,
    "energy_efficiency": 0.6674420843906861
  }
}