{
  "key_points": {
    "shoulders": [
      -0.1788374679094795,
      0.5749751136698341,
      -0.09304146085469414
    ],
    "elbows": [
      0.057712208007996924,
      0.45193562943335525,
      0.0035834522942633368
    ],
    "wrists": [
      0.3698253127805975,
      0.3714774493827677,
      0.094522581357352
    ],
    "hips": [
      0.006868214822730367,
      0.31294592069716354,
      0.09449271698619499
    ],
    "knees": [
      0.1954100757134541,
      0.21289401127389712,
      -0.02507326188449277
    ],
    "ankles": [
      0.37282589501282104,
      0.2836478005397003,
      -0.02664573875692637
    ]
  },
  "angles": {
    "knee": 53.854825056532725,
    "hip": 129.8327413137038,
    "shoulder": 74.2010830562361,
    "elbow": 138.37396214441637
  },
  "analysis_scores": {
    "alignment": 0.891177573403654,
    "balance": 0.725570419144021,
    "form": 0.6303184485867939,
    "stability": 0.7674825224094645,
    "coordination": 0.9445129324886299,
    "precision": 0.6801524725912779,
    "power": 0.7390531744512648,
    "efficiency": 0.689297390033987,
    "safety": 0.8471920317129304,
    "overall": 0.7667395302721559,
    "shoulder": 0.8931860134804589,
    "elbow": 0.9941920727851471,
    "wrist": 0.7963914958185511,
    "hip": 0.796608092682366,
    "knee": 0.9920112403125021,
    "ankle": 0.6039058603742091,
    "back": 0.9915857951649466,
    "neck": 0.7663678766249116
  },
  "recommendations": {
    "form": "Good form, continue practicing with current technique",
    "alignment": "Good alignment, maintain current technique",
    "stability": "Good stability, continue with current technique",
    "power": "Good power output, maintain current intensity"
  },
  "safety_considerations": []
}