{
  "power_generation": {
    "explosiveness": 0.6220314220972278,
    "force_transfer": 0.6712012159630603,
    "efficiency": 0.9900149549156024
  },
  "technical_metrics": {
    "precision": 0.7999686143654046,
    "consistency": 0.9457889570259392,
    "fluidity": 0.507347446525469
  },
  "biomechanical_metrics": {
    "joint_loading": 0.7893917152972063,
    "muscle_activation": 0.6807178987340656,
    "energy_efficiency": 0.7444193242783439
  }
}