{
  "key_points": {
    "shoulders": [
      0.18309560475809533,
      0.6341968040124327,
      -0.07337441789480265
    ],
    "elbows": [
      -0.09565217338409568,
      0.4464334960717951,
      0.08275985844313735
    ],
    "wrists": [
      0.07520564685412667,
      0.4768736688438072,
      0.06874302033451057
    ],
    "hips": [
      -0.1817742158451202,
      0.30734160586591563,
      0.007281085889651456
    ],
    "knees": [
      0.03778904119900017,
      0.39711823775291727,
      -0.0954217033962999
    ],
    "ankles": [
      -0.04594839710753451,
      0.2979635024672237,
      -0.0915738915497165
    ]
  },
  "angles": {
    "knee": 88.14564405839053,
    "hip": 76.7784426526151,
    "shoulder": 6.013538415021685,
    "elbow": 157.85074113036865
  },
  "analysis_scores": {
    "alignment": 0.638859556604504,
    "balance": 0.8337992255421092,
    "form": 0.6574359875499292,
    "stability": 0.8394873193465753,
    "coordination": 0.8352079674492511,
    "precision": 0.8186158609676979,
    "power": 0.9827395981054428,
    "efficiency": 0.7839099608051782,
    "safety": 0.9540923822206855,
    "overall": 0.9044489905089276,
    "shoulder": 0.76268685573031,
    "elbow": 0.6546318775013732,
    "wrist": 0.7356395030895393,
    "hip": 0.6263078107873093,
    "knee": 0.8057259654833013,
    "ankle": 0.9146051150601582,
    "back": 0.6615416540695476,
    "neck": 0.9154317127665775
  },
  "recommendations": {
    "form": "Good form, continue practicing with current technique",
    "alignment": "Good alignment, maintain current technique",
    "stability": "Good stability, continue with current technique",
    "power": "Consider increasing intensity gradually"
  },
  "safety_considerations": []
}