{
  "power_generation": {
    "explosiveness": 0.892663306382893,
    "force_transfer": 0.6803897451601222,
    "efficiency": 0.6333784183394362
  },
  "technical_metrics": {
    "precision": 0.7896537348890951,
    "consistency": 0.5170487442236594,
    "fluidity": 0.6541117575309856
  },
  "biomechanical_metrics": {
    "joint_loading": 0.9908860622606261,
    "muscle_activation": 0.8727851675016927,
    "energy_efficiency": 0.5347712095677214
  }
}