{
  "key_points": {
    "shoulders": [
      0.0008925049504936722,
      0.6850593197515302,
      -0.059054724155732145
    ],
    "elbows": [
      -0.28691804991177206,
      0.4202997536388938,
      -0.02220391962720787
    ],
    "wrists": [
      0.15154411090638098,
      0.4618343397035446,
      -0.07517168730972153
    ],
    "hips": [
      0.021316129775270032,
      0.3958847690310834,
      -0.05121313311612306
    ],
    "knees": [
      0.27697965879373093,
      0.3691389828043513,
      -0.084109233045907
    ],
    "ankles": [
      -0.393367133259497,
      0.1616576221134991,
      0.05150346003087494
    ]
  },
  "angles": {
    "knee": 47.843356859282316,
    "hip": 63.180898056701686,
    "shoulder": 60.88362334631296,
    "elbow": 76.42127077482738
  },
  "analysis_scores": {
    "alignment": 0.6192123735632632,
    "balance": 0.6038180072804687,
    "form": 0.8415888175705523,
    "stability": 0.6023171690726906,
    "coordination": 0.9069659171947649,
    "precision": 0.941944491976492,
    "power": 0.6756250497534555,
    "efficiency": 0.6258027248826795,
    "safety": 0.7281330516342039,
    "overall": 0.7265392670700666,
    "shoulder": 0.9956913220306878,
    "elbow": 0.82506232469829,
    "wrist": 0.9656440519615059,
    "hip": 0.6303542904839319,
    "knee": 0.6948712935360875,
    "ankle": 0.8299827288964908,
    "back": 0.7131139276886034,
    "neck": 0.803401370396494
  },
  "recommendations": {
    "form": "Good form, continue practicing with current technique",
    "alignment": "Good alignment, maintain current technique",
    "stability": "Good stability, continue with current technique",
    "power": "Consider increasing intensity gradually"
  },
  "safety_considerations": [
    "Maintain proper elbow alignment to prevent tennis elbow"
  ]
}