{
  "power_generation": {
    "explosiveness": 0.9663097537646688,
    "force_transfer": 0.8076276472645487,
    "efficiency": 0.5669631251854312
  },
  "technical_metrics": {
    "precision": 0.7779615806724663,
    "consistency": 0.9285387573676511,
    "fluidity": 0.6152183776849207
  },
  "biomechanical_metrics": {
    "joint_loading": 0.8819550570093931,
    "muscle_activation": 0.7621545082854002,
    "energy_efficiency": 0.8385021915067044
  }
}