{
  "key_points": {
    "shoulders": [
      0.008899307177361399,
      0.688520736867129,
      -0.09444870738541494
    ],
    "elbows": [
      0.29660722375781606,
      0.4995345343444691,
      -0.05521122820034492
    ],
    "wrists": [
      -0.33254436134881377,
      0.47209392193519173,
      0.04813735696277596
    ],
    "hips": [
      0.08092343159179677,
      0.492553482575504,
      -0.03357411545337259
    ],
    "knees": [
      -0.23118395552506074,
      0.3665778826100311,
      -0.005266945720880753
    ],
    "ankles": [
      0.3043602722635351,
      0.1085982861530202,
      0.0335827039826504
    ]
  },
  "angles": {
    "knee": 73.3549452229958,
    "hip": 68.29291361776278,
    "shoulder": 42.13249465442407,
    "elbow": 148.19565356387014
  },
  "analysis_scores": {
    "alignment": 0.788501421098921,
    "balance": 0.9099440609873166,
    "form": 0.7841798042543457,
    "stability": 0.9110045828902693,
    "coordination": 0.7776562168002488,
    "precision": 0.8912310610085467,
    "power": 0.9738471525788217,
    "efficiency": 0.9319420373335982,
    "safety": 0.873063934510067,
    "overall": 0.8512057364863879,
    "shoulder": 0.863725473282702,
    "elbow": 0.9205122251812428,
    "wrist": 0.841021169621522,
    "hip": 0.9193460932245319,
    "knee": 0.6940723988738321,
    "ankle": 0.8805794043466564,
    "back": 0.8439619861206593,
    "neck": 0.7040613043094945
  },
  "recommendations": {
    "form": "Good form, continue practicing with current technique",
    "alignment": "Good alignment, maintain current technique",
    "stability": "Focus on maintaining proper posture and balance",
    "power": "Good power output, maintain current intensity"
  },
  "safety_considerations": [
    "Ensure proper kick technique to prevent knee injuries"
  ]
}