{
  "power_generation": {
    "explosiveness": 0.8690114603982879,
    "force_transfer": 0.5340122709658075,
    "efficiency": 0.7843175454661915
  },
  "technical_metrics": {
    "precision": 0.6998316104327444,
    "consistency": 0.8036045253423308,
    "fluidity": 0.9195407542731285
  },
  "biomechanical_metrics": {
    "joint_loading": 0.9598760127434802,
    "muscle_activation": 0.6713986232253397,
    "energy_efficiency": 0.9399148015020071
  }
}