{
  "key_points": {
    "shoulders": [
      0.046651455245483225,
      0.5803140707738168,
      0.06340362502398678
    ],
    "elbows": [
      -0.29174824006001243,
      0.43789672545412706,
      0.007377570364071134
    ],
    "wrists": [
      -0.05284620086298941,
      0.3240794087348007,
      0.0977774013098508
    ],
    "hips": [
      0.07670937305040654,
      0.46503180363451463,
      0.09130152063921604
    ],
    "knees": [
      0.11293843358369227,
      0.20412822504672953,
      -0.05633774846128295
    ],
    "ankles": [
      -0.3715739937816152,
      0.201251800975424,
      -0.07450212388297482
    ]
  },
  "angles": {
    "knee": 165.67099293852317,
    "hip": 76.1989551880557,
    "shoulder": 44.42688471553051,
    "elbow": 115.21337290975198
  },
  "analysis_scores": {
    "alignment": 0.6933068307544614,
    "balance": 0.9154497529742452,
    "form": 0.6428450290035365,
    "stability": 0.7297040928162514,
    "coordination": 0.7993320943438946,
    "precision": 0.9850736382376424,
    "power": 0.9765688611247694,
    "efficiency": 0.8663707539859821,
    "safety": 0.6312608743969774,
    "overall": 0.6852179235746835,
    "shoulder": 0.6756624362273227,
    "elbow": 0.899168221955436,
    "wrist": 0.6343975951912798,
    "hip": 0.9551424176258113,
    "knee": 0.8591168868577006,
    "ankle": 0.9806152629658627,
    "back": 0.7699931792617498,
    "neck": 0.9612107173753963
  },
  "recommendations": {
    "form": "Good form, continue practicing with current technique",
    "alignment": "Good alignment, maintain current technique",
    "stability": "Good stability, continue with current technique",
    "power": "Good power output, maintain current intensity"
  },
  "safety_considerations": [
    "Ensure proper ankle positioning to prevent sprains"
  ]
}