{
  "power_generation": {
    "explosiveness": 0.582442042429554,
    "force_transfer": 0.8028658036879001,
    "efficiency": 0.7288977287851586
  },
  "technical_metrics": {
    "precision": 0.700379436412851,
    "consistency": 0.543749580455233,
    "fluidity": 0.5392298454383775
  },
  "biomechanical_metrics": {
    "joint_loading": 0.9013325866207353,
    "muscle_activation": 0.8399183168395761,
    "energy_efficiency": 0.5923238197673827
  }
}