{
  "key_points": {
    "shoulders": [
      0.19302637712776144,
      0.537675827230226,
      -0.04196529994424039
    ],
    "elbows": [
      0.14017066128030953,
      0.552216519747573,
      -0.04466374018875632
    ],
    "wrists": [
      0.1669790790078799,
      0.466145402213312,
      0.07308848514488533
    ],
    "hips": [
      0.08824175204185469,
      0.45301383834798686,
      0.05441446949449735
    ],
    "knees": [
      0.1738854424123732,
      0.3434050255742356,
      0.07355103972983407
    ],
    "ankles": [
      -0.03782031460086366,
      0.1848031804949289,
      -0.03663636686653933
    ]
  },
  "angles": {
    "knee": 27.169108314533933,
    "hip": 103.25063416777279,
    "shoulder": 13.627925762125614,
    "elbow": 98.28853090575888
  },
  "analysis_scores": {
    "alignment": 0.6399832216878065,
    "balance": 0.8456644243281428,
    "form": 0.6676967734555809,
    "stability": 0.8881755298517376,
    "coordination": 0.6703604153445843,
    "precision": 0.8216167836268167,
    "power": 0.7228788479176355,
    "efficiency": 0.9062506251232427,
    "safety": 0.8274841447407517,
    "overall": 0.9488435873088947,
    "shoulder": 0.7251834600545616,
    "elbow": 0.8771721417444173,
    "wrist": 0.917790365839968,
    "hip": 0.7546324665578972,
    "knee": 0.6742906301642101,
    "ankle": 0.6566108432988369,
    "back": 0.6656786789292317,
    "neck": 0.8298758454083391
  },
  "recommendations": {
    "form": "Good form, continue practicing with current technique",
    "alignment": "Good alignment, maintain current technique",
    "stability": "Good stability, continue with current technique",
    "power": "Good power output, maintain current intensity"
  },
  "safety_considerations": []
}