{
  "power_generation": {
    "explosiveness": 0.5183867377484657,
    "force_transfer": 0.6003457746126792,
    "efficiency": 0.9728822357282181
  },
  "technical_metrics": {
    "precision": 0.6966973362516298,
    "consistency": 0.7146006589882015,
    "fluidity": 0.8192012941972868
  },
  "biomechanical_metrics": {
    "joint_loading": 0.8017651656568543,
    "muscle_activation": 0.7396918025086316,
    "energy_efficiency": 0.6875729935083754
  }
}