{
  "key_points": {
    "shoulders": [
      -0.18781255634495395,
      0.693950756800418,
      0.09206503772998073
    ],
    "elbows": [
      -0.023589078675516684,
      0.4355566680790523,
      -0.0006592949358366906
    ],
    "wrists": [
      0.0523776040887885,
      0.3505433123166277,
      0.055224163028715995
    ],
    "hips": [
      -0.1865915216650382,
      0.445508143632548,
      -0.04720804948512132
    ],
    "knees": [
      -0.09331723409508527,
      0.34200360625958715,
      0.08754547797715492
    ],
    "ankles": [
      0.26124137365993394,
      0.24831428241078568,
      -0.0891598160296526
    ]
  },
  "angles": {
    "knee": 57.803781314710164,
    "hip": 62.67603344733991,
    "shoulder": 47.89844301817735,
    "elbow": 14.896058131620824
  },
  "analysis_scores": {
    "alignment": 0.6817385368075293,
    "balance": 0.6862063430815362,
    "form": 0.944107056002183,
    "stability": 0.977430530200593,
    "coordination": 0.6362577892356945,
    "precision": 0.8625188516202786,
    "power": 0.6789496487335874,
    "efficiency": 0.6796012788076661,
    "safety": 0.9624123625009554,
    "overall": 0.9275267810822619,
    "shoulder": 0.997208699205018,
    "elbow": 0.8683279640381829,
    "wrist": 0.792075149800801,
    "hip": 0.8527967333521268,
    "knee": 0.8323202762827363,
    "ankle": 0.8583181238827746,
    "back": 0.6014989312752571,
    "neck": 0.7122268618409049
  },
  "recommendations": {
    "form": "Focus on maintaining proper joint angles during movement",
    "alignment": "Good alignment, maintain current technique",
    "stability": "Good stability, continue with current technique",
    "power": "Consider increasing intensity gradually"
  },
  "safety_considerations": []
}