{
  "power_generation": {
    "explosiveness": 0.7068374366373091,
    "force_transfer": 0.6078721496449532,
    "efficiency": 0.8185226406259347
  },
  "technical_metrics": {
    "precision": 0.6755411479449374,
    "consistency": 0.8203995438581895,
    "fluidity": 0.9503525507104257
  },
  "biomechanical_metrics": {
    "joint_loading": 0.8573300694986911,
    "muscle_activation": 0.846653099533287,
    "energy_efficiency": 0.7504813286622436
  }
}