{
  "key_points": {
    "shoulders": [
      0.040468717231573414,
      0.632363869835227,
      -0.08755357306175951
    ],
    "elbows": [
      -0.18607593169097414,
      0.4066891598879452,
      -0.04198859242085793
    ],
    "wrists": [
      0.31557549889619985,
      0.30569566794250036,
      0.0420895095115158
    ],
    "hips": [
      -0.1715656668208447,
      0.46248321907569545,
      0.03464150768782162
    ],
    "knees": [
      -0.23209035616733364,
      0.3384563959992394,
      -0.0864528778868749
    ],
    "ankles": [
      0.029266467767692927,
      0.29795254528665216,
      0.02917638355871721
    ]
  },
  "angles": {
    "knee": 30.865365816795748,
    "hip": 67.99125644212555,
    "shoulder": 35.71038762195208,
    "elbow": 123.0257210537123
  },
  "analysis_scores": {
    "alignment": 0.7716749816444426,
    "balance": 0.6707518937069247,
    "form": 0.6274639199025913,
    "stability": 0.6883079315371311,
    "coordination": 0.7132936724125355,
    "precision": 0.6419469649362662,
    "power": 0.6657599415043106,
    "efficiency": 0.6741782080256556,
    "safety": 0.6374084278856718,
    "overall": 0.8309502741351382,
    "shoulder": 0.6135729959757579,
    "elbow": 0.9302098038653243,
    "wrist": 0.8869524906897455,
    "hip": 0.677187980592269,
    "knee": 0.7986841848424101,
    "ankle": 0.6014894012435764,
    "back": 0.7419691495710147,
    "neck": 0.6938657165752871
  },
  "recommendations": {
    "form": "Good form, continue practicing with current technique",
    "alignment": "Good alignment, maintain current technique",
    "stability": "Focus on maintaining proper posture and balance",
    "power": "Good power output, maintain current intensity"
  },
  "safety_considerations": [
    "Maintain proper hip alignment to prevent lower back strain"
  ]
}