{
  "power_generation": {
    "explosiveness": 0.6822269947975369,
    "force_transfer": 0.9689729692137915,
    "efficiency": 0.9792597045537812
  },
  "technical_metrics": {
    "precision": 0.9487634953500363,
    "consistency": 0.6911043754117216,
    "fluidity": 0.5541054718561012
  },
  "biomechanical_metrics": {
    "joint_loading": 0.5815454010731593,
    "muscle_activation": 0.7345698798662701,
    "energy_efficiency": 0.9759400033078531
  }
}