{
  "key_points": {
    "shoulders": [
      0.07193793307678165,
      0.5924713728751811,
      -0.0642986885687876
    ],
    "elbows": [
      -0.20402611406775734,
      0.48929642778534954,
      0.005177666346410259
    ],
    "wrists": [
      -0.23988174501020743,
      0.30222495888639483,
      0.031744998431947835
    ],
    "hips": [
      0.1516049692633935,
      0.4924640947014973,
      -0.01989487619787593
    ],
    "knees": [
      -0.07956957340783102,
      0.2845797809174626,
      -0.09401405243673853
    ],
    "ankles": [
      -0.003186556571790511,
      0.26969681627666975,
      -0.03676975810547589
    ]
  },
  "angles": {
    "knee": 87.88598302750262,
    "hip": 113.04921918868179,
    "shoulder": 48.070686616028524,
    "elbow": 127.87951387804554
  },
  "analysis_scores": {
    "alignment": 0.6126369799547434,
    "balance": 0.7516815775108041,
    "form": 0.8118473219990796,
    "stability": 0.6904758195926974,
    "coordination": 0.6860131808766876,
    "precision": 0.662331271592089,
    "power": 0.8349705271267872,
    "efficiency": 0.6554261971653125,
    "safety": 0.6360844509175332,
    "overall": 0.8029707226215845,
    "shoulder": 0.760412897093492,
    "elbow": 0.9726725163757014,
    "wrist": 0.8984313588305944,
    "hip": 0.8324580874905164,
    "knee": 0.9651360882051636,
    "ankle": 0.6224848857115699,
    "back": 0.8359582675334701,
    "neck": 0.888799863757171
  },
  "recommendations": {
    "form": "Good form, continue practicing with current technique",
    "alignment": "Work on maintaining symmetrical movement patterns",
    "stability": "Focus on maintaining proper posture and balance",
    "power": "Consider increasing intensity gradually"
  },
  "safety_considerations": []
}