{
  "power_generation": {
    "explosiveness": 0.5469077669346752,
    "force_transfer": 0.7635837974864166,
    "efficiency": 0.7079899463560805
  },
  "technical_metrics": {
    "precision": 0.8629665158674902,
    "consistency": 0.9613134164686585,
    "fluidity": 0.6583453518247959
  },
  "biomechanical_metrics": {
    "joint_loading": 0.5469996885386922,
    "muscle_activation": 0.5442468814683358,
    "energy_efficiency": 0.8657797495669093
  }
}