{
  "key_points": {
    "shoulders": [
      0.07018782768075849,
      0.6863057821239132,
      0.032625580386067055
    ],
    "elbows": [
      -0.15607536133071345,
      0.46708809648640576,
      0.05549243564432682
    ],
    "wrists": [
      0.31849112033688953,
      0.343491696211531,
      0.008089265223467618
    ],
    "hips": [
      -0.0750180707971198,
      0.4138900311644461,
      -0.0666052739662902
    ],
    "knees": [
      -0.20432970797899297,
      0.3878960058315256,
      -0.05965777245060409
    ],
    "ankles": [
      -0.2275220952489252,
      0.2561772798957642,
      -0.08385490203754525
    ]
  },
  "angles": {
    "knee": 90.43491444904957,
    "hip": 110.04457926928795,
    "shoulder": 6.8538716289754404,
    "elbow": 134.05302290161336
  },
  "analysis_scores": {
    "alignment": 0.8809974009803259,
    "balance": 0.9481538637323247,
    "form": 0.8509062444989992,
    "stability": 0.8196596401777329,
    "coordination": 0.6287037443635577,
    "precision": 0.6952203205939818,
    "power": 0.9609406647587415,
    "efficiency": 0.8199393248990873,
    "safety": 0.6252364471248266,
    "overall": 0.6389381181595647,
    "shoulder": 0.741564072369797,
    "elbow": 0.955419435533935,
    "wrist": 0.9670796935164653,
    "hip": 0.6532722986837688,
    "knee": 0.7049865060149538,
    "ankle": 0.7888548698269996,
    "back": 0.7953068951565031,
    "neck": 0.6451903564029678
  },
  "recommendations": {
    "form": "Focus on maintaining proper joint angles during movement",
    "alignment": "Good alignment, maintain current technique",
    "stability": "Focus on maintaining proper posture and balance",
    "power": "Good power output, maintain current intensity"
  },
  "safety_considerations": [
    "Work on balance and stability during movement"
  ]
}