{
  "power_generation": {
    "explosiveness": 0.941751784834066,
    "force_transfer": 0.6193762126510338,
    "efficiency": 0.5051061751113346
  },
  "technical_metrics": {
    "precision": 0.7282625480877588,
    "consistency": 0.5299340774700507,
    "fluidity": 0.8688982643699455
  },
  "biomechanical_metrics": {
    "joint_loading": 0.5617255915784507,
    "muscle_activation": 0.6513900655423676,
    "energy_efficiency": 0.6792224717727149
  }
}