{
  "key_points": {
    "shoulders": [
      -0.10402162031378565,
      0.6670360062351015,
      0.03558721338548487
    ],
    "elbows": [
      -0.2161776150901343,
      0.5506379623353634,
      0.042872711607651104
    ],
    "wrists": [
      -0.11757133435587813,
      0.3619869670454263,
      -0.0046913969223826985
    ],
    "hips": [
      -0.11209477858283012,
      0.34302773100932066,
      0.01280210212465327
    ],
    "knees": [
      -0.2786514179809018,
      0.2443542900439574,
      -0.01660062529165733
    ],
    "ankles": [
      -0.13503705764230356,
      0.2851160599192706,
      0.09801977641236068
    ]
  },
  "angles": {
    "knee": 25.540193369882715,
    "hip": 92.41492371941418,
    "shoulder": 31.81231241330801,
    "elbow": 131.9365398280724
  },
  "analysis_scores": {
    "alignment": 0.9969276034624055,
    "balance": 0.7832290242400968,
    "form": 0.6287919242463597,
    "stability": 0.7727828473876022,
    "coordination": 0.6771307512801442,
    "precision": 0.9036036103092465,
    "power": 0.8603268470842103,
    "efficiency": 0.9940004329964216,
    "safety": 0.9976042114549714,
    "overall": 0.6663741842447993,
    "shoulder": 0.7797263403881919,
    "elbow": 0.7696319338996767,
    "wrist": 0.7711319712527684,
    "hip": 0.7391143309181368,
    "knee": 0.6853801128910225,
    "ankle": 0.8926294672631548,
    "back": 0.9015555774622516,
    "neck": 0.7404269293767896
  },
  "recommendations": {
    "form": "Good form, continue practicing with current technique",
    "alignment": "Work on maintaining symmetrical movement patterns",
    "stability": "Good stability, continue with current technique",
    "power": "Consider increasing intensity gradually"
  },
  "safety_considerations": []
}