{
  "power_generation": {
    "explosiveness": 0.5228606466977759,
    "force_transfer": 0.928801788154548,
    "efficiency": 0.7434558154000218
  },
  "technical_metrics": {
    "precision": 0.6518472052035318,
    "consistency": 0.9756257666663333,
    "fluidity": 0.7215904201325615
  },
  "biomechanical_metrics": {
    "joint_loading": 0.9221425254350273,
    "muscle_activation": 0.5926312101927713,
    "energy_efficiency": 0.5064875214189297
  }
}