{
  "power_generation": {
    "explosiveness": 0.9679854348595984,
    "force_transfer": 0.8956160682218726,
    "efficiency": 0.7972442767866184
  },
  "technical_metrics": {
    "precision": 0.8269822433221194,
    "consistency": 0.5617366178073211,
    "fluidity": 0.6314686132748885
  },
  "biomechanical_metrics": {
    "joint_loading": 0.7315898445996485,
    "muscle_activation": 0.972393553927921,
    "energy_efficiency": 0.9500383912029718
  }
}