{
  "key_points": {
    "shoulders": [
      0.09576509466584981,
      0.5041015175682791,
      -0.04464774647993526
    ],
    "elbows": [
      0.22602324190001638,
      0.4708281625073012,
      -0.020205624099181654
    ],
    "wrists": [
      0.28476735012747056,
      0.3998029515297459,
      0.012245908339790806
    ],
    "hips": [
      -0.09682093689997373,
      0.48948010842284506,
      -0.029784700297709632
    ],
    "knees": [
      0.01701223003823027,
      0.3807727400021902,
      0.05141405371038224
    ],
    "ankles": [
      0.327907570979612,
      0.14592874107893558,
      0.07101538810586866
    ]
  },
  "angles": {
    "knee": 155.5303094032046,
    "hip": 97.61648364985746,
    "shoulder": 19.268896543607255,
    "elbow": 48.42480147484542
  },
  "analysis_scores": {
    "alignment": 0.8813635036947318,
    "balance": 0.8617058381695621,
    "form": 0.8583442315463929,
    "stability": 0.6073759408543185,
    "coordination": 0.7085533877378981,
    "precision": 0.8011100995555617,
    "power": 0.6353367235105831,
    "efficiency": 0.8941866370459144,
    "safety": 0.9617895260218831,
    "overall": 0.6539406171285397,
    "shoulder": 0.8829740805179174,
    "elbow": 0.6440423703998719,
    "wrist": 0.8354515655102479,
    "hip": 0.819717561960807,
    "knee": 0.6611435537514747,
    "ankle": 0.9460387855131134,
    "back": 0.9472187713525386,
    "neck": 0.7279275586860463
  },
  "recommendations": {
    "form": "Good form, continue practicing with current technique",
    "alignment": "Good alignment, maintain current technique",
    "stability": "Good stability, continue with current technique",
    "power": "Good power output, maintain current intensity"
  },
  "safety_considerations": []
}