{
  "power_generation": {
    "explosiveness": 0.8379839134394326,
    "force_transfer": 0.5416736991471871,
    "efficiency": 0.9557710126847865
  },
  "technical_metrics": {
    "precision": 0.6058432692744125,
    "consistency": 0.5950645760585733,
    "fluidity": 0.9738143582419931
  },
  "biomechanical_metrics": {
    "joint_loading": 0.9666907338005291,
    "muscle_activation": 0.9895861632676282,
    "energy_efficiency": 0.8153825106538726
  }
}