{
  "key_points": {
    "shoulders": [
      -0.09687345020982426,
      0.5402228220719781,
      -0.028597570022513133
    ],
    "elbows": [
      0.12139807665947766,
      0.5974080320780266,
      0.06861267650999026
    ],
    "wrists": [
      -0.2113037608069127,
      0.3907270273754015,
      0.05231898084125422
    ],
    "hips": [
      -0.03244694929563474,
      0.36625866279167235,
      0.04471641597271975
    ],
    "knees": [
      -0.21604080127447095,
      0.26792128084612343,
      0.09763809365665455
    ],
    "ankles": [
      0.08721094596228396,
      0.28164857202871796,
      0.06480266636239482
    ]
  },
  "angles": {
    "knee": 43.681287548628404,
    "hip": 116.05167250874601,
    "shoulder": 17.216608114665547,
    "elbow": 127.208664380682
  },
  "analysis_scores": {
    "alignment": 0.9723304439720547,
    "balance": 0.9189222874578173,
    "form": 0.7084562283917949,
    "stability": 0.9254463585065491,
    "coordination": 0.9623620383975195,
    "precision": 0.7667094016897141,
    "power": 0.7681072060260172,
    "efficiency": 0.9255011787255438,
    "safety": 0.8583156647990715,
    "overall": 0.7568766484440068,
    "shoulder": 0.6645602367766072,
    "elbow": 0.6459769975185253,
    "wrist": 0.6632219762096906,
    "hip": 0.9422585591910305,
    "knee": 0.6956982601885426,
    "ankle": 0.6772391679208272,
    "back": 0.7867924462487612,
    "neck": 0.8980914969677704
  },
  "recommendations": {
    "form": "Focus on maintaining proper joint angles during movement",
    "alignment": "Good alignment, maintain current technique",
    "stability": "Good stability, continue with current technique",
    "power": "Good power output, maintain current intensity"
  },
  "safety_considerations": []
}