{
  "power_generation": {
    "explosiveness": 0.7266786214460605,
    "force_transfer": 0.9041732662719402,
    "efficiency": 0.7782761338430331
  },
  "technical_metrics": {
    "precision": 0.7943629940246231,
    "consistency": 0.7808404532787876,
    "fluidity": 0.6481096669546593
  },
  "biomechanical_metrics": {
    "joint_loading": 0.7883033566538532,
    "muscle_activation": 0.7823728153884462,
    "energy_efficiency": 0.8493003494674445
  }
}