{
  "key_points": {
    "shoulders": [
      -0.0828982615495228,
      0.58778983555636,
      -0.05590784088760219
    ],
    "elbows": [
      0.026937742663360797,
      0.5164017047657594,
      -0.010309954334031077
    ],
    "wrists": [
      0.06307550788494065,
      0.47156501968088194,
      -0.006612623116660707
    ],
    "hips": [
      -0.192717000752112,
      0.36059965301224284,
      0.056450075381406256
    ],
    "knees": [
      0.0706704921001729,
      0.20456802184123046,
      0.024323540343852354
    ],
    "ankles": [
      0.2661186588160005,
      0.2482017601626122,
      0.07334649065734478
    ]
  },
  "angles": {
    "knee": 69.17408836036157,
    "hip": 53.44467045987934,
    "shoulder": 35.85881119637989,
    "elbow": 155.66380388140809
  },
  "analysis_scores": {
    "alignment": 0.6489895750490281,
    "balance": 0.659631580553356,
    "form": 0.6700529620063603,
    "stability": 0.7634871494610203,
    "coordination": 0.731383945456967,
    "precision": 0.6515175173902088,
    "power": 0.6285596159844185,
    "efficiency": 0.9004583809352056,
    "safety": 0.7919178400764698,
    "overall": 0.7915484049715544,
    "shoulder": 0.8533913421961004,
    "elbow": 0.8875538477447822,
    "wrist": 0.76749199261289,
    "hip": 0.9262225026174203,
    "knee": 0.762533635008616,
    "ankle": 0.8169941248333863,
    "back": 0.6567778500645683,
    "neck": 0.6901369710172315
  },
  "recommendations": {
    "form": "Good form, continue practicing with current technique",
    "alignment": "Good alignment, maintain current technique",
    "stability": "Good stability, continue with current technique",
    "power": "Good power output, maintain current intensity"
  },
  "safety_considerations": []
}