{
  "power_generation": {
    "explosiveness": 0.744908622203469,
    "force_transfer": 0.8258032203898398,
    "efficiency": 0.7442631030986242
  },
  "technical_metrics": {
    "precision": 0.8889705791724491,
    "consistency": 0.8590067503683272,
    "fluidity": 0.8745197230730828
  },
  "biomechanical_metrics": {
    "joint_loading": 0.9722731354857606,
    "muscle_activation": 0.902381913562116,
    "energy_efficiency": 0.5628462393751805
  }
}