{
  "key_points": {
    "shoulders": [
      0.14477775550780797,
      0.695212809850752,
      0.0428027669610167
    ],
    "elbows": [
      -0.24248794770128068,
      0.5167032052753309,
      0.09248114219416417
    ],
    "wrists": [
      0.13578645689791402,
      0.49873320831554147,
      -0.06960154226240055
    ],
    "hips": [
      -0.03484629830249397,
      0.3184968349631333,
      -0.057132701929775244
    ],
    "knees": [
      -0.10982198269703616,
      0.2852436041483978,
      -0.06565098590653559
    ],
    "ankles": [
      -0.12894240223314518,
      0.2721381018868041,
      0.04763550966531735
    ]
  },
  "angles": {
    "knee": 91.46371418704183,
    "hip": 109.00309012525027,
    "shoulder": 68.42535500205125,
    "elbow": 159.02091416497873
  },
  "analysis_scores": {
    "alignment": 0.6397208937559319,
    "balance": 0.9808377844890571,
    "form": 0.8234125944858294,
    "stability": 0.9949768158249512,
    "coordination": 0.7265476672613109,
    "precision": 0.777490151045474,
    "power": 0.6208222260437198,
    "efficiency": 0.8651014023131955,
    "safety": 0.9706204338153964,
    "overall": 0.7186670706024488,
    "shoulder": 0.7009891972478481,
    "elbow": 0.8946767271624713,
    "wrist": 0.7294578295971695,
    "hip": 0.9048806071773499,
    "knee": 0.7718688767121603,
    "ankle": 0.8540551392218156,
    "back": 0.9558368373148052,
    "neck": 0.7430949516261425
  },
  "recommendations": {
    "form": "Good form, continue practicing with current technique",
    "alignment": "Work on maintaining symmetrical movement patterns",
    "stability": "Focus on maintaining proper posture and balance",
    "power": "Good power output, maintain current intensity"
  },
  "safety_considerations": [
    "Ensure proper shoulder mechanics during swing"
  ]
}