{
  "power_generation": {
    "explosiveness": 0.8031387321464634,
    "force_transfer": 0.7164860736005403,
    "efficiency": 0.516507799075709
  },
  "technical_metrics": {
    "precision": 0.8160196870968054,
    "consistency": 0.955665109379473,
    "fluidity": 0.8886980985430433
  },
  "biomechanical_metrics": {
    "joint_loading": 0.8092886747376054,
    "muscle_activation": 0.7533742116149973,
    "energy_efficiency": 0.692428382566334
  }
}