{
  "key_points": {
    "shoulders": [
      0.11099734492940788,
      0.6604353603176857,
      -0.05340247562926464
    ],
    "elbows": [
      0.2518231353287815,
      0.44114758534528103,
      0.046005934188511705
    ],
    "wrists": [
      -0.19126908856473923,
      0.4365528561022599,
      -0.05249688955712291
    ],
    "hips": [
      -0.1809722841979219,
      0.491669153138644,
      -0.018628462473432084
    ],
    "knees": [
      0.08489111188321663,
      0.3671984358994933,
      -0.002593834153921254
    ],
    "ankles": [
      0.2242597682782006,
      0.11810358687165459,
      -0.06612032340448165
    ]
  },
  "angles": {
    "knee": 68.92946288016978,
    "hip": 115.86255397845262,
    "shoulder": 22.008353897952354,
    "elbow": 112.93952508749246
  },
  "analysis_scores": {
    "alignment": 0.6757862302634157,
    "balance": 0.7334483347065551,
    "form": 0.7333328883443133,
    "stability": 0.6973715349403667,
    "coordination": 0.7096306844913999,
    "precision": 0.8207201091625245,
    "power": 0.6600898094050729,
    "efficiency": 0.909665181594193,
    "safety": 0.943291134027733,
    "overall": 0.6130965334362292,
    "shoulder": 0.7112850564429601,
    "elbow": 0.8925064152313291,
    "wrist": 0.7941004440168213,
    "hip": 0.9946807156492222,
    "knee": 0.9508422149956433,
    "ankle": 0.6095088449988944,
    "back": 0.7114192438465334,
    "neck": 0.8582971834611095
  },
  "recommendations": {
    "form": "Good form, continue practicing with current technique",
    "alignment": "Good alignment, maintain current technique",
    "stability": "Good stability, continue with current technique",
    "power": "Good power output, maintain current intensity"
  },
  "safety_considerations": []
}