{
  "power_generation": {
    "explosiveness": 0.8016974955553016,
    "force_transfer": 0.5944225329406072,
    "efficiency": 0.5598843642356278
  },
  "technical_metrics": {
    "precision": 0.6783614010304,
    "consistency": 0.7558831448311865,
    "fluidity": 0.6225964284204899
  },
  "biomechanical_metrics": {
    "joint_loading": 0.7583935664020618,
    "muscle_activation": 0.5841090984040653,
    "energy_efficiency": 0.6180957909952416
  }
}