{
  "key_points": {
    "shoulders": [
      -0.01851705154022737,
      0.5978649882368069,
      -0.0818575007147534
    ],
    "elbows": [
      -0.09433422675769651,
      0.4821635659430607,
      0.0823184920662875
    ],
    "wrists": [
      0.35480047348060617,
      0.3221042334748924,
      -0.05603524475824695
    ],
    "hips": [
      0.1567342082558129,
      0.4459155005481419,
      0.03239494726155587
    ],
    "knees": [
      -0.09865476918759164,
      0.28660160094216813,
      0.007439031065880092
    ],
    "ankles": [
      0.2607632188779291,
      0.10465096130153702,
      0.007939037146475897
    ]
  },
  "angles": {
    "knee": 55.54483433011227,
    "hip": 128.9405344447714,
    "shoulder": 22.004432858845664,
    "elbow": 107.46174789576953
  },
  "analysis_scores": {
    "alignment": 0.8450382539506008,
    "balance": 0.9964056533890342,
    "form": 0.809612127829485,
    "stability": 0.8997179359178604,
    "coordination": 0.9793512387430193,
    "precision": 0.7186716096243363,
    "power": 0.9957058219110573,
    "efficiency": 0.9152481599895741,
    "safety": 0.6643573425607542,
    "overall": 0.7970931324962881,
    "shoulder": 0.9419335026118975,
    "elbow": 0.6594313579523442,
    "wrist": 0.6381950506317343,
    "hip": 0.8513846199937802,
    "knee": 0.9140585788878963,
    "ankle": 0.8357540573865943,
    "back": 0.8806439576481823,
    "neck": 0.9105369949068854
  },
  "recommendations": {
    "form": "Good form, continue practicing with current technique",
    "alignment": "Good alignment, maintain current technique",
    "stability": "Good stability, continue with current technique",
    "power": "Consider increasing intensity gradually"
  },
  "safety_considerations": []
}