{
  "power_generation": {
    "explosiveness": 0.7172847691961692,
    "force_transfer": 0.7235065361924495,
    "efficiency": 0.6094394240295236
  },
  "technical_metrics": {
    "precision": 0.6625841202555469,
    "consistency": 0.6548473116144611,
    "fluidity": 0.7821791467201772
  },
  "biomechanical_metrics": {
    "joint_loading": 0.9727155714281429,
    "muscle_activation": 0.9817593728015956,
    "energy_efficiency": 0.6447745457421536
  }
}