{
  "key_points": {
    "shoulders": [
      0.10018844635689533,
      0.6451035245827275,
      -0.030154815926435347
    ],
    "elbows": [
      -0.17866377687199253,
      0.5007087680746266,
      -0.08292226674673911
    ],
    "wrists": [
      0.12005379667510374,
      0.4908696170570286,
      -0.020123015405786357
    ],
    "hips": [
      0.1666197467290954,
      0.34832575520061604,
      -0.043168720929064965
    ],
    "knees": [
      -0.21013180559494693,
      0.32179937762730126,
      -0.09292542103989593
    ],
    "ankles": [
      0.09501682806799072,
      0.18685485600009571,
      0.08885584415278139
    ]
  },
  "angles": {
    "knee": 163.5182132418625,
    "hip": 137.5927119438409,
    "shoulder": 34.51666970973014,
    "elbow": 103.83172706947798
  },
  "analysis_scores": {
    "alignment": 0.8290200313180319,
    "balance": 0.971654285768605,
    "form": 0.9963086059872317,
    "stability": 0.7193963608062285,
    "coordination": 0.6506843536673893,
    "precision": 0.9167551147922323,
    "power": 0.7597854419184173,
    "efficiency": 0.884685865961943,
    "safety": 0.6403675996286122,
    "overall": 0.999332153428912,
    "shoulder": 0.6769007825853577,
    "elbow": 0.7862166277159093,
    "wrist": 0.6745860685883235,
    "hip": 0.6712362476861594,
    "knee": 0.8880164539258415,
    "ankle": 0.6775900884047351,
    "back": 0.8107573873437776,
    "neck": 0.7934662332846011
  },
  "recommendations": {
    "form": "Focus on maintaining proper joint angles during movement",
    "alignment": "Good alignment, maintain current technique",
    "stability": "Good stability, continue with current technique",
    "power": "Consider increasing intensity gradually"
  },
  "safety_considerations": [
    "Ensure proper wrist positioning to prevent sprains"
  ]
}