{
  "power_generation": {
    "explosiveness": 0.65840205660546,
    "force_transfer": 0.6248889841070258,
    "efficiency": 0.6182812276162055
  },
  "technical_metrics": {
    "precision": 0.6559304753181336,
    "consistency": 0.8716318252276527,
    "fluidity": 0.8337325473754973
  },
  "biomechanical_metrics": {
    "joint_loading": 0.5561565536739169,
    "muscle_activation": 0.895727933116496,
    "energy_efficiency": 0.6124290059019937
  }
}