{
  "key_points": {
    "shoulders": [
      -0.05537097809253444,
      0.6953668967605139,
      0.07088679519633523
    ],
    "elbows": [
      0.22571782174227956,
      0.4553914430557529,
      0.03556852451256737
    ],
    "wrists": [
      -0.38407077757992747,
      0.3562074297838157,
      -0.036975012406833416
    ],
    "hips": [
      -0.14586907031356178,
      0.4975067676332733,
      -0.016695872214334037
    ],
    "knees": [
      0.12733384591447072,
      0.20559838420604098,
      0.0035137964705384828
    ],
    "ankles": [
      -0.19376589958641574,
      0.17118592878461997,
      0.08019003948680867
    ]
  },
  "angles": {
    "knee": 55.699497567304505,
    "hip": 62.78421454375866,
    "shoulder": 54.72390545669788,
    "elbow": 128.11841973321202
  },
  "analysis_scores": {
    "alignment": 0.7018529815067881,
    "balance": 0.8276806116339516,
    "form": 0.7087749679133073,
    "stability": 0.7324537338210895,
    "coordination": 0.884625878566869,
    "precision": 0.9661526672037006,
    "power": 0.796034172454299,
    "efficiency": 0.9428489118590045,
    "safety": 0.7848665615944524,
    "overall": 0.790432057124242,
    "shoulder": 0.8660256937509878,
    "elbow": 0.8596469676253069,
    "wrist": 0.8453457475644576,
    "hip": 0.7733799216697548,
    "knee": 0.6993453802628145,
    "ankle": 0.8231077251706131,
    "back": 0.865826981319711,
    "neck": 0.9274662254326471
  },
  "recommendations": {
    "form": "Good form, continue practicing with current technique",
    "alignment": "Work on maintaining symmetrical movement patterns",
    "stability": "Good stability, continue with current technique",
    "power": "Good power output, maintain current intensity"
  },
  "safety_considerations": []
}