{
  "power_generation": {
    "explosiveness": 0.9199360176974944,
    "force_transfer": 0.9390465800784855,
    "efficiency": 0.6647078377318993
  },
  "technical_metrics": {
    "precision": 0.712052346633655,
    "consistency": 0.9149229862026371,
    "fluidity": 0.9726607396275044
  },
  "biomechanical_metrics": {
    "joint_loading": 0.8572762845317685,
    "muscle_activation": 0.7755573387394864,
    "energy_efficiency": 0.5186166628247373
  }
}