{
  "key_points": {
    "shoulders": [
      0.010772597101958686,
      0.6391904346374728,
      0.047151514872801975
    ],
    "elbows": [
      -0.17842435044669547,
      0.522895234427279,
      -0.04591956965580912
    ],
    "wrists": [
      0.07331282455700283,
      0.3361798886199189,
      0.05358709301060782
    ],
    "hips": [
      -0.14583083612862133,
      0.4482673927366942,
      0.05085922337435214
    ],
    "knees": [
      -0.2763923264539641,
      0.2802318014399651,
      -0.08562676999557449
    ],
    "ankles": [
      -0.173226614007773,
      0.14489526332496594,
      -0.010462275365022061
    ]
  },
  "angles": {
    "knee": 105.65677947849288,
    "hip": 91.12473135007322,
    "shoulder": 23.729797786982466,
    "elbow": 157.4299114666031
  },
  "analysis_scores": {
    "alignment": 0.6853890415685772,
    "balance": 0.8237213931581872,
    "form": 0.6874727379571342,
    "stability": 0.7970197959144955,
    "coordination": 0.9988530297852073,
    "precision": 0.7347593291505498,
    "power": 0.9540809212945056,
    "efficiency": 0.7395122842271737,
    "safety": 0.6184837406427451,
    "overall": 0.9393747392170578,
    "shoulder": 0.6621415436223005,
    "elbow": 0.872720572731118,
    "wrist": 0.7174357237311324,
    "hip": 0.9023775398201876,
    "knee": 0.9503807083297477,
    "ankle": 0.7989667621559655,
    "back": 0.9625065065981527,
    "neck": 0.6631805887309746
  },
  "recommendations": {
    "form": "Good form, continue practicing with current technique",
    "alignment": "Good alignment, maintain current technique",
    "stability": "Focus on maintaining proper posture and balance",
    "power": "Good power output, maintain current intensity"
  },
  "safety_considerations": []
}