{
  "power_generation": {
    "explosiveness": 0.7166764213154377,
    "force_transfer": 0.7028699103845298,
    "efficiency": 0.7782713387334981
  },
  "technical_metrics": {
    "precision": 0.559075911891596,
    "consistency": 0.5735029432904124,
    "fluidity": 0.7288092112624194
  },
  "biomechanical_metrics": {
    "joint_loading": 0.9462862752040018,
    "muscle_activation": 0.6831992604519236,
    "energy_efficiency": 0.8013787327798152
  }
}