{
  "key_points": {
    "shoulders": [
      -0.03944203755207504,
      0.5703097565253924,
      0.054686001433179754
    ],
    "elbows": [
      -0.28146839023854975,
      0.5314054226594447,
      0.022385356868459036
    ],
    "wrists": [
      0.3037836476311355,
      0.3820769721914789,
      0.09995246168155733
    ],
    "hips": [
      0.08795585324687649,
      0.48584310724881746,
      0.07738007521784654
    ],
    "knees": [
      -0.08313511919504257,
      0.2336043594642205,
      0.09829497267123108
    ],
    "ankles": [
      -0.09397854000862804,
      0.29699555865958505,
      0.005357914761059485
    ]
  },
  "angles": {
    "knee": 75.16861370294701,
    "hip": 115.39477628492124,
    "shoulder": 17.14696526716751,
    "elbow": 34.96223807493059
  },
  "analysis_scores": {
    "alignment": 0.6543103797262825,
    "balance": 0.7961686362751567,
    "form": 0.8193295678349859,
    "stability": 0.7041683221434645,
    "coordination": 0.658102073016282,
    "precision": 0.9552156859663018,
    "power": 0.8080994326993045,
    "efficiency": 0.6723691866081649,
    "safety": 0.7684810955718935,
    "overall": 0.6164739867118474,
    "shoulder": 0.7851036837513983,
    "elbow": 0.7110570788865388,
    "wrist": 0.7885187003455962,
    "hip": 0.6086278200769976,
    "knee": 0.7699224718233548,
    "ankle": 0.7130282178895623,
    "back": 0.7000329688157395,
    "neck": 0.7024744530580875
  },
  "recommendations": {
    "form": "Good form, continue practicing with current technique",
    "alignment": "Work on maintaining symmetrical movement patterns",
    "stability": "Good stability, continue with current technique",
    "power": "Good power output, maintain current intensity"
  },
  "safety_considerations": [
    "Focus on proper shoulder mechanics for power generation"
  ]
}