{
  "power_generation": {
    "explosiveness": 0.617887220558379,
    "force_transfer": 0.6360568440474701,
    "efficiency": 0.9027920919627469
  },
  "technical_metrics": {
    "precision": 0.5517540167579544,
    "consistency": 0.6360845458894888,
    "fluidity": 0.8111448728670507
  },
  "biomechanical_metrics": {
    "joint_loading": 0.6234574646734155,
    "muscle_activation": 0.5748106290051544,
    "energy_efficiency": 0.614804741614951
  }
}