{
  "key_points": {
    "shoulders": [
      0.18561129690504602,
      0.6868253836871686,
      0.05928745995469964
    ],
    "elbows": [
      -0.11269636408542433,
      0.40710104948664266,
      0.18593964166370847
    ],
    "wrists": [
      0.48559835493314896,
      0.4089118773003205,
      -0.03286964675843898
    ],
    "hips": [
      -0.29635700527225733,
      0.4955463855926379,
      -0.12175941177365268
    ]
  },
  "angles": {
    "shoulder": 27.75558373800123,
    "elbow": 140.02563632363652
  },
  "analysis_scores": {
    "alignment": 0.634261342870003,
    "balance": 0.8213034226973764,
    "form": 0.9842374650660539,
    "stability": 0.7792347126755723,
    "coordination": 0.6092421574220056,
    "precision": 0.8515088597042457,
    "power": 0.7817899964423638,
    "efficiency": 0.7056076045491312,
    "safety": 0.9289901823402107,
    "overall": 0.7773239353120361,
    "shoulder": 0.886541945672079,
    "elbow": 0.8311312850923666,
    "wrist": 0.8020779180453791,
    "hip": 0.7521476818529145,
    "knee": 0.656177719809149,
    "ankle": 0.6847546265714489,
    "back": 0.9556067524091442,
    "neck": 0.7559848483681594
  },
  "recommendations": {
    "form": "Good form, continue practicing with current technique",
    "alignment": "Good alignment, maintain current technique",
    "stability": "Good stability, continue with current technique",
    "power": "Good power output, maintain current intensity"
  },
  "safety_considerations": []
}