{
  "power_generation": {
    "explosiveness": 0.8812716961806357,
    "force_transfer": 0.514016844869843,
    "efficiency": 0.5179452316674873
  },
  "technical_metrics": {
    "precision": 0.6447660013888046,
    "consistency": 0.9811134222636944,
    "fluidity": 0.9250396300671311
  },
  "biomechanical_metrics": {
    "joint_loading": 0.7888569938261145,
    "muscle_activation": 0.9982028315442453,
    "energy_efficiency": 0.667350301331723
  }
}