{
  "key_points": {
    "shoulders": [
      0.1994589332940443,
      0.6255965983136895,
      0.06254133211683485
    ],
    "elbows": [
      0.2637150781927566,
      0.5776839300587538,
      -0.023467923235916177
    ],
    "wrists": [
      -0.3193948665640636,
      0.4122496564129958,
      -0.08259812431429758
    ],
    "hips": [
      -0.17782834559459892,
      0.4183121689865047,
      0.04029131657341506
    ],
    "knees": [
      0.018888114209871076,
      0.38009147008616456,
      -0.0848744011766504
    ],
    "ankles": [
      0.0051023403471947,
      0.26727776506795187,
      0.0626737745436336
    ]
  },
  "angles": {
    "knee": 106.89201871197363,
    "hip": 165.9719162665655,
    "shoulder": 40.93169585709985,
    "elbow": 36.399420385177926
  },
  "analysis_scores": {
    "alignment": 0.8700819402786906,
    "balance": 0.743779037419529,
    "form": 0.7006855381189322,
    "stability": 0.7312676658708577,
    "coordination": 0.912113862694552,
    "precision": 0.6759377037225687,
    "power": 0.9388631642998871,
    "efficiency": 0.6203062532679874,
    "safety": 0.9549460234194859,
    "overall": 0.7724507186773327,
    "shoulder": 0.9010840384783744,
    "elbow": 0.7338483032933226,
    "wrist": 0.9547991566329291,
    "hip": 0.7432831920116068,
    "knee": 0.7292229396222302,
    "ankle": 0.7008549672432527,
    "back": 0.675037507238597,
    "neck": 0.9130645843592451
  },
  "recommendations": {
    "form": "Good form, continue practicing with current technique",
    "alignment": "Work on maintaining symmetrical movement patterns",
    "stability": "Good stability, continue with current technique",
    "power": "Consider increasing intensity gradually"
  },
  "safety_considerations": []
}