{
  "key_points": {
    "shoulders": [
      0.123143188724184,
      0.6882670962083414,
      -0.08935923768730579
    ],
    "elbows": [
      0.15385360333352122,
      0.5400340241962128,
      -0.03121180973596359
    ],
    "wrists": [
      -0.3455885864006435,
      0.4068882370640705,
      -0.006313898927509332
    ],
    "hips": [
      -0.03368832341692665,
      0.48006823462560977,
      -0.04904490519431888
    ],
    "knees": [
      -0.2706483732981584,
      0.34103380821680734,
      0.07600865143252342
    ],
    "ankles": [
      -0.13019656614292757,
      0.18172156773973694,
      -0.004601087310522375
    ]
  },
  "angles": {
    "knee": 32.66774481255349,
    "hip": 78.27011289520762,
    "shoulder": 13.793672330769684,
    "elbow": 105.21442979763233
  },
  "analysis_scores": {
    "alignment": 0.7242377257552982,
    "balance": 0.9080973032576798,
    "form": 0.9030651367569036,
    "stability": 0.9377769116174586,
    "coordination": 0.699111269164686,
    "precision": 0.8691502551359465,
    "power": 0.8151512703363474,
    "efficiency": 0.8322675525744273,
    "safety": 0.770675417716647,
    "overall": 0.7490804533369265,
    "shoulder": 0.8486472576551396,
    "elbow": 0.7039843092067759,
    "wrist": 0.8790090589137595,
    "hip": 0.6228277301977503,
    "knee": 0.8406225250656212,
    "ankle": 0.6237974050676376,
    "back": 0.8533548467603118,
    "neck": 0.634231204772728
  },
  "recommendations": {
    "form": "Good form, continue practicing with current technique",
    "alignment": "Work on maintaining symmetrical movement patterns",
    "stability": "Good stability, continue with current technique",
    "power": "Good power output, maintain current intensity"
  },
  "safety_considerations": [
    "Focus on proper shoulder positioning to prevent impingement"
  ]
}