{
  "power_generation": {
    "explosiveness": 0.632807503745956,
    "force_transfer": 0.7642499103083162,
    "efficiency": 0.6191515429884509
  },
  "technical_metrics": {
    "precision": 0.8377787375415002,
    "consistency": 0.8518097015046192,
    "fluidity": 0.7180834145204167
  },
  "biomechanical_metrics": {
    "joint_loading": 0.8541841686032116,
    "muscle_activation": 0.6950742177761688,
    "energy_efficiency": 0.9403335847822256
  }
}