{
  "key_points": {
    "shoulders": [
      -0.06056491228234054,
      0.6483639144464874,
      0.09420174545297794
    ],
    "elbows": [
      0.29139373653943806,
      0.5360098897093295,
      -0.0789834062233616
    ],
    "wrists": [
      -0.1450231913664899,
      0.419981954280353,
      0.05693739760964783
    ],
    "hips": [
      0.03359982172617365,
      0.4033789678239522,
      0.029631491605337457
    ],
    "knees": [
      -0.11259812961337934,
      0.26914704763698916,
      0.07852178858303152
    ],
    "ankles": [
      -0.3549643314526152,
      0.2482812365708185,
      0.07966801063529302
    ]
  },
  "angles": {
    "knee": 108.80109134524976,
    "hip": 126.18678726062745,
    "shoulder": 45.829796421502934,
    "elbow": 120.00550492603779
  },
  "analysis_scores": {
    "alignment": 0.8131544475952576,
    "balance": 0.8825561483753817,
    "form": 0.7288498061437676,
    "stability": 0.8717248350101576,
    "coordination": 0.6904849093282567,
    "precision": 0.6114740047352856,
    "power": 0.8567055280791123,
    "efficiency": 0.9894974762342058,
    "safety": 0.6139534764907102,
    "overall": 0.7590649940966283,
    "shoulder": 0.7172680205574157,
    "elbow": 0.7796618553070093,
    "wrist": 0.6464576601160075,
    "hip": 0.6553181002987625,
    "knee": 0.6988254556605792,
    "ankle": 0.7274711221059771,
    "back": 0.7289809017237576,
    "neck": 0.7557890669936692
  },
  "recommendations": {
    "form": "Good form, continue practicing with current technique",
    "alignment": "Good alignment, maintain current technique",
    "stability": "Focus on maintaining proper posture and balance",
    "power": "Good power output, maintain current intensity"
  },
  "safety_considerations": []
}