{
  "power_generation": {
    "explosiveness": 0.6357792660013222,
    "force_transfer": 0.5244526221792718,
    "efficiency": 0.6492768027629897
  },
  "technical_metrics": {
    "precision": 0.8984019001792286,
    "consistency": 0.5134545057666045,
    "fluidity": 0.7186097322740592
  },
  "biomechanical_metrics": {
    "joint_loading": 0.9329194858922603,
    "muscle_activation": 0.7963877114522717,
    "energy_efficiency": 0.9722041807912385
  }
}