{
  "key_points": {
    "shoulders": [
      -0.1393719465008396,
      0.565845204394639,
      -0.015415450191735694
    ],
    "elbows": [
      0.176725281943307,
      0.5279348870719505,
      0.03832619004073329
    ],
    "wrists": [
      -0.04355307416044346,
      0.42521076811580594,
      0.04079657231023809
    ],
    "hips": [
      -0.04863430225371629,
      0.4402001872175925,
      -0.09455192658009881
    ],
    "knees": [
      -0.13253742325678733,
      0.21781917095581185,
      0.026891737894985612
    ],
    "ankles": [
      -0.2961778641682665,
      0.293413443002026,
      0.08708783414732607
    ]
  },
  "angles": {
    "knee": 27.886658383889316,
    "hip": 63.68046873642239,
    "shoulder": 52.29471875295033,
    "elbow": 152.38032495766203
  },
  "analysis_scores": {
    "alignment": 0.7878723573362802,
    "balance": 0.6195006589650696,
    "form": 0.9912895150996406,
    "stability": 0.7885806688623029,
    "coordination": 0.8495440567411463,
    "precision": 0.982205226775487,
    "power": 0.7151151507320296,
    "efficiency": 0.7040428982006913,
    "safety": 0.9513878693605027,
    "overall": 0.8081569925001241,
    "shoulder": 0.8886264983131638,
    "elbow": 0.7909099401639884,
    "wrist": 0.8341381300145585,
    "hip": 0.9556002283976606,
    "knee": 0.9586165935591562,
    "ankle": 0.7277576224609622,
    "back": 0.8432207195300988,
    "neck": 0.7746081729719008
  },
  "recommendations": {
    "form": "Focus on maintaining proper joint angles during movement",
    "alignment": "Good alignment, maintain current technique",
    "stability": "Good stability, continue with current technique",
    "power": "Good power output, maintain current intensity"
  },
  "safety_considerations": []
}