{
  "key_points": {
    "shoulders": [
      0.11748388229175472,
      0.6227143532149817,
      0.02194389049456355
    ],
    "elbows": [
      -0.2129275156973232,
      0.45907844070354975,
      0.020627290144135474
    ],
    "wrists": [
      -0.31613304955139504,
      0.3702386134047135,
      0.02776563900792975
    ],
    "hips": [
      -0.06319526350959337,
      0.3688746013344229,
      -0.07194142533225226
    ],
    "knees": [
      0.09808354816521136,
      0.27985406857690825,
      0.09635905389261315
    ],
    "ankles": [
      -0.02118897162395489,
      0.11991925164500744,
      0.0733265574060015
    ]
  },
  "angles": {
    "knee": 32.05107034611363,
    "hip": 76.50579468460788,
    "shoulder": 55.602772943394335,
    "elbow": 56.90290197271937
  },
  "analysis_scores": {
    "alignment": 0.6321933383362753,
    "balance": 0.6614244740737101,
    "form": 0.990890614184669,
    "stability": 0.893568158491863,
    "coordination": 0.7464284462421895,
    "precision": 0.7278012149421145,
    "power": 0.8027415141079328,
    "efficiency": 0.7189341657543799,
    "safety": 0.923396988180151,
    "overall": 0.664797333003611,
    "shoulder": 0.809071145095201,
    "elbow": 0.9331115328536821,
    "wrist": 0.8091257165866146,
    "hip": 0.6925104161763949,
    "knee": 0.9892837117347856,
    "ankle": 0.7214082732804272,
    "back": 0.7814146465560577,
    "neck": 0.6369374124599548
  },
  "recommendations": {
    "form": "Focus on maintaining proper joint angles during movement",
    "alignment": "Good alignment, maintain current technique",
    "stability": "Good stability, continue with current technique",
    "power": "Good power output, maintain current intensity"
  },
  "safety_considerations": []
}