{
  "power_generation": {
    "explosiveness": 0.7759495794216907,
    "force_transfer": 0.8852149321575649,
    "efficiency": 0.9975944819226539
  },
  "technical_metrics": {
    "precision": 0.9194821107219607,
    "consistency": 0.8872689040110446,
    "fluidity": 0.700311537360572
  },
  "biomechanical_metrics": {
    "joint_loading": 0.689449179897456,
    "muscle_activation": 0.7509499384170082,
    "energy_efficiency": 0.7945384202179424
  }
}