{
  "key_points": {
    "shoulders": [
      -0.11642884828977716,
      0.552691224751088,
      0.0717252683248687
    ],
    "elbows": [
      -0.18765856839640482,
      0.5601685118095733,
      0.09478648976951462
    ],
    "wrists": [
      -0.3677682569266855,
      0.31747636524883116,
      0.020993490348298643
    ],
    "hips": [
      0.09194123558491857,
      0.44469245608957897,
      0.03648295106821567
    ],
    "knees": [
      -0.2504603833562395,
      0.34611606466776923,
      -0.00020765473891233566
    ],
    "ankles": [
      -0.37178285669871036,
      0.15570843408215052,
      0.09435980258084017
    ]
  },
  "angles": {
    "knee": 131.1063306460386,
    "hip": 60.82416705152937,
    "shoulder": 52.79551367020844,
    "elbow": 106.51174553165272
  },
  "analysis_scores": {
    "alignment": 0.6383333632788074,
    "balance": 0.9698112266126434,
    "form": 0.973489085952707,
    "stability": 0.836052586037229,
    "coordination": 0.7522538807525283,
    "precision": 0.6869637896519942,
    "power": 0.6163847565770889,
    "efficiency": 0.6311282353801323,
    "safety": 0.6923548436150636,
    "overall": 0.9322083318500411,
    "shoulder": 0.8165389609862649,
    "elbow": 0.7891531533406004,
    "wrist": 0.735619138498033,
    "hip": 0.9333143711893936,
    "knee": 0.8910896378213491,
    "ankle": 0.711649556713178,
    "back": 0.7963574697497243,
    "neck": 0.7250072863351893
  },
  "recommendations": {
    "form": "Good form, continue practicing with current technique",
    "alignment": "Work on maintaining symmetrical movement patterns",
    "stability": "Focus on maintaining proper posture and balance",
    "power": "Good power output, maintain current intensity"
  },
  "safety_considerations": []
}