{
  "power_generation": {
    "explosiveness": 0.804800827003522,
    "force_transfer": 0.5537763279847299,
    "efficiency": 0.9843706430883685
  },
  "technical_metrics": {
    "precision": 0.7724403527060621,
    "consistency": 0.596728612606566,
    "fluidity": 0.7694278176688935
  },
  "biomechanical_metrics": {
    "joint_loading": 0.6057318052650968,
    "muscle_activation": 0.6637242508281493,
    "energy_efficiency": 0.5726829770256593
  }
}