{
  "key_points": {
    "shoulders": [
      -0.024962692612836346,
      0.6756337034481538,
      -0.03004770450056747
    ],
    "elbows": [
      -0.22933320697657528,
      0.44794721634397205,
      -0.0015440868532536206
    ],
    "wrists": [
      0.11717814968709861,
      0.48158480574408286,
      -0.07261572057473542
    ],
    "hips": [
      -0.1779631748904496,
      0.3880250707176281,
      -0.012633129278716043
    ],
    "knees": [
      0.23912607426916804,
      0.331965846378094,
      0.08584232430145494
    ],
    "ankles": [
      0.38846097961946746,
      0.1839706751240064,
      -0.0619404296757301
    ]
  },
  "angles": {
    "knee": 161.74588102655616,
    "hip": 152.27330023264523,
    "shoulder": 30.774189225958118,
    "elbow": 146.10458100363223
  },
  "analysis_scores": {
    "alignment": 0.9126593609334366,
    "balance": 0.8321130070617058,
    "form": 0.9474418725791756,
    "stability": 0.8334752641018366,
    "coordination": 0.9615794901652729,
    "precision": 0.7020047618083227,
    "power": 0.8336019016357643,
    "efficiency": 0.6025593598248692,
    "safety": 0.9641828763611745,
    "overall": 0.6744325419781553,
    "shoulder": 0.6908899182828425,
    "elbow": 0.6026897779264535,
    "wrist": 0.8993494747763148,
    "hip": 0.9109814863228225,
    "knee": 0.8456839240244745,
    "ankle": 0.9035928993812405,
    "back": 0.6507082120728561,
    "neck": 0.6319413652197904
  },
  "recommendations": {
    "form": "Good form, continue practicing with current technique",
    "alignment": "Good alignment, maintain current technique",
    "stability": "Good stability, continue with current technique",
    "power": "Good power output, maintain current intensity"
  },
  "safety_considerations": [
    "Maintain proper elbow alignment to prevent tennis elbow"
  ]
}