{
  "power_generation": {
    "explosiveness": 0.7304256066250892,
    "force_transfer": 0.6847846054476151,
    "efficiency": 0.6646366133493228
  },
  "technical_metrics": {
    "precision": 0.8819671184240723,
    "consistency": 0.6581730123141329,
    "fluidity": 0.5038277171290295
  },
  "biomechanical_metrics": {
    "joint_loading": 0.8488183828127911,
    "muscle_activation": 0.8919336837493853,
    "energy_efficiency": 0.7338756035029004
  }
}