{
  "key_points": {
    "shoulders": [
      0.1634953280320945,
      0.5184173292275409,
      0.06342708733142344
    ],
    "elbows": [
      -0.19704869888738358,
      0.578054604666042,
      0.015060253625006806
    ],
    "wrists": [
      -0.33804447637216734,
      0.3666279698385551,
      -0.03300146417084873
    ],
    "hips": [
      -0.09837589202012564,
      0.45764467662444946,
      -0.062195829821970916
    ],
    "knees": [
      0.09760337371075467,
      0.21925270174005154,
      -0.06049960889245323
    ],
    "ankles": [
      0.0795087962754577,
      0.1417933904077814,
      0.02220369639754924
    ]
  },
  "angles": {
    "knee": 102.33217947677194,
    "hip": 94.0404047068002,
    "shoulder": 38.57259565366455,
    "elbow": 44.58755611222895
  },
  "analysis_scores": {
    "alignment": 0.6087493397780607,
    "balance": 0.7479832763297303,
    "form": 0.8062775389493899,
    "stability": 0.8859004590783353,
    "coordination": 0.618414492185075,
    "precision": 0.6513743814555001,
    "power": 0.9053801320366544,
    "efficiency": 0.9998372051727811,
    "safety": 0.7244447522698227,
    "overall": 0.8412399279023055,
    "shoulder": 0.8627302470169863,
    "elbow": 0.874247576672698,
    "wrist": 0.9171210407532726,
    "hip": 0.6802760080995035,
    "knee": 0.6592846514214433,
    "ankle": 0.8319552592196547,
    "back": 0.630581202721754,
    "neck": 0.8716822393150551
  },
  "recommendations": {
    "form": "Good form, continue practicing with current technique",
    "alignment": "Good alignment, maintain current technique",
    "stability": "Good stability, continue with current technique",
    "power": "Good power output, maintain current intensity"
  },
  "safety_considerations": []
}