{
  "power_generation": {
    "explosiveness": 0.5295430726907648,
    "force_transfer": 0.6123679412767924,
    "efficiency": 0.613182882558674
  },
  "technical_metrics": {
    "precision": 0.6309051531615939,
    "consistency": 0.757508989192536,
    "fluidity": 0.8814703521017341
  },
  "biomechanical_metrics": {
    "joint_loading": 0.715173421452302,
    "muscle_activation": 0.9216412593696487,
    "energy_efficiency": 0.638134355431499
  }
}