{
  "key_points": {
    "shoulders": [
      -0.014680020406155153,
      0.6403386070581333,
      0.06259848431607984
    ],
    "elbows": [
      -0.1479510817724497,
      0.48877114058728566,
      -0.024761748431502112
    ],
    "wrists": [
      0.07914782702016421,
      0.44707435515086524,
      0.06426382271902953
    ],
    "hips": [
      0.05342248600654986,
      0.4973981558857615,
      -0.0762262591168988
    ],
    "knees": [
      0.04994628148240554,
      0.24228633529326876,
      0.07872135633308919
    ],
    "ankles": [
      0.1587282555054299,
      0.2872679631009612,
      0.040052123441758514
    ]
  },
  "angles": {
    "knee": 82.1486617680689,
    "hip": 59.92133590713926,
    "shoulder": 39.93689336739399,
    "elbow": 143.595566365951
  },
  "analysis_scores": {
    "alignment": 0.7837085156318652,
    "balance": 0.7030181307583584,
    "form": 0.9208395962649638,
    "stability": 0.8226442295159999,
    "coordination": 0.8279728690180042,
    "precision": 0.742101136276506,
    "power": 0.8795889288956176,
    "efficiency": 0.9202499025659334,
    "safety": 0.9752064300590559,
    "overall": 0.8923850943362458,
    "shoulder": 0.9729664996660408,
    "elbow": 0.9387626784218479,
    "wrist": 0.8888850846795664,
    "hip": 0.9880363684718232,
    "knee": 0.8527954822014904,
    "ankle": 0.6364399732454818,
    "back": 0.689203824607865,
    "neck": 0.7082095070129882
  },
  "recommendations": {
    "form": "Focus on maintaining proper joint angles during movement",
    "alignment": "Good alignment, maintain current technique",
    "stability": "Good stability, continue with current technique",
    "power": "Good power output, maintain current intensity"
  },
  "safety_considerations": []
}