{
  "power_generation": {
    "explosiveness": 0.7388551160308372,
    "force_transfer": 0.6617030753281211,
    "efficiency": 0.8318274011952953
  },
  "technical_metrics": {
    "precision": 0.7698556930530842,
    "consistency": 0.8760465902440405,
    "fluidity": 0.9121467495760762
  },
  "biomechanical_metrics": {
    "joint_loading": 0.8026639363347245,
    "muscle_activation": 0.7024368741247244,
    "energy_efficiency": 0.596321787225348
  }
}