{
  "key_points": {
    "shoulders": [
      -0.17972409624835883,
      0.6955291735662282,
      0.0707932976856882
    ],
    "elbows": [
      0.17734385166247646,
      0.48454433735735536,
      0.028138014768186947
    ],
    "wrists": [
      -0.38826273469397726,
      0.40272416703944147,
      -0.07416758651155142
    ],
    "hips": [
      -0.10603845003369133,
      0.43234695094284725,
      0.05259882383712944
    ],
    "knees": [
      -0.25324917969242905,
      0.30297250633348355,
      0.05974614487148314
    ],
    "ankles": [
      0.1407332866514177,
      0.1894339201467001,
      0.07885334813440922
    ]
  },
  "angles": {
    "knee": 44.29584938901805,
    "hip": 102.94224841965429,
    "shoulder": 38.999631899004555,
    "elbow": 87.45153422862184
  },
  "analysis_scores": {
    "alignment": 0.8741189377815934,
    "balance": 0.6854372236619894,
    "form": 0.8796993683932446,
    "stability": 0.860670962731569,
    "coordination": 0.9377792944995826,
    "precision": 0.6390153693936946,
    "power": 0.7502901825315119,
    "efficiency": 0.859094520396503,
    "safety": 0.7406191208387105,
    "overall": 0.800476879158531,
    "shoulder": 0.648261353886295,
    "elbow": 0.7493483657147846,
    "wrist": 0.8148857126674026,
    "hip": 0.7291354837363633,
    "knee": 0.8017702531200265,
    "ankle": 0.8237146623658878,
    "back": 0.7246863415103397,
    "neck": 0.9386985013876683
  },
  "recommendations": {
    "form": "Good form, continue practicing with current technique",
    "alignment": "Work on maintaining symmetrical movement patterns",
    "stability": "Good stability, continue with current technique",
    "power": "Good power output, maintain current intensity"
  },
  "safety_considerations": []
}