{
  "power_generation": {
    "explosiveness": 0.6608879991067486,
    "force_transfer": 0.9158343261537796,
    "efficiency": 0.9493193490401233
  },
  "technical_metrics": {
    "precision": 0.6825605373915027,
    "consistency": 0.9160905161999644,
    "fluidity": 0.7023635400148309
  },
  "biomechanical_metrics": {
    "joint_loading": 0.9719617017811595,
    "muscle_activation": 0.9163837169982283,
    "energy_efficiency": 0.8043110909300002
  }
}