{
  "key_points": {
    "shoulders": [
      -0.19807987955344775,
      0.6622111403209958,
      -0.08514220814516305
    ],
    "elbows": [
      0.08715632682962826,
      0.42137069511883735,
      -0.06442985641171357
    ],
    "wrists": [
      -0.31002704573733403,
      0.4399191524461306,
      -0.01864113493574482
    ],
    "hips": [
      0.09952437175944073,
      0.34788364523583537,
      0.010092078792813292
    ],
    "knees": [
      0.20767211215147047,
      0.38081496040765744,
      -0.08312305160006604
    ],
    "ankles": [
      0.27566068839759716,
      0.27744598751440985,
      0.09301362233668728
    ]
  },
  "angles": {
    "knee": 42.35001508227348,
    "hip": 140.48499130647392,
    "shoulder": 74.74879169896779,
    "elbow": 66.21636056590805
  },
  "analysis_scores": {
    "alignment": 0.8243438344891441,
    "balance": 0.9689110364518737,
    "form": 0.7440135603662182,
    "stability": 0.6661645810635781,
    "coordination": 0.7190824280155694,
    "precision": 0.9777264984874601,
    "power": 0.7693865283750406,
    "efficiency": 0.9032133831364406,
    "safety": 0.9272610075379393,
    "overall": 0.989161546615075,
    "shoulder": 0.783938062603305,
    "elbow": 0.857429460899476,
    "wrist": 0.7963208781020342,
    "hip": 0.6542545051228904,
    "knee": 0.7750319150850786,
    "ankle": 0.8224981430224865,
    "back": 0.9885132651636559,
    "neck": 0.6749206701551581
  },
  "recommendations": {
    "form": "Focus on maintaining proper joint angles during movement",
    "alignment": "Good alignment, maintain current technique",
    "stability": "Good stability, continue with current technique",
    "power": "Consider increasing intensity gradually"
  },
  "safety_considerations": []
}