{
  "power_generation": {
    "explosiveness": 0.9992670314410225,
    "force_transfer": 0.5529559724130175,
    "efficiency": 0.8613703357886596
  },
  "technical_metrics": {
    "precision": 0.8924474795154941,
    "consistency": 0.7781750112283297,
    "fluidity": 0.6285425229618424
  },
  "biomechanical_metrics": {
    "joint_loading": 0.6748806286270317,
    "muscle_activation": 0.772538114615426,
    "energy_efficiency": 0.8960883070598533
  }
}