{
  "key_points": {
    "shoulders": [
      0.07174877519456901,
      0.6336881616074626,
      -0.0636753340658854
    ],
    "elbows": [
      0.09480180682721401,
      0.5264774341501165,
      0.04302282523408732
    ],
    "wrists": [
      0.25840637620587814,
      0.32072971145428036,
      0.008260234779646727
    ],
    "hips": [
      -0.021906342533634854,
      0.41174107938559523,
      -0.07279375334451332
    ],
    "knees": [
      -0.2077986379415861,
      0.34050241907611456,
      0.004940122989914683
    ],
    "ankles": [
      0.3191415434274907,
      0.19829608745535277,
      0.08555872236267745
    ]
  },
  "angles": {
    "knee": 43.616740986678394,
    "hip": 89.65786248985245,
    "shoulder": 16.920346327535885,
    "elbow": 150.19817239276253
  },
  "analysis_scores": {
    "alignment": 0.792515357603109,
    "balance": 0.675991231332701,
    "form": 0.6277090354490428,
    "stability": 0.9481565011752819,
    "coordination": 0.698698347181588,
    "precision": 0.8778019357446174,
    "power": 0.8848642152360049,
    "efficiency": 0.8559020542918669,
    "safety": 0.9557856850093878,
    "overall": 0.621217216994496,
    "shoulder": 0.9183305324161597,
    "elbow": 0.8368874787867974,
    "wrist": 0.8695373888507176,
    "hip": 0.7229992179697993,
    "knee": 0.7920859497749743,
    "ankle": 0.6928464682651947,
    "back": 0.8545729894782831,
    "neck": 0.7505056817166412
  },
  "recommendations": {
    "form": "Focus on maintaining proper joint angles during movement",
    "alignment": "Good alignment, maintain current technique",
    "stability": "Good stability, continue with current technique",
    "power": "Good power output, maintain current intensity"
  },
  "safety_considerations": []
}