{
  "power_generation": {
    "explosiveness": 0.6348609144934344,
    "force_transfer": 0.9101379926988495,
    "efficiency": 0.677251824018665
  },
  "technical_metrics": {
    "precision": 0.8037416948881939,
    "consistency": 0.739997900662606,
    "fluidity": 0.8635578676611739
  },
  "biomechanical_metrics": {
    "joint_loading": 0.7967287315893521,
    "muscle_activation": 0.767299796220535,
    "energy_efficiency": 0.500768121493557
  }
}