{
  "key_points": {
    "shoulders": [
      0.09220898792634702,
      0.6751559102493592,
      0.04378473254480894
    ],
    "hips": [
      -0.13893464838584,
      0.5985904754945676,
      -0.015461656451777245
    ],
    "knees": [
      -0.05562457014633071,
      0.438381904903598,
      -0.0317876249086777
    ],
    "ankles": [
      -0.3416917939797799,
      0.3895821872092182,
      -0.009556336604165577
    ]
  },
  "angles": {
    "knee": 114.86324919269447,
    "hip": 164.433655615641,
    "shoulder": 54.091809211187226
  },
  "analysis_scores": {
    "alignment": 0.8146406809240962,
    "balance": 0.9054973985957548,
    "form": 0.6356233723397261,
    "stability": 0.8737389744545854,
    "coordination": 0.8411666588418942,
    "precision": 0.6290112472373236,
    "power": 0.9249225461261684,
    "efficiency": 0.6774537310916147,
    "safety": 0.9179516277961254,
    "overall": 0.6185166871906166,
    "shoulder": 0.6601802953199436,
    "elbow": 0.7255618580746059,
    "wrist": 0.822314174746579,
    "hip": 0.9317894262567363,
    "knee": 0.7396876991881751,
    "ankle": 1.0,
    "back": 0.9996256010809917,
    "neck": 0.6993601379651969
  },
  "recommendations": {
    "form": "Good form, continue practicing with current technique",
    "alignment": "Good alignment, maintain current technique",
    "stability": "Good stability, continue with current technique",
    "power": "Good power output, maintain current intensity"
  },
  "safety_considerations": []
}