{
  "power_generation": {
    "explosiveness": 0.7611581744325842,
    "force_transfer": 0.6231117358886962,
    "efficiency": 0.6023992311743993
  },
  "technical_metrics": {
    "precision": 0.8896330412896372,
    "consistency": 0.7110782310425462,
    "fluidity": 0.7232785561020891
  },
  "biomechanical_metrics": {
    "joint_loading": 0.9535516305398233,
    "muscle_activation": 0.6544547074715785,
    "energy_efficiency": 0.8490725732892064
  }
}