{
  "key_points": {
    "shoulders": [
      0.06267707541497464,
      0.6512183731716381,
      -0.03753465071033973
    ],
    "elbows": [
      -0.06936266186278234,
      0.4704810868870641,
      0.03355058045596643
    ],
    "wrists": [
      0.22475832836704912,
      0.41686837334082827,
      -0.07029784717399663
    ],
    "hips": [
      0.14517239769115725,
      0.3148106389193747,
      0.09405888936547038
    ],
    "knees": [
      0.141015374660155,
      0.2557663900278782,
      0.04539737606384467
    ],
    "ankles": [
      0.025887021140341804,
      0.23532797553358212,
      0.08921434503827577
    ]
  },
  "angles": {
    "knee": 104.64999478636555,
    "hip": 87.18564977960965,
    "shoulder": 71.23887507576505,
    "elbow": 34.22522993761961
  },
  "analysis_scores": {
    "alignment": 0.7859524898480751,
    "balance": 0.6250251032045138,
    "form": 0.7603248448572095,
    "stability": 0.9281203089778124,
    "coordination": 0.9470937522761583,
    "precision": 0.7580426260807615,
    "power": 0.9831232949660035,
    "efficiency": 0.7572349276043773,
    "safety": 0.8258126101600131,
    "overall": 0.6456923885537187,
    "shoulder": 0.6124117170781579,
    "elbow": 0.8765858179037552,
    "wrist": 0.863143849672311,
    "hip": 0.9786107792638622,
    "knee": 0.7803254201116695,
    "ankle": 0.9152044574582389,
    "back": 0.9597436385610175,
    "neck": 0.6615456007840191
  },
  "recommendations": {
    "form": "Good form, continue practicing with current technique",
    "alignment": "Good alignment, maintain current technique",
    "stability": "Focus on maintaining proper posture and balance",
    "power": "Consider increasing intensity gradually"
  },
  "safety_considerations": []
}