{
  "power_generation": {
    "explosiveness": 0.7212877391468958,
    "force_transfer": 0.5066671766159355,
    "efficiency": 0.6892309360773998
  },
  "technical_metrics": {
    "precision": 0.7451044874753829,
    "consistency": 0.860222950839383,
    "fluidity": 0.7731453999196128
  },
  "biomechanical_metrics": {
    "joint_loading": 0.6493202265959314,
    "muscle_activation": 0.5037783820136101,
    "energy_efficiency": 0.6266104690302255
  }
}