{
  "key_points": {
    "shoulders": [
      0.08171538912686066,
      0.6823082228370367,
      0.036044869299836024
    ],
    "elbows": [
      0.19179441152987553,
      0.4640742348209839,
      0.0922297288833562
    ],
    "wrists": [
      -0.39806763518132204,
      0.4668165978034541,
      0.09794153202010536
    ],
    "hips": [
      -0.16074821626835872,
      0.3921710271293707,
      0.06254237385254763
    ],
    "knees": [
      -0.005508582748587898,
      0.31989564628550465,
      0.04856879440755804
    ],
    "ankles": [
      -0.12101779779094163,
      0.21955822676221626,
      -0.020007863890993877
    ]
  },
  "angles": {
    "knee": 20.841774325019557,
    "hip": 76.72914957395157,
    "shoulder": 38.35570813072634,
    "elbow": 154.2161771039628
  },
  "analysis_scores": {
    "alignment": 0.6736686006289329,
    "balance": 0.6173231552395791,
    "form": 0.9457815906608361,
    "stability": 0.9215540602237597,
    "coordination": 0.8174846312673941,
    "precision": 0.8740607203740307,
    "power": 0.9629370546818901,
    "efficiency": 0.8637871995592536,
    "safety": 0.9844542524128446,
    "overall": 0.9322673208869146,
    "shoulder": 0.8839109143335742,
    "elbow": 0.8559993738639953,
    "wrist": 0.6793035988699669,
    "hip": 0.662256321807234,
    "knee": 0.7158824368224027,
    "ankle": 0.6420756165459509,
    "back": 0.787627724111477,
    "neck": 0.9814988215850557
  },
  "recommendations": {
    "form": "Good form, continue practicing with current technique",
    "alignment": "Good alignment, maintain current technique",
    "stability": "Good stability, continue with current technique",
    "power": "Consider increasing intensity gradually"
  },
  "safety_considerations": [
    "Focus on proper shoulder stability to prevent shoulder injuries",
    "Ensure proper body alignment to prevent falls"
  ]
}