{
  "power_generation": {
    "explosiveness": 0.7081318668866505,
    "force_transfer": 0.7743029167856832,
    "efficiency": 0.598562099696073
  },
  "technical_metrics": {
    "precision": 0.7870303947888856,
    "consistency": 0.5699793588083413,
    "fluidity": 0.917890559000826
  },
  "biomechanical_metrics": {
    "joint_loading": 0.7205044828611522,
    "muscle_activation": 0.8754627484875115,
    "energy_efficiency": 0.705637349818472
  }
}