{
  "key_points": {
    "shoulders": [
      -0.0936882395311116,
      0.6680710724438256,
      0.07100329414711468
    ],
    "elbows": [
      0.17736569731982443,
      0.472674429395755,
      0.061513454423149205
    ],
    "wrists": [
      0.21084177410534122,
      0.34965043880725877,
      -0.08132507634540787
    ],
    "hips": [
      0.16713594307168733,
      0.34107733824505515,
      0.07567929177216859
    ],
    "knees": [
      -0.15706871882652285,
      0.24320618518302523,
      -0.04871316911823165
    ],
    "ankles": [
      0.08457274547722038,
      0.11879666490553653,
      0.06496157425742036
    ]
  },
  "angles": {
    "knee": 74.539996458371,
    "hip": 131.82363903736592,
    "shoulder": 79.99122174154213,
    "elbow": 91.71654363731922
  },
  "analysis_scores": {
    "alignment": 0.9065387383269408,
    "balance": 0.608625268695245,
    "form": 0.953519351191482,
    "stability": 0.6254086771636982,
    "coordination": 0.8583606121199581,
    "precision": 0.7017305099154743,
    "power": 0.6335661583294109,
    "efficiency": 0.8864008885130398,
    "safety": 0.8308837154645581,
    "overall": 0.6304039200265017,
    "shoulder": 0.6118544225621515,
    "elbow": 0.9909146217489926,
    "wrist": 0.7755893869757683,
    "hip": 0.9433598157581742,
    "knee": 0.6922336358923518,
    "ankle": 0.6497210643243623,
    "back": 0.7701532666772779,
    "neck": 0.7862269889416337
  },
  "recommendations": {
    "form": "Good form, continue practicing with current technique",
    "alignment": "Good alignment, maintain current technique",
    "stability": "Good stability, continue with current technique",
    "power": "Good power output, maintain current intensity"
  },
  "safety_considerations": []
}