{
  "power_generation": {
    "explosiveness": 0.7139426921547531,
    "force_transfer": 0.793963465740483,
    "efficiency": 0.8823839372928914
  },
  "technical_metrics": {
    "precision": 0.9935527044170577,
    "consistency": 0.5285080175201871,
    "fluidity": 0.9920918742375204
  },
  "biomechanical_metrics": {
    "joint_loading": 0.6334946846046894,
    "muscle_activation": 0.6970542974224345,
    "energy_efficiency": 0.5382783313001693
  }
}