{
  "key_points": {
    "shoulders": [
      -0.016306107228690747,
      0.5273823808319341,
      0.0018945789335808316
    ],
    "elbows": [
      0.051291640121363447,
      0.43658673678439963,
      0.026574158371141188
    ],
    "wrists": [
      -0.059080547637264114,
      0.4795972353649398,
      -0.04414037356933753
    ],
    "hips": [
      -0.03564209911495353,
      0.35207550798291104,
      0.057690862395743
    ],
    "knees": [
      0.19131013852281104,
      0.30465080244788534,
      0.018301137457497257
    ],
    "ankles": [
      -0.3832628015134274,
      0.10949162161260047,
      -0.0011445128226451884
    ]
  },
  "angles": {
    "knee": 142.7077068692392,
    "hip": 120.51306129391455,
    "shoulder": 33.548177388354524,
    "elbow": 120.47062327893946
  },
  "analysis_scores": {
    "alignment": 0.9633576569824513,
    "balance": 0.8604757538754757,
    "form": 0.9580152316324547,
    "stability": 0.7442659538553881,
    "coordination": 0.6342834540643544,
    "precision": 0.9109303966213638,
    "power": 0.8155355975095185,
    "efficiency": 0.7336903629355308,
    "safety": 0.8014420615390948,
    "overall": 0.9341046238659603,
    "shoulder": 0.9008755660180081,
    "elbow": 0.9509417824532497,
    "wrist": 0.9509046693036396,
    "hip": 0.9732451838749059,
    "knee": 0.7171997061276472,
    "ankle": 0.7468444050067773,
    "back": 0.7912764935021005,
    "neck": 0.7645433503996671
  },
  "recommendations": {
    "form": "Good form, continue practicing with current technique",
    "alignment": "Good alignment, maintain current technique",
    "stability": "Good stability, continue with current technique",
    "power": "Consider increasing intensity gradually"
  },
  "safety_considerations": []
}