{
  "power_generation": {
    "explosiveness": 0.8589581504482048,
    "force_transfer": 0.7631160740189165,
    "efficiency": 0.9515570783843795
  },
  "technical_metrics": {
    "precision": 0.7113753686523486,
    "consistency": 0.8528441238844136,
    "fluidity": 0.7275946039336239
  },
  "biomechanical_metrics": {
    "joint_loading": 0.9624874590212229,
    "muscle_activation": 0.6858816842654545,
    "energy_efficiency": 0.9534862340195501
  }
}