{
  "key_points": {
    "shoulders": [
      0.02195293940283799,
      0.5982040518725049,
      0.025959546416340934
    ],
    "elbows": [
      -0.1859522469818008,
      0.4545207802445656,
      0.050187702885401614
    ],
    "wrists": [
      0.04084374429760462,
      0.31014306209173015,
      0.0977137325866313
    ],
    "hips": [
      0.02130808051159741,
      0.4897259561372114,
      -0.09355428547321108
    ],
    "knees": [
      -0.09752642951494597,
      0.21964776155483512,
      0.06413510822055801
    ],
    "ankles": [
      -0.18546672768462785,
      0.10809614963808008,
      0.06807805622360569
    ]
  },
  "angles": {
    "knee": 68.75831481418882,
    "hip": 145.6911504772812,
    "shoulder": 11.152768620016666,
    "elbow": 46.40145066014211
  },
  "analysis_scores": {
    "alignment": 0.8143119221951212,
    "balance": 0.6815206410940428,
    "form": 0.7286416179863299,
    "stability": 0.7494360658963707,
    "coordination": 0.8380352190959487,
    "precision": 0.7719971836495859,
    "power": 0.8476421683467108,
    "efficiency": 0.8694040054055494,
    "safety": 0.752705549902911,
    "overall": 0.6904950903874061,
    "shoulder": 0.8444014538147782,
    "elbow": 0.6793460354133188,
    "wrist": 0.7630522385384212,
    "hip": 0.9818409451363131,
    "knee": 0.8927439621307027,
    "ankle": 0.9949979082460654,
    "back": 0.7525012855874584,
    "neck": 0.6049309616435387
  },
  "recommendations": {
    "form": "Good form, continue practicing with current technique",
    "alignment": "Good alignment, maintain current technique",
    "stability": "Focus on maintaining proper posture and balance",
    "power": "Consider increasing intensity gradually"
  },
  "safety_considerations": []
}