{
  "power_generation": {
    "explosiveness": 0.9484079808735093,
    "force_transfer": 0.7360726083132585,
    "efficiency": 0.5076053992421625
  },
  "technical_metrics": {
    "precision": 0.7246527336959578,
    "consistency": 0.9918871085369103,
    "fluidity": 0.5954651379702574
  },
  "biomechanical_metrics": {
    "joint_loading": 0.7591691631948673,
    "muscle_activation": 0.8019786950514125,
    "energy_efficiency": 0.8092067437141759
  }
}