{
  "key_points": {
    "shoulders": [
      -0.07786603995605246,
      0.5560947648517385,
      0.013723743034645935
    ],
    "elbows": [
      0.04610021706505191,
      0.5664857437068305,
      -0.014609474642660561
    ],
    "wrists": [
      -0.206176689119728,
      0.32337760020251993,
      -0.09890658180347156
    ],
    "hips": [
      -0.16718829904871468,
      0.45888595419962896,
      0.07598995725612165
    ],
    "knees": [
      0.1397168912180456,
      0.20108856109453876,
      0.08281972992154782
    ],
    "ankles": [
      0.11477051055069543,
      0.14118651856408693,
      0.09470628015533242
    ]
  },
  "angles": {
    "knee": 153.47290480944997,
    "hip": 135.72440015606745,
    "shoulder": 43.74250605220381,
    "elbow": 146.22539290817332
  },
  "analysis_scores": {
    "alignment": 0.7475383248417347,
    "balance": 0.7910284556800531,
    "form": 0.836194623463971,
    "stability": 0.7513652514817953,
    "coordination": 0.7745749463169868,
    "precision": 0.9535404292277793,
    "power": 0.7768747673729057,
    "efficiency": 0.6961611081445228,
    "safety": 0.6019868306979532,
    "overall": 0.62378001585182,
    "shoulder": 0.6483792841304025,
    "elbow": 0.9278276484715522,
    "wrist": 0.9330104521714493,
    "hip": 0.7037327650658982,
    "knee": 0.9516625317135232,
    "ankle": 0.9910791313472314,
    "back": 0.8613890022630416,
    "neck": 0.655261405341772
  },
  "recommendations": {
    "form": "Focus on maintaining proper joint angles during movement",
    "alignment": "Good alignment, maintain current technique",
    "stability": "Focus on maintaining proper posture and balance",
    "power": "Good power output, maintain current intensity"
  },
  "safety_considerations": [
    "Maintain hip stability to prevent groin injuries"
  ]
}