{
  "key_points": {
    "shoulders": [
      -0.11706645196349807,
      0.6975736976303052,
      -0.03204160989185301
    ],
    "elbows": [
      -0.13847267253145693,
      0.5894016020541968,
      -0.009062090208005927
    ],
    "wrists": [
      -0.024963883402497722,
      0.4404412103515324,
      -0.09170499469153646
    ],
    "hips": [
      0.1231831396287611,
      0.30754417460964445,
      0.04135037903449401
    ],
    "knees": [
      0.2682134069803161,
      0.2877776046310355,
      0.028645721882139263
    ],
    "ankles": [
      -0.008226324156534237,
      0.13206899211905743,
      0.026359927386319565
    ]
  },
  "angles": {
    "knee": 25.474766682865585,
    "hip": 90.60142426528328,
    "shoulder": 28.026815345997285,
    "elbow": 79.53799111182119
  },
  "analysis_scores": {
    "alignment": 0.8239566170545757,
    "balance": 0.6430873191675522,
    "form": 0.7505679983871282,
    "stability": 0.6550753226403189,
    "coordination": 0.9075389229496432,
    "precision": 0.9379277838067511,
    "power": 0.811749440771058,
    "efficiency": 0.8771561436332969,
    "safety": 0.8895005918241758,
    "overall": 0.8093695874048892,
    "shoulder": 0.7979008029370411,
    "elbow": 0.9050028660879599,
    "wrist": 0.9925985903378188,
    "hip": 0.9534253540742537,
    "knee": 0.95612031988432,
    "ankle": 0.6873393873333855,
    "back": 0.8720981935768968,
    "neck": 0.7734836623843493
  },
  "recommendations": {
    "form": "Good form, continue practicing with current technique",
    "alignment": "Good alignment, maintain current technique",
    "stability": "Focus on maintaining proper posture and balance",
    "power": "Good power output, maintain current intensity"
  },
  "safety_considerations": []
}