{
  "power_generation": {
    "explosiveness": 0.5172886747309505,
    "force_transfer": 0.6556405531564762,
    "efficiency": 0.5475724101728034
  },
  "technical_metrics": {
    "precision": 0.666249652787045,
    "consistency": 0.7563862153224196,
    "fluidity": 0.5221051137596084
  },
  "biomechanical_metrics": {
    "joint_loading": 0.7158360160094157,
    "muscle_activation": 0.7932124277807782,
    "energy_efficiency": 0.6092001775361138
  }
}