{
  "key_points": {
    "shoulders": [
      -0.03487945871676765,
      0.5832418095642457,
      -0.04945267393907693
    ],
    "elbows": [
      0.2247603255718989,
      0.42083547681924915,
      -0.011303287372231768
    ],
    "wrists": [
      0.04106868255895452,
      0.4301636163599275,
      0.07890476932724871
    ],
    "hips": [
      0.07115418259689987,
      0.435096218547931,
      0.05886337735968586
    ],
    "knees": [
      0.2178752782805327,
      0.21199436698028237,
      0.03603264592481353
    ],
    "ankles": [
      0.3933276181852907,
      0.2965350187512893,
      -0.06609324387262133
    ]
  },
  "angles": {
    "knee": 78.32855540856235,
    "hip": 81.63252860284346,
    "shoulder": 24.61760296487078,
    "elbow": 90.79668568633514
  },
  "analysis_scores": {
    "alignment": 0.7375611231905013,
    "balance": 0.8509703788145297,
    "form": 0.8826939041779047,
    "stability": 0.8682474039989494,
    "coordination": 0.777154066666181,
    "precision": 0.9270098129544259,
    "power": 0.987569833895835,
    "efficiency": 0.7023500488955594,
    "safety": 0.9286965233839078,
    "overall": 0.8310762732848467,
    "shoulder": 0.6981525632006298,
    "elbow": 0.7355111882352019,
    "wrist": 0.6951336795776536,
    "hip": 0.6249600647248267,
    "knee": 0.8133706344186884,
    "ankle": 0.6290503076225445,
    "back": 0.7285649530673215,
    "neck": 0.6903481085196498
  },
  "recommendations": {
    "form": "Good form, continue practicing with current technique",
    "alignment": "Good alignment, maintain current technique",
    "stability": "Good stability, continue with current technique",
    "power": "Good power output, maintain current intensity"
  },
  "safety_considerations": [
    "Ensure proper landing technique to prevent knee injuries"
  ]
}