{
  "power_generation": {
    "explosiveness": 0.7445346901964123,
    "force_transfer": 0.8661965206824167,
    "efficiency": 0.5706303084713471
  },
  "technical_metrics": {
    "precision": 0.5658962332248714,
    "consistency": 0.5060839819921077,
    "fluidity": 0.6211525283431479
  },
  "biomechanical_metrics": {
    "joint_loading": 0.9904432245548523,
    "muscle_activation": 0.8436404641022869,
    "energy_efficiency": 0.7803102497358554
  }
}