{
  "key_points": {
    "shoulders": [
      -0.07628630815973558,
      0.6384320618430307,
      0.0446055863910525
    ],
    "elbows": [
      0.2611863609332428,
      0.5301800408647394,
      -0.0716991170223613
    ],
    "wrists": [
      -0.1130335338762456,
      0.42950039062442763,
      -0.018546088442336447
    ],
    "hips": [
      0.05243754701319392,
      0.3921768662914567,
      -0.07202408614669778
    ],
    "knees": [
      -0.07141982866529756,
      0.27745579532709047,
      0.06993442185061269
    ],
    "ankles": [
      -0.2604501989970508,
      0.2674474878397898,
      -0.075024316281111
    ]
  },
  "angles": {
    "knee": 37.12430727647433,
    "hip": 35.20249166545256,
    "shoulder": 54.71261967546795,
    "elbow": 80.98974699622183
  },
  "analysis_scores": {
    "alignment": 0.9959580899024018,
    "balance": 0.8262605051510541,
    "form": 0.6328197596398958,
    "stability": 0.7309546190714551,
    "coordination": 0.7054802487678268,
    "precision": 0.8178772593704616,
    "power": 0.7538796683993181,
    "efficiency": 0.9396225017066048,
    "safety": 0.8080192050700412,
    "overall": 0.6138990384627578,
    "shoulder": 0.7052323343965534,
    "elbow": 0.7290513505253085,
    "wrist": 0.7700401902435408,
    "hip": 0.6006906281795656,
    "knee": 0.8172885055316834,
    "ankle": 0.6642302170928066,
    "back": 0.7056033794587289,
    "neck": 0.9102537376104858
  },
  "recommendations": {
    "form": "Focus on maintaining proper joint angles during movement",
    "alignment": "Good alignment, maintain current technique",
    "stability": "Good stability, continue with current technique",
    "power": "Consider increasing intensity gradually"
  },
  "safety_considerations": []
}