{
  "power_generation": {
    "explosiveness": 0.8135540695839172,
    "force_transfer": 0.5495423431267117,
    "efficiency": 0.5148017600795567
  },
  "technical_metrics": {
    "precision": 0.9284014491807618,
    "consistency": 0.9951807779827092,
    "fluidity": 0.9225556595200427
  },
  "biomechanical_metrics": {
    "joint_loading": 0.7042072805283055,
    "muscle_activation": 0.7936755244290865,
    "energy_efficiency": 0.923519413479499
  }
}