{
  "power_generation": {
    "explosiveness": 0.6003259963621942,
    "force_transfer": 0.7489044662884675,
    "efficiency": 0.6643294177163104
  },
  "technical_metrics": {
    "precision": 0.995420595343465,
    "consistency": 0.7893924928704845,
    "fluidity": 0.7193332254914886
  },
  "biomechanical_metrics": {
    "joint_loading": 0.7315759014690673,
    "muscle_activation": 0.5726607164778812,
    "energy_efficiency": 0.8672327938200493
  }
}