{
  "key_points": {
    "shoulders": [
      0.13181814654387086,
      0.6796417108603825,
      0.05044787405041126
    ],
    "elbows": [
      0.27435216775031585,
      0.4627505258630485,
      -0.004430067196974918
    ],
    "wrists": [
      -0.10526644651936173,
      0.3302570368731403,
      -0.040948883691385586
    ],
    "hips": [
      0.060185373742618675,
      0.36229177107836946,
      0.016106881820555197
    ],
    "knees": [
      -0.2738868921702836,
      0.3884493260003865,
      -0.0745827205402103
    ],
    "ankles": [
      -0.16161324071851962,
      0.10310893299367996,
      -0.08014031286217611
    ]
  },
  "angles": {
    "knee": 55.05553568100544,
    "hip": 145.82815352233413,
    "shoulder": 12.313780796202643,
    "elbow": 52.066819700838145
  },
  "analysis_scores": {
    "alignment": 0.7651082356089673,
    "balance": 0.6318557631439453,
    "form": 0.67363931045417,
    "stability": 0.9139634082962259,
    "coordination": 0.7992968032214811,
    "precision": 0.873183568101648,
    "power": 0.7580999481266392,
    "efficiency": 0.8310870497658862,
    "safety": 0.6172753570563357,
    "overall": 0.8683105512019864,
    "shoulder": 0.9438565562756633,
    "elbow": 0.7769237569462315,
    "wrist": 0.882200028012307,
    "hip": 0.9533781761949419,
    "knee": 0.7185679716134324,
    "ankle": 0.7828380904490647,
    "back": 0.883952810292933,
    "neck": 0.6219674551570412
  },
  "recommendations": {
    "form": "Focus on maintaining proper joint angles during movement",
    "alignment": "Good alignment, maintain current technique",
    "stability": "Good stability, continue with current technique",
    "power": "Good power output, maintain current intensity"
  },
  "safety_considerations": [
    "Maintain proper hip positioning to prevent strain"
  ]
}