{
  "power_generation": {
    "explosiveness": 0.8873639604520762,
    "force_transfer": 0.9410609983945171,
    "efficiency": 0.7543215268990666
  },
  "technical_metrics": {
    "precision": 0.7298851877801729,
    "consistency": 0.8930569845330173,
    "fluidity": 0.8253894648362562
  },
  "biomechanical_metrics": {
    "joint_loading": 0.8884335234874339,
    "muscle_activation": 0.7525735957826937,
    "energy_efficiency": 0.8999955574568417
  }
}