{
  "key_points": {
    "shoulders": [
      -0.12981713583341917,
      0.6048648721543799,
      0.06811991814645557
    ],
    "elbows": [
      0.244138090133813,
      0.4755090809379158,
      -0.01476071834239634
    ],
    "wrists": [
      0.31166465331038073,
      0.38021139035966145,
      -0.009753941567544416
    ],
    "hips": [
      -0.13276736527642463,
      0.4211289832704389,
      -0.03448999768337313
    ],
    "knees": [
      0.23436964871473503,
      0.31298702220569213,
      0.038966665795482636
    ],
    "ankles": [
      0.22703050425324944,
      0.1470933606572713,
      -0.07325506009533636
    ]
  },
  "angles": {
    "knee": 23.93437268392779,
    "hip": 127.84947864673252,
    "shoulder": 20.529109030744106,
    "elbow": 39.02966213380494
  },
  "analysis_scores": {
    "alignment": 0.6592617970330785,
    "balance": 0.8198791374169667,
    "form": 0.875658388986023,
    "stability": 0.7536710064622981,
    "coordination": 0.6061566907787662,
    "precision": 0.8817963796605846,
    "power": 0.7382411644391903,
    "efficiency": 0.7527612741274525,
    "safety": 0.7601967399019688,
    "overall": 0.777881696386991,
    "shoulder": 0.6406943356726489,
    "elbow": 0.9538079674657667,
    "wrist": 0.9888678703410787,
    "hip": 0.920108383800954,
    "knee": 0.6441374235345384,
    "ankle": 0.9437906999913162,
    "back": 0.8682641870561829,
    "neck": 0.7182326101480634
  },
  "recommendations": {
    "form": "Focus on maintaining proper joint angles during movement",
    "alignment": "Good alignment, maintain current technique",
    "stability": "Good stability, continue with current technique",
    "power": "Good power output, maintain current intensity"
  },
  "safety_considerations": [
    "Focus on proper shoulder mechanics to prevent rotator cuff injuries"
  ]
}