{
  "power_generation": {
    "explosiveness": 0.5559895230982285,
    "force_transfer": 0.9400605653069004,
    "efficiency": 0.8449490019113051
  },
  "technical_metrics": {
    "precision": 0.6136755969001297,
    "consistency": 0.7574495621617516,
    "fluidity": 0.6767979798159088
  },
  "biomechanical_metrics": {
    "joint_loading": 0.5992776978364276,
    "muscle_activation": 0.8920749281119822,
    "energy_efficiency": 0.8135312384487443
  }
}