{
  "key_points": {
    "shoulders": [
      -0.10235559789323273,
      0.6612705517988993,
      0.04589073217493575
    ],
    "elbows": [
      0.17019736779179218,
      0.44510836428556827,
      -0.00799374643784398
    ],
    "wrists": [
      0.26787543687877147,
      0.35401752791201013,
      -0.018043295504049456
    ],
    "hips": [
      0.11866399364188251,
      0.35759755146944616,
      -0.02356662580938021
    ],
    "knees": [
      0.02276822827709446,
      0.2208991938535816,
      -0.055885185559559174
    ],
    "ankles": [
      -0.016518824558048262,
      0.20241137881683846,
      -0.05176316634585412
    ]
  },
  "angles": {
    "knee": 119.13681023928524,
    "hip": 38.549088780622235,
    "shoulder": 23.723590272647893,
    "elbow": 175.3800118180864
  },
  "analysis_scores": {
    "alignment": 0.7504986720455342,
    "balance": 0.8124135119977682,
    "form": 0.6406525564824505,
    "stability": 0.8533346081700124,
    "coordination": 0.8193390342630736,
    "precision": 0.8964380288712612,
    "power": 0.6817561224221159,
    "efficiency": 0.889977437935024,
    "safety": 0.9184239886049284,
    "overall": 0.9329983924764236,
    "shoulder": 0.7233153375391992,
    "elbow": 0.626594978949789,
    "wrist": 0.9857835253872393,
    "hip": 0.9098819633915299,
    "knee": 0.6479571331418239,
    "ankle": 0.7955846646018669,
    "back": 0.6834397507060264,
    "neck": 0.8824650758166819
  },
  "recommendations": {
    "form": "Good form, continue practicing with current technique",
    "alignment": "Good alignment, maintain current technique",
    "stability": "Focus on maintaining proper posture and balance",
    "power": "Good power output, maintain current intensity"
  },
  "safety_considerations": [
    "Ensure proper body alignment to prevent injury"
  ]
}