{
  "power_generation": {
    "explosiveness": 0.8720536107423317,
    "force_transfer": 0.5951747044359736,
    "efficiency": 0.9654531954199739
  },
  "technical_metrics": {
    "precision": 0.7454410865945595,
    "consistency": 0.6103486468561634,
    "fluidity": 0.7450775791299038
  },
  "biomechanical_metrics": {
    "joint_loading": 0.8011176083885556,
    "muscle_activation": 0.6073159648914588,
    "energy_efficiency": 0.568445980413622
  }
}