{
  "power_generation": {
    "explosiveness": 0.9574228699392147,
    "force_transfer": 0.8788852562078793,
    "efficiency": 0.6944663872438516
  },
  "technical_metrics": {
    "precision": 0.7392133403910859,
    "consistency": 0.5521521072032178,
    "fluidity": 0.5067421500241474
  },
  "biomechanical_metrics": {
    "joint_loading": 0.6302800070429759,
    "muscle_activation": 0.5977776051408672,
    "energy_efficiency": 0.9594401049368478
  }
}