{
  "key_points": {
    "shoulders": [
      0.16331344046062346,
      0.5447852595503837,
      0.07341075937448069
    ],
    "elbows": [
      -0.26718329665334406,
      0.5663628142877997,
      -0.08115930941388982
    ],
    "wrists": [
      0.11666210410866651,
      0.48043242305886863,
      -0.03421431139114699
    ],
    "hips": [
      0.11939214854217978,
      0.42831750636376764,
      0.07461602215175542
    ],
    "knees": [
      -0.10122710641686694,
      0.3745537751175839,
      0.09354900336874641
    ],
    "ankles": [
      0.1649576003901655,
      0.2881755882082427,
      0.08513511167812854
    ]
  },
  "angles": {
    "knee": 67.38975927536228,
    "hip": 121.5344585582185,
    "shoulder": 63.64270411852122,
    "elbow": 18.057399802383557
  },
  "analysis_scores": {
    "alignment": 0.8514979600218104,
    "balance": 0.7538937010552367,
    "form": 0.9180083156582217,
    "stability": 0.999226815045012,
    "coordination": 0.9429229225042282,
    "precision": 0.8016026308858718,
    "power": 0.8318613223084377,
    "efficiency": 0.929726191201975,
    "safety": 0.9622817787903922,
    "overall": 0.883733155750681,
    "shoulder": 0.8126234420446986,
    "elbow": 0.9747672350367934,
    "wrist": 0.7915284963178576,
    "hip": 0.8145389849926116,
    "knee": 0.8592094194578348,
    "ankle": 0.8166314184573694,
    "back": 0.8955808711780443,
    "neck": 0.9336684174691596
  },
  "recommendations": {
    "form": "Good form, continue practicing with current technique",
    "alignment": "Good alignment, maintain current technique",
    "stability": "Good stability, continue with current technique",
    "power": "Consider increasing intensity gradually"
  },
  "safety_considerations": []
}