{
  "power_generation": {
    "explosiveness": 0.656519914857699,
    "force_transfer": 0.7051759333252314,
    "efficiency": 0.5599657238790918
  },
  "technical_metrics": {
    "precision": 0.9363738582649801,
    "consistency": 0.8117968446746762,
    "fluidity": 0.5508776281217798
  },
  "biomechanical_metrics": {
    "joint_loading": 0.555355776355287,
    "muscle_activation": 0.9415579481860765,
    "energy_efficiency": 0.7114503861418433
  }
}