{
  "key_points": {
    "shoulders": [
      -0.08591938744808343,
      0.5122570015727742,
      0.031514027799117356
    ],
    "elbows": [
      0.13016018592731854,
      0.5322190847642478,
      0.07570078705210392
    ],
    "wrists": [
      -0.11946725008858516,
      0.48347444115860855,
      0.09166012373254737
    ],
    "hips": [
      -0.19020590141313623,
      0.4287948862752413,
      -0.033782752834949956
    ],
    "knees": [
      -0.29975090183790726,
      0.39380982435809475,
      -0.08662128823830001
    ],
    "ankles": [
      0.3434220589606628,
      0.229811323376259,
      -0.020423202223855713
    ]
  },
  "angles": {
    "knee": 160.2160751124222,
    "hip": 142.61074195141404,
    "shoulder": 33.214231695188516,
    "elbow": 147.92237653205737
  },
  "analysis_scores": {
    "alignment": 0.7509774879687487,
    "balance": 0.9545911675898409,
    "form": 0.6121490687234104,
    "stability": 0.6994078412545582,
    "coordination": 0.607145678228964,
    "precision": 0.7880038472647996,
    "power": 0.6135298480073051,
    "efficiency": 0.6294682299597945,
    "safety": 0.6647393895626225,
    "overall": 0.9719678912227059,
    "shoulder": 0.8490445498976724,
    "elbow": 0.676394721400434,
    "wrist": 0.7078141239985166,
    "hip": 0.9622345230622811,
    "knee": 0.7503764368706872,
    "ankle": 0.6529087638513392,
    "back": 0.6582094434704048,
    "neck": 0.9917826748215013
  },
  "recommendations": {
    "form": "Focus on maintaining proper joint angles during movement",
    "alignment": "Good alignment, maintain current technique",
    "stability": "Good stability, continue with current technique",
    "power": "Good power output, maintain current intensity"
  },
  "safety_considerations": []
}