{
  "power_generation": {
    "explosiveness": 0.7460274022867841,
    "force_transfer": 0.8881406507628813,
    "efficiency": 0.6345037626034831
  },
  "technical_metrics": {
    "precision": 0.9770273435250318,
    "consistency": 0.9841061741326737,
    "fluidity": 0.9786474671801801
  },
  "biomechanical_metrics": {
    "joint_loading": 0.5275521123993705,
    "muscle_activation": 0.8181471092497712,
    "energy_efficiency": 0.6662810199263964
  }
}