{
  "key_points": {
    "shoulders": [
      0.12435565877487609,
      0.692010972261123,
      -0.027270733875376915
    ],
    "elbows": [
      -0.26427355374111555,
      0.5090176817003207,
      0.09374479392279497
    ],
    "wrists": [
      -0.12122103335337625,
      0.4168597169256458,
      0.09066938156380577
    ],
    "hips": [
      -0.014704825515162362,
      0.4859557336780129,
      0.06154986786849717
    ],
    "knees": [
      -0.07937610377793147,
      0.2639452372299692,
      0.07684980820520748
    ],
    "ankles": [
      -0.3967911738478299,
      0.13778063897978862,
      0.03486508934137261
    ]
  },
  "angles": {
    "knee": 80.425984987246,
    "hip": 110.84604602821781,
    "shoulder": 70.86335367331715,
    "elbow": 91.9577637946879
  },
  "analysis_scores": {
    "alignment": 0.9683066085241182,
    "balance": 0.8391864106959903,
    "form": 0.7847138723966252,
    "stability": 0.9427123688649997,
    "coordination": 0.6413549648967342,
    "precision": 0.6256991210547916,
    "power": 0.7578255883199363,
    "efficiency": 0.8625526763039473,
    "safety": 0.7669567974017732,
    "overall": 0.6209685602987925,
    "shoulder": 0.9832388218507273,
    "elbow": 0.8643411857774528,
    "wrist": 0.718444479784009,
    "hip": 0.6925675906933562,
    "knee": 0.715105386406643,
    "ankle": 0.6616984872268422,
    "back": 0.9978848905752623,
    "neck": 0.6554521144361642
  },
  "recommendations": {
    "form": "Good form, continue practicing with current technique",
    "alignment": "Good alignment, maintain current technique",
    "stability": "Good stability, continue with current technique",
    "power": "Consider increasing intensity gradually"
  },
  "safety_considerations": []
}