{
  "power_generation": {
    "explosiveness": 0.9300091101521977,
    "force_transfer": 0.9481611920937946,
    "efficiency": 0.5810757618695962
  },
  "technical_metrics": {
    "precision": 0.584880230428952,
    "consistency": 0.979613034903591,
    "fluidity": 0.7071524763384853
  },
  "biomechanical_metrics": {
    "joint_loading": 0.5079401706452094,
    "muscle_activation": 0.6359901541643189,
    "energy_efficiency": 0.56191713867216
  }
}