{
  "key_points": {
    "shoulders": [
      -0.09889110510590814,
      0.6764198713370337,
      0.018328327320862356
    ],
    "elbows": [
      0.2067607040907628,
      0.4733750308658746,
      0.036432176839619246
    ],
    "wrists": [
      -0.2569703956092442,
      0.36890369695517927,
      -0.051860459196551405
    ],
    "hips": [
      -0.03841307348798276,
      0.42253798023629097,
      -0.032212243523625714
    ],
    "knees": [
      -0.16064493737112437,
      0.3776835907152612,
      0.014640603472729732
    ],
    "ankles": [
      0.09201065643027978,
      0.27926475845651455,
      0.08505115090286072
    ]
  },
  "angles": {
    "knee": 35.5550841220432,
    "hip": 54.74250742898715,
    "shoulder": 52.862385562577956,
    "elbow": 41.94145521016384
  },
  "analysis_scores": {
    "alignment": 0.9364931159053681,
    "balance": 0.9448936691236077,
    "form": 0.8644461731567548,
    "stability": 0.8702397551492582,
    "coordination": 0.8925551931250035,
    "precision": 0.6763142858147334,
    "power": 0.8161621471437059,
    "efficiency": 0.9795092966865515,
    "safety": 0.8990982205619376,
    "overall": 0.6528965614563886,
    "shoulder": 0.8165042977570164,
    "elbow": 0.8011877540899538,
    "wrist": 0.8733070793144627,
    "hip": 0.9734232003767268,
    "knee": 0.7737105013808907,
    "ankle": 0.7062435775682281,
    "back": 0.980833667867175,
    "neck": 0.8728103718357719
  },
  "recommendations": {
    "form": "Good form, continue practicing with current technique",
    "alignment": "Good alignment, maintain current technique",
    "stability": "Good stability, continue with current technique",
    "power": "Good power output, maintain current intensity"
  },
  "safety_considerations": [
    "Ensure knees track over toes to prevent knee injuries",
    "Maintain proper hip alignment to prevent lower back strain"
  ]
}