{
  "power_generation": {
    "explosiveness": 0.9737138881236873,
    "force_transfer": 0.8967440553923536,
    "efficiency": 0.5509133529212653
  },
  "technical_metrics": {
    "precision": 0.5610165585865661,
    "consistency": 0.5691831691691986,
    "fluidity": 0.5274755601817717
  },
  "biomechanical_metrics": {
    "joint_loading": 0.584676068560718,
    "muscle_activation": 0.7690929646099057,
    "energy_efficiency": 0.6611470016756227
  }
}