{
  "key_points": {
    "shoulders": [
      -0.07841644555247217,
      0.6349793417568729,
      0.018264073800760935
    ],
    "elbows": [
      0.03187297409081191,
      0.48561497098212864,
      0.07284732317499121
    ],
    "wrists": [
      0.05803940504353067,
      0.49107938441073773,
      -0.022872805406589022
    ],
    "hips": [
      -0.024646407620826982,
      0.4435966611041624,
      -0.07654114846532592
    ],
    "knees": [
      0.2901407449986912,
      0.2125436689698288,
      0.01079618225911641
    ],
    "ankles": [
      -0.3546885112206301,
      0.24190852292483714,
      0.07776550586601741
    ]
  },
  "angles": {
    "knee": 169.31500302671796,
    "hip": 82.23967522440769,
    "shoulder": 39.120169549941814,
    "elbow": 135.4121952978315
  },
  "analysis_scores": {
    "alignment": 0.715688999817123,
    "balance": 0.7274474647265857,
    "form": 0.6982273110718337,
    "stability": 0.910511567657641,
    "coordination": 0.6533291027977544,
    "precision": 0.8738179021151271,
    "power": 0.9838690354463783,
    "efficiency": 0.9001644281587189,
    "safety": 0.9678672207510516,
    "overall": 0.8357438874325993,
    "shoulder": 0.9799274683699198,
    "elbow": 0.8445710328952205,
    "wrist": 0.7358332973156245,
    "hip": 0.9275009569031002,
    "knee": 0.9150249409603629,
    "ankle": 0.6054489315950541,
    "back": 0.7838986134212942,
    "neck": 0.789988706292634
  },
  "recommendations": {
    "form": "Good form, continue practicing with current technique",
    "alignment": "Good alignment, maintain current technique",
    "stability": "Good stability, continue with current technique",
    "power": "Good power output, maintain current intensity"
  },
  "safety_considerations": [
    "Focus on balance and stability"
  ]
}