{
  "power_generation": {
    "explosiveness": 0.5075072073946485,
    "force_transfer": 0.8989697674311479,
    "efficiency": 0.8778289858656902
  },
  "technical_metrics": {
    "precision": 0.899755325519812,
    "consistency": 0.9426079753989884,
    "fluidity": 0.7559598434382911
  },
  "biomechanical_metrics": {
    "joint_loading": 0.7264724340848498,
    "muscle_activation": 0.7193409889157278,
    "energy_efficiency": 0.5796215876984785
  }
}