{
  "key_points": {
    "shoulders": [
      0.10808889788914539,
      0.6275079840041994,
      -0.004510507970944849
    ],
    "elbows": [
      -0.20654861151137394,
      0.4883202640348991,
      -0.07781075569823043
    ],
    "wrists": [
      -0.1034147034279344,
      0.4351080974534508,
      -0.05402743998254585
    ],
    "hips": [
      0.15388671337881127,
      0.4664248246485342,
      0.06585831169008136
    ],
    "knees": [
      -0.07241887528119972,
      0.25547930248905965,
      0.03138202440514459
    ],
    "ankles": [
      0.01918247824699132,
      0.2745146543611856,
      0.01351092244229865
    ]
  },
  "angles": {
    "knee": 42.37391543278036,
    "hip": 91.4734987656368,
    "shoulder": 7.823181311308209,
    "elbow": 52.954940552586066
  },
  "analysis_scores": {
    "alignment": 0.8836026992737893,
    "balance": 0.7722764228377721,
    "form": 0.6790257307077929,
    "stability": 0.9178716895622526,
    "coordination": 0.6236575798576312,
    "precision": 0.6711589060763108,
    "power": 0.6442026223409232,
    "efficiency": 0.7643906592869013,
    "safety": 0.7885829769379911,
    "overall": 0.949403273021739,
    "shoulder": 0.6147068033066531,
    "elbow": 0.9739419052604839,
    "wrist": 0.6214685159215018,
    "hip": 0.8295416261409804,
    "knee": 0.8056614219309826,
    "ankle": 0.8894245466550501,
    "back": 0.7947438357507155,
    "neck": 0.6387091284785079
  },
  "recommendations": {
    "form": "Good form, continue practicing with current technique",
    "alignment": "Work on maintaining symmetrical movement patterns",
    "stability": "Good stability, continue with current technique",
    "power": "Consider increasing intensity gradually"
  },
  "safety_considerations": []
}