{
  "power_generation": {
    "explosiveness": 0.6603473612207056,
    "force_transfer": 0.7103582933918448,
    "efficiency": 0.6088544756205821
  },
  "technical_metrics": {
    "precision": 0.7534403792187845,
    "consistency": 0.8376460491484652,
    "fluidity": 0.8969727723089518
  },
  "biomechanical_metrics": {
    "joint_loading": 0.839876777102776,
    "muscle_activation": 0.9782661584866992,
    "energy_efficiency": 0.8153651971566257
  }
}