{
  "key_points": {
    "shoulders": [
      -0.05440952489279863,
      0.6853290578920648,
      0.05329530729208601
    ],
    "elbows": [
      -0.08259501382774828,
      0.5831708551953441,
      -0.027613777254543934
    ],
    "wrists": [
      -0.27687271769223587,
      0.41635171027242457,
      -0.08577705691227844
    ],
    "hips": [
      -0.15464089548905713,
      0.4073941152091485,
      0.06098086894034127
    ],
    "knees": [
      0.22816153123581223,
      0.2617383738048858,
      -0.03205570979089814
    ],
    "ankles": [
      -0.16950693191016397,
      0.14717897029907762,
      0.0701538674415467
    ]
  },
  "angles": {
    "knee": 151.13735685479125,
    "hip": 148.08205143853664,
    "shoulder": 21.6245976611494,
    "elbow": 152.16612800249027
  },
  "analysis_scores": {
    "alignment": 0.9942221884507789,
    "balance": 0.9386558519750685,
    "form": 0.6739891416694109,
    "stability": 0.6074486295884657,
    "coordination": 0.6770844198591168,
    "precision": 0.9747028842674174,
    "power": 0.8245193684979344,
    "efficiency": 0.6572058169625148,
    "safety": 0.7571490356911771,
    "overall": 0.8077282582374338,
    "shoulder": 0.6366600557196268,
    "elbow": 0.8598352823466382,
    "wrist": 0.9853623666115803,
    "hip": 0.7170327897643411,
    "knee": 0.815830586768857,
    "ankle": 0.9553994345907886,
    "back": 0.7249383721409431,
    "neck": 0.7725811866027406
  },
  "recommendations": {
    "form": "Good form, continue practicing with current technique",
    "alignment": "Good alignment, maintain current technique",
    "stability": "Good stability, continue with current technique",
    "power": "Consider increasing intensity gradually"
  },
  "safety_considerations": []
}