{
  "power_generation": {
    "explosiveness": 0.6301785748942521,
    "force_transfer": 0.9467948880012435,
    "efficiency": 0.829223018598867
  },
  "technical_metrics": {
    "precision": 0.8679723254841405,
    "consistency": 0.5374325047802904,
    "fluidity": 0.8941560748960344
  },
  "biomechanical_metrics": {
    "joint_loading": 0.650127666211485,
    "muscle_activation": 0.8149948170259179,
    "energy_efficiency": 0.7359502333979248
  }
}