{
  "key_points": {
    "shoulders": [
      0.04843564655273766,
      0.6241653163142811,
      -0.09354426000271542
    ],
    "elbows": [
      0.21099828019703498,
      0.595068512432857,
      0.025364727815806787
    ],
    "wrists": [
      0.09514391081665102,
      0.4625369190994592,
      -0.016491949794089786
    ],
    "hips": [
      -0.0899305488997832,
      0.4982066671033847,
      -0.014994654782847117
    ],
    "knees": [
      -0.041021561279137864,
      0.3417068924588883,
      0.006428871529869679
    ],
    "ankles": [
      -0.3357321212336484,
      0.19176781855100594,
      -0.048499527815206236
    ]
  },
  "angles": {
    "knee": 25.71819143908084,
    "hip": 46.38058233664739,
    "shoulder": 63.52844642324915,
    "elbow": 113.15168962974383
  },
  "analysis_scores": {
    "alignment": 0.7507456931954188,
    "balance": 0.9766833234423242,
    "form": 0.7808158254211063,
    "stability": 0.7903902028502107,
    "coordination": 0.9069917175608199,
    "precision": 0.9136314465707001,
    "power": 0.9726924062111494,
    "efficiency": 0.6303578250624731,
    "safety": 0.854409401705921,
    "overall": 0.8946497015532995,
    "shoulder": 0.6566154031781307,
    "elbow": 0.7736594810460107,
    "wrist": 0.9621600631945186,
    "hip": 0.8171099134109312,
    "knee": 0.9430286288484335,
    "ankle": 0.8745496315123391,
    "back": 0.9214596469999929,
    "neck": 0.6372414577579026
  },
  "recommendations": {
    "form": "Good form, continue practicing with current technique",
    "alignment": "Good alignment, maintain current technique",
    "stability": "Good stability, continue with current technique",
    "power": "Good power output, maintain current intensity"
  },
  "safety_considerations": [
    "Focus on proper shoulder mechanics for power generation"
  ]
}