{
  "power_generation": {
    "explosiveness": 0.880809083123969,
    "force_transfer": 0.9997310621311746,
    "efficiency": 0.9252265862383133
  },
  "technical_metrics": {
    "precision": 0.8924442345548381,
    "consistency": 0.8169218883801977,
    "fluidity": 0.6056204383193011
  },
  "biomechanical_metrics": {
    "joint_loading": 0.7680633676741095,
    "muscle_activation": 0.5249538192579963,
    "energy_efficiency": 0.5530141380385267
  }
}