{
  "key_points": {
    "shoulders": [
      -0.05042617146160425,
      0.504052701681188,
      -0.054645644601066225
    ],
    "elbows": [
      0.060028840835382236,
      0.5872051506666651,
      0.03442984035091107
    ],
    "wrists": [
      0.38881497243918406,
      0.44264082087461654,
      -0.03577168022847679
    ],
    "hips": [
      -0.12007958080800059,
      0.4718575199826743,
      0.09875787670034733
    ],
    "knees": [
      0.24069805956708518,
      0.3123842203120561,
      -0.01570512701025048
    ],
    "ankles": [
      0.38826074257621257,
      0.2960861646279912,
      0.07855570633831754
    ]
  },
  "angles": {
    "knee": 132.47439924858114,
    "hip": 153.58658641503314,
    "shoulder": 58.97931410768445,
    "elbow": 163.04438938997595
  },
  "analysis_scores": {
    "alignment": 0.6586035586569817,
    "balance": 0.8692604272991278,
    "form": 0.7957839902720758,
    "stability": 0.9461126671181822,
    "coordination": 0.8359707440642072,
    "precision": 0.6426841094529642,
    "power": 0.7814486664798976,
    "efficiency": 0.6779799473157457,
    "safety": 0.7586376308389674,
    "overall": 0.8980033753860522,
    "shoulder": 0.9150367993793685,
    "elbow": 0.7806376854524957,
    "wrist": 0.6714643479883733,
    "hip": 0.9223496908522462,
    "knee": 0.7886718886448159,
    "ankle": 0.8474164462263907,
    "back": 0.7236729515250361,
    "neck": 0.8890063649394448
  },
  "recommendations": {
    "form": "Focus on maintaining proper joint angles during movement",
    "alignment": "Work on maintaining symmetrical movement patterns",
    "stability": "Good stability, continue with current technique",
    "power": "Good power output, maintain current intensity"
  },
  "safety_considerations": [
    "Maintain proper knee alignment during takeoff"
  ]
}