{
  "power_generation": {
    "explosiveness": 0.9351288690202775,
    "force_transfer": 0.9868519056038494,
    "efficiency": 0.9200773689139226
  },
  "technical_metrics": {
    "precision": 0.9568707863770618,
    "consistency": 0.6393684201601633,
    "fluidity": 0.8712174942188836
  },
  "biomechanical_metrics": {
    "joint_loading": 0.9837638883505488,
    "muscle_activation": 0.9076570616095334,
    "energy_efficiency": 0.8709936373707041
  }
}