{
  "key_points": {
    "shoulders": [
      -0.1499616344830594,
      0.6811949786928828,
      -0.020590108526429757
    ],
    "elbows": [
      0.02579916577845459,
      0.48124729791637666,
      -0.05353356727384054
    ],
    "wrists": [
      -0.07925324798659805,
      0.4991944138751785,
      0.008386167611493883
    ],
    "hips": [
      0.15052504534165417,
      0.3190000151875098,
      -0.09010896711640864
    ],
    "knees": [
      -0.168488270079052,
      0.37179590981745825,
      -0.03765413327022478
    ],
    "ankles": [
      -0.24249600548106276,
      0.22358581589480298,
      -0.0612373618610943
    ]
  },
  "angles": {
    "knee": 82.03695956169211,
    "hip": 131.64344859537786,
    "shoulder": 2.1981239694959323,
    "elbow": 143.58479404375066
  },
  "analysis_scores": {
    "alignment": 0.8289516224307001,
    "balance": 0.7200067346186907,
    "form": 0.6763537575164454,
    "stability": 0.8902425286277307,
    "coordination": 0.9962021796684865,
    "precision": 0.8577234937416526,
    "power": 0.9490846332415704,
    "efficiency": 0.9289633422493957,
    "safety": 0.9441280022902733,
    "overall": 0.9084184746884123,
    "shoulder": 0.9673261342413004,
    "elbow": 0.9330470451253963,
    "wrist": 0.6496741034288502,
    "hip": 0.8326049155111525,
    "knee": 0.828556278927167,
    "ankle": 0.7063450406673167,
    "back": 0.6668847131992481,
    "neck": 0.8230063880043127
  },
  "recommendations": {
    "form": "Focus on maintaining proper joint angles during movement",
    "alignment": "Good alignment, maintain current technique",
    "stability": "Good stability, continue with current technique",
    "power": "Consider increasing intensity gradually"
  },
  "safety_considerations": []
}