{
  "power_generation": {
    "explosiveness": 0.8643508089655271,
    "force_transfer": 0.511960843705427,
    "efficiency": 0.9464178088603874
  },
  "technical_metrics": {
    "precision": 0.6209686063526869,
    "consistency": 0.9912401516859368,
    "fluidity": 0.5415133563985939
  },
  "biomechanical_metrics": {
    "joint_loading": 0.9510591798101015,
    "muscle_activation": 0.8646390377531123,
    "energy_efficiency": 0.6922476792292575
  }
}