{
  "key_points": {
    "shoulders": [
      -0.07622980852477901,
      0.6136865175758492,
      0.0008822108019945485
    ],
    "elbows": [
      -0.2614086836777612,
      0.5967384751030691,
      0.03847298672660798
    ],
    "wrists": [
      -0.2785320780704658,
      0.3605060361066391,
      0.04948905746257787
    ],
    "hips": [
      0.13579552473645146,
      0.39173262034416717,
      -0.057558613455518985
    ],
    "knees": [
      0.04096654358467655,
      0.2755436847133781,
      -0.009138074916027208
    ],
    "ankles": [
      0.13434378013141812,
      0.23133649776457824,
      0.08103133227365392
    ]
  },
  "angles": {
    "knee": 80.05039509785215,
    "hip": 53.68770522729515,
    "shoulder": 41.192476916569866,
    "elbow": 57.7493408725775
  },
  "analysis_scores": {
    "alignment": 0.6869606968495275,
    "balance": 0.6648270727798917,
    "form": 0.8134726941914596,
    "stability": 0.6090044180488521,
    "coordination": 0.6682779049579363,
    "precision": 0.9936042993439216,
    "power": 0.6748980659336558,
    "efficiency": 0.6174151317263166,
    "safety": 0.8460946353532599,
    "overall": 0.8228655991919294,
    "shoulder": 0.76343744899842,
    "elbow": 0.6418952229730374,
    "wrist": 0.9400598924029638,
    "hip": 0.6182210618476643,
    "knee": 0.9069911392934487,
    "ankle": 0.6175459722328991,
    "back": 0.7745804564493752,
    "neck": 0.7378621412080042
  },
  "recommendations": {
    "form": "Good form, continue practicing with current technique",
    "alignment": "Good alignment, maintain current technique",
    "stability": "Good stability, continue with current technique",
    "power": "Good power output, maintain current intensity"
  },
  "safety_considerations": []
}