{
  "power_generation": {
    "explosiveness": 0.6362116137892979,
    "force_transfer": 0.8987135766273251,
    "efficiency": 0.5091754950499695
  },
  "technical_metrics": {
    "precision": 0.6117093988588838,
    "consistency": 0.6857878419826697,
    "fluidity": 0.789459349143919
  },
  "biomechanical_metrics": {
    "joint_loading": 0.9200422846604037,
    "muscle_activation": 0.8967902741197289,
    "energy_efficiency": 0.5187975341873249
  }
}