{
  "key_points": {
    "shoulders": [
      0.11947743068973693,
      0.5539339841824577,
      0.06401866433756281
    ],
    "elbows": [
      0.16622341870071328,
      0.42433573437109634,
      -0.033045856164619455
    ],
    "wrists": [
      0.13267667782246628,
      0.4985149791775006,
      0.006138278095319888
    ],
    "hips": [
      -0.1279259616711234,
      0.3021180252032539,
      -0.007279766670574589
    ],
    "knees": [
      -0.061856668595530157,
      0.2641573648157465,
      0.030744439908143212
    ],
    "ankles": [
      0.048818332828045485,
      0.20369158842794372,
      -0.03873665929088624
    ]
  },
  "angles": {
    "knee": 90.75902487561493,
    "hip": 121.31807764135424,
    "shoulder": 25.97062620023427,
    "elbow": 18.71747138400583
  },
  "analysis_scores": {
    "alignment": 0.8324250472503343,
    "balance": 0.6612056804498531,
    "form": 0.7002146760301979,
    "stability": 0.8988899940334267,
    "coordination": 0.84969136995858,
    "precision": 0.8717758550515827,
    "power": 0.7426873501055091,
    "efficiency": 0.9557100453578367,
    "safety": 0.775415660641708,
    "overall": 0.6798672623783525,
    "shoulder": 0.6836177181887831,
    "elbow": 0.8580026641383529,
    "wrist": 0.8449929658664104,
    "hip": 0.7530828328521397,
    "knee": 0.6166523422447127,
    "ankle": 0.8586263460348862,
    "back": 0.6903339679351348,
    "neck": 0.6931011163966379
  },
  "recommendations": {
    "form": "Focus on maintaining proper joint angles during movement",
    "alignment": "Work on maintaining symmetrical movement patterns",
    "stability": "Good stability, continue with current technique",
    "power": "Good power output, maintain current intensity"
  },
  "safety_considerations": []
}