{
  "power_generation": {
    "explosiveness": 0.8794427081923261,
    "force_transfer": 0.8443014692793578,
    "efficiency": 0.7319222484546631
  },
  "technical_metrics": {
    "precision": 0.7243365636629272,
    "consistency": 0.831351757379381,
    "fluidity": 0.511429285784742
  },
  "biomechanical_metrics": {
    "joint_loading": 0.6180750096150611,
    "muscle_activation": 0.7779354357639323,
    "energy_efficiency": 0.5964088965167992
  }
}