{
  "key_points": {
    "shoulders": [
      0.13425543823438363,
      0.6585830491704847,
      0.09230864090815649
    ],
    "elbows": [
      0.05508613433841114,
      0.5318042874333886,
      -0.05300256765591238
    ],
    "wrists": [
      -0.21416984520434063,
      0.3318845698868922,
      0.009733398857654382
    ],
    "hips": [
      -0.046016401140047736,
      0.39086262221754514,
      -0.07229393252753616
    ],
    "knees": [
      0.0738281964703541,
      0.25357993567500203,
      -0.0002695363225267283
    ],
    "ankles": [
      -0.1064008926808292,
      0.2744663551497499,
      0.05699697892375963
    ]
  },
  "angles": {
    "knee": 47.287722190647465,
    "hip": 124.25625761177095,
    "shoulder": 25.20169603058385,
    "elbow": 91.55777506727016
  },
  "analysis_scores": {
    "alignment": 0.8105598895858777,
    "balance": 0.9935653659019237,
    "form": 0.6966138153927167,
    "stability": 0.6061131692638838,
    "coordination": 0.6789051359486131,
    "precision": 0.8722492110652713,
    "power": 0.8273853562017995,
    "efficiency": 0.7897215625287831,
    "safety": 0.8730984218071063,
    "overall": 0.7570951408465081,
    "shoulder": 0.73352793076416,
    "elbow": 0.6307614241500547,
    "wrist": 0.9486347060871744,
    "hip": 0.6907892980032163,
    "knee": 0.6093721457508634,
    "ankle": 0.6796820967497568,
    "back": 0.9912513749583545,
    "neck": 0.7069171316374239
  },
  "recommendations": {
    "form": "Focus on maintaining proper joint angles during movement",
    "alignment": "Good alignment, maintain current technique",
    "stability": "Good stability, continue with current technique",
    "power": "Good power output, maintain current intensity"
  },
  "safety_considerations": [
    "Maintain proper hip rotation mechanics",
    "Ensure proper shoulder mechanics during swing"
  ]
}