{
  "power_generation": {
    "explosiveness": 0.860407870900983,
    "force_transfer": 0.8556305110677368,
    "efficiency": 0.6808008578372815
  },
  "technical_metrics": {
    "precision": 0.7238628481539024,
    "consistency": 0.6380412672405609,
    "fluidity": 0.6485406639532392
  },
  "biomechanical_metrics": {
    "joint_loading": 0.6225590652772535,
    "muscle_activation": 0.819312046234263,
    "energy_efficiency": 0.8880046603662449
  }
}