{
  "key_points": {
    "shoulders": [
      0.15136111723173518,
      0.6094707323177101,
      0.09902469749156506
    ],
    "hips": [
      -0.3607652770519463,
      0.49151871226121463,
      -0.004260160474728936
    ],
    "knees": [
      -0.2928321752657018,
      0.48004553809376826,
      -0.18161069427127605
    ],
    "ankles": [
      -0.5791020509229698,
      0.38228576231849254,
      0.005369588135013675
    ]
  },
  "angles": {
    "knee": 68.41366197619435,
    "hip": 86.86084498927742,
    "shoulder": 44.865515585145
  },
  "analysis_scores": {
    "alignment": 0.7143419316498528,
    "balance": 0.6738072755575323,
    "form": 0.7785524532452588,
    "stability": 0.7312872077379731,
    "coordination": 0.7772438551946674,
    "precision": 0.7910920184500195,
    "power": 0.8712656356878974,
    "efficiency": 0.9032795327333599,
    "safety": 0.8809398656286802,
    "overall": 0.9459791237439713,
    "shoulder": 0.6689026511738779,
    "elbow": 0.7913701303102967,
    "wrist": 0.7127044583924198,
    "hip": 0.8783400688408731,
    "knee": 0.765779246516645,
    "ankle": 0.8014190334834753,
    "back": 0.7052732103676136,
    "neck": 0.8936114489866245
  },
  "recommendations": {
    "form": "Good form, continue practicing with current technique",
    "alignment": "Work on maintaining symmetrical movement patterns",
    "stability": "Good stability, continue with current technique",
    "power": "Good power output, maintain current intensity"
  },
  "safety_considerations": []
}