{
  "power_generation": {
    "explosiveness": 0.5356687875639676,
    "force_transfer": 0.6419811341109559,
    "efficiency": 0.8444399924712909
  },
  "technical_metrics": {
    "precision": 0.5587721901638868,
    "consistency": 0.8405460404902931,
    "fluidity": 0.6441756342442304
  },
  "biomechanical_metrics": {
    "joint_loading": 0.933140472205704,
    "muscle_activation": 0.8688020094285287,
    "energy_efficiency": 0.5027912884392249
  }
}