{
  "key_points": {
    "shoulders": [
      0.03705088833647202,
      0.6497013728639479,
      -0.04692262796803331
    ],
    "elbows": [
      -0.1557381527559116,
      0.4816856390937444,
      0.01621481950093899
    ],
    "wrists": [
      0.02834750214887871,
      0.3071946464684648,
      -0.009121798574697665
    ],
    "hips": [
      0.06661574555611477,
      0.4792998294586717,
      0.03886727371342827
    ],
    "knees": [
      -0.0995792829689878,
      0.2688260106679957,
      0.04827597034590375
    ],
    "ankles": [
      0.09626690244063651,
      0.24152346815061856,
      -0.07794136990486691
    ]
  },
  "angles": {
    "knee": 70.66128613696264,
    "hip": 156.80356852229332,
    "shoulder": 57.12902977950143,
    "elbow": 46.97674469192226
  },
  "analysis_scores": {
    "alignment": 0.8256584035487146,
    "balance": 0.9247830992661845,
    "form": 0.9894280396954706,
    "stability": 0.8642516106866824,
    "coordination": 0.9022065184257941,
    "precision": 0.9890997787476609,
    "power": 0.936311554048089,
    "efficiency": 0.756418596008408,
    "safety": 0.9308337908695172,
    "overall": 0.736733237596649,
    "shoulder": 0.609152540657275,
    "elbow": 0.6890266856163496,
    "wrist": 0.653803945043802,
    "hip": 0.6506715808785168,
    "knee": 0.9104234111788032,
    "ankle": 0.7147245630584899,
    "back": 0.8118277927249575,
    "neck": 0.6836840448373407
  },
  "recommendations": {
    "form": "Focus on maintaining proper joint angles during movement",
    "alignment": "Work on maintaining symmetrical movement patterns",
    "stability": "Focus on maintaining proper posture and balance",
    "power": "Good power output, maintain current intensity"
  },
  "safety_considerations": []
}