{
  "power_generation": {
    "explosiveness": 0.9462773898064754,
    "force_transfer": 0.8511059906163216,
    "efficiency": 0.6274134162666218
  },
  "technical_metrics": {
    "precision": 0.5753848464805323,
    "consistency": 0.9178139663912648,
    "fluidity": 0.7896018810036778
  },
  "biomechanical_metrics": {
    "joint_loading": 0.5500821453265214,
    "muscle_activation": 0.7560985677895938,
    "energy_efficiency": 0.5085323134440374
  }
}