{
  "key_points": {
    "shoulders": [
      -0.16555525245875022,
      0.6913289520454853,
      0.06376409720405807
    ],
    "elbows": [
      -0.16869734792441246,
      0.5671120584668194,
      0.00031379131505544777
    ],
    "wrists": [
      -0.2793504916749209,
      0.3488183317360974,
      -0.04604316285068025
    ],
    "hips": [
      -0.18865741137947145,
      0.34007050290464413,
      0.09922061913625219
    ],
    "knees": [
      0.2965531614363505,
      0.2612632187162915,
      4.445048833223719e-05
    ],
    "ankles": [
      0.2537069976635066,
      0.25286377136461524,
      0.07564968392720045
    ]
  },
  "angles": {
    "knee": 86.8126065995648,
    "hip": 86.0016736572124,
    "shoulder": 51.04919730061221,
    "elbow": 41.197979004959244
  },
  "analysis_scores": {
    "alignment": 0.7073334287081581,
    "balance": 0.9551751202689823,
    "form": 0.6685086725823918,
    "stability": 0.8819633586671455,
    "coordination": 0.7034209503190835,
    "precision": 0.8964324137820721,
    "power": 0.6387414108069954,
    "efficiency": 0.7911796912523397,
    "safety": 0.9886891801755492,
    "overall": 0.7892025416110929,
    "shoulder": 0.6749883163680184,
    "elbow": 0.8342213353430279,
    "wrist": 0.8596149448246634,
    "hip": 0.6655446424697837,
    "knee": 0.7862885433113418,
    "ankle": 0.9496518098726945,
    "back": 0.795510857933832,
    "neck": 0.8565078882213301
  },
  "recommendations": {
    "form": "Good form, continue practicing with current technique",
    "alignment": "Good alignment, maintain current technique",
    "stability": "Good stability, continue with current technique",
    "power": "Good power output, maintain current intensity"
  },
  "safety_considerations": []
}