{
  "power_generation": {
    "explosiveness": 0.7616348427353782,
    "force_transfer": 0.8992348866918307,
    "efficiency": 0.6025223008489989
  },
  "technical_metrics": {
    "precision": 0.9947286744270523,
    "consistency": 0.864855947235982,
    "fluidity": 0.6191309764152939
  },
  "biomechanical_metrics": {
    "joint_loading": 0.8578743744876842,
    "muscle_activation": 0.5355477380395048,
    "energy_efficiency": 0.6961477187410536
  }
}