{
  "key_points": {
    "shoulders": [
      0.1050041658269526,
      0.651379240257311,
      -0.011088225257406908
    ],
    "elbows": [
      0.2746076549397683,
      0.45823122002786715,
      -0.05544518547205688
    ],
    "wrists": [
      -0.1836522370478039,
      0.44473553230788987,
      -0.00014783585165489832
    ],
    "hips": [
      -0.028866310234962528,
      0.30300536879419426,
      -0.05931994274757953
    ],
    "knees": [
      0.1261851617482157,
      0.35642819718189456,
      0.010281722486899597
    ],
    "ankles": [
      0.12296207781094703,
      0.1766569692588692,
      0.021791552330095304
    ]
  },
  "angles": {
    "knee": 72.8693742734956,
    "hip": 122.81715564346023,
    "shoulder": 14.09463928067618,
    "elbow": 49.69564922712709
  },
  "analysis_scores": {
    "alignment": 0.7180279309499423,
    "balance": 0.8282143925505943,
    "form": 0.7878324021654713,
    "stability": 0.6023941336786375,
    "coordination": 0.7267394417157624,
    "precision": 0.7118339222298095,
    "power": 0.9760404403471358,
    "efficiency": 0.7460760076356241,
    "safety": 0.6195235299360905,
    "overall": 0.6064710589769761,
    "shoulder": 0.6466243274680664,
    "elbow": 0.6029709465434235,
    "wrist": 0.6653781822618585,
    "hip": 0.9360761764929058,
    "knee": 0.9151069354499242,
    "ankle": 0.8353296010637341,
    "back": 0.8133724432360605,
    "neck": 0.9823658491093551
  },
  "recommendations": {
    "form": "Good form, continue practicing with current technique",
    "alignment": "Good alignment, maintain current technique",
    "stability": "Good stability, continue with current technique",
    "power": "Good power output, maintain current intensity"
  },
  "safety_considerations": [
    "Ensure proper knee alignment to prevent injury"
  ]
}