{
  "power_generation": {
    "explosiveness": 0.5928788566154888,
    "force_transfer": 0.6399330265683945,
    "efficiency": 0.8104349913451043
  },
  "technical_metrics": {
    "precision": 0.9292024952744597,
    "consistency": 0.8651983234815996,
    "fluidity": 0.9106200770211339
  },
  "biomechanical_metrics": {
    "joint_loading": 0.7700813428075551,
    "muscle_activation": 0.7768351873902191,
    "energy_efficiency": 0.8755043220793821
  }
}