{
  "key_points": {
    "shoulders": [
      -0.13160070605781576,
      0.6557072311582294,
      -0.09379162475077035
    ],
    "elbows": [
      -0.1217923245806119,
      0.5982974462378898,
      0.07032391900340734
    ],
    "wrists": [
      0.19453076905773958,
      0.39528782057222084,
      0.06277871667086452
    ],
    "hips": [
      0.052718971317486596,
      0.4312740913349735,
      0.020303202344247845
    ],
    "knees": [
      -0.06277678155901983,
      0.26387342180759876,
      0.09291128557128003
    ],
    "ankles": [
      0.09722689992893019,
      0.1684415462022598,
      -0.06182775864690815
    ]
  },
  "angles": {
    "knee": 55.75845531241865,
    "hip": 114.10802164260592,
    "shoulder": 29.837559416247185,
    "elbow": 123.97712796252318
  },
  "analysis_scores": {
    "alignment": 0.6265852031176832,
    "balance": 0.758568473778922,
    "form": 0.7770153785053953,
    "stability": 0.6006944423063677,
    "coordination": 0.6255770037223091,
    "precision": 0.9034650103136308,
    "power": 0.8038965145620323,
    "efficiency": 0.8036926935900183,
    "safety": 0.8547679548986038,
    "overall": 0.7730341650899576,
    "shoulder": 0.8887220377928995,
    "elbow": 0.6103530172116272,
    "wrist": 0.6364087863929396,
    "hip": 0.7145288932254901,
    "knee": 0.627007895388566,
    "ankle": 0.820764275251273,
    "back": 0.9658817064078048,
    "neck": 0.7348766895260663
  },
  "recommendations": {
    "form": "Good form, continue practicing with current technique",
    "alignment": "Good alignment, maintain current technique",
    "stability": "Good stability, continue with current technique",
    "power": "Good power output, maintain current intensity"
  },
  "safety_considerations": [
    "Ensure knees track over toes to prevent knee injuries"
  ]
}