{
  "key_points": {
    "shoulders": [
      -0.012291516560247212,
      0.5955102062355407,
      -0.032997022082178626
    ],
    "elbows": [
      -0.2534415763308839,
      0.4148725779658543,
      -0.08684686059143568
    ],
    "wrists": [
      0.18134058002199027,
      0.42613693881731574,
      -0.016735328909828068
    ],
    "hips": [
      -0.14102932245433086,
      0.40842375044153745,
      -0.024761531185164748
    ],
    "knees": [
      0.2888909366527465,
      0.2943883202621581,
      0.01108230568329771
    ],
    "ankles": [
      0.3932175137249643,
      0.19140589260852464,
      -0.03532628370876689
    ]
  },
  "angles": {
    "knee": 53.84515175961019,
    "hip": 76.9168133064409,
    "shoulder": 33.8303931830046,
    "elbow": 40.70747054823366
  },
  "analysis_scores": {
    "alignment": 0.8741972652882526,
    "balance": 0.9609924034523286,
    "form": 0.825136073006206,
    "stability": 0.6273165374969258,
    "coordination": 0.7054718194261027,
    "precision": 0.6959984063882528,
    "power": 0.9474890107279419,
    "efficiency": 0.6133707489120918,
    "safety": 0.649467132886067,
    "overall": 0.6150631558200429,
    "shoulder": 0.7428650937139794,
    "elbow": 0.640650417990904,
    "wrist": 0.7458114548944028,
    "hip": 0.6750249733978271,
    "knee": 0.9009684213066262,
    "ankle": 0.6809958026401604,
    "back": 0.9026818590779536,
    "neck": 0.8992676233013268
  },
  "recommendations": {
    "form": "Good form, continue practicing with current technique",
    "alignment": "Good alignment, maintain current technique",
    "stability": "Focus on maintaining proper posture and balance",
    "power": "Good power output, maintain current intensity"
  },
  "safety_considerations": [
    "Maintain proper elbow alignment to prevent hyperextension"
  ]
}