{
  "power_generation": {
    "explosiveness": 0.7570328257341745,
    "force_transfer": 0.851788090590351,
    "efficiency": 0.596216406989891
  },
  "technical_metrics": {
    "precision": 0.7252670198263433,
    "consistency": 0.5746350233710458,
    "fluidity": 0.6914128962530784
  },
  "biomechanical_metrics": {
    "joint_loading": 0.5266602436529011,
    "muscle_activation": 0.9864769360947008,
    "energy_efficiency": 0.9318911406172283
  }
}