{
  "key_points": {
    "shoulders": [
      -0.08113097752429366,
      0.5366695766164068,
      0.025433882722262297
    ],
    "elbows": [
      0.05421145750186174,
      0.41025184743296983,
      -0.0766361354775015
    ],
    "wrists": [
      0.11550503554054803,
      0.4756372307582164,
      -0.010106855403943737
    ],
    "hips": [
      -0.06938886040189263,
      0.4982391715437652,
      -0.006055035017604765
    ],
    "knees": [
      -0.053705063567262706,
      0.35671337812547255,
      -0.05119439819301175
    ],
    "ankles": [
      0.2990488439305198,
      0.20868704086993423,
      -0.07586000186832736
    ]
  },
  "angles": {
    "knee": 80.63855819368847,
    "hip": 126.22973005907399,
    "shoulder": 20.173943138563406,
    "elbow": 131.9972280534424
  },
  "analysis_scores": {
    "alignment": 0.7012810035000454,
    "balance": 0.6065312909509081,
    "form": 0.8660384829111478,
    "stability": 0.9545763804620542,
    "coordination": 0.6734890461388462,
    "precision": 0.8929580940350947,
    "power": 0.6050813634876718,
    "efficiency": 0.777954024286873,
    "safety": 0.9914269177001516,
    "overall": 0.7375320515259884,
    "shoulder": 0.6194583339040317,
    "elbow": 0.709638651265875,
    "wrist": 0.6262857615005846,
    "hip": 0.6637877512857794,
    "knee": 0.6684010638993831,
    "ankle": 0.997615498609067,
    "back": 0.8233448819193425,
    "neck": 0.7189105101055304
  },
  "recommendations": {
    "form": "Focus on maintaining proper joint angles during movement",
    "alignment": "Good alignment, maintain current technique",
    "stability": "Focus on maintaining proper posture and balance",
    "power": "Good power output, maintain current intensity"
  },
  "safety_considerations": [
    "Focus on proper shoulder mechanics for power generation",
    "Maintain proper wrist alignment to prevent strain"
  ]
}