{
  "power_generation": {
    "explosiveness": 0.7917735176017586,
    "force_transfer": 0.7210708563627479,
    "efficiency": 0.6643923873421917
  },
  "technical_metrics": {
    "precision": 0.9931046855480906,
    "consistency": 0.9892344540704986,
    "fluidity": 0.9697537932373732
  },
  "biomechanical_metrics": {
    "joint_loading": 0.631332590956398,
    "muscle_activation": 0.6405850144335522,
    "energy_efficiency": 0.7308250225836417
  }
}