{
  "key_points": {
    "shoulders": [
      0.13623371146513724,
      0.5241104353311987,
      -0.0908077596673749
    ],
    "elbows": [
      0.22425019303588106,
      0.5169581098984339,
      0.07074045090785291
    ],
    "wrists": [
      -0.14175246805803604,
      0.4477502166064702,
      0.0005423555031440069
    ],
    "hips": [
      0.007960289188602865,
      0.45210849185808255,
      -0.0006363097545322854
    ],
    "knees": [
      0.04733843871925203,
      0.2658005799159675,
      0.044633760963263935
    ],
    "ankles": [
      0.05241394049974024,
      0.17226336874042508,
      0.0428114986680278
    ]
  },
  "angles": {
    "knee": 61.1114311938155,
    "hip": 151.4648022885146,
    "shoulder": 9.486130849817194,
    "elbow": 129.62888583879095
  },
  "analysis_scores": {
    "alignment": 0.6412168682195143,
    "balance": 0.9109135805887368,
    "form": 0.6610721599330445,
    "stability": 0.8147051183212684,
    "coordination": 0.6190657065784311,
    "precision": 0.8444085568191031,
    "power": 0.829034629268511,
    "efficiency": 0.7423439328606428,
    "safety": 0.9587447947211738,
    "overall": 0.7062774225707273,
    "shoulder": 0.6032101388027208,
    "elbow": 0.8612054854714815,
    "wrist": 0.867834569463128,
    "hip": 0.9895464899172582,
    "knee": 0.9620925296851202,
    "ankle": 0.8022671803980889,
    "back": 0.79154612376818,
    "neck": 0.7454922379080745
  },
  "recommendations": {
    "form": "Focus on maintaining proper joint angles during movement",
    "alignment": "Good alignment, maintain current technique",
    "stability": "Good stability, continue with current technique",
    "power": "Consider increasing intensity gradually"
  },
  "safety_considerations": []
}