{
  "power_generation": {
    "explosiveness": 0.9755254858996751,
    "force_transfer": 0.8446575520666577,
    "efficiency": 0.7522177695752076
  },
  "technical_metrics": {
    "precision": 0.5918279558528615,
    "consistency": 0.9837132730833795,
    "fluidity": 0.762121955976756
  },
  "biomechanical_metrics": {
    "joint_loading": 0.6399133286135743,
    "muscle_activation": 0.9792008335933277,
    "energy_efficiency": 0.5335785856292794
  }
}