{
  "key_points": {
    "shoulders": [
      -0.1070188258399758,
      0.5890589238440446,
      0.041541041115722405
    ],
    "elbows": [
      -0.22336150715526337,
      0.5958868931462574,
      0.039847321675289316
    ],
    "wrists": [
      -0.12596272031808214,
      0.43851477056828936,
      -0.05899840531188079
    ],
    "hips": [
      -0.16690993523373798,
      0.35700882663154704,
      -0.08404799036874405
    ],
    "knees": [
      -0.18221171579193404,
      0.3419802553760989,
      0.0028283569307585577
    ],
    "ankles": [
      -0.3787191458282177,
      0.2395156540618634,
      -0.07205477391275686
    ]
  },
  "angles": {
    "knee": 131.1121877128947,
    "hip": 83.90024493246493,
    "shoulder": 42.684063123505446,
    "elbow": 14.340833979823907
  },
  "analysis_scores": {
    "alignment": 0.9058564862704483,
    "balance": 0.8348272895057129,
    "form": 0.6161995759269562,
    "stability": 0.6043527784329956,
    "coordination": 0.8877155793846357,
    "precision": 0.7325216024939316,
    "power": 0.7541018160819649,
    "efficiency": 0.9280857747856033,
    "safety": 0.9690836522957994,
    "overall": 0.9717869326310631,
    "shoulder": 0.6207319739334446,
    "elbow": 0.8654256733301258,
    "wrist": 0.9466774498906747,
    "hip": 0.9867091187491024,
    "knee": 0.6555626028272238,
    "ankle": 0.7513130361271592,
    "back": 0.6941153229788265,
    "neck": 0.6999300985118281
  },
  "recommendations": {
    "form": "Good form, continue practicing with current technique",
    "alignment": "Good alignment, maintain current technique",
    "stability": "Good stability, continue with current technique",
    "power": "Good power output, maintain current intensity"
  },
  "safety_considerations": []
}