{
  "power_generation": {
    "explosiveness": 0.6063063527557524,
    "force_transfer": 0.9507151195115554,
    "efficiency": 0.6212675715720106
  },
  "technical_metrics": {
    "precision": 0.8555766838292032,
    "consistency": 0.8400264291367847,
    "fluidity": 0.8349099536718887
  },
  "biomechanical_metrics": {
    "joint_loading": 0.6661403284668468,
    "muscle_activation": 0.7216968517746098,
    "energy_efficiency": 0.5127416859224677
  }
}