{
  "key_points": {
    "shoulders": [
      0.06354376811913115,
      0.5439814973911544,
      0.07091694178161131
    ],
    "elbows": [
      0.0019485718800181795,
      0.45823337063001673,
      0.012776998770054851
    ],
    "wrists": [
      -0.06907690365978592,
      0.44202059236392266,
      0.034950685419121774
    ],
    "hips": [
      0.011175871524145009,
      0.4037221519194066,
      -0.024501626355381195
    ],
    "knees": [
      0.2350291375395967,
      0.3838793771143697,
      -0.091353070417848
    ],
    "ankles": [
      -0.041385074108186815,
      0.2354088955387878,
      -0.07341714570758895
    ]
  },
  "angles": {
    "knee": 41.79321660535918,
    "hip": 143.9481548809314,
    "shoulder": 22.713134977930657,
    "elbow": 149.9417343476527
  },
  "analysis_scores": {
    "alignment": 0.8688303546291012,
    "balance": 0.7739016265543092,
    "form": 0.9090092858023147,
    "stability": 0.6615028565973562,
    "coordination": 0.6368191233980051,
    "precision": 0.8490226929074415,
    "power": 0.9877895093484239,
    "efficiency": 0.6780920949641716,
    "safety": 0.6355946187424585,
    "overall": 0.8867180908562575,
    "shoulder": 0.6463040393465826,
    "elbow": 0.7261876840631087,
    "wrist": 0.8181136406974794,
    "hip": 0.6588368838361567,
    "knee": 0.9302230880786386,
    "ankle": 0.8981215503469244,
    "back": 0.7857725304804506,
    "neck": 0.8856112986692743
  },
  "recommendations": {
    "form": "Good form, continue practicing with current technique",
    "alignment": "Work on maintaining symmetrical movement patterns",
    "stability": "Good stability, continue with current technique",
    "power": "Consider increasing intensity gradually"
  },
  "safety_considerations": [
    "Ensure proper ankle positioning to prevent sprains"
  ]
}