{
  "power_generation": {
    "explosiveness": 0.9546057123255556,
    "force_transfer": 0.8802975369972869,
    "efficiency": 0.9154695554168386
  },
  "technical_metrics": {
    "precision": 0.8586487576415486,
    "consistency": 0.9759125329835896,
    "fluidity": 0.5426183980084833
  },
  "biomechanical_metrics": {
    "joint_loading": 0.9820671966891377,
    "muscle_activation": 0.5372017297353135,
    "energy_efficiency": 0.802490463659666
  }
}