{
  "key_points": {
    "shoulders": [
      -0.06195108086638329,
      0.5423098103173125,
      -0.05809164435048935
    ],
    "elbows": [
      0.00927316962464464,
      0.47121975061115323,
      0.08540567421857292
    ],
    "wrists": [
      0.38168002523290046,
      0.42564158236813066,
      -0.035277729408083935
    ],
    "hips": [
      0.05694310440731992,
      0.3523884565572271,
      -0.04016122949664394
    ],
    "knees": [
      -0.21525161710169283,
      0.3079366705569004,
      0.04566184245286925
    ],
    "ankles": [
      0.1307886028001204,
      0.1754390925039273,
      -0.04309728645486317
    ]
  },
  "angles": {
    "knee": 63.32422151482858,
    "hip": 75.43005835066103,
    "shoulder": 22.22679731400395,
    "elbow": 106.83098478406768
  },
  "analysis_scores": {
    "alignment": 0.7447348801058042,
    "balance": 0.8807378154934797,
    "form": 0.9537344009801,
    "stability": 0.698421666722123,
    "coordination": 0.6869585914897273,
    "precision": 0.6174895524404121,
    "power": 0.8896559552931227,
    "efficiency": 0.8300625507019885,
    "safety": 0.8961642122531781,
    "overall": 0.8656124013341697,
    "shoulder": 0.9815737992333977,
    "elbow": 0.735856215624958,
    "wrist": 0.867669911239361,
    "hip": 0.9236769926287616,
    "knee": 0.7253706757493883,
    "ankle": 0.693175291466436,
    "back": 0.7197792108921857,
    "neck": 0.6801865938242653
  },
  "recommendations": {
    "form": "Good form, continue practicing with current technique",
    "alignment": "Work on maintaining symmetrical movement patterns",
    "stability": "Good stability, continue with current technique",
    "power": "Good power output, maintain current intensity"
  },
  "safety_considerations": [
    "Focus on proper shoulder positioning for defense",
    "Maintain proper hip alignment for movement"
  ]
}