{
  "power_generation": {
    "explosiveness": 0.6850356604582931,
    "force_transfer": 0.7674333907198052,
    "efficiency": 0.8223371965092324
  },
  "technical_metrics": {
    "precision": 0.7712867518626348,
    "consistency": 0.8792419180691101,
    "fluidity": 0.7589615180570631
  },
  "biomechanical_metrics": {
    "joint_loading": 0.5767247526263539,
    "muscle_activation": 0.5397134349550963,
    "energy_efficiency": 0.8728204515761886
  }
}