{
  "key_points": {
    "shoulders": [
      0.17889090551025333,
      0.6024485354400354,
      0.06441635034786244
    ],
    "elbows": [
      -0.22743656146599486,
      0.5545509184510624,
      0.03214035664715695
    ],
    "wrists": [
      0.1283074854579298,
      0.36040191993321624,
      0.029251680779071504
    ],
    "hips": [
      -0.10963022137546737,
      0.37385908679791124,
      -0.07608143770744005
    ],
    "knees": [
      -0.2234223457766916,
      0.22342719216964002,
      0.08963609618953616
    ],
    "ankles": [
      0.28090796481666425,
      0.2919307345737834,
      0.09208155515957897
    ]
  },
  "angles": {
    "knee": 16.8817214258922,
    "hip": 67.93749623157147,
    "shoulder": 10.04627758847254,
    "elbow": 152.62965975176658
  },
  "analysis_scores": {
    "alignment": 0.8163486779716248,
    "balance": 0.8529695234404262,
    "form": 0.9067483914900782,
    "stability": 0.853408871539318,
    "coordination": 0.9739482534221507,
    "precision": 0.8309737435632261,
    "power": 0.7215908113798697,
    "efficiency": 0.8278306320597796,
    "safety": 0.6801395274049096,
    "overall": 0.6266815615672295,
    "shoulder": 0.8099914879061321,
    "elbow": 0.8463557086355586,
    "wrist": 0.659198097077902,
    "hip": 0.6537361167995047,
    "knee": 0.9207744226614102,
    "ankle": 0.7222337087149,
    "back": 0.7278076397360048,
    "neck": 0.7335807585185453
  },
  "recommendations": {
    "form": "Good form, continue practicing with current technique",
    "alignment": "Good alignment, maintain current technique",
    "stability": "Good stability, continue with current technique",
    "power": "Good power output, maintain current intensity"
  },
  "safety_considerations": [
    "Ensure proper knee alignment to prevent strain",
    "Focus on balance and stability"
  ]
}