{
  "key_points": {
    "shoulders": [
      -0.023240827610632703,
      0.6128382680977046,
      -0.05407093244011696
    ],
    "elbows": [
      -0.11750064846607355,
      0.45021393625449063,
      0.09079030967471363
    ],
    "wrists": [
      -0.011092224233827497,
      0.44860067645240376,
      -0.009597461773298524
    ],
    "hips": [
      -0.17061834392724884,
      0.4114516928980172,
      -0.08216141706858784
    ],
    "knees": [
      0.012279026039717644,
      0.3265272583444846,
      0.07205679484231373
    ],
    "ankles": [
      -0.14123596575558894,
      0.12250686051070347,
      0.09500619348066763
    ]
  },
  "angles": {
    "knee": 95.73699501860885,
    "hip": 147.01742287025343,
    "shoulder": 39.58229597492641,
    "elbow": 55.00457738673327
  },
  "analysis_scores": {
    "alignment": 0.9919218802346969,
    "balance": 0.7922380364360961,
    "form": 0.6668181218113194,
    "stability": 0.8525025267182509,
    "coordination": 0.6430438955885553,
    "precision": 0.7735698927607113,
    "power": 0.605964547128421,
    "efficiency": 0.7222581926351762,
    "safety": 0.8542758518327149,
    "overall": 0.7412537932684204,
    "shoulder": 0.648986969490315,
    "elbow": 0.865465205507834,
    "wrist": 0.7977607421079842,
    "hip": 0.8520414539616767,
    "knee": 0.683074302521246,
    "ankle": 0.8274156134315293,
    "back": 0.865671377328195,
    "neck": 0.6503549255844046
  },
  "recommendations": {
    "form": "Good form, continue practicing with current technique",
    "alignment": "Good alignment, maintain current technique",
    "stability": "Good stability, continue with current technique",
    "power": "Good power output, maintain current intensity"
  },
  "safety_considerations": []
}