{
  "power_generation": {
    "explosiveness": 0.6879998501099592,
    "force_transfer": 0.6817274700753341,
    "efficiency": 0.6731080428253216
  },
  "technical_metrics": {
    "precision": 0.9663954381737959,
    "consistency": 0.8698049530409261,
    "fluidity": 0.9853300715558941
  },
  "biomechanical_metrics": {
    "joint_loading": 0.6160493685283801,
    "muscle_activation": 0.9717986158654269,
    "energy_efficiency": 0.7779111147550786
  }
}