{
  "key_points": {
    "shoulders": [
      -0.17834632310265325,
      0.6396826311486417,
      -0.09613718089232948
    ],
    "elbows": [
      -0.10171018042072513,
      0.4325569608654962,
      0.011159819749383876
    ],
    "wrists": [
      0.2100121964421392,
      0.33001088354137,
      0.03491949963179797
    ],
    "hips": [
      0.061692480879703804,
      0.4199399305332479,
      -0.030091479462134155
    ],
    "knees": [
      -0.09732446509978313,
      0.33186817170286453,
      -0.009035002295359557
    ],
    "ankles": [
      0.3941545486719177,
      0.2842001267138447,
      0.08674009388713166
    ]
  },
  "angles": {
    "knee": 94.17784662682489,
    "hip": 121.94466300174545,
    "shoulder": 50.34966827218125,
    "elbow": 155.5684916512944
  },
  "analysis_scores": {
    "alignment": 0.7352967789768563,
    "balance": 0.9873307755386653,
    "form": 0.8932849707804605,
    "stability": 0.6876235044157585,
    "coordination": 0.7126989027367082,
    "precision": 0.9069075895049393,
    "power": 0.7222457489148082,
    "efficiency": 0.7583293065821525,
    "safety": 0.8691047572448074,
    "overall": 0.6842003831920328,
    "shoulder": 0.8773246617319403,
    "elbow": 0.8582758643251536,
    "wrist": 0.8780227838722934,
    "hip": 0.8789399462096881,
    "knee": 0.8963632138047837,
    "ankle": 0.6069905015707749,
    "back": 0.9302186956208767,
    "neck": 0.9142907009550743
  },
  "recommendations": {
    "form": "Focus on maintaining proper joint angles during movement",
    "alignment": "Good alignment, maintain current technique",
    "stability": "Focus on maintaining proper posture and balance",
    "power": "Good power output, maintain current intensity"
  },
  "safety_considerations": []
}