{
  "power_generation": {
    "explosiveness": 0.8853927402269253,
    "force_transfer": 0.9499959568122476,
    "efficiency": 0.6324323502230507
  },
  "technical_metrics": {
    "precision": 0.5673642735258065,
    "consistency": 0.7848333764007762,
    "fluidity": 0.5266099156325357
  },
  "biomechanical_metrics": {
    "joint_loading": 0.8211517097738054,
    "muscle_activation": 0.9897541931237277,
    "energy_efficiency": 0.5269367148541071
  }
}