{
  "key_points": {
    "shoulders": [
      -0.0045069160174942,
      0.5228433485817489,
      -0.01880023841832143
    ],
    "elbows": [
      0.15452077601840009,
      0.4169791416165509,
      -0.017193504587990155
    ],
    "wrists": [
      -0.1461739170546692,
      0.3402679606809822,
      -0.03677228895944176
    ],
    "hips": [
      0.0005982630812291223,
      0.3756334319246939,
      -0.09725364760714283
    ],
    "knees": [
      0.2234300007822438,
      0.35152400781760834,
      -0.020131647138502212
    ],
    "ankles": [
      -0.020943242416751606,
      0.18184408103406471,
      -0.06914699434941628
    ]
  },
  "angles": {
    "knee": 20.909683519137538,
    "hip": 81.3331271683675,
    "shoulder": 21.502190895415996,
    "elbow": 164.9793255125298
  },
  "analysis_scores": {
    "alignment": 0.7096558236641619,
    "balance": 0.8417067572454309,
    "form": 0.9870426450848593,
    "stability": 0.9544670709413833,
    "coordination": 0.77879670116984,
    "precision": 0.6447558166104612,
    "power": 0.8591246144643689,
    "efficiency": 0.7506644847382148,
    "safety": 0.8309398819806869,
    "overall": 0.7081608857154464,
    "shoulder": 0.6275432712198258,
    "elbow": 0.7796912344118045,
    "wrist": 0.9061643690789096,
    "hip": 0.7329299705221353,
    "knee": 0.6639348233771522,
    "ankle": 0.839993396406666,
    "back": 0.9574356146243844,
    "neck": 0.8405859420738768
  },
  "recommendations": {
    "form": "Good form, continue practicing with current technique",
    "alignment": "Work on maintaining symmetrical movement patterns",
    "stability": "Good stability, continue with current technique",
    "power": "Good power output, maintain current intensity"
  },
  "safety_considerations": [
    "Focus on proper wrist positioning to prevent strain"
  ]
}