{
  "power_generation": {
    "explosiveness": 0.8596849251341527,
    "force_transfer": 0.6033476077831321,
    "efficiency": 0.6405206730395478
  },
  "technical_metrics": {
    "precision": 0.9836604191807834,
    "consistency": 0.704456099197676,
    "fluidity": 0.6258448951496928
  },
  "biomechanical_metrics": {
    "joint_loading": 0.7112176457118868,
    "muscle_activation": 0.7135063600304945,
    "energy_efficiency": 0.9931002130352056
  }
}