{
  "key_points": {
    "shoulders": [
      -0.08958111805185909,
      0.5118197179329754,
      0.04185189792827926
    ],
    "elbows": [
      0.07551286447851618,
      0.4487718622582717,
      -0.05349830881838094
    ],
    "wrists": [
      -0.36571931110358635,
      0.45905446790585924,
      -0.08353122685473456
    ],
    "hips": [
      0.13546989048619812,
      0.31943975267044294,
      -0.0687430511913851
    ],
    "knees": [
      -0.1808673264921402,
      0.3025885213918134,
      0.08519896960419687
    ],
    "ankles": [
      0.12134711859410174,
      0.14893820563337806,
      0.0903763510759504
    ]
  },
  "angles": {
    "knee": 84.38269924685002,
    "hip": 109.69161986957077,
    "shoulder": 18.50915835329092,
    "elbow": 44.097413259153406
  },
  "analysis_scores": {
    "alignment": 0.9147057524969409,
    "balance": 0.956450419035044,
    "form": 0.933496974985541,
    "stability": 0.8156444392677455,
    "coordination": 0.9755294253095497,
    "precision": 0.8682889501335187,
    "power": 0.6291467712528126,
    "efficiency": 0.9490011219233531,
    "safety": 0.8559887391331491,
    "overall": 0.7291031594556375,
    "shoulder": 0.6435950281797493,
    "elbow": 0.951778064695709,
    "wrist": 0.6637560275953208,
    "hip": 0.7159892677567561,
    "knee": 0.6506200909821283,
    "ankle": 0.9655096792796911,
    "back": 0.9935197309157616,
    "neck": 0.9401516818849405
  },
  "recommendations": {
    "form": "Focus on maintaining proper joint angles during movement",
    "alignment": "Work on maintaining symmetrical movement patterns",
    "stability": "Good stability, continue with current technique",
    "power": "Good power output, maintain current intensity"
  },
  "safety_considerations": [
    "Maintain proper elbow alignment to prevent hyperextension"
  ]
}