{
  "power_generation": {
    "explosiveness": 0.7306003647565169,
    "force_transfer": 0.5563196894355897,
    "efficiency": 0.5662619805106739
  },
  "technical_metrics": {
    "precision": 0.8398694473418433,
    "consistency": 0.9560987326567774,
    "fluidity": 0.7689359663316558
  },
  "biomechanical_metrics": {
    "joint_loading": 0.6068001488703725,
    "muscle_activation": 0.669827098033489,
    "energy_efficiency": 0.623304129609997
  }
}