{
  "key_points": {
    "shoulders": [
      0.10251031762093926,
      0.6686560464106285,
      0.006225412375465672
    ],
    "elbows": [
      -0.29262830392894995,
      0.43702134710681645,
      0.010825304809750594
    ],
    "wrists": [
      -0.1520785566275544,
      0.37636201365151684,
      0.03402931099516576
    ],
    "hips": [
      0.024591086336794937,
      0.43221666507997347,
      0.07677341040526256
    ],
    "knees": [
      0.020434849119991383,
      0.38006406959402844,
      0.01932365484358356
    ],
    "ankles": [
      0.1846313565776876,
      0.19334035875444727,
      -0.015454171306936243
    ]
  },
  "angles": {
    "knee": 102.17105106304203,
    "hip": 81.12285165489635,
    "shoulder": 63.14825943222063,
    "elbow": 139.16270784677786
  },
  "analysis_scores": {
    "alignment": 0.962638714422225,
    "balance": 0.6759250642111501,
    "form": 0.6151804835104077,
    "stability": 0.7026887407079552,
    "coordination": 0.9868377116508784,
    "precision": 0.6651657776885311,
    "power": 0.9286500455986826,
    "efficiency": 0.9542480183395904,
    "safety": 0.9459595400259239,
    "overall": 0.7494670354639421,
    "shoulder": 0.9881122498997794,
    "elbow": 0.9588328143512191,
    "wrist": 0.9708184518212045,
    "hip": 0.957039057821377,
    "knee": 0.7467693743231774,
    "ankle": 0.9563007542333508,
    "back": 0.8975097126124454,
    "neck": 0.7033399283634674
  },
  "recommendations": {
    "form": "Good form, continue practicing with current technique",
    "alignment": "Good alignment, maintain current technique",
    "stability": "Focus on maintaining proper posture and balance",
    "power": "Good power output, maintain current intensity"
  },
  "safety_considerations": []
}