{
  "power_generation": {
    "explosiveness": 0.7065038656786242,
    "force_transfer": 0.6579661176252822,
    "efficiency": 0.9464409177808952
  },
  "technical_metrics": {
    "precision": 0.9464523113088316,
    "consistency": 0.6050656209637626,
    "fluidity": 0.9642254594727286
  },
  "biomechanical_metrics": {
    "joint_loading": 0.7866853795329006,
    "muscle_activation": 0.659739052006399,
    "energy_efficiency": 0.856743487690889
  }
}