{
  "key_points": {
    "shoulders": [
      -0.15423246407546204,
      0.5913544251276935,
      0.01696900321819836
    ],
    "elbows": [
      0.27410590236484783,
      0.5776464186392409,
      -0.079094140141659
    ],
    "wrists": [
      -0.25499106402254973,
      0.47631933334930254,
      0.05577465487632316
    ],
    "hips": [
      -0.054460836675161994,
      0.4046594869569486,
      0.029628239276045576
    ],
    "knees": [
      0.005936622400662728,
      0.3548309497659763,
      0.05755051609480938
    ],
    "ankles": [
      -0.3995067716800053,
      0.19782053801010663,
      -0.09603235178054921
    ]
  },
  "angles": {
    "knee": 156.33652458136982,
    "hip": 114.86035249311574,
    "shoulder": 28.149813523947845,
    "elbow": 84.53620234144081
  },
  "analysis_scores": {
    "alignment": 0.6696387097533255,
    "balance": 0.6670808548149615,
    "form": 0.6567464215213442,
    "stability": 0.8940611067248221,
    "coordination": 0.8850937346646748,
    "precision": 0.8565387491733953,
    "power": 0.837820013902984,
    "efficiency": 0.9228149874127906,
    "safety": 0.6204716270670894,
    "overall": 0.7292030294501789,
    "shoulder": 0.7157516247662902,
    "elbow": 0.9029983214526403,
    "wrist": 0.6956358673064449,
    "hip": 0.8529209168983349,
    "knee": 0.9665066571568384,
    "ankle": 0.6738845514823794,
    "back": 0.9824062642010205,
    "neck": 0.9354242549712337
  },
  "recommendations": {
    "form": "Good form, continue practicing with current technique",
    "alignment": "Good alignment, maintain current technique",
    "stability": "Focus on maintaining proper posture and balance",
    "power": "Good power output, maintain current intensity"
  },
  "safety_considerations": [
    "Ensure proper hip hinge mechanics"
  ]
}