{
  "power_generation": {
    "explosiveness": 0.723656578579705,
    "force_transfer": 0.9868715420364667,
    "efficiency": 0.5889864416831099
  },
  "technical_metrics": {
    "precision": 0.6524960394010708,
    "consistency": 0.747213621581585,
    "fluidity": 0.5202158957805494
  },
  "biomechanical_metrics": {
    "joint_loading": 0.6850727153159021,
    "muscle_activation": 0.6372632325165597,
    "energy_efficiency": 0.5782976348094577
  }
}