{
  "key_points": {
    "shoulders": [
      -0.05447518765482959,
      0.6685311551758663,
      -0.029763470503180914
    ],
    "elbows": [
      0.164346713326105,
      0.5296145962038296,
      -0.07609348480155209
    ],
    "wrists": [
      0.3649619933074194,
      0.45382136667996475,
      0.05056458055550253
    ],
    "hips": [
      -0.08570552571918238,
      0.3072936482835401,
      -0.038708396386401736
    ],
    "knees": [
      -0.2993814029278671,
      0.23948018310358274,
      -0.01788421292787068
    ],
    "ankles": [
      0.24207760355603314,
      0.2791619871071858,
      0.018389692729901957
    ]
  },
  "angles": {
    "knee": 121.83966011825996,
    "hip": 134.57383512045195,
    "shoulder": 11.467050531772333,
    "elbow": 52.03644895626007
  },
  "analysis_scores": {
    "alignment": 0.8206841348921796,
    "balance": 0.9009889750115408,
    "form": 0.9257947400760547,
    "stability": 0.610493187174802,
    "coordination": 0.9463082969057809,
    "precision": 0.7800936657616083,
    "power": 0.8548893229604868,
    "efficiency": 0.9902581222883305,
    "safety": 0.7044794489262807,
    "overall": 0.6121975164008993,
    "shoulder": 0.9531880596830744,
    "elbow": 0.8462557780980038,
    "wrist": 0.8471663888709273,
    "hip": 0.6620253222697087,
    "knee": 0.9324231324711216,
    "ankle": 0.8303727684112553,
    "back": 0.8171064617368534,
    "neck": 0.638697479010301
  },
  "recommendations": {
    "form": "Good form, continue practicing with current technique",
    "alignment": "Work on maintaining symmetrical movement patterns",
    "stability": "Focus on maintaining proper posture and balance",
    "power": "Good power output, maintain current intensity"
  },
  "safety_considerations": []
}