{
  "power_generation": {
    "explosiveness": 0.8795994178092541,
    "force_transfer": 0.6089099680282108,
    "efficiency": 0.6165726210969236
  },
  "technical_metrics": {
    "precision": 0.8527817054868123,
    "consistency": 0.8546257026261626,
    "fluidity": 0.6678376062256244
  },
  "biomechanical_metrics": {
    "joint_loading": 0.6220243270147907,
    "muscle_activation": 0.8594305881708926,
    "energy_efficiency": 0.9358355517149304
  }
}