{
  "key_points": {
    "shoulders": [
      -0.1447608984621761,
      0.6783551889781941,
      0.0529430879882547
    ],
    "elbows": [
      -0.11576500243880056,
      0.5857021544956849,
      0.0989087747908654
    ],
    "wrists": [
      0.08408496276661453,
      0.3631855843823814,
      -0.07123286495241817
    ],
    "hips": [
      -0.15777268307828357,
      0.35856128582655106,
      -0.008223083203626608
    ],
    "knees": [
      0.2429158732112316,
      0.21556231516754304,
      0.028788322065109007
    ],
    "ankles": [
      0.30562584715803165,
      0.14021955075122122,
      0.0778350585623516
    ]
  },
  "angles": {
    "knee": 64.0502690364437,
    "hip": 72.51431025053719,
    "shoulder": 27.666821488696833,
    "elbow": 33.332507529386916
  },
  "analysis_scores": {
    "alignment": 0.9021716342893082,
    "balance": 0.6310645598043536,
    "form": 0.9516945929854902,
    "stability": 0.7659981441508392,
    "coordination": 0.7733460585037477,
    "precision": 0.8523983855002903,
    "power": 0.6641678889522679,
    "efficiency": 0.951568538265761,
    "safety": 0.6252443260858515,
    "overall": 0.8473173572436214,
    "shoulder": 0.9318909327954058,
    "elbow": 0.7028350995219985,
    "wrist": 0.9628490106547566,
    "hip": 0.8183973150385044,
    "knee": 0.9507380967187232,
    "ankle": 0.9920600415603599,
    "back": 0.6639827911872931,
    "neck": 0.8593059622781513
  },
  "recommendations": {
    "form": "Good form, continue practicing with current technique",
    "alignment": "Work on maintaining symmetrical movement patterns",
    "stability": "Good stability, continue with current technique",
    "power": "Consider increasing intensity gradually"
  },
  "safety_considerations": []
}