{
  "power_generation": {
    "explosiveness": 0.5100446178607085,
    "force_transfer": 0.5015781931662084,
    "efficiency": 0.6230718158113904
  },
  "technical_metrics": {
    "precision": 0.8046318581251064,
    "consistency": 0.8219871980219542,
    "fluidity": 0.8130677831951476
  },
  "biomechanical_metrics": {
    "joint_loading": 0.6818601514024933,
    "muscle_activation": 0.8433945161335858,
    "energy_efficiency": 0.6019323487519637
  }
}