{
  "key_points": {
    "shoulders": [
      -0.27263423975859263,
      0.5877627220384878,
      -0.05226278461035813
    ],
    "elbows": [
      0.17963849823913736,
      0.4642457821292648,
      -0.031247820289112493
    ],
    "wrists": [
      0.2489777542752909,
      0.36887576843472275,
      -0.19188238198305974
    ],
    "hips": [
      -0.07655689425099405,
      0.49546349098020315,
      0.15248004301067564
    ]
  },
  "angles": {
    "shoulder": 66.9916224086401,
    "elbow": 137.73827891613777
  },
  "analysis_scores": {
    "alignment": 0.9420778876203819,
    "balance": 0.9339593219718327,
    "form": 0.76285097129164,
    "stability": 0.6971371906236484,
    "coordination": 0.8222584969792244,
    "precision": 0.6538022612290494,
    "power": 0.8447604337644968,
    "efficiency": 0.6214305930039419,
    "safety": 0.961830644641303,
    "overall": 0.8504444013316412,
    "shoulder": 1.0,
    "elbow": 0.7769974809702263,
    "wrist": 0.9019656417254931,
    "hip": 0.9010331066101689,
    "knee": 0.6398083564659349,
    "ankle": 0.6173297115228155,
    "back": 0.7209135203844066,
    "neck": 0.6517966142380184
  },
  "recommendations": {
    "form": "Focus on maintaining proper joint angles during movement",
    "alignment": "Work on maintaining symmetrical movement patterns",
    "stability": "Good stability, continue with current technique",
    "power": "Good power output, maintain current intensity"
  },
  "safety_considerations": []
}