{
  "power_generation": {
    "explosiveness": 0.6614867917576974,
    "force_transfer": 0.6023064513242347,
    "efficiency": 0.7596598743259022
  },
  "technical_metrics": {
    "precision": 0.6127720390050737,
    "consistency": 0.5743900173692935,
    "fluidity": 0.6069212557977088
  },
  "biomechanical_metrics": {
    "joint_loading": 0.6241464639715628,
    "muscle_activation": 0.7198264689332001,
    "energy_efficiency": 0.7231493826983255
  }
}