{
  "key_points": {
    "shoulders": [
      -0.06409134295052762,
      0.5310660573471372,
      0.013262642503633043
    ],
    "elbows": [
      -0.24019627208880365,
      0.5075960119269479,
      -0.06408641205540713
    ],
    "wrists": [
      -0.3720964982372227,
      0.3140217701550342,
      -0.03544383556651731
    ],
    "hips": [
      -0.015126894160543969,
      0.3235782957354831,
      0.06997429864412463
    ],
    "knees": [
      -0.00231371559729171,
      0.36359902919282805,
      0.08164598798352968
    ],
    "ankles": [
      0.2547642923257276,
      0.17597338315681393,
      -0.01086585314199813
    ]
  },
  "angles": {
    "knee": 68.35708598286777,
    "hip": 106.2661276115732,
    "shoulder": 24.468428796939993,
    "elbow": 90.46918883354473
  },
  "analysis_scores": {
    "alignment": 0.6686826348766217,
    "balance": 0.926978549993333,
    "form": 0.8175537343728063,
    "stability": 0.6267222176074935,
    "coordination": 0.8373668416803275,
    "precision": 0.9435590836696589,
    "power": 0.8931563308810166,
    "efficiency": 0.6284581394278266,
    "safety": 0.8155511921203276,
    "overall": 0.9325530795310858,
    "shoulder": 0.8906067145306933,
    "elbow": 0.9282216057578364,
    "wrist": 0.9735123780371735,
    "hip": 0.9986973831218051,
    "knee": 0.8734327218051885,
    "ankle": 0.7020780863136272,
    "back": 0.7607778868136453,
    "neck": 0.6379767832940192
  },
  "recommendations": {
    "form": "Good form, continue practicing with current technique",
    "alignment": "Good alignment, maintain current technique",
    "stability": "Good stability, continue with current technique",
    "power": "Good power output, maintain current intensity"
  },
  "safety_considerations": []
}