{
  "power_generation": {
    "explosiveness": 0.7723746715167392,
    "force_transfer": 0.724722585505793,
    "efficiency": 0.5856987809569569
  },
  "technical_metrics": {
    "precision": 0.6980662907051196,
    "consistency": 0.6480578616197439,
    "fluidity": 0.9145927810870684
  },
  "biomechanical_metrics": {
    "joint_loading": 0.6876624221897696,
    "muscle_activation": 0.8319558658399449,
    "energy_efficiency": 0.967232139396111
  }
}