{
  "key_points": {
    "shoulders": [
      0.0002120184283225246,
      0.6809011298535319,
      0.08590619556349452
    ],
    "elbows": [
      -0.015103038023068727,
      0.5351890210349856,
      -0.012430865946137543
    ],
    "wrists": [
      0.2732419181821899,
      0.4252422454109649,
      -0.08975949672129505
    ],
    "hips": [
      0.03414912099276615,
      0.4510577868096011,
      -0.032252183874206905
    ],
    "knees": [
      0.2966791061345763,
      0.3210745143165468,
      0.019285659903527735
    ],
    "ankles": [
      -0.38239344930153396,
      0.16117516995170966,
      0.007437109411160131
    ]
  },
  "angles": {
    "knee": 147.91310239362764,
    "hip": 52.67442330642862,
    "shoulder": 64.53811889840408,
    "elbow": 150.66032643179474
  },
  "analysis_scores": {
    "alignment": 0.7096252519514394,
    "balance": 0.8920858025638104,
    "form": 0.6867562429754477,
    "stability": 0.7840404562536416,
    "coordination": 0.7015066436508599,
    "precision": 0.8435346451720106,
    "power": 0.6588064698543509,
    "efficiency": 0.723050465800863,
    "safety": 0.9549834437842066,
    "overall": 0.6536687382031838,
    "shoulder": 0.6479214565620605,
    "elbow": 0.6528138346083464,
    "wrist": 0.9054019356237852,
    "hip": 0.873233416097237,
    "knee": 0.9688716732372444,
    "ankle": 0.7348433276407293,
    "back": 0.6549973549812663,
    "neck": 0.9753007483315725
  },
  "recommendations": {
    "form": "Good form, continue practicing with current technique",
    "alignment": "Work on maintaining symmetrical movement patterns",
    "stability": "Good stability, continue with current technique",
    "power": "Consider increasing intensity gradually"
  },
  "safety_considerations": []
}