{
  "power_generation": {
    "explosiveness": 0.7039160399155231,
    "force_transfer": 0.9035038157411357,
    "efficiency": 0.904346497152065
  },
  "technical_metrics": {
    "precision": 0.6560087747530583,
    "consistency": 0.7367004632649545,
    "fluidity": 0.9228668372013845
  },
  "biomechanical_metrics": {
    "joint_loading": 0.7506420404159668,
    "muscle_activation": 0.5634300277799107,
    "energy_efficiency": 0.7085177906502034
  }
}