{
  "key_points": {
    "shoulders": [
      -0.09165208550857523,
      0.510928974977697,
      0.051444282528572444
    ],
    "elbows": [
      0.27336668747983167,
      0.5982164364292893,
      -0.057929848524102906
    ],
    "wrists": [
      0.3067626526403163,
      0.3056885739855952,
      0.036903184480036405
    ],
    "hips": [
      0.014199706619663827,
      0.4272476829149088,
      -0.030339793928623335
    ],
    "knees": [
      0.0009360061792865748,
      0.32091248692084745,
      -0.026125666751187646
    ],
    "ankles": [
      -0.22563479862060848,
      0.1951986901777611,
      -0.012730053181108175
    ]
  },
  "angles": {
    "knee": 42.83755346969195,
    "hip": 90.6568838893892,
    "shoulder": 43.99110621402283,
    "elbow": 112.12750682017118
  },
  "analysis_scores": {
    "alignment": 0.8220338701794171,
    "balance": 0.6082246032299352,
    "form": 0.9746725525595312,
    "stability": 0.7124796567269962,
    "coordination": 0.9049839817045746,
    "precision": 0.9049189439169788,
    "power": 0.9369360324784232,
    "efficiency": 0.9698902861729798,
    "safety": 0.666202941597505,
    "overall": 0.7595847413578304,
    "shoulder": 0.780357132263726,
    "elbow": 0.6916996342075459,
    "wrist": 0.6275243010909412,
    "hip": 0.7243005761576808,
    "knee": 0.693375639812387,
    "ankle": 0.7612358669452944,
    "back": 0.6275718495765599,
    "neck": 0.7649079582291702
  },
  "recommendations": {
    "form": "Good form, continue practicing with current technique",
    "alignment": "Work on maintaining symmetrical movement patterns",
    "stability": "Good stability, continue with current technique",
    "power": "Good power output, maintain current intensity"
  },
  "safety_considerations": [
    "Focus on maintaining proper back alignment to prevent injury",
    "Maintain proper shoulder mechanics to prevent impingement"
  ]
}