{
  "power_generation": {
    "explosiveness": 0.8067523575229858,
    "force_transfer": 0.8905378477058123,
    "efficiency": 0.8358300619302146
  },
  "technical_metrics": {
    "precision": 0.846890994428161,
    "consistency": 0.8896894244950102,
    "fluidity": 0.5387733107736355
  },
  "biomechanical_metrics": {
    "joint_loading": 0.5654560813678313,
    "muscle_activation": 0.9350571164912294,
    "energy_efficiency": 0.5581971094400725
  }
}