{
  "key_points": {
    "shoulders": [
      0.004384994127783204,
      0.5631801861055704,
      0.02281299353255392
    ],
    "elbows": [
      -0.09565597572219159,
      0.41542029306532935,
      -0.033733547421760865
    ],
    "wrists": [
      -0.3342469177924146,
      0.4291532605612778,
      0.030776930606570996
    ],
    "hips": [
      -0.037175718782247374,
      0.42302881545725285,
      0.024544087608459636
    ],
    "knees": [
      -0.24827774469064057,
      0.31795120313097286,
      0.0726795106680303
    ],
    "ankles": [
      -0.3300263630512845,
      0.23685605461165296,
      -0.014529937048607097
    ]
  },
  "angles": {
    "knee": 109.34085391780377,
    "hip": 56.6866180172049,
    "shoulder": 79.24475907132963,
    "elbow": 143.58439852850773
  },
  "analysis_scores": {
    "alignment": 0.9383883885181594,
    "balance": 0.8636251047446701,
    "form": 0.9723798208377787,
    "stability": 0.9340488723808276,
    "coordination": 0.8219356199169975,
    "precision": 0.82739582522506,
    "power": 0.6641866388701566,
    "efficiency": 0.7867770967428098,
    "safety": 0.9952311534639101,
    "overall": 0.7531674348924207,
    "shoulder": 0.6419703300360455,
    "elbow": 0.6264452403179902,
    "wrist": 0.602745490239657,
    "hip": 0.7667133490425562,
    "knee": 0.7005197825553615,
    "ankle": 0.8747296161540659,
    "back": 0.7007234969182198,
    "neck": 0.6663530015245034
  },
  "recommendations": {
    "form": "Good form, continue practicing with current technique",
    "alignment": "Good alignment, maintain current technique",
    "stability": "Good stability, continue with current technique",
    "power": "Good power output, maintain current intensity"
  },
  "safety_considerations": [
    "Ensure proper shoulder engagement to prevent impingement"
  ]
}