{
  "power_generation": {
    "explosiveness": 0.8298916698634619,
    "force_transfer": 0.9899082551012628,
    "efficiency": 0.6149084227710809
  },
  "technical_metrics": {
    "precision": 0.7616482350278093,
    "consistency": 0.9472013664789016,
    "fluidity": 0.6609202521586217
  },
  "biomechanical_metrics": {
    "joint_loading": 0.9652642111638253,
    "muscle_activation": 0.9313756244700611,
    "energy_efficiency": 0.6219498275245348
  }
}