{
  "key_points": {
    "shoulders": [
      0.13033488947693395,
      0.5549767146295471,
      -0.03144426821229784
    ],
    "elbows": [
      0.04771824019341009,
      0.4176692664808799,
      -0.07555175704671324
    ],
    "wrists": [
      0.3433640986666089,
      0.3498176218327287,
      0.014776487201586155
    ],
    "hips": [
      -0.0480833310328411,
      0.4874632723003823,
      0.041268626283384235
    ],
    "knees": [
      -0.2507647281364584,
      0.37523324763060684,
      -0.02336139602026291
    ],
    "ankles": [
      0.3935044727112823,
      0.14802714735897737,
      -0.03150859024568069
    ]
  },
  "angles": {
    "knee": 163.41353777146423,
    "hip": 167.4889685302567,
    "shoulder": 59.93480699595295,
    "elbow": 160.21767654804495
  },
  "analysis_scores": {
    "alignment": 0.7752986395490055,
    "balance": 0.673019763091447,
    "form": 0.822823702445058,
    "stability": 0.6175143306299974,
    "coordination": 0.6211137012660249,
    "precision": 0.6538900571738743,
    "power": 0.8290690755360516,
    "efficiency": 0.7476248070691471,
    "safety": 0.9992663704941179,
    "overall": 0.6318144367580366,
    "shoulder": 0.7509872044665364,
    "elbow": 0.9567310034338016,
    "wrist": 0.8464747476574727,
    "hip": 0.776100515147077,
    "knee": 0.7945360804723088,
    "ankle": 0.9780443639152135,
    "back": 0.6424556729954762,
    "neck": 0.9865198768530257
  },
  "recommendations": {
    "form": "Focus on maintaining proper joint angles during movement",
    "alignment": "Good alignment, maintain current technique",
    "stability": "Good stability, continue with current technique",
    "power": "Consider increasing intensity gradually"
  },
  "safety_considerations": []
}