{
  "power_generation": {
    "explosiveness": 0.8801194844872702,
    "force_transfer": 0.9826505389674245,
    "efficiency": 0.7056404175503105
  },
  "technical_metrics": {
    "precision": 0.6721630929393205,
    "consistency": 0.9650786732172574,
    "fluidity": 0.7386964766735225
  },
  "biomechanical_metrics": {
    "joint_loading": 0.6788185160055153,
    "muscle_activation": 0.6006413711440113,
    "energy_efficiency": 0.8399645075496767
  }
}