{
  "key_points": {
    "shoulders": [
      -0.11634890938704379,
      0.6209493931098137,
      -0.09940778832923954
    ],
    "elbows": [
      -0.11750213289522168,
      0.44305736497075004,
      0.0719740579884289
    ],
    "wrists": [
      0.3192058994479078,
      0.35883686594961317,
      0.04234901132406796
    ],
    "hips": [
      0.033514732625939236,
      0.4933017062106887,
      0.03294720018151892
    ],
    "knees": [
      -0.2939754030579782,
      0.3070199133126032,
      0.07476285912185576
    ],
    "ankles": [
      0.36572167048630544,
      0.27892355011219494,
      0.06920115674173982
    ]
  },
  "angles": {
    "knee": 25.568803423479313,
    "hip": 109.92405864885224,
    "shoulder": 18.02175689889575,
    "elbow": 29.05948880366204
  },
  "analysis_scores": {
    "alignment": 0.8894127346262681,
    "balance": 0.8437606209634216,
    "form": 0.7824457386249443,
    "stability": 0.7902530527834071,
    "coordination": 0.6223559132660375,
    "precision": 0.9837572322296606,
    "power": 0.8967975271719805,
    "efficiency": 0.8884562151966431,
    "safety": 0.9413863863920026,
    "overall": 0.8855620385174898,
    "shoulder": 0.6858343006562253,
    "elbow": 0.8826700495519969,
    "wrist": 0.9536880657279793,
    "hip": 0.9101800045054804,
    "knee": 0.7862923883427482,
    "ankle": 0.7686301804475435,
    "back": 0.771621405885857,
    "neck": 0.8369630168101354
  },
  "recommendations": {
    "form": "Good form, continue practicing with current technique",
    "alignment": "Good alignment, maintain current technique",
    "stability": "Focus on maintaining proper posture and balance",
    "power": "Consider increasing intensity gradually"
  },
  "safety_considerations": [
    "Ensure proper shoulder engagement to prevent impingement"
  ]
}