{
  "key_points": {
    "shoulders": [
      0.015242076206035404,
      0.6802836382493722,
      -0.05685763986525943
    ],
    "elbows": [
      -0.019049681093340376,
      0.5291399060511607,
      0.05371621954054673
    ],
    "wrists": [
      0.17588984796819407,
      0.3419033444641833,
      0.02172296486884928
    ],
    "hips": [
      0.15065689375886454,
      0.3667940516019266,
      -0.021506884260151987
    ],
    "knees": [
      -0.23279834479853764,
      0.3569691024069972,
      0.058692440909047544
    ],
    "ankles": [
      0.16290845371333584,
      0.26627382435036007,
      -0.05357289080751637
    ]
  },
  "angles": {
    "knee": 14.73678020107551,
    "hip": 87.41791455545852,
    "shoulder": 32.07408757140781,
    "elbow": 72.97001148401019
  },
  "analysis_scores": {
    "alignment": 0.7100987855160139,
    "balance": 0.9334823970777741,
    "form": 0.6774094975480117,
    "stability": 0.8109325709279479,
    "coordination": 0.8539724413407697,
    "precision": 0.6407814840553311,
    "power": 0.7738072501193831,
    "efficiency": 0.8362158124277969,
    "safety": 0.9663684138670102,
    "overall": 0.6103288096796416,
    "shoulder": 0.9429572516792959,
    "elbow": 0.6748827581490372,
    "wrist": 0.6253189990863384,
    "hip": 0.6734306954135256,
    "knee": 0.821237315778554,
    "ankle": 0.6929568655148598,
    "back": 0.8076443346105546,
    "neck": 0.982920259425919
  },
  "recommendations": {
    "form": "Focus on maintaining proper joint angles during movement",
    "alignment": "Work on maintaining symmetrical movement patterns",
    "stability": "Focus on maintaining proper posture and balance",
    "power": "Good power output, maintain current intensity"
  },
  "safety_considerations": []
}