{
  "power_generation": {
    "explosiveness": 0.6429158097069227,
    "force_transfer": 0.9690719050744521,
    "efficiency": 0.904451032682634
  },
  "technical_metrics": {
    "precision": 0.8270844579056036,
    "consistency": 0.9671591329315622,
    "fluidity": 0.6420461030205132
  },
  "biomechanical_metrics": {
    "joint_loading": 0.700947213114202,
    "muscle_activation": 0.7496223154825036,
    "energy_efficiency": 0.7008605935493495
  }
}