{
  "key_points": {
    "shoulders": [
      0.16832118074493907,
      0.6608130636501047,
      0.04512179544998535
    ],
    "elbows": [
      0.012646446174252979,
      0.4002537095069181,
      -0.0894563798222937
    ],
    "wrists": [
      0.05933931364448275,
      0.39107321061731193,
      -0.006794601720342602
    ],
    "hips": [
      -0.1525258299759861,
      0.4966290735475672,
      0.014869896731866158
    ],
    "knees": [
      -0.0006204892326681088,
      0.2820218559421201,
      -0.08900131811744512
    ],
    "ankles": [
      0.02995385577874171,
      0.13329798918305355,
      0.025657862459894598
    ]
  },
  "angles": {
    "knee": 83.70213883083836,
    "hip": 142.790824283493,
    "shoulder": 19.728144576498437,
    "elbow": 73.44729436838082
  },
  "analysis_scores": {
    "alignment": 0.9219250815761518,
    "balance": 0.9152606053126744,
    "form": 0.8090052165045438,
    "stability": 0.7061758797828476,
    "coordination": 0.6139561423044358,
    "precision": 0.6798459730538522,
    "power": 0.6216641465122433,
    "efficiency": 0.9127993201364012,
    "safety": 0.6193334541957067,
    "overall": 0.6101320178433514,
    "shoulder": 0.9256785273022493,
    "elbow": 0.8110963672958315,
    "wrist": 0.706344500875261,
    "hip": 0.8918567892191788,
    "knee": 0.7000158574512505,
    "ankle": 0.7032314018196739,
    "back": 0.7140814149713075,
    "neck": 0.9574044445472736
  },
  "recommendations": {
    "form": "Good form, continue practicing with current technique",
    "alignment": "Good alignment, maintain current technique",
    "stability": "Good stability, continue with current technique",
    "power": "Good power output, maintain current intensity"
  },
  "safety_considerations": [
    "Maintain hip stability to prevent groin injuries"
  ]
}