{
  "power_generation": {
    "explosiveness": 0.5400729991179912,
    "force_transfer": 0.9050257997178328,
    "efficiency": 0.9773032628605302
  },
  "technical_metrics": {
    "precision": 0.6909893817363331,
    "consistency": 0.9169417578708856,
    "fluidity": 0.936428174070479
  },
  "biomechanical_metrics": {
    "joint_loading": 0.873649081100865,
    "muscle_activation": 0.8699922421128128,
    "energy_efficiency": 0.673606376651512
  }
}