{
  "key_points": {
    "shoulders": [
      0.1839142349079117,
      0.6944280106000869,
      0.050638951886282174
    ],
    "elbows": [
      -0.07365612727155635,
      0.5953756257246368,
      -0.08537676585843179
    ],
    "wrists": [
      0.029035778638242693,
      0.36507507530476774,
      0.006382740961899169
    ],
    "hips": [
      0.08580197226917174,
      0.32430676279916,
      0.04092328302102474
    ],
    "knees": [
      0.09905458297026082,
      0.30020463349729654,
      0.04071631592527333
    ],
    "ankles": [
      0.08481947705183995,
      0.26455956487540944,
      -0.013178636886207643
    ]
  },
  "angles": {
    "knee": 134.24431345914047,
    "hip": 59.268436172535274,
    "shoulder": 61.409788672965526,
    "elbow": 100.84595290360545
  },
  "analysis_scores": {
    "alignment": 0.855093532957631,
    "balance": 0.9649846516558435,
    "form": 0.7778057233506837,
    "stability": 0.8821202402166616,
    "coordination": 0.6552685367631755,
    "precision": 0.8413006989818819,
    "power": 0.6569490731534936,
    "efficiency": 0.8429132602114751,
    "safety": 0.9012492686261264,
    "overall": 0.6054925773562103,
    "shoulder": 0.6986482690676002,
    "elbow": 0.6838000907830948,
    "wrist": 0.7176880446572901,
    "hip": 0.7381662044236694,
    "knee": 0.950878593811766,
    "ankle": 0.8529549288374867,
    "back": 0.8076379376596803,
    "neck": 0.698582192671642
  },
  "recommendations": {
    "form": "Focus on maintaining proper joint angles during movement",
    "alignment": "Good alignment, maintain current technique",
    "stability": "Good stability, continue with current technique",
    "power": "Good power output, maintain current intensity"
  },
  "safety_considerations": [
    "Maintain proper wrist alignment for ball control"
  ]
}