{
  "power_generation": {
    "explosiveness": 0.9598241965251688,
    "force_transfer": 0.7858140266843409,
    "efficiency": 0.5902829322953056
  },
  "technical_metrics": {
    "precision": 0.9146440425283788,
    "consistency": 0.8708212055778801,
    "fluidity": 0.509004547071308
  },
  "biomechanical_metrics": {
    "joint_loading": 0.884358273880042,
    "muscle_activation": 0.9839015436410206,
    "energy_efficiency": 0.7999570588441041
  }
}