{
  "key_points": {
    "shoulders": [
      0.0548091951006936,
      0.6584540371411562,
      -0.007412511223331461
    ],
    "elbows": [
      -0.251829007053276,
      0.5214791496316636,
      0.09650932883945035
    ],
    "wrists": [
      0.007193170273058769,
      0.4543752233819762,
      0.06355458256514473
    ],
    "hips": [
      -0.015803767529154522,
      0.4094446399697384,
      -0.024699797889558714
    ],
    "knees": [
      0.19587795781022183,
      0.21645804554218986,
      -0.031245290232977826
    ],
    "ankles": [
      0.09298609229268162,
      0.10221890715605059,
      -0.02954417496751638
    ]
  },
  "angles": {
    "knee": 99.84731832304017,
    "hip": 59.49411097590772,
    "shoulder": 30.563278240888174,
    "elbow": 153.59868546259858
  },
  "analysis_scores": {
    "alignment": 0.81234549106508,
    "balance": 0.9959391953524421,
    "form": 0.848404957162116,
    "stability": 0.6765821756582405,
    "coordination": 0.7343015220900655,
    "precision": 0.918026783663286,
    "power": 0.9460824634627109,
    "efficiency": 0.7428050034148272,
    "safety": 0.7542196709453546,
    "overall": 0.7413243675715071,
    "shoulder": 0.733351168852936,
    "elbow": 0.9741259870683985,
    "wrist": 0.9057348252786521,
    "hip": 0.8606862413595306,
    "knee": 0.8250460110093191,
    "ankle": 0.7776845472523165,
    "back": 0.9456536465807183,
    "neck": 0.9039885964691134
  },
  "recommendations": {
    "form": "Focus on maintaining proper joint angles during movement",
    "alignment": "Good alignment, maintain current technique",
    "stability": "Focus on maintaining proper posture and balance",
    "power": "Good power output, maintain current intensity"
  },
  "safety_considerations": [
    "Ensure proper knee alignment to prevent injury"
  ]
}