{
  "power_generation": {
    "explosiveness": 0.6627758411110326,
    "force_transfer": 0.9539527251896023,
    "efficiency": 0.7582047812409014
  },
  "technical_metrics": {
    "precision": 0.9286542773520645,
    "consistency": 0.612738788026537,
    "fluidity": 0.6314568278258759
  },
  "biomechanical_metrics": {
    "joint_loading": 0.5990182670623893,
    "muscle_activation": 0.6148142070827096,
    "energy_efficiency": 0.937561619406142
  }
}