{
  "key_points": {
    "shoulders": [
      -0.007474347255659319,
      0.5665108501536242,
      0.04884578984697194
    ],
    "elbows": [
      0.20026949983237702,
      0.5389415429050347,
      0.025389231058623396
    ],
    "wrists": [
      0.11234683367758214,
      0.455174137943913,
      -0.0030021938183015517
    ],
    "hips": [
      0.10050739383299379,
      0.448299752695283,
      0.04727847572984034
    ],
    "knees": [
      0.27259686037012915,
      0.32010641637127085,
      -0.08161620221532294
    ],
    "ankles": [
      0.11848918511877138,
      0.29794087346927556,
      -0.042361701143874324
    ]
  },
  "angles": {
    "knee": 53.08544544754663,
    "hip": 73.93718508421533,
    "shoulder": 23.74212347317015,
    "elbow": 101.90828165994435
  },
  "analysis_scores": {
    "alignment": 0.6337085558829413,
    "balance": 0.7010701939975867,
    "form": 0.8199776164005534,
    "stability": 0.9491260626076738,
    "coordination": 0.7396890246197566,
    "precision": 0.8208192669425735,
    "power": 0.8234763334166108,
    "efficiency": 0.6938050537814545,
    "safety": 0.873928174843835,
    "overall": 0.9250383989572875,
    "shoulder": 0.6147122904786508,
    "elbow": 0.7557130732195386,
    "wrist": 0.9173552357349763,
    "hip": 0.9261455808261638,
    "knee": 0.9656120172537246,
    "ankle": 0.6984931604539458,
    "back": 0.8737845032396403,
    "neck": 0.9975967141828506
  },
  "recommendations": {
    "form": "Good form, continue practicing with current technique",
    "alignment": "Work on maintaining symmetrical movement patterns",
    "stability": "Focus on maintaining proper posture and balance",
    "power": "Good power output, maintain current intensity"
  },
  "safety_considerations": []
}