{
  "key_points": {
    "shoulders": [
      -0.19526700556695276,
      0.5761420749365402,
      0.03134274534387291
    ],
    "elbows": [
      -0.12323544105310427,
      0.40806555524375243,
      0.018558375927487727
    ],
    "wrists": [
      -0.23889959529230265,
      0.4588583323532413,
      0.06325697758967333
    ],
    "hips": [
      0.1712083355118723,
      0.4950143376178969,
      -0.015671121230537155
    ],
    "knees": [
      -0.23864363268789465,
      0.2601795251801936,
      -0.05725716522166102
    ],
    "ankles": [
      0.2628344568558464,
      0.17193757903865245,
      0.010604209756203395
    ]
  },
  "angles": {
    "knee": 141.91719956545458,
    "hip": 55.280778821157476,
    "shoulder": 72.52473832618811,
    "elbow": 62.983271734449524
  },
  "analysis_scores": {
    "alignment": 0.8071977248604122,
    "balance": 0.7723336630961957,
    "form": 0.9607685521138455,
    "stability": 0.7336119834412239,
    "coordination": 0.962969527474396,
    "precision": 0.9487232517586729,
    "power": 0.8360400078551056,
    "efficiency": 0.6891859940735356,
    "safety": 0.7899836778432723,
    "overall": 0.9836955817665132,
    "shoulder": 0.7761478466380697,
    "elbow": 0.8816010516087953,
    "wrist": 0.7798782956374036,
    "hip": 0.9384831857842052,
    "knee": 0.8639224527137526,
    "ankle": 0.8169533999722635,
    "back": 0.739191802528683,
    "neck": 0.9001169630646418
  },
  "recommendations": {
    "form": "Good form, continue practicing with current technique",
    "alignment": "Good alignment, maintain current technique",
    "stability": "Good stability, continue with current technique",
    "power": "Consider increasing intensity gradually"
  },
  "safety_considerations": [
    "Ensure proper wrist positioning to prevent strain"
  ]
}