{
  "power_generation": {
    "explosiveness": 0.7527601736226794,
    "force_transfer": 0.6917022536582497,
    "efficiency": 0.940581744798415
  },
  "technical_metrics": {
    "precision": 0.6014321674962236,
    "consistency": 0.931665039170867,
    "fluidity": 0.6991643056401984
  },
  "biomechanical_metrics": {
    "joint_loading": 0.6978431575636203,
    "muscle_activation": 0.7357649397562432,
    "energy_efficiency": 0.8116771582428961
  }
}