{
  "key_points": {
    "shoulders": [
      -0.17931060720208822,
      0.6189600926658818,
      0.00944029932104333
    ],
    "elbows": [
      -0.054491710004404476,
      0.5687453963651276,
      -0.017143177351245265
    ],
    "wrists": [
      0.16961807399461049,
      0.4611231015401612,
      0.011626793541748587
    ],
    "hips": [
      -0.012752352396772831,
      0.4586292679846409,
      0.07181652279370374
    ],
    "knees": [
      -0.2942174635468638,
      0.3330193777067998,
      0.061959403264438745
    ],
    "ankles": [
      0.06629045028351654,
      0.12959027616792734,
      -0.09818091492217443
    ]
  },
  "angles": {
    "knee": 144.6623302589918,
    "hip": 125.36248667115446,
    "shoulder": 18.87190698878211,
    "elbow": 119.26692418947252
  },
  "analysis_scores": {
    "alignment": 0.812864437317804,
    "balance": 0.8673522150766366,
    "form": 0.7049986901758998,
    "stability": 0.9485218385457568,
    "coordination": 0.9290263757381219,
    "precision": 0.882103806170417,
    "power": 0.7283505853635057,
    "efficiency": 0.6213312568236045,
    "safety": 0.8883419785713508,
    "overall": 0.94261089595423,
    "shoulder": 0.7393196029161996,
    "elbow": 0.897931827962845,
    "wrist": 0.7594623414440378,
    "hip": 0.659176113874558,
    "knee": 0.6960630378845506,
    "ankle": 0.7442032472072371,
    "back": 0.8640642511173349,
    "neck": 0.7532590385269845
  },
  "recommendations": {
    "form": "Focus on maintaining proper joint angles during movement",
    "alignment": "Good alignment, maintain current technique",
    "stability": "Good stability, continue with current technique",
    "power": "Good power output, maintain current intensity"
  },
  "safety_considerations": []
}