{
  "power_generation": {
    "explosiveness": 0.7406501719296669,
    "force_transfer": 0.5077967546053592,
    "efficiency": 0.7996740824745499
  },
  "technical_metrics": {
    "precision": 0.831302398023671,
    "consistency": 0.7125886068364896,
    "fluidity": 0.6830501992689466
  },
  "biomechanical_metrics": {
    "joint_loading": 0.6182839542238693,
    "muscle_activation": 0.609490243827264,
    "energy_efficiency": 0.590834593377854
  }
}