{
  "key_points": {
    "shoulders": [
      0.11123746091950393,
      0.5109633164784999,
      0.0932872169832277
    ],
    "elbows": [
      0.16611016195203354,
      0.5826402281402561,
      0.0023265552180187915
    ],
    "wrists": [
      -0.00495364566975115,
      0.41068957760803604,
      0.05576855402986683
    ],
    "hips": [
      0.011428951159430017,
      0.392983841184324,
      -0.02063179337717616
    ],
    "knees": [
      -0.0705789176393623,
      0.2689018877620654,
      0.015441325747270016
    ],
    "ankles": [
      -0.3318043224857128,
      0.19092396131068962,
      -0.046320540184577944
    ]
  },
  "angles": {
    "knee": 24.72653453534129,
    "hip": 86.68003944513822,
    "shoulder": 23.20674199863556,
    "elbow": 162.5054441498493
  },
  "analysis_scores": {
    "alignment": 0.8668438822444342,
    "balance": 0.7835009987797332,
    "form": 0.7521443094460885,
    "stability": 0.6984019210161754,
    "coordination": 0.7762507432299791,
    "precision": 0.6621085454938078,
    "power": 0.7733539763894282,
    "efficiency": 0.795020185176702,
    "safety": 0.8246324216707398,
    "overall": 0.6261070991521083,
    "shoulder": 0.982430456963914,
    "elbow": 0.6343093842467619,
    "wrist": 0.8758354894214899,
    "hip": 0.8266353853139564,
    "knee": 0.7391172339707477,
    "ankle": 0.8893227135169695,
    "back": 0.9561061653841376,
    "neck": 0.9193112689048932
  },
  "recommendations": {
    "form": "Good form, continue practicing with current technique",
    "alignment": "Good alignment, maintain current technique",
    "stability": "Good stability, continue with current technique",
    "power": "Good power output, maintain current intensity"
  },
  "safety_considerations": []
}