{
  "key_points": {
    "shoulders": [
      0.15390167227227297,
      0.6372082583119648,
      0.0006941392560993326
    ],
    "elbows": [
      -0.017923727937689926,
      0.5057161306761153,
      0.009289895831177716
    ],
    "wrists": [
      -0.1463766110699406,
      0.43989009381634475,
      -0.0813200561399443
    ],
    "hips": [
      0.02231991414459178,
      0.49429966143990056,
      -0.06648517081963981
    ],
    "knees": [
      0.06559813387671354,
      0.35380004092287387,
      0.00824003041978924
    ],
    "ankles": [
      0.13620025863067475,
      0.27518236099665894,
      -0.05453874286020293
    ]
  },
  "angles": {
    "knee": 108.17816131568472,
    "hip": 78.04819747564005,
    "shoulder": 27.808157978180088,
    "elbow": 49.86039050371377
  },
  "analysis_scores": {
    "alignment": 0.8087058588055938,
    "balance": 0.9632617647308309,
    "form": 0.8100716882366024,
    "stability": 0.8588788974528179,
    "coordination": 0.6417417247901553,
    "precision": 0.7695156776318072,
    "power": 0.7106986611591384,
    "efficiency": 0.898972524100665,
    "safety": 0.738548791464501,
    "overall": 0.9782942385378539,
    "shoulder": 0.6156826198543838,
    "elbow": 0.9020522905386816,
    "wrist": 0.9174988059147634,
    "hip": 0.9558604563149407,
    "knee": 0.6551887332737089,
    "ankle": 0.9529009081840722,
    "back": 0.6144836518544192,
    "neck": 0.8112977320771798
  },
  "recommendations": {
    "form": "Good form, continue practicing with current technique",
    "alignment": "Good alignment, maintain current technique",
    "stability": "Good stability, continue with current technique",
    "power": "Consider increasing intensity gradually"
  },
  "safety_considerations": []
}