{
  "power_generation": {
    "explosiveness": 0.7916353657226978,
    "force_transfer": 0.7273222932377457,
    "efficiency": 0.7268734284551145
  },
  "technical_metrics": {
    "precision": 0.596303603708872,
    "consistency": 0.8276382663856411,
    "fluidity": 0.9870337011987733
  },
  "biomechanical_metrics": {
    "joint_loading": 0.8289603856923244,
    "muscle_activation": 0.7251960061776472,
    "energy_efficiency": 0.7286041910731509
  }
}