{
  "key_points": {
    "shoulders": [
      0.19651926007284204,
      0.5481274983222343,
      -0.056848919947115856
    ],
    "elbows": [
      0.19081355059170946,
      0.5231209357821639,
      -0.028559290989999875
    ],
    "wrists": [
      0.07568202191681739,
      0.4208334704249362,
      -0.0028278864287145933
    ],
    "hips": [
      -0.09129331034863442,
      0.4940104643344786,
      -0.025884005028014467
    ],
    "knees": [
      0.1966180991947401,
      0.3285985747774312,
      -0.051349597994023014
    ],
    "ankles": [
      -0.04851828367693861,
      0.14580402286768857,
      0.08111043751455432
    ]
  },
  "angles": {
    "knee": 102.60033949446141,
    "hip": 124.67683293485022,
    "shoulder": 56.07385812265536,
    "elbow": 82.249062824119
  },
  "analysis_scores": {
    "alignment": 0.9578823756965603,
    "balance": 0.9105666294830208,
    "form": 0.8352105499553981,
    "stability": 0.8025221130735373,
    "coordination": 0.9675787242572923,
    "precision": 0.601762689420935,
    "power": 0.7961262850373865,
    "efficiency": 0.8512840132902036,
    "safety": 0.6531588529170339,
    "overall": 0.7709642442982986,
    "shoulder": 0.9166589105249812,
    "elbow": 0.845988615666655,
    "wrist": 0.7295332775326303,
    "hip": 0.9616987664896415,
    "knee": 0.8717593912870227,
    "ankle": 0.80712192995234,
    "back": 0.6228133701598912,
    "neck": 0.7406824021139984
  },
  "recommendations": {
    "form": "Good form, continue practicing with current technique",
    "alignment": "Good alignment, maintain current technique",
    "stability": "Focus on maintaining proper posture and balance",
    "power": "Good power output, maintain current intensity"
  },
  "safety_considerations": [
    "Maintain proper wrist alignment to prevent wrist sprains"
  ]
}