{
  "power_generation": {
    "explosiveness": 0.8300287305854472,
    "force_transfer": 0.7100411517069799,
    "efficiency": 0.9474356440535918
  },
  "technical_metrics": {
    "precision": 0.8036639066891493,
    "consistency": 0.7533385608894367,
    "fluidity": 0.9355320745977016
  },
  "biomechanical_metrics": {
    "joint_loading": 0.707507374986442,
    "muscle_activation": 0.6454856822512663,
    "energy_efficiency": 0.583357567209772
  }
}