{
  "key_points": {
    "shoulders": [
      -0.044782303352356806,
      0.6949560166035287,
      -0.0627442997343854
    ],
    "elbows": [
      -0.2383600292229284,
      0.4409832864534792,
      -0.0834308599937841
    ],
    "wrists": [
      0.007747530636605049,
      0.3760961158944282,
      0.09563634118503195
    ],
    "hips": [
      -0.14345153109001085,
      0.3471871986725504,
      0.07770839331509119
    ],
    "knees": [
      -0.12351048950789315,
      0.3244612237858099,
      0.046871673098987765
    ],
    "ankles": [
      -0.31070528731404484,
      0.19543099865262903,
      -0.043500357873771205
    ]
  },
  "angles": {
    "knee": 119.6310354142464,
    "hip": 81.16141107907295,
    "shoulder": 15.395515855429313,
    "elbow": 119.4826998889029
  },
  "analysis_scores": {
    "alignment": 0.684743980453244,
    "balance": 0.8060225562001403,
    "form": 0.9392417327465991,
    "stability": 0.6361770536470919,
    "coordination": 0.8240033032644284,
    "precision": 0.9514056045571752,
    "power": 0.6436910753793149,
    "efficiency": 0.8815938302998838,
    "safety": 0.9097715454248878,
    "overall": 0.9718796120344319,
    "shoulder": 0.9228198746083321,
    "elbow": 0.6613583869163213,
    "wrist": 0.8914544979861048,
    "hip": 0.797488696759658,
    "knee": 0.6588932923532915,
    "ankle": 0.7733169050921855,
    "back": 0.8819155508356102,
    "neck": 0.6551635892008753
  },
  "recommendations": {
    "form": "Good form, continue practicing with current technique",
    "alignment": "Good alignment, maintain current technique",
    "stability": "Good stability, continue with current technique",
    "power": "Consider increasing intensity gradually"
  },
  "safety_considerations": [
    "Focus on maintaining proper back alignment to prevent injury"
  ]
}