{
  "power_generation": {
    "explosiveness": 0.7016549518774886,
    "force_transfer": 0.9477280586033217,
    "efficiency": 0.5091377595828901
  },
  "technical_metrics": {
    "precision": 0.7106106331808468,
    "consistency": 0.8212797808357568,
    "fluidity": 0.6005333101136028
  },
  "biomechanical_metrics": {
    "joint_loading": 0.8858271316308293,
    "muscle_activation": 0.753127212973823,
    "energy_efficiency": 0.7067072987125482
  }
}