{
  "key_points": {
    "shoulders": [
      -0.03280543271687045,
      0.5069267659891243,
      -0.019721847777571577
    ],
    "elbows": [
      0.00019381394482331782,
      0.4240392888446263,
      -0.03926326651002213
    ],
    "wrists": [
      0.013712761691914377,
      0.35172680065276357,
      0.0460865758463761
    ],
    "hips": [
      0.11579431404905366,
      0.34794273653097724,
      -0.05980846504307167
    ],
    "knees": [
      0.23547331594931925,
      0.206010562305998,
      -0.06006384005756196
    ],
    "ankles": [
      -0.3211590348666586,
      0.19954334995407536,
      -0.007791481919957335
    ]
  },
  "angles": {
    "knee": 120.66554316415312,
    "hip": 73.04981905175215,
    "shoulder": 35.95921664516196,
    "elbow": 134.77183488147494
  },
  "analysis_scores": {
    "alignment": 0.7675571974787905,
    "balance": 0.7195967444745279,
    "form": 0.9543618498115083,
    "stability": 0.9487765198878858,
    "coordination": 0.9670443492399879,
    "precision": 0.9940760937673507,
    "power": 0.8391066278154149,
    "efficiency": 0.6292402619819915,
    "safety": 0.9259135103195593,
    "overall": 0.9398156482870432,
    "shoulder": 0.9211284941344771,
    "elbow": 0.7242318830489779,
    "wrist": 0.8932930763321836,
    "hip": 0.8524518456359242,
    "knee": 0.6610193007929476,
    "ankle": 0.7972052745503133,
    "back": 0.6458003035008962,
    "neck": 0.6304447164682871
  },
  "recommendations": {
    "form": "Good form, continue practicing with current technique",
    "alignment": "Good alignment, maintain current technique",
    "stability": "Good stability, continue with current technique",
    "power": "Consider increasing intensity gradually"
  },
  "safety_considerations": [
    "Ensure proper kick technique to prevent knee injuries"
  ]
}