{
  "key_points": {
    "shoulders": [
      0.19580866882226672,
      0.5534682341516048,
      0.0004497044906257297
    ],
    "elbows": [
      0.139593164337245,
      0.4861539719070887,
      -0.04768276105048608
    ],
    "wrists": [
      0.09059855505187925,
      0.4837112928176738,
      0.00036372235300466405
    ],
    "hips": [
      0.0946563174294156,
      0.3813249752356191,
      -0.00502177808819515
    ],
    "knees": [
      0.09881169274082896,
      0.2711724565206391,
      0.08665751230049756
    ],
    "ankles": [
      0.10100658369423554,
      0.21771565435300722,
      0.03320319419289483
    ]
  },
  "angles": {
    "knee": 54.93276808614791,
    "hip": 126.50983539414179,
    "shoulder": 63.38024089303533,
    "elbow": 152.40553080070677
  },
  "analysis_scores": {
    "alignment": 0.8378345788518702,
    "balance": 0.7773062391851294,
    "form": 0.7682989136121481,
    "stability": 0.7661427678016006,
    "coordination": 0.7399296219915652,
    "precision": 0.7509792888641819,
    "power": 0.6149467458481115,
    "efficiency": 0.6482872175445449,
    "safety": 0.9963796268358597,
    "overall": 0.6252503075175584,
    "shoulder": 0.8654172593104125,
    "elbow": 0.918098260506472,
    "wrist": 0.7489628655812706,
    "hip": 0.8810490674648599,
    "knee": 0.7712269535502027,
    "ankle": 0.7420905452074215,
    "back": 0.7329528713549089,
    "neck": 0.7975481578576469
  },
  "recommendations": {
    "form": "Focus on maintaining proper joint angles during movement",
    "alignment": "Work on maintaining symmetrical movement patterns",
    "stability": "Good stability, continue with current technique",
    "power": "Good power output, maintain current intensity"
  },
  "safety_considerations": [
    "Maintain proper knee alignment during takeoff",
    "Ensure proper ankle stability"
  ]
}