{
  "power_generation": {
    "explosiveness": 0.8857911845467048,
    "force_transfer": 0.746546049913976,
    "efficiency": 0.5116253304536111
  },
  "technical_metrics": {
    "precision": 0.9440948036216505,
    "consistency": 0.9524314661785642,
    "fluidity": 0.8755106776746613
  },
  "biomechanical_metrics": {
    "joint_loading": 0.5091124856138698,
    "muscle_activation": 0.7283303181453946,
    "energy_efficiency": 0.9355540310909456
  }
}