{
  "key_points": {
    "shoulders": [
      -0.16820607388866043,
      0.5386522956315173,
      -0.010683097361673208
    ],
    "elbows": [
      -0.2804056310351252,
      0.49786664751550413,
      -0.07383663026415216
    ],
    "wrists": [
      0.32376351486090904,
      0.33918459743856644,
      0.05712627256315836
    ],
    "hips": [
      0.19170440385124748,
      0.4243823183997315,
      -0.08484001966617383
    ],
    "knees": [
      -0.18444662734382833,
      0.34313389905768593,
      0.02764087925017439
    ],
    "ankles": [
      -0.23458896327125853,
      0.13598552987626378,
      -0.038354240740109784
    ]
  },
  "angles": {
    "knee": 135.16389054950045,
    "hip": 42.25365303857796,
    "shoulder": 53.33838022512919,
    "elbow": 122.88228851746325
  },
  "analysis_scores": {
    "alignment": 0.7125991106871711,
    "balance": 0.7489816489530725,
    "form": 0.6289609109996972,
    "stability": 0.8969181653920405,
    "coordination": 0.873813446451795,
    "precision": 0.9433849948767559,
    "power": 0.6588359776839704,
    "efficiency": 0.8091971209178854,
    "safety": 0.9877511422467453,
    "overall": 0.7584561104646598,
    "shoulder": 0.6023943433585268,
    "elbow": 0.9312769505857333,
    "wrist": 0.8571695224171589,
    "hip": 0.9122012999711802,
    "knee": 0.8864194058157405,
    "ankle": 0.9681754880189083,
    "back": 0.9494397531066265,
    "neck": 0.7982846677289865
  },
  "recommendations": {
    "form": "Focus on maintaining proper joint angles during movement",
    "alignment": "Good alignment, maintain current technique",
    "stability": "Good stability, continue with current technique",
    "power": "Good power output, maintain current intensity"
  },
  "safety_considerations": [
    "Ensure proper kick technique to prevent knee injuries"
  ]
}