{
  "power_generation": {
    "explosiveness": 0.9029801484822988,
    "force_transfer": 0.5448476249953318,
    "efficiency": 0.6236562312575643
  },
  "technical_metrics": {
    "precision": 0.6924376408253101,
    "consistency": 0.9050248823058518,
    "fluidity": 0.8321342092645908
  },
  "biomechanical_metrics": {
    "joint_loading": 0.593934045164993,
    "muscle_activation": 0.9845091500091239,
    "energy_efficiency": 0.6282488183997015
  }
}