{
  "key_points": {
    "shoulders": [
      0.29870900484831514,
      0.6638992737007562,
      0.027655699490841956
    ],
    "hips": [
      -0.14516262554898773,
      0.5786967857986896,
      -0.17077530436610644
    ],
    "knees": [
      0.01247534610232548,
      0.4418862882167106,
      -0.08051865241577523
    ],
    "ankles": [
      0.4661302524289558,
      0.3836919149110554,
      0.04259308219961894
    ]
  },
  "angles": {
    "knee": 102.07463203403883,
    "hip": 56.72131251031734,
    "shoulder": 62.57260508215782
  },
  "analysis_scores": {
    "alignment": 0.7898084145706658,
    "balance": 0.6806532776695707,
    "form": 0.8120840948454824,
    "stability": 0.9572884187226759,
    "coordination": 0.7248595855169478,
    "precision": 0.7397899631577317,
    "power": 0.9050426250367049,
    "efficiency": 0.8456752212171555,
    "safety": 0.8326623708600436,
    "overall": 0.7197023351302639,
    "shoulder": 0.750910338878392,
    "elbow": 0.8423161159556818,
    "wrist": 0.6084135060081316,
    "hip": 1.0,
    "knee": 0.7390453381024634,
    "ankle": 0.7944770004471212,
    "back": 0.6164464197742625,
    "neck": 0.9191010263320227
  },
  "recommendations": {
    "form": "Good form, continue practicing with current technique",
    "alignment": "Good alignment, maintain current technique",
    "stability": "Good stability, continue with current technique",
    "power": "Good power output, maintain current intensity"
  },
  "safety_considerations": []
}