{
  "power_generation": {
    "explosiveness": 0.8135772475609269,
    "force_transfer": 0.9169977782008012,
    "efficiency": 0.6098264088593768
  },
  "technical_metrics": {
    "precision": 0.6620652154381408,
    "consistency": 0.8394843463303371,
    "fluidity": 0.7403530701972519
  },
  "biomechanical_metrics": {
    "joint_loading": 0.6521368087253632,
    "muscle_activation": 0.9309356993709108,
    "energy_efficiency": 0.7065942657040379
  }
}