{
  "key_points": {
    "shoulders": [
      0.029881576460401016,
      0.551112835525677,
      -0.09047839952019639
    ],
    "elbows": [
      -0.07621502351295029,
      0.4401867803443449,
      -0.005510214895224103
    ],
    "wrists": [
      0.08491956447247012,
      0.37659867739860287,
      0.07444083377942368
    ],
    "hips": [
      -0.12614048451619425,
      0.41749275050746354,
      -0.04675845355863011
    ],
    "knees": [
      0.19423197204371812,
      0.26442206192312323,
      -0.05880146584023008
    ],
    "ankles": [
      -0.23429068295777516,
      0.17366217583968863,
      0.01204120094048336
    ]
  },
  "angles": {
    "knee": 55.35942329366777,
    "hip": 30.341993062336297,
    "shoulder": 30.215729028475007,
    "elbow": 111.17794210092444
  },
  "analysis_scores": {
    "alignment": 0.668062069201651,
    "balance": 0.7078757221091558,
    "form": 0.682974153663743,
    "stability": 0.772968472933586,
    "coordination": 0.8317343869356544,
    "precision": 0.7632336821454749,
    "power": 0.7863436507646977,
    "efficiency": 0.7305893814874413,
    "safety": 0.7947526797091791,
    "overall": 0.9651271830384658,
    "shoulder": 0.727974488367648,
    "elbow": 0.8802870211414228,
    "wrist": 0.9634848538274741,
    "hip": 0.9251334654039698,
    "knee": 0.8735620899905505,
    "ankle": 0.7605556098754127,
    "back": 0.6445892363113633,
    "neck": 0.9495584271398356
  },
  "recommendations": {
    "form": "Good form, continue practicing with current technique",
    "alignment": "Good alignment, maintain current technique",
    "stability": "Good stability, continue with current technique",
    "power": "Good power output, maintain current intensity"
  },
  "safety_considerations": []
}