{
  "power_generation": {
    "explosiveness": 0.9051524760705978,
    "force_transfer": 0.5214841932638616,
    "efficiency": 0.9184334085268926
  },
  "technical_metrics": {
    "precision": 0.6249055164196267,
    "consistency": 0.729893591906638,
    "fluidity": 0.5836262526945356
  },
  "biomechanical_metrics": {
    "joint_loading": 0.6034849323008817,
    "muscle_activation": 0.8395389989107022,
    "energy_efficiency": 0.5379780155164964
  }
}