{
  "key_points": {
    "shoulders": [
      -0.12173598753936465,
      0.6415110413659538,
      -0.08838093177402706
    ],
    "elbows": [
      -0.1486676117049819,
      0.454083697413064,
      -0.05381224053323792
    ],
    "wrists": [
      0.0479855697614916,
      0.4708185194154264,
      0.08366926531561952
    ],
    "hips": [
      0.07906423341315294,
      0.4524321955983507,
      -0.06960289469122177
    ],
    "knees": [
      0.19690043663074858,
      0.3397774443983844,
      0.01956866063341159
    ],
    "ankles": [
      0.056924740255039186,
      0.2911651225864982,
      0.0870706637358554
    ]
  },
  "angles": {
    "knee": 101.23329955097648,
    "hip": 100.71426176276145,
    "shoulder": 36.56062416904806,
    "elbow": 97.16507922435767
  },
  "analysis_scores": {
    "alignment": 0.9783976343034118,
    "balance": 0.6799099424843038,
    "form": 0.948381974917894,
    "stability": 0.9861704061569633,
    "coordination": 0.9600752817585727,
    "precision": 0.9226989810444549,
    "power": 0.7970075936782908,
    "efficiency": 0.7201354018732827,
    "safety": 0.9161272063654413,
    "overall": 0.7518012198212294,
    "shoulder": 0.6853225580391726,
    "elbow": 0.8057782600050869,
    "wrist": 0.6693736060116536,
    "hip": 0.7444908347483584,
    "knee": 0.8444603808298792,
    "ankle": 0.6383685499161239,
    "back": 0.9069495439833414,
    "neck": 0.7770469941181065
  },
  "recommendations": {
    "form": "Good form, continue practicing with current technique",
    "alignment": "Good alignment, maintain current technique",
    "stability": "Good stability, continue with current technique",
    "power": "Good power output, maintain current intensity"
  },
  "safety_considerations": []
}