{
  "power_generation": {
    "explosiveness": 0.5050356791790827,
    "force_transfer": 0.5118768962625578,
    "efficiency": 0.9362699294069852
  },
  "technical_metrics": {
    "precision": 0.9447813587931377,
    "consistency": 0.9976252499564314,
    "fluidity": 0.5261459082184168
  },
  "biomechanical_metrics": {
    "joint_loading": 0.5400177055683111,
    "muscle_activation": 0.5593247119096787,
    "energy_efficiency": 0.8301664582836581
  }
}