{
  "key_points": {
    "shoulders": [
      0.1876601052239561,
      0.7163192683967221,
      -0.0010706018942635842
    ],
    "hips": [
      -0.13123456970505276,
      0.49942963554522934,
      -0.08916644876039959
    ],
    "knees": [
      -0.08902614872317385,
      0.3357329087043262,
      0.054342862151218085
    ],
    "ankles": [
      -0.23912076006105024,
      0.39092108396238795,
      -0.02035967494340743
    ]
  },
  "angles": {
    "knee": 63.68601197564475,
    "hip": 105.81700342446419,
    "shoulder": 32.20291649937237
  },
  "analysis_scores": {
    "alignment": 0.7276459250064702,
    "balance": 1.0,
    "form": 0.9468753203703937,
    "stability": 0.6881143753659378,
    "coordination": 0.6567597803638073,
    "precision": 0.7377196914812587,
    "power": 0.86144540612241,
    "efficiency": 0.9943669995341,
    "safety": 0.9336002764466077,
    "overall": 0.7819323209802904,
    "shoulder": 0.8551633664298266,
    "elbow": 0.7601871142466856,
    "wrist": 0.9193969342965771,
    "hip": 0.7980054893233967,
    "knee": 0.7253936826249859,
    "ankle": 1.0,
    "back": 0.9195468281410717,
    "neck": 0.6081039975977639
  },
  "recommendations": {
    "form": "Focus on maintaining proper joint angles during movement",
    "alignment": "Good alignment, maintain current technique",
    "stability": "Good stability, continue with current technique",
    "power": "Good power output, maintain current intensity"
  },
  "safety_considerations": []
}