{
  "power_generation": {
    "explosiveness": 0.7022353897825468,
    "force_transfer": 0.8336196382604224,
    "efficiency": 0.9367684451067406
  },
  "technical_metrics": {
    "precision": 0.6403354803202362,
    "consistency": 0.672686140412281,
    "fluidity": 0.955322481934773
  },
  "biomechanical_metrics": {
    "joint_loading": 0.6536467232307597,
    "muscle_activation": 0.6475012590010147,
    "energy_efficiency": 0.8766337603916887
  }
}