{
  "key_points": {
    "shoulders": [
      0.19774862499114415,
      0.6306040525945386,
      -0.002479272598703064
    ],
    "elbows": [
      -0.034855924814553796,
      0.5174285238797381,
      -0.0020222289510387903
    ],
    "wrists": [
      -0.07680312299944686,
      0.32632277521104247,
      0.026638012470685313
    ],
    "hips": [
      0.11654748529975095,
      0.31939963935049664,
      -0.007715722306876033
    ],
    "knees": [
      0.1352407811683693,
      0.3890070826358094,
      0.08802705145562492
    ],
    "ankles": [
      -0.13752176907915636,
      0.19617125732302193,
      -0.08460532044979684
    ]
  },
  "angles": {
    "knee": 71.07240527701877,
    "hip": 107.05924584861924,
    "shoulder": 33.13268550042236,
    "elbow": 98.23689213489965
  },
  "analysis_scores": {
    "alignment": 0.8705040745327917,
    "balance": 0.6072234758272432,
    "form": 0.9596459185776484,
    "stability": 0.8097470950319623,
    "coordination": 0.7786371868878676,
    "precision": 0.7063787563544903,
    "power": 0.6541171089341588,
    "efficiency": 0.6020408793103859,
    "safety": 0.7596329849394247,
    "overall": 0.8502013544461848,
    "shoulder": 0.7092644072454589,
    "elbow": 0.7473568557754131,
    "wrist": 0.7567964573455733,
    "hip": 0.8552457717064104,
    "knee": 0.9054358180767927,
    "ankle": 0.6236094715531071,
    "back": 0.9373552467344861,
    "neck": 0.9861384614104711
  },
  "recommendations": {
    "form": "Good form, continue practicing with current technique",
    "alignment": "Work on maintaining symmetrical movement patterns",
    "stability": "Good stability, continue with current technique",
    "power": "Good power output, maintain current intensity"
  },
  "safety_considerations": []
}