{
  "power_generation": {
    "explosiveness": 0.6850831608495166,
    "force_transfer": 0.8359379880895632,
    "efficiency": 0.920619689677823
  },
  "technical_metrics": {
    "precision": 0.6105838341674168,
    "consistency": 0.7119305003974195,
    "fluidity": 0.527786145889011
  },
  "biomechanical_metrics": {
    "joint_loading": 0.8949128630676912,
    "muscle_activation": 0.7890249470487961,
    "energy_efficiency": 0.5351044809288039
  }
}