{
  "key_points": {
    "shoulders": [
      -0.05529379372109569,
      0.6743713594567519,
      -0.09988976954078038
    ],
    "elbows": [
      -0.13778451654024773,
      0.4882485466967129,
      0.025272008346284125
    ],
    "wrists": [
      0.16709581108434668,
      0.4669587933921544,
      -0.07499667246837818
    ],
    "hips": [
      0.07863083999114012,
      0.45438098971825847,
      -0.09869255799636618
    ],
    "knees": [
      0.059475050318186895,
      0.3614118268719618,
      -0.0977623058663299
    ],
    "ankles": [
      -0.17579214044223015,
      0.1629388418839357,
      -0.09275194300140993
    ]
  },
  "angles": {
    "knee": 68.37131910390107,
    "hip": 37.89846626161419,
    "shoulder": 65.87806877131375,
    "elbow": 161.54641528244122
  },
  "analysis_scores": {
    "alignment": 0.7552984399389884,
    "balance": 0.6644828034090279,
    "form": 0.7726672575304409,
    "stability": 0.8033355012073751,
    "coordination": 0.6633106685034904,
    "precision": 0.9543799342670441,
    "power": 0.6543267081197058,
    "efficiency": 0.9160966587866622,
    "safety": 0.6746765211558333,
    "overall": 0.7447123258683069,
    "shoulder": 0.7547362672242584,
    "elbow": 0.9138321030471711,
    "wrist": 0.9352257147548222,
    "hip": 0.9518417189758316,
    "knee": 0.747019045068441,
    "ankle": 0.8421319097297917,
    "back": 0.7276251511285782,
    "neck": 0.9413332967803206
  },
  "recommendations": {
    "form": "Good form, continue practicing with current technique",
    "alignment": "Good alignment, maintain current technique",
    "stability": "Good stability, continue with current technique",
    "power": "Good power output, maintain current intensity"
  },
  "safety_considerations": [
    "Maintain proper knee alignment to prevent injury"
  ]
}