{
  "power_generation": {
    "explosiveness": 0.5892673897519904,
    "force_transfer": 0.886077973191147,
    "efficiency": 0.674608480012806
  },
  "technical_metrics": {
    "precision": 0.9314649362883989,
    "consistency": 0.5387733743225537,
    "fluidity": 0.5432446814402168
  },
  "biomechanical_metrics": {
    "joint_loading": 0.6551931975913043,
    "muscle_activation": 0.5378570658782502,
    "energy_efficiency": 0.7177698143281372
  }
}