{
  "key_points": {
    "shoulders": [
      0.1350554950360695,
      0.6300677504038812,
      0.019373167089443186
    ],
    "elbows": [
      -0.2108246704320183,
      0.435587384808749,
      0.05332947839764879
    ],
    "wrists": [
      -0.1813410670446608,
      0.31043532090808296,
      -0.06111452959536794
    ],
    "hips": [
      0.16609193141049866,
      0.3236888634568859,
      0.06712006300422943
    ],
    "knees": [
      0.2260264905386304,
      0.27184117763916876,
      0.09494678413193836
    ],
    "ankles": [
      0.18656102694891874,
      0.13301466347227497,
      0.08766601452773659
    ]
  },
  "angles": {
    "knee": 70.30126533174246,
    "hip": 146.30782453566331,
    "shoulder": 33.10830178901303,
    "elbow": 96.19344169035719
  },
  "analysis_scores": {
    "alignment": 0.6685669343412984,
    "balance": 0.9231377718522532,
    "form": 0.7129960299477069,
    "stability": 0.7260154546404113,
    "coordination": 0.6047597369873164,
    "precision": 0.8253148118086592,
    "power": 0.7431044796990913,
    "efficiency": 0.9318069087847883,
    "safety": 0.7902690552173642,
    "overall": 0.94309288383083,
    "shoulder": 0.8714147116561873,
    "elbow": 0.8445383520241451,
    "wrist": 0.6144697236241864,
    "hip": 0.7537348622492164,
    "knee": 0.615736422732738,
    "ankle": 0.6937184530638222,
    "back": 0.6809986870242347,
    "neck": 0.8080877353313607
  },
  "recommendations": {
    "form": "Good form, continue practicing with current technique",
    "alignment": "Good alignment, maintain current technique",
    "stability": "Good stability, continue with current technique",
    "power": "Good power output, maintain current intensity"
  },
  "safety_considerations": []
}