{
  "power_generation": {
    "explosiveness": 0.8739363676745405,
    "force_transfer": 0.9220587825329376,
    "efficiency": 0.7570101679190462
  },
  "technical_metrics": {
    "precision": 0.9449072865109258,
    "consistency": 0.6532627032251481,
    "fluidity": 0.6657452391909519
  },
  "biomechanical_metrics": {
    "joint_loading": 0.8209976063690902,
    "muscle_activation": 0.8825536907879656,
    "energy_efficiency": 0.5835943525715918
  }
}