{
  "key_points": {
    "shoulders": [
      -0.25184560859147387,
      0.7613899267315811,
      0.10070631401563251
    ],
    "hips": [
      0.2911229597194165,
      0.4541685157256946,
      -0.04867151924591262
    ],
    "knees": [
      -0.28933705644546337,
      0.32874723295516656,
      -0.17685430418809026
    ],
    "ankles": [
      0.2674239182907612,
      0.2147557224506425,
      -0.045890629237010344
    ]
  },
  "angles": {
    "knee": 50.240135957672194,
    "hip": 72.20669799677462,
    "shoulder": 39.74418327776655
  },
  "analysis_scores": {
    "alignment": 0.8416634151780664,
    "balance": 0.7976486772709419,
    "form": 0.8550279345380414,
    "stability": 0.6807565497863377,
    "coordination": 0.9292482406015388,
    "precision": 0.9786052699988242,
    "power": 0.8697129923300218,
    "efficiency": 0.7113134535180323,
    "safety": 0.6672778056507854,
    "overall": 0.9148165083765858,
    "shoulder": 0.6548377194741761,
    "elbow": 0.9952471375609494,
    "wrist": 0.7824452307076042,
    "hip": 0.9276498370501894,
    "knee": 0.8433684349683278,
    "ankle": 0.887569498703302,
    "back": 0.6637434776198752,
    "neck": 0.7136526316743731
  },
  "recommendations": {
    "form": "Good form, continue practicing with current technique",
    "alignment": "Good alignment, maintain current technique",
    "stability": "Good stability, continue with current technique",
    "power": "Good power output, maintain current intensity"
  },
  "safety_considerations": []
}