{
  "key_points": {
    "shoulders": [
      -0.023901476768010743,
      0.5866586522594827,
      0.0008967427281901114
    ],
    "elbows": [
      -0.2517445072905931,
      0.508969276014783,
      0.06152418154604061
    ],
    "wrists": [
      -0.15760395494362217,
      0.42483056770984945,
      -0.09577302361667857
    ],
    "hips": [
      0.04071561089735862,
      0.348654518230308,
      0.09561310135460518
    ],
    "knees": [
      -0.10520789785451479,
      0.36671207052783195,
      0.024312046651946972
    ],
    "ankles": [
      0.23190553947086812,
      0.23718901284951224,
      0.04760103203744381
    ]
  },
  "angles": {
    "knee": 140.89995735622756,
    "hip": 63.81462993338561,
    "shoulder": 49.67167379423748,
    "elbow": 155.97100366503395
  },
  "analysis_scores": {
    "alignment": 0.8334767361079274,
    "balance": 0.6226214183637261,
    "form": 0.9380731194645092,
    "stability": 0.9587986368893096,
    "coordination": 0.8127358958125872,
    "precision": 0.6545109035159451,
    "power": 0.9136079451071935,
    "efficiency": 0.7297157849222604,
    "safety": 0.8385498270845881,
    "overall": 0.7272096962936181,
    "shoulder": 0.6952141286733046,
    "elbow": 0.8036791835218176,
    "wrist": 0.7850133323078421,
    "hip": 0.6856388412579184,
    "knee": 0.706759803443594,
    "ankle": 0.7470519357351344,
    "back": 0.8648804418896285,
    "neck": 0.9034169444944196
  },
  "recommendations": {
    "form": "Good form, continue practicing with current technique",
    "alignment": "Work on maintaining symmetrical movement patterns",
    "stability": "Focus on maintaining proper posture and balance",
    "power": "Consider increasing intensity gradually"
  },
  "safety_considerations": []
}