{
  "power_generation": {
    "explosiveness": 0.5020535713891112,
    "force_transfer": 0.881873703439035,
    "efficiency": 0.6190764564387509
  },
  "technical_metrics": {
    "precision": 0.5207782644514368,
    "consistency": 0.8196162617666805,
    "fluidity": 0.5189932509168825
  },
  "biomechanical_metrics": {
    "joint_loading": 0.5413735356634938,
    "muscle_activation": 0.8797835969826189,
    "energy_efficiency": 0.5247914701326781
  }
}