{
  "key_points": {
    "shoulders": [
      -0.060575939083880675,
      0.6469591276992114,
      -0.051138469922555066
    ],
    "elbows": [
      -0.2675743368575672,
      0.48995221491269303,
      0.030786280022668977
    ],
    "wrists": [
      0.3083436856393674,
      0.36386174285011413,
      0.09136188974237189
    ],
    "hips": [
      -0.12231052304814938,
      0.36642829816331013,
      0.05396723018422453
    ],
    "knees": [
      -0.08077371260213254,
      0.21618966850570376,
      -0.03202221344143384
    ],
    "ankles": [
      -0.12286040555771399,
      0.16727556703925633,
      -0.04425503727120528
    ]
  },
  "angles": {
    "knee": 103.02629610935882,
    "hip": 60.941271101940785,
    "shoulder": 20.514974156976805,
    "elbow": 63.05475862460675
  },
  "analysis_scores": {
    "alignment": 0.7798774920731742,
    "balance": 0.8402470187191304,
    "form": 0.8639676611176585,
    "stability": 0.9355204339572116,
    "coordination": 0.97536786086909,
    "precision": 0.727790525274993,
    "power": 0.6238221888218053,
    "efficiency": 0.9732312757773626,
    "safety": 0.6912412127006755,
    "overall": 0.7078706195819588,
    "shoulder": 0.6451361694675563,
    "elbow": 0.665662220546039,
    "wrist": 0.8963512704795635,
    "hip": 0.9725099740312679,
    "knee": 0.9610946453220294,
    "ankle": 0.9735315220731051,
    "back": 0.8512565411590294,
    "neck": 0.7124773984127741
  },
  "recommendations": {
    "form": "Good form, continue practicing with current technique",
    "alignment": "Good alignment, maintain current technique",
    "stability": "Focus on maintaining proper posture and balance",
    "power": "Good power output, maintain current intensity"
  },
  "safety_considerations": []
}