{
  "key_points": {
    "shoulders": [
      0.11933332475453756,
      0.6421189714466501,
      0.08135582155215007
    ],
    "elbows": [
      0.16208433372388592,
      0.4249133908449615,
      -0.08411731382588952
    ],
    "wrists": [
      0.15561829088163281,
      0.3772168912108048,
      -0.011537829533484659
    ],
    "hips": [
      0.14939627525571803,
      0.42107876314973397,
      -0.06359386408734455
    ],
    "knees": [
      -0.06829585411219513,
      0.3246030582101962,
      0.02267263227821943
    ],
    "ankles": [
      0.15879972077532312,
      0.19431081028019448,
      -0.04327148252034836
    ]
  },
  "angles": {
    "knee": 41.78578403667861,
    "hip": 64.06089475906607,
    "shoulder": 54.69146390368105,
    "elbow": 138.53875776348008
  },
  "analysis_scores": {
    "alignment": 0.729127480311528,
    "balance": 0.7193517695014415,
    "form": 0.8590291347030603,
    "stability": 0.9939425005144499,
    "coordination": 0.950756323021535,
    "precision": 0.9728152627156422,
    "power": 0.6083030396876553,
    "efficiency": 0.6675921167851707,
    "safety": 0.6198693452180633,
    "overall": 0.956595022774057,
    "shoulder": 0.684713709520316,
    "elbow": 0.6790821313695397,
    "wrist": 0.9378163858140188,
    "hip": 0.811028096198093,
    "knee": 0.9302831032238716,
    "ankle": 0.6766170760788435,
    "back": 0.9830611959602314,
    "neck": 0.7314223657322002
  },
  "recommendations": {
    "form": "Good form, continue practicing with current technique",
    "alignment": "Good alignment, maintain current technique",
    "stability": "Focus on maintaining proper posture and balance",
    "power": "Good power output, maintain current intensity"
  },
  "safety_considerations": []
}