{
  "power_generation": {
    "explosiveness": 0.625363928530243,
    "force_transfer": 0.9846134060786078,
    "efficiency": 0.6922789271248134
  },
  "technical_metrics": {
    "precision": 0.9992785526912511,
    "consistency": 0.7340589598723627,
    "fluidity": 0.7761224276897991
  },
  "biomechanical_metrics": {
    "joint_loading": 0.6684748817019833,
    "muscle_activation": 0.6182558570041917,
    "energy_efficiency": 0.9834790750859884
  }
}