{
  "key_points": {
    "shoulders": [
      0.08088034124746124,
      0.5945280425574354,
      0.0850300290962279
    ],
    "elbows": [
      0.15119860724207712,
      0.5400551489929812,
      -0.09891497807259893
    ],
    "wrists": [
      0.2608810577231352,
      0.3906135864134179,
      0.004606059198776699
    ],
    "hips": [
      0.003033857731463696,
      0.3369036755953088,
      -0.02559337759510534
    ],
    "knees": [
      0.05536825290957065,
      0.34651075508672957,
      0.039546438472546935
    ],
    "ankles": [
      -0.093021814483284,
      0.11880857723210453,
      -0.059074728790661425
    ]
  },
  "angles": {
    "knee": 85.4541846808935,
    "hip": 90.34284294132196,
    "shoulder": 30.767412532797987,
    "elbow": 99.49702289745947
  },
  "analysis_scores": {
    "alignment": 0.6387094407952083,
    "balance": 0.8050241399822674,
    "form": 0.8218755399969617,
    "stability": 0.8050391175652316,
    "coordination": 0.8450901488343424,
    "precision": 0.9243895034234227,
    "power": 0.9280393478442494,
    "efficiency": 0.6138521379963274,
    "safety": 0.6691881557932747,
    "overall": 0.9466531026344186,
    "shoulder": 0.6715801285016647,
    "elbow": 0.7208832536763021,
    "wrist": 0.8059835040779174,
    "hip": 0.7956896112119018,
    "knee": 0.6102606502600164,
    "ankle": 0.9976853662644785,
    "back": 0.8109761549082957,
    "neck": 0.7107487956793496
  },
  "recommendations": {
    "form": "Good form, continue practicing with current technique",
    "alignment": "Good alignment, maintain current technique",
    "stability": "Good stability, continue with current technique",
    "power": "Good power output, maintain current intensity"
  },
  "safety_considerations": [
    "Focus on proper shoulder alignment to prevent impingement",
    "Maintain proper wrist alignment to prevent strain"
  ]
}