{
  "power_generation": {
    "explosiveness": 0.5138875790618245,
    "force_transfer": 0.9183858129604654,
    "efficiency": 0.5203284762675459
  },
  "technical_metrics": {
    "precision": 0.9862171919734541,
    "consistency": 0.7876845226177001,
    "fluidity": 0.9691141001555611
  },
  "biomechanical_metrics": {
    "joint_loading": 0.8546252783667163,
    "muscle_activation": 0.6828375394191836,
    "energy_efficiency": 0.6632786308665352
  }
}