{
  "power_generation": {
    "explosiveness": 0.8466104676615662,
    "force_transfer": 0.617814482663898,
    "efficiency": 0.8191433932186621
  },
  "technical_metrics": {
    "precision": 0.9012417225378351,
    "consistency": 0.9111284368171317,
    "fluidity": 0.8192139286641293
  },
  "biomechanical_metrics": {
    "joint_loading": 0.6849311356542649,
    "muscle_activation": 0.6969629416304302,
    "energy_efficiency": 0.9525573520379524
  }
}