{
  "power_generation": {
    "explosiveness": 0.7106421486038839,
    "force_transfer": 0.9225869597523291,
    "efficiency": 0.63056507233031
  },
  "technical_metrics": {
    "precision": 0.6129744187521714,
    "consistency": 0.5529891301767292,
    "fluidity": 0.7796248251196164
  },
  "biomechanical_metrics": {
    "joint_loading": 0.999797620709548,
    "muscle_activation": 0.5601902506717491,
    "energy_efficiency": 0.7009613458651669
  }
}