{
  "key_points": {
    "shoulders": [
      -0.03181858111911423,
      0.600863779424531,
      -0.016185983372057705
    ],
    "elbows": [
      0.010184371417193583,
      0.5030343809245625,
      0.09586403894573722
    ],
    "wrists": [
      0.025722888591290793,
      0.309947962952848,
      0.05878785918610549
    ],
    "hips": [
      -0.022643240377046014,
      0.3920440638673274,
      0.0958804753751146
    ],
    "knees": [
      0.20794499879068723,
      0.3807598684471605,
      -0.0702572715260289
    ],
    "ankles": [
      -0.04532915866682785,
      0.2885455012427006,
      0.06120585707320758
    ]
  },
  "angles": {
    "knee": 140.30790847934625,
    "hip": 83.7091957718482,
    "shoulder": 11.432082748221333,
    "elbow": 141.63429001046111
  },
  "analysis_scores": {
    "alignment": 0.8861525501690417,
    "balance": 0.6696664577163515,
    "form": 0.8212297559420043,
    "stability": 0.790774807848629,
    "coordination": 0.8048192649112649,
    "precision": 0.8424556356380851,
    "power": 0.7184641194162692,
    "efficiency": 0.6955673908710768,
    "safety": 0.6240379954938869,
    "overall": 0.9491278453267298,
    "shoulder": 0.9507167222012218,
    "elbow": 0.7365600643974982,
    "wrist": 0.9790392340242262,
    "hip": 0.6394112159112789,
    "knee": 0.944422103943178,
    "ankle": 0.9820786689488785,
    "back": 0.9096848659387914,
    "neck": 0.676092517071555
  },
  "recommendations": {
    "form": "Focus on maintaining proper joint angles during movement",
    "alignment": "Good alignment, maintain current technique",
    "stability": "Good stability, continue with current technique",
    "power": "Good power output, maintain current intensity"
  },
  "safety_considerations": []
}