{
  "power_generation": {
    "explosiveness": 0.6744154386695402,
    "force_transfer": 0.6307578803527218,
    "efficiency": 0.737498247269655
  },
  "technical_metrics": {
    "precision": 0.8385956267819585,
    "consistency": 0.9624531664429083,
    "fluidity": 0.8123488694879808
  },
  "biomechanical_metrics": {
    "joint_loading": 0.7873012294558617,
    "muscle_activation": 0.7690840599790938,
    "energy_efficiency": 0.7705292900397622
  }
}