{
  "key_points": {
    "shoulders": [
      0.10747312135657872,
      0.5667910438981629,
      -0.03243440066298246
    ],
    "elbows": [
      -0.27824617405614205,
      0.5616182351581824,
      0.03755894880451521
    ],
    "wrists": [
      -0.27840508943060754,
      0.47939434938704034,
      -0.060362200231578726
    ],
    "hips": [
      0.11101290997696939,
      0.3298350803801583,
      0.0026466181459319504
    ],
    "knees": [
      -0.2968527937218581,
      0.37691332181385084,
      0.04800914529638675
    ],
    "ankles": [
      0.3202701168503713,
      0.10510371756240784,
      0.07126389075018122
    ]
  },
  "angles": {
    "knee": 64.90003306681216,
    "hip": 87.7808086818871,
    "shoulder": 18.71837060295495,
    "elbow": 107.91540151746791
  },
  "analysis_scores": {
    "alignment": 0.6184516026896599,
    "balance": 0.8397820721772831,
    "form": 0.6986522870165982,
    "stability": 0.8906714931762165,
    "coordination": 0.6769048768565055,
    "precision": 0.6794064163349204,
    "power": 0.8339758491998439,
    "efficiency": 0.8913304374953124,
    "safety": 0.9155903519369938,
    "overall": 0.8276215719160118,
    "shoulder": 0.72635510774513,
    "elbow": 0.9776752160277684,
    "wrist": 0.866219182757606,
    "hip": 0.6350531241968991,
    "knee": 0.9508702751632883,
    "ankle": 0.793775090917604,
    "back": 0.8472944880251878,
    "neck": 0.6308150657467921
  },
  "recommendations": {
    "form": "Good form, continue practicing with current technique",
    "alignment": "Work on maintaining symmetrical movement patterns",
    "stability": "Good stability, continue with current technique",
    "power": "Good power output, maintain current intensity"
  },
  "safety_considerations": [
    "Maintain proper elbow alignment to prevent tennis elbow",
    "Ensure proper wrist positioning to prevent sprains"
  ]
}