{
  "power_generation": {
    "explosiveness": 0.8442620735606483,
    "force_transfer": 0.5953754271788254,
    "efficiency": 0.5419607116765581
  },
  "technical_metrics": {
    "precision": 0.5818844485504815,
    "consistency": 0.6487324001556072,
    "fluidity": 0.8377830915585864
  },
  "biomechanical_metrics": {
    "joint_loading": 0.5024453261065067,
    "muscle_activation": 0.7700420155048358,
    "energy_efficiency": 0.8652374050639531
  }
}