{
  "key_points": {
    "shoulders": [
      -0.05482148383274246,
      0.5354189736774142,
      -0.07071545523940473
    ],
    "elbows": [
      0.28981955066518633,
      0.5831905180744075,
      -0.03906648766753809
    ],
    "wrists": [
      -0.18553775294058808,
      0.4313221587490672,
      -0.0486023531697821
    ],
    "hips": [
      0.04586615474217681,
      0.444918077275675,
      0.08349912254018388
    ],
    "knees": [
      0.12808661813689104,
      0.23052368354147543,
      0.008220510815735785
    ],
    "ankles": [
      0.03344186336403582,
      0.25427082298281184,
      -0.020424031735453083
    ]
  },
  "angles": {
    "knee": 103.46787191255397,
    "hip": 149.97878185818806,
    "shoulder": 7.305724851641064,
    "elbow": 92.31908789034125
  },
  "analysis_scores": {
    "alignment": 0.647859200382354,
    "balance": 0.8565351817980162,
    "form": 0.8856411852099468,
    "stability": 0.9451413081292447,
    "coordination": 0.9073520876149261,
    "precision": 0.9756053500210946,
    "power": 0.7403736927840283,
    "efficiency": 0.9198409518419797,
    "safety": 0.7503977235068567,
    "overall": 0.7806046933469237,
    "shoulder": 0.7764521256409048,
    "elbow": 0.640646210009281,
    "wrist": 0.9939883718565542,
    "hip": 0.7246795201568423,
    "knee": 0.9502813196071398,
    "ankle": 0.6011311794641957,
    "back": 0.9195659647296744,
    "neck": 0.9510374068255631
  },
  "recommendations": {
    "form": "Good form, continue practicing with current technique",
    "alignment": "Good alignment, maintain current technique",
    "stability": "Good stability, continue with current technique",
    "power": "Good power output, maintain current intensity"
  },
  "safety_considerations": []
}