{
  "power_generation": {
    "explosiveness": 0.5329735287783137,
    "force_transfer": 0.7136005274500983,
    "efficiency": 0.8963755707907417
  },
  "technical_metrics": {
    "precision": 0.5873754872143897,
    "consistency": 0.655205607775509,
    "fluidity": 0.7377400256492361
  },
  "biomechanical_metrics": {
    "joint_loading": 0.6920120867782171,
    "muscle_activation": 0.7216644318911603,
    "energy_efficiency": 0.8476902397535839
  }
}