{
  "power_generation": {
    "explosiveness": 0.8848673643290812,
    "force_transfer": 0.9153988514842619,
    "efficiency": 0.9936367315651436
  },
  "technical_metrics": {
    "precision": 0.595626811855005,
    "consistency": 0.7613759931304268,
    "fluidity": 0.9566958447103571
  },
  "biomechanical_metrics": {
    "joint_loading": 0.5696723076566449,
    "muscle_activation": 0.8458052865191104,
    "energy_efficiency": 0.7091178985576745
  }
}