{
  "key_points": {
    "shoulders": [
      0.022819122645024892,
      0.5380995430074778,
      0.06861875716995353
    ],
    "elbows": [
      -0.28379854675447813,
      0.5580864900081222,
      0.0017143532563620445
    ],
    "wrists": [
      0.16459826534663924,
      0.41037628808594134,
      0.07615117972279137
    ],
    "hips": [
      0.09106781415772786,
      0.3912836037387333,
      0.03461351682067565
    ],
    "knees": [
      -0.0890595088678828,
      0.27650105129375013,
      -0.07407375186105658
    ],
    "ankles": [
      0.1439099882540935,
      0.1838118918295954,
      -0.0038311362099732876
    ]
  },
  "angles": {
    "knee": 109.64212169079592,
    "hip": 87.08489789577882,
    "shoulder": 37.33709512257006,
    "elbow": 127.5777959202583
  },
  "analysis_scores": {
    "alignment": 0.9630746726730244,
    "balance": 0.8915660153631833,
    "form": 0.9532357726326756,
    "stability": 0.6315801391022717,
    "coordination": 0.7220635031195554,
    "precision": 0.7346090490902475,
    "power": 0.8643317380102045,
    "efficiency": 0.8825166694690612,
    "safety": 0.7065670883646706,
    "overall": 0.6978635989991259,
    "shoulder": 0.6882735174490543,
    "elbow": 0.7950803335727893,
    "wrist": 0.7603151026773007,
    "hip": 0.8439029278998375,
    "knee": 0.8060889923739697,
    "ankle": 0.7605621833373921,
    "back": 0.9859396452277831,
    "neck": 0.7564455967319395
  },
  "recommendations": {
    "form": "Good form, continue practicing with current technique",
    "alignment": "Good alignment, maintain current technique",
    "stability": "Good stability, continue with current technique",
    "power": "Consider increasing intensity gradually"
  },
  "safety_considerations": []
}