{
  "power_generation": {
    "explosiveness": 0.8893640923690633,
    "force_transfer": 0.6945741758148889,
    "efficiency": 0.6871592279326719
  },
  "technical_metrics": {
    "precision": 0.6167506812963185,
    "consistency": 0.8327223840042997,
    "fluidity": 0.774124600259126
  },
  "biomechanical_metrics": {
    "joint_loading": 0.742672011318821,
    "muscle_activation": 0.7252661716212261,
    "energy_efficiency": 0.9828707213581171
  }
}