{
  "key_points": {
    "shoulders": [
      -0.08185061446662721,
      0.62999285800529,
      -0.030505945807371315
    ],
    "elbows": [
      -0.21410700533412913,
      0.5224751107246931,
      -0.0758871331405767
    ],
    "wrists": [
      0.3361958680597288,
      0.44002961760234427,
      0.03239358911292689
    ],
    "hips": [
      0.032174792830361065,
      0.30372169474149535,
      0.08422824184462219
    ],
    "knees": [
      0.08619741146887949,
      0.24845124770827348,
      0.048285032321175925
    ],
    "ankles": [
      -0.029870852602827014,
      0.2062314448265679,
      0.06542224007840314
    ]
  },
  "angles": {
    "knee": 58.063672156582136,
    "hip": 66.33831190912834,
    "shoulder": 65.23759070725751,
    "elbow": 71.09674209088656
  },
  "analysis_scores": {
    "alignment": 0.7162462008400419,
    "balance": 0.9458720000476839,
    "form": 0.8980576603120465,
    "stability": 0.9861081969149763,
    "coordination": 0.7791399725105254,
    "precision": 0.8785109520545316,
    "power": 0.6682966044742727,
    "efficiency": 0.7702383348398646,
    "safety": 0.7250770590423119,
    "overall": 0.8286826876402478,
    "shoulder": 0.6366896449910855,
    "elbow": 0.8803392049651723,
    "wrist": 0.7323489053061509,
    "hip": 0.7161800661907518,
    "knee": 0.7857615950535652,
    "ankle": 0.8714425446602188,
    "back": 0.8496461802408249,
    "neck": 0.8922452346485437
  },
  "recommendations": {
    "form": "Good form, continue practicing with current technique",
    "alignment": "Good alignment, maintain current technique",
    "stability": "Good stability, continue with current technique",
    "power": "Good power output, maintain current intensity"
  },
  "safety_considerations": []
}