{
  "power_generation": {
    "explosiveness": 0.6277049373029983,
    "force_transfer": 0.9807962943426799,
    "efficiency": 0.8304140082585074
  },
  "technical_metrics": {
    "precision": 0.9049266965717392,
    "consistency": 0.6418077554881633,
    "fluidity": 0.7519452677297016
  },
  "biomechanical_metrics": {
    "joint_loading": 0.5098014535452741,
    "muscle_activation": 0.9944046127639381,
    "energy_efficiency": 0.8128260719082683
  }
}