{
  "key_points": {
    "shoulders": [
      -0.03716598889319478,
      0.6117185894441597,
      0.02823283289004791
    ],
    "elbows": [
      0.19426341454435125,
      0.5806118073826916,
      0.024392959236264194
    ],
    "wrists": [
      0.23722490817900999,
      0.3303290991452485,
      -0.044073295247500144
    ],
    "hips": [
      0.18802398881241628,
      0.4518397683740536,
      0.036912852095009885
    ],
    "knees": [
      0.14665191779841186,
      0.20533348268387253,
      0.06716404475809201
    ],
    "ankles": [
      -0.32039060993927787,
      0.24476347168718543,
      0.07695973875987264
    ]
  },
  "angles": {
    "knee": 104.26593404581581,
    "hip": 150.10344886639695,
    "shoulder": 39.75665391669307,
    "elbow": 32.21790761272738
  },
  "analysis_scores": {
    "alignment": 0.7366511278374551,
    "balance": 0.9865140792071077,
    "form": 0.9345785758226297,
    "stability": 0.6842822194006548,
    "coordination": 0.8968949170865456,
    "precision": 0.6778764782927975,
    "power": 0.7851193963856513,
    "efficiency": 0.6196653507023597,
    "safety": 0.6166899784922955,
    "overall": 0.9889790193841129,
    "shoulder": 0.8943481949026059,
    "elbow": 0.9166404594612219,
    "wrist": 0.7566576574998394,
    "hip": 0.999319548177245,
    "knee": 0.929081477564602,
    "ankle": 0.9638466618678402,
    "back": 0.803613794017173,
    "neck": 0.9240217937941027
  },
  "recommendations": {
    "form": "Focus on maintaining proper joint angles during movement",
    "alignment": "Work on maintaining symmetrical movement patterns",
    "stability": "Good stability, continue with current technique",
    "power": "Good power output, maintain current intensity"
  },
  "safety_considerations": [
    "Maintain proper elbow alignment to prevent tennis elbow"
  ]
}