{
  "power_generation": {
    "explosiveness": 0.9055346484045859,
    "force_transfer": 0.6759323978250458,
    "efficiency": 0.7208475960873185
  },
  "technical_metrics": {
    "precision": 0.6248203562051794,
    "consistency": 0.9436846231672008,
    "fluidity": 0.5277747304675622
  },
  "biomechanical_metrics": {
    "joint_loading": 0.630437164030657,
    "muscle_activation": 0.8552308871010424,
    "energy_efficiency": 0.5742859300693712
  }
}