{
  "key_points": {
    "shoulders": [
      -0.10113290909476387,
      0.6987737335358396,
      -0.09644423752458793
    ],
    "elbows": [
      0.13122293558209064,
      0.48413085691593494,
      0.048015556518212626
    ],
    "wrists": [
      0.011042787526156173,
      0.30375660819833455,
      0.002078216072196909
    ],
    "hips": [
      -0.022963992689289114,
      0.34841606469901537,
      0.0040649561325850625
    ],
    "knees": [
      0.23084797058236822,
      0.3070886926890057,
      0.05171067643093499
    ],
    "ankles": [
      0.26158114571731905,
      0.14371733332447983,
      0.07764513589895289
    ]
  },
  "angles": {
    "knee": 83.81358344966603,
    "hip": 73.09932105087302,
    "shoulder": 17.549296880156156,
    "elbow": 92.42827172393898
  },
  "analysis_scores": {
    "alignment": 0.695654644279721,
    "balance": 0.857582778935204,
    "form": 0.7740709334262847,
    "stability": 0.6514048737174517,
    "coordination": 0.7346571586106642,
    "precision": 0.7984215704625512,
    "power": 0.7018991513398444,
    "efficiency": 0.7575184786847964,
    "safety": 0.8564299829597634,
    "overall": 0.8287860182849296,
    "shoulder": 0.8832037412357859,
    "elbow": 0.8478118081766768,
    "wrist": 0.8856070650353672,
    "hip": 0.7008516134608485,
    "knee": 0.7424173903372937,
    "ankle": 0.7050251465730171,
    "back": 0.7507196213733176,
    "neck": 0.9422215351516697
  },
  "recommendations": {
    "form": "Good form, continue practicing with current technique",
    "alignment": "Good alignment, maintain current technique",
    "stability": "Good stability, continue with current technique",
    "power": "Good power output, maintain current intensity"
  },
  "safety_considerations": [
    "Focus on proper knee alignment to prevent overuse injuries",
    "Ensure proper bike fit and body alignment"
  ]
}