{
  "power_generation": {
    "explosiveness": 0.5375309599715681,
    "force_transfer": 0.6314974699097727,
    "efficiency": 0.6350649718680376
  },
  "technical_metrics": {
    "precision": 0.723890100750227,
    "consistency": 0.5085844866309999,
    "fluidity": 0.8217891226686258
  },
  "biomechanical_metrics": {
    "joint_loading": 0.7599042940391767,
    "muscle_activation": 0.7126686001446709,
    "energy_efficiency": 0.8676083268325802
  }
}