{
  "key_points": {
    "shoulders": [
      -0.19215977997198508,
      0.5538308000801627,
      -0.008336182542521858
    ],
    "elbows": [
      -0.19554588353506364,
      0.48104179999876906,
      0.09986004407066315
    ],
    "wrists": [
      0.26050399668421353,
      0.33954366146650217,
      0.058064447930817414
    ],
    "hips": [
      -0.14403796803089475,
      0.45439136687591974,
      0.08968024091240051
    ],
    "knees": [
      0.09544562412128449,
      0.202910946262865,
      0.09200807522269844
    ],
    "ankles": [
      -0.2993835239468111,
      0.11561862608459095,
      0.026926178454834804
    ]
  },
  "angles": {
    "knee": 58.28497777968347,
    "hip": 132.31630375424547,
    "shoulder": 47.20378637922271,
    "elbow": 35.58176170289246
  },
  "analysis_scores": {
    "alignment": 0.8980263180730348,
    "balance": 0.8234911008404924,
    "form": 0.8782388530841454,
    "stability": 0.8089956471503243,
    "coordination": 0.6693081225911949,
    "precision": 0.6462444204271641,
    "power": 0.8542185563028835,
    "efficiency": 0.9765569250959456,
    "safety": 0.9164580092292458,
    "overall": 0.8326837253528064,
    "shoulder": 0.9527039245916302,
    "elbow": 0.6122854292069906,
    "wrist": 0.9708168249876513,
    "hip": 0.6041903316646069,
    "knee": 0.6469201716007731,
    "ankle": 0.9659695977939328,
    "back": 0.6994304968641378,
    "neck": 0.718216245500137
  },
  "recommendations": {
    "form": "Good form, continue practicing with current technique",
    "alignment": "Good alignment, maintain current technique",
    "stability": "Good stability, continue with current technique",
    "power": "Good power output, maintain current intensity"
  },
  "safety_considerations": []
}