{
  "power_generation": {
    "explosiveness": 0.680218024436868,
    "force_transfer": 0.5258276752408627,
    "efficiency": 0.5630709222032256
  },
  "technical_metrics": {
    "precision": 0.7354085510615216,
    "consistency": 0.5556676469734703,
    "fluidity": 0.9656656294521658
  },
  "biomechanical_metrics": {
    "joint_loading": 0.8624798541497368,
    "muscle_activation": 0.9256060544097293,
    "energy_efficiency": 0.8002303041734293
  }
}