{
  "key_points": {
    "shoulders": [
      -0.13715645505962548,
      0.6245512547934082,
      -0.017605255511369183
    ],
    "hips": [
      -0.037312180257611516,
      0.48862269641532685,
      0.09134371226687246
    ],
    "knees": [
      -0.24618800350484232,
      0.33639198249288826,
      -0.038454952141245086
    ],
    "ankles": [
      -0.3575037126911609,
      0.24381058838408265,
      0.006211958011967583
    ]
  },
  "angles": {
    "knee": 125.31618672036889,
    "hip": 91.79007038796257,
    "shoulder": 12.994779437020254
  },
  "analysis_scores": {
    "alignment": 1.0,
    "balance": 0.7825205934763556,
    "form": 0.9614924731928433,
    "stability": 0.6311833793031366,
    "coordination": 0.7812314769170609,
    "precision": 0.8119548601443335,
    "power": 0.9843253666146129,
    "efficiency": 0.8894401907086946,
    "safety": 0.8185426094668609,
    "overall": 0.8221218015488645,
    "shoulder": 0.7103683472221657,
    "elbow": 0.7853223301914773,
    "wrist": 0.7638184883438857,
    "hip": 0.7943369300122923,
    "knee": 0.8581690635374593,
    "ankle": 0.9815869904956082,
    "back": 0.8172747782939045,
    "neck": 0.8229285442826619
  },
  "recommendations": {
    "form": "Good form, continue practicing with current technique",
    "alignment": "Good alignment, maintain current technique",
    "stability": "Good stability, continue with current technique",
    "power": "Consider increasing intensity gradually"
  },
  "safety_considerations": []
}