{
  "power_generation": {
    "explosiveness": 0.9106063987788278,
    "force_transfer": 0.7902044018568484,
    "efficiency": 0.6642713423086681
  },
  "technical_metrics": {
    "precision": 0.9405815161374964,
    "consistency": 0.8276680752079092,
    "fluidity": 0.8183196650209202
  },
  "biomechanical_metrics": {
    "joint_loading": 0.9132833475657638,
    "muscle_activation": 0.7652517589420718,
    "energy_efficiency": 0.5703097177635512
  }
}