{
  "key_points": {
    "shoulders": [
      -0.011109926573674933,
      0.7539167401069634,
      0.1313165906803126
    ],
    "hips": [
      -0.3965387195912975,
      0.4653368634691232,
      0.12865902463676288
    ],
    "knees": [
      0.0849590514900832,
      0.3183767234221124,
      -0.08027019219117904
    ],
    "ankles": [
      0.2295442327818501,
      0.37854557287977497,
      -0.12279054735758921
    ]
  },
  "angles": {
    "knee": 51.78409369104626,
    "hip": 154.24354692683238,
    "shoulder": 73.35572836188241
  },
  "analysis_scores": {
    "alignment": 0.8769853317500071,
    "balance": 0.8953174644217414,
    "form": 0.7477152633264956,
    "stability": 0.9359891888578031,
    "coordination": 0.8913141867086709,
    "precision": 0.8284165957148936,
    "power": 0.7648906129399319,
    "efficiency": 0.9386681161493812,
    "safety": 0.9428431538215467,
    "overall": 0.6033383066168618,
    "shoulder": 0.8942954329742409,
    "elbow": 0.7011083823181381,
    "wrist": 0.9587157291356935,
    "hip": 1.0,
    "knee": 1.0,
    "ankle": 1.0,
    "back": 0.9703207712311428,
    "neck": 0.7899758507848342
  },
  "recommendations": {
    "form": "Good form, continue practicing with current technique",
    "alignment": "Good alignment, maintain current technique",
    "stability": "Good stability, continue with current technique",
    "power": "Good power output, maintain current intensity"
  },
  "safety_considerations": []
}