{
  "power_generation": {
    "explosiveness": 0.8488871064984259,
    "force_transfer": 0.9047401485536228,
    "efficiency": 0.740532992620983
  },
  "technical_metrics": {
    "precision": 0.6190352212377725,
    "consistency": 0.5980698395725119,
    "fluidity": 0.5724331414268609
  },
  "biomechanical_metrics": {
    "joint_loading": 0.7898270953055029,
    "muscle_activation": 0.7937538413566682,
    "energy_efficiency": 0.8861419514928823
  }
}