{
  "key_points": {
    "shoulders": [
      0.18507777769584083,
      0.5224774259491838,
      0.029894328986963953
    ],
    "elbows": [
      0.08414763276470866,
      0.5193312438856317,
      -0.015107126745130414
    ],
    "wrists": [
      -0.21839362701239953,
      0.44755164212434384,
      -0.09367593129128689
    ],
    "hips": [
      -0.07126799260056779,
      0.4773816795740454,
      0.07194525761817652
    ],
    "knees": [
      -0.1367853254517782,
      0.2930016998745905,
      0.07067003809417483
    ],
    "ankles": [
      0.17956234393181014,
      0.20192606506237298,
      0.04653990623622006
    ]
  },
  "angles": {
    "knee": 134.26840910821952,
    "hip": 111.13497753904926,
    "shoulder": 15.297671811014897,
    "elbow": 139.8493433089758
  },
  "analysis_scores": {
    "alignment": 0.9715924124300872,
    "balance": 0.7587004884938219,
    "form": 0.7150227594067783,
    "stability": 0.7122132016169158,
    "coordination": 0.7256658786035128,
    "precision": 0.9983837767158404,
    "power": 0.8955634257909355,
    "efficiency": 0.8824202776471158,
    "safety": 0.7210231621206771,
    "overall": 0.9768785078332155,
    "shoulder": 0.9731658777809922,
    "elbow": 0.7214852964205892,
    "wrist": 0.6120378869473555,
    "hip": 0.7867190159396051,
    "knee": 0.7784772136383953,
    "ankle": 0.7293986450826302,
    "back": 0.6565148984796115,
    "neck": 0.902404163949372
  },
  "recommendations": {
    "form": "Good form, continue practicing with current technique",
    "alignment": "Good alignment, maintain current technique",
    "stability": "Focus on maintaining proper posture and balance",
    "power": "Good power output, maintain current intensity"
  },
  "safety_considerations": []
}