{
  "power_generation": {
    "explosiveness": 0.8841548186132312,
    "force_transfer": 0.9543129917587653,
    "efficiency": 0.5355782176076018
  },
  "technical_metrics": {
    "precision": 0.7955058580873398,
    "consistency": 0.8027225025874731,
    "fluidity": 0.6630149397569179
  },
  "biomechanical_metrics": {
    "joint_loading": 0.8706901558361807,
    "muscle_activation": 0.8505329003892061,
    "energy_efficiency": 0.7033454828916637
  }
}