{
  "key_points": {
    "shoulders": [
      0.11527925856233012,
      0.7311098663542365,
      0.10096592349285965
    ],
    "hips": [
      0.20784022409010572,
      0.5039639820879575,
      -0.043981949296762135
    ],
    "knees": [
      -0.24398582171285788,
      0.40270476039555236,
      0.004491668931761866
    ],
    "ankles": [
      0.31390396540371024,
      0.22114272814072777,
      -0.1787300913072093
    ]
  },
  "angles": {
    "knee": 138.08817534006985,
    "hip": 103.8562833305769,
    "shoulder": 17.946543355253464
  },
  "analysis_scores": {
    "alignment": 0.717937009562408,
    "balance": 0.8572534343594601,
    "form": 0.6014098366704542,
    "stability": 0.7878830794260927,
    "coordination": 0.9356655744367144,
    "precision": 0.9165357294268293,
    "power": 0.9430282980497574,
    "efficiency": 0.8424194203461021,
    "safety": 0.6442535972724591,
    "overall": 0.6559494465176651,
    "shoulder": 0.9141204473736649,
    "elbow": 0.6331816422820058,
    "wrist": 0.9113113861926656,
    "hip": 0.7296637036950706,
    "knee": 1.0,
    "ankle": 1.0,
    "back": 0.9878166548757058,
    "neck": 0.818360985212475
  },
  "recommendations": {
    "form": "Good form, continue practicing with current technique",
    "alignment": "Good alignment, maintain current technique",
    "stability": "Focus on maintaining proper posture and balance",
    "power": "Good power output, maintain current intensity"
  },
  "safety_considerations": []
}