{
  "power_generation": {
    "explosiveness": 0.9713242490973256,
    "force_transfer": 0.9925798305447944,
    "efficiency": 0.5227818269656408
  },
  "technical_metrics": {
    "precision": 0.8250827939925527,
    "consistency": 0.5440587850291039,
    "fluidity": 0.6851060740856052
  },
  "biomechanical_metrics": {
    "joint_loading": 0.7996651019242049,
    "muscle_activation": 0.5720345152372365,
    "energy_efficiency": 0.6543624238319916
  }
}