{
  "key_points": {
    "shoulders": [
      -0.10570988287271997,
      0.655301489986391,
      -0.06156310917877139
    ],
    "elbows": [
      -0.009221047554031636,
      0.42172688657665997,
      -0.019496537045350038
    ],
    "wrists": [
      0.2522697216184393,
      0.4912432790609986,
      -0.01825926216623705
    ],
    "hips": [
      0.010163140508004986,
      0.45463612591616287,
      -0.022366810053940103
    ],
    "knees": [
      0.21001783447706773,
      0.2129512378125058,
      -0.008048421345553086
    ],
    "ankles": [
      0.2052671044421508,
      0.23466151393551005,
      0.078188341117305
    ]
  },
  "angles": {
    "knee": 165.95107934071612,
    "hip": 60.39736186626344,
    "shoulder": 58.88531763474038,
    "elbow": 109.06043264936173
  },
  "analysis_scores": {
    "alignment": 0.7576751194112614,
    "balance": 0.8604927508530259,
    "form": 0.6897964424451284,
    "stability": 0.634717970496643,
    "coordination": 0.8328120455882383,
    "precision": 0.8256590782949554,
    "power": 0.9340409008188615,
    "efficiency": 0.9006721360486276,
    "safety": 0.7558994796496725,
    "overall": 0.6002751608996214,
    "shoulder": 0.68374836692553,
    "elbow": 0.6962312767205023,
    "wrist": 0.9474509290033835,
    "hip": 0.72405533667957,
    "knee": 0.7816046689829697,
    "ankle": 0.8055305036371432,
    "back": 0.7485000249581754,
    "neck": 0.7652662501121728
  },
  "recommendations": {
    "form": "Good form, continue practicing with current technique",
    "alignment": "Good alignment, maintain current technique",
    "stability": "Good stability, continue with current technique",
    "power": "Good power output, maintain current intensity"
  },
  "safety_considerations": [
    "Maintain proper elbow alignment to prevent tennis elbow"
  ]
}