{
  "power_generation": {
    "explosiveness": 0.6702891566830708,
    "force_transfer": 0.5382659873203927,
    "efficiency": 0.6881355642492017
  },
  "technical_metrics": {
    "precision": 0.6574566614110637,
    "consistency": 0.5410191671968684,
    "fluidity": 0.8525149724330807
  },
  "biomechanical_metrics": {
    "joint_loading": 0.7354981159956646,
    "muscle_activation": 0.7241484011335976,
    "energy_efficiency": 0.7771917967507229
  }
}