{
  "power_generation": {
    "explosiveness": 0.5504972925578,
    "force_transfer": 0.6269369987427683,
    "efficiency": 0.8679464923380955
  },
  "technical_metrics": {
    "precision": 0.8690067564741438,
    "consistency": 0.6810852397991418,
    "fluidity": 0.6681953242904819
  },
  "biomechanical_metrics": {
    "joint_loading": 0.71467480503119,
    "muscle_activation": 0.8783445528522598,
    "energy_efficiency": 0.9241322909492555
  }
}