{
  "power_generation": {
    "explosiveness": 0.8008528556299399,
    "force_transfer": 0.7319164938821626,
    "efficiency": 0.759804639617012
  },
  "technical_metrics": {
    "precision": 0.5686611838536131,
    "consistency": 0.6905083435764756,
    "fluidity": 0.5878881327621623
  },
  "biomechanical_metrics": {
    "joint_loading": 0.8610956558183556,
    "muscle_activation": 0.8462216918771384,
    "energy_efficiency": 0.5859669125355107
  }
}