{
  "key_points": {
    "shoulders": [
      0.18431963166386567,
      0.5782816007629672,
      -0.07726127967037588
    ],
    "elbows": [
      0.28400534342284217,
      0.5204821870098257,
      -0.008295699937091075
    ],
    "wrists": [
      -0.3727411357946373,
      0.3210223751550391,
      -0.043217579695671415
    ],
    "hips": [
      0.000597415999404799,
      0.4596652181394136,
      -0.03960406301757209
    ],
    "knees": [
      0.02260276914055398,
      0.24700520441801166,
      -0.03281614402082436
    ],
    "ankles": [
      -0.06217253393220823,
      0.15932786359763243,
      0.017697773368731615
    ]
  },
  "angles": {
    "knee": 110.37259325852483,
    "hip": 128.94049681904792,
    "shoulder": 50.38582960567775,
    "elbow": 84.04214424643929
  },
  "analysis_scores": {
    "alignment": 0.8914963269990913,
    "balance": 0.958368492641098,
    "form": 0.8206281638213494,
    "stability": 0.6239709659983275,
    "coordination": 0.6686293251953558,
    "precision": 0.7931647504685863,
    "power": 0.7040884915013428,
    "efficiency": 0.6303824181515564,
    "safety": 0.6436434095322549,
    "overall": 0.8596484247952747,
    "shoulder": 0.8142645302863524,
    "elbow": 0.8996339393094699,
    "wrist": 0.8274791271723536,
    "hip": 0.709624552247522,
    "knee": 0.956316933788184,
    "ankle": 0.9018822245689206,
    "back": 0.7337098092393399,
    "neck": 0.8355765381080269
  },
  "recommendations": {
    "form": "Good form, continue practicing with current technique",
    "alignment": "Good alignment, maintain current technique",
    "stability": "Good stability, continue with current technique",
    "power": "Good power output, maintain current intensity"
  },
  "safety_considerations": []
}