{
  "power_generation": {
    "explosiveness": 0.7816819432064603,
    "force_transfer": 0.7387776567026483,
    "efficiency": 0.811260658236867
  },
  "technical_metrics": {
    "precision": 0.9020815312811054,
    "consistency": 0.9762013851422462,
    "fluidity": 0.7815781557235693
  },
  "biomechanical_metrics": {
    "joint_loading": 0.78095748241247,
    "muscle_activation": 0.9425722399868377,
    "energy_efficiency": 0.7716472547610809
  }
}