{
  "key_points": {
    "shoulders": [
      0.15937691923761838,
      0.5154023628761141,
      0.02638394194213131
    ],
    "elbows": [
      0.2912633123758985,
      0.4224417649026231,
      -0.04215905615903546
    ],
    "wrists": [
      0.002668054240482498,
      0.40056891936852207,
      -0.08812700648174682
    ],
    "hips": [
      0.12809942120924672,
      0.3523183497742137,
      0.026162408275003157
    ],
    "knees": [
      0.10298178309982886,
      0.2740032276813378,
      -0.06566418988203344
    ],
    "ankles": [
      -0.07563745787785531,
      0.24559023989086515,
      0.03786789278163821
    ]
  },
  "angles": {
    "knee": 91.13740131615651,
    "hip": 81.422154056775,
    "shoulder": 30.34909129072729,
    "elbow": 119.62143098268659
  },
  "analysis_scores": {
    "alignment": 0.883143075024355,
    "balance": 0.7650330179503428,
    "form": 0.7906612223563442,
    "stability": 0.7248006991773714,
    "coordination": 0.9109013374543713,
    "precision": 0.6987171294922417,
    "power": 0.7209750355658946,
    "efficiency": 0.8984262058391457,
    "safety": 0.947694951462217,
    "overall": 0.6587298061793962,
    "shoulder": 0.860538289625868,
    "elbow": 0.7402772964953638,
    "wrist": 0.8929105912641571,
    "hip": 0.7526676672690329,
    "knee": 0.7735906730414219,
    "ankle": 0.853939339817924,
    "back": 0.8170012995618805,
    "neck": 0.8362750574225036
  },
  "recommendations": {
    "form": "Good form, continue practicing with current technique",
    "alignment": "Work on maintaining symmetrical movement patterns",
    "stability": "Focus on maintaining proper posture and balance",
    "power": "Good power output, maintain current intensity"
  },
  "safety_considerations": []
}