{
  "key_points": {
    "shoulders": [
      -0.04379771077178507,
      0.5943538061445699,
      -0.09794094286620453
    ],
    "elbows": [
      0.17217473850769954,
      0.40767604740078056,
      -0.07174456043886789
    ],
    "wrists": [
      -0.3273303992250378,
      0.3073371846360882,
      0.01256690502016626
    ],
    "hips": [
      -0.1361509188554374,
      0.3182863352860131,
      -0.08596882541508014
    ],
    "knees": [
      0.20399687975614772,
      0.30976742314167466,
      0.06764954817694602
    ],
    "ankles": [
      -0.01946204906672977,
      0.23718584771995502,
      0.09278708186060092
    ]
  },
  "angles": {
    "knee": 90.31894252048038,
    "hip": 143.55665324060976,
    "shoulder": 29.964566500788223,
    "elbow": 118.11731412410923
  },
  "analysis_scores": {
    "alignment": 0.9972457105261332,
    "balance": 0.758316434051481,
    "form": 0.7425450486567797,
    "stability": 0.701798642807781,
    "coordination": 0.6369143579979162,
    "precision": 0.666211219014466,
    "power": 0.9547080799389822,
    "efficiency": 0.6382885984088289,
    "safety": 0.7696030352996187,
    "overall": 0.9302187433035045,
    "shoulder": 0.6316626386626032,
    "elbow": 0.8297915075837876,
    "wrist": 0.6838874407748852,
    "hip": 0.8084168387771307,
    "knee": 0.8092174659534561,
    "ankle": 0.923123214138299,
    "back": 0.9261495915788455,
    "neck": 0.7592186403209275
  },
  "recommendations": {
    "form": "Good form, continue practicing with current technique",
    "alignment": "Good alignment, maintain current technique",
    "stability": "Focus on maintaining proper posture and balance",
    "power": "Good power output, maintain current intensity"
  },
  "safety_considerations": []
}