{
  "power_generation": {
    "explosiveness": 0.7911972173707988,
    "force_transfer": 0.7152957553690311,
    "efficiency": 0.7109701890667952
  },
  "technical_metrics": {
    "precision": 0.9429069950483697,
    "consistency": 0.5139686655344995,
    "fluidity": 0.7613043519588385
  },
  "biomechanical_metrics": {
    "joint_loading": 0.7215381212822229,
    "muscle_activation": 0.8688943320417241,
    "energy_efficiency": 0.5632960004607448
  }
}