{
  "key_points": {
    "shoulders": [
      -0.09476984656540371,
      0.6652350299022924,
      0.04631094617338535
    ],
    "elbows": [
      0.26635290968648934,
      0.46915159028319303,
      0.07068933911592021
    ],
    "wrists": [
      -0.34038990603688285,
      0.4159639933027172,
      0.07842670237596702
    ],
    "hips": [
      0.01681366429101422,
      0.38685497169919103,
      0.06635344001152105
    ],
    "knees": [
      0.06689507350041174,
      0.3137391289881665,
      -0.026090852641692336
    ],
    "ankles": [
      -0.05247405719494014,
      0.12130999613688596,
      -0.0866914811162125
    ]
  },
  "angles": {
    "knee": 27.897642115630482,
    "hip": 100.02010258798002,
    "shoulder": 35.33134673304424,
    "elbow": 141.9768340116286
  },
  "analysis_scores": {
    "alignment": 0.8924072192565167,
    "balance": 0.6051617904566345,
    "form": 0.808006016200177,
    "stability": 0.9047518168314889,
    "coordination": 0.8345145514029129,
    "precision": 0.8324642282464526,
    "power": 0.6746100176688098,
    "efficiency": 0.902992116400078,
    "safety": 0.7497534224062089,
    "overall": 0.7353202223670052,
    "shoulder": 0.7191569428238169,
    "elbow": 0.9044448452958723,
    "wrist": 0.8488673480351989,
    "hip": 0.6010919924743786,
    "knee": 0.9971141880370381,
    "ankle": 0.9708545523703004,
    "back": 0.974260352748516,
    "neck": 0.8345843823104473
  },
  "recommendations": {
    "form": "Good form, continue practicing with current technique",
    "alignment": "Good alignment, maintain current technique",
    "stability": "Good stability, continue with current technique",
    "power": "Good power output, maintain current intensity"
  },
  "safety_considerations": []
}