{
  "power_generation": {
    "explosiveness": 0.7878445827536724,
    "force_transfer": 0.8443387268436273,
    "efficiency": 0.7074491486103927
  },
  "technical_metrics": {
    "precision": 0.7404438270327587,
    "consistency": 0.8935123223191478,
    "fluidity": 0.9725869494786646
  },
  "biomechanical_metrics": {
    "joint_loading": 0.7440416566913114,
    "muscle_activation": 0.8401407096256752,
    "energy_efficiency": 0.53877352277982
  }
}