{
  "key_points": {
    "shoulders": [
      0.14617954765483482,
      0.5602460056679679,
      0.09191756989922772
    ],
    "elbows": [
      -0.1832447626639365,
      0.5338872143209583,
      0.033465759409816886
    ],
    "wrists": [
      -0.1829016855900717,
      0.36981902694798197,
      0.011749893738945374
    ],
    "hips": [
      -0.0023511846495303246,
      0.3713104335050534,
      -0.09877350354753578
    ],
    "knees": [
      -0.0715945697893084,
      0.34055674689656606,
      0.03697657097490034
    ],
    "ankles": [
      0.34872478054300715,
      0.2649886031547859,
      0.004414710048567458
    ]
  },
  "angles": {
    "knee": 50.18738474262462,
    "hip": 156.19106172296554,
    "shoulder": 60.26429681921917,
    "elbow": 106.14134795045248
  },
  "analysis_scores": {
    "alignment": 0.8231559127645351,
    "balance": 0.6578553482860486,
    "form": 0.737813070795419,
    "stability": 0.8096647106830359,
    "coordination": 0.7453628444257849,
    "precision": 0.6124841275694372,
    "power": 0.8367201345157321,
    "efficiency": 0.8154516757428792,
    "safety": 0.9238556059560131,
    "overall": 0.732028600517848,
    "shoulder": 0.6432572117246281,
    "elbow": 0.7907642418956206,
    "wrist": 0.7570639938384256,
    "hip": 0.888619596655909,
    "knee": 0.6619242773547798,
    "ankle": 0.9000350589054139,
    "back": 0.7784584632842129,
    "neck": 0.7574607560300246
  },
  "recommendations": {
    "form": "Good form, continue practicing with current technique",
    "alignment": "Good alignment, maintain current technique",
    "stability": "Good stability, continue with current technique",
    "power": "Good power output, maintain current intensity"
  },
  "safety_considerations": [
    "Focus on proper shoulder mechanics for throwing"
  ]
}