{
  "power_generation": {
    "explosiveness": 0.7593275115700451,
    "force_transfer": 0.794032093915704,
    "efficiency": 0.7377627758513083
  },
  "technical_metrics": {
    "precision": 0.6113771950942933,
    "consistency": 0.5627493519266495,
    "fluidity": 0.8599781911253754
  },
  "biomechanical_metrics": {
    "joint_loading": 0.8112014909462093,
    "muscle_activation": 0.6633294766433869,
    "energy_efficiency": 0.9921604588487976
  }
}