{
  "key_points": {
    "shoulders": [
      0.1708720230230067,
      0.6555344646999179,
      -0.07387884307130604
    ],
    "elbows": [
      -0.15415362617192455,
      0.562078252949089,
      0.09472014123088132
    ],
    "wrists": [
      -0.0316675453228753,
      0.3831583135109004,
      -0.08927757324716426
    ],
    "hips": [
      -0.048379582485164,
      0.4673576164033495,
      0.07087926810825781
    ],
    "knees": [
      0.09664412763352492,
      0.28895691359861964,
      -0.08795221916323398
    ],
    "ankles": [
      0.39955921170978836,
      0.2056636077281928,
      -0.09120242247888377
    ]
  },
  "angles": {
    "knee": 43.328154447344346,
    "hip": 125.77250782275041,
    "shoulder": 11.823180234956805,
    "elbow": 166.35611593841384
  },
  "analysis_scores": {
    "alignment": 0.6464444170240887,
    "balance": 0.7928583552340701,
    "form": 0.9114999424359364,
    "stability": 0.9242581123520218,
    "coordination": 0.7617264787119863,
    "precision": 0.8106426728168885,
    "power": 0.8781242467476846,
    "efficiency": 0.9603872242073521,
    "safety": 0.6815659206613611,
    "overall": 0.8288742464011482,
    "shoulder": 0.7463209238515518,
    "elbow": 0.8697223582781366,
    "wrist": 0.7555492760966214,
    "hip": 0.989193035991024,
    "knee": 0.7818890235452404,
    "ankle": 0.9851147449775367,
    "back": 0.9458827790006386,
    "neck": 0.9203739614681816
  },
  "recommendations": {
    "form": "Good form, continue practicing with current technique",
    "alignment": "Good alignment, maintain current technique",
    "stability": "Good stability, continue with current technique",
    "power": "Consider increasing intensity gradually"
  },
  "safety_considerations": [
    "Maintain proper elbow alignment to prevent tendonitis"
  ]
}