{
  "power_generation": {
    "explosiveness": 0.8245372976201768,
    "force_transfer": 0.6053810894225998,
    "efficiency": 0.6277716944219667
  },
  "technical_metrics": {
    "precision": 0.9872788794762916,
    "consistency": 0.7488682989724273,
    "fluidity": 0.7520761872945906
  },
  "biomechanical_metrics": {
    "joint_loading": 0.8061435881339387,
    "muscle_activation": 0.6384069366502568,
    "energy_efficiency": 0.809855478298216
  }
}