{
  "key_points": {
    "shoulders": [
      -0.0033270637209531495,
      0.5577753497521213,
      0.0664338654908807
    ],
    "elbows": [
      0.07986866173224322,
      0.5467189416049756,
      -0.0646446315264044
    ],
    "wrists": [
      -0.24241249019139421,
      0.32201715301567135,
      0.048628918521552406
    ],
    "hips": [
      -0.272926767087575,
      0.4603666127086938,
      -0.010406939742231502
    ]
  },
  "angles": {
    "shoulder": 39.509873552743315,
    "elbow": 79.1090452425233
  },
  "analysis_scores": {
    "alignment": 0.9717251180515492,
    "balance": 0.6447167034603782,
    "form": 0.8919355218674216,
    "stability": 0.9610402635401566,
    "coordination": 0.7028613309326406,
    "precision": 0.8782791577479894,
    "power": 0.8659347023907505,
    "efficiency": 0.7542196409565394,
    "safety": 0.8668297804221157,
    "overall": 0.9409418387315118,
    "shoulder": 1.0,
    "elbow": 0.828654220362081,
    "wrist": 1.0,
    "hip": 0.6703958725817698,
    "knee": 0.7045878772542062,
    "ankle": 0.9379592312836058,
    "back": 0.6588373528298805,
    "neck": 0.8463271478587773
  },
  "recommendations": {
    "form": "Good form, continue practicing with current technique",
    "alignment": "Good alignment, maintain current technique",
    "stability": "Good stability, continue with current technique",
    "power": "Good power output, maintain current intensity"
  },
  "safety_considerations": []
}