{
  "power_generation": {
    "explosiveness": 0.7769859000962516,
    "force_transfer": 0.8915481265471816,
    "efficiency": 0.7328101677676685
  },
  "technical_metrics": {
    "precision": 0.89977535529114,
    "consistency": 0.9863310743266581,
    "fluidity": 0.6110674989384899
  },
  "biomechanical_metrics": {
    "joint_loading": 0.7750811800571518,
    "muscle_activation": 0.6376537398138291,
    "energy_efficiency": 0.9510438079768044
  }
}