{
  "key_points": {
    "shoulders": [
      0.11572734425526898,
      0.6033232162128787,
      0.04413276386276349
    ],
    "elbows": [
      -0.2618075233103162,
      0.5059006558676107,
      0.030136723549023248
    ],
    "wrists": [
      0.0928402569227636,
      0.35341607072759507,
      -0.02409142173934839
    ],
    "hips": [
      0.19345743672778576,
      0.4754510811396483,
      -0.02435532648996923
    ],
    "knees": [
      -0.12629691171928306,
      0.3387132744952811,
      0.0012488610466779848
    ],
    "ankles": [
      0.11828962105674035,
      0.2036846511245784,
      0.014082904308773195
    ]
  },
  "angles": {
    "knee": 52.873061181239976,
    "hip": 53.182837143412414,
    "shoulder": 31.658413082022797,
    "elbow": 117.31433465447601
  },
  "analysis_scores": {
    "alignment": 0.6648008790745464,
    "balance": 0.6795824101430694,
    "form": 0.6829176434264842,
    "stability": 0.7864503144117146,
    "coordination": 0.8072875430635267,
    "precision": 0.7859005833418432,
    "power": 0.8191610007718022,
    "efficiency": 0.6909897162081684,
    "safety": 0.6696059489333305,
    "overall": 0.9454444921767208,
    "shoulder": 0.7793997630565844,
    "elbow": 0.6133949512713941,
    "wrist": 0.9868099019500378,
    "hip": 0.6298469522709396,
    "knee": 0.6862262199594145,
    "ankle": 0.8688133566123042,
    "back": 0.6224205643751164,
    "neck": 0.8181074710835318
  },
  "recommendations": {
    "form": "Good form, continue practicing with current technique",
    "alignment": "Good alignment, maintain current technique",
    "stability": "Good stability, continue with current technique",
    "power": "Good power output, maintain current intensity"
  },
  "safety_considerations": []
}