{
  "power_generation": {
    "explosiveness": 0.7526550467478734,
    "force_transfer": 0.8257848734542383,
    "efficiency": 0.874439207031079
  },
  "technical_metrics": {
    "precision": 0.8995335368306207,
    "consistency": 0.8307843344667274,
    "fluidity": 0.9771097781491682
  },
  "biomechanical_metrics": {
    "joint_loading": 0.694193805399563,
    "muscle_activation": 0.6330653352462755,
    "energy_efficiency": 0.6084722610299578
  }
}