{
  "key_points": {
    "shoulders": [
      0.11923158138221795,
      0.611859163066582,
      0.055178780667781924
    ],
    "elbows": [
      -0.2793122414874157,
      0.5846529207190436,
      0.0058847208021546304
    ],
    "wrists": [
      -0.328851689795332,
      0.381486462080176,
      -0.048861056079200285
    ],
    "hips": [
      -0.04971009731397977,
      0.3678157410841112,
      -0.01069243992213767
    ],
    "knees": [
      0.2948542320281227,
      0.36091620442712663,
      0.07854734920646508
    ],
    "ankles": [
      0.24225814828100756,
      0.22025619949922248,
      0.09837504136020486
    ]
  },
  "angles": {
    "knee": 39.88502567227871,
    "hip": 134.8006609277987,
    "shoulder": 37.167097181877025,
    "elbow": 87.33470112932453
  },
  "analysis_scores": {
    "alignment": 0.9523749751982399,
    "balance": 0.6358531253931449,
    "form": 0.9218311642955225,
    "stability": 0.9395087189904002,
    "coordination": 0.7442433683222102,
    "precision": 0.9845123957187414,
    "power": 0.7848105576112442,
    "efficiency": 0.9537188732087291,
    "safety": 0.726002664332947,
    "overall": 0.6737256763144731,
    "shoulder": 0.8746958914839482,
    "elbow": 0.7529698177149691,
    "wrist": 0.6886630602744808,
    "hip": 0.6667206630996158,
    "knee": 0.8410208333473916,
    "ankle": 0.9735728108051467,
    "back": 0.858153022939,
    "neck": 0.6842723346131626
  },
  "recommendations": {
    "form": "Good form, continue practicing with current technique",
    "alignment": "Good alignment, maintain current technique",
    "stability": "Good stability, continue with current technique",
    "power": "Good power output, maintain current intensity"
  },
  "safety_considerations": []
}