{
  "power_generation": {
    "explosiveness": 0.8566692873037458,
    "force_transfer": 0.6604338919729489,
    "efficiency": 0.687712850227008
  },
  "technical_metrics": {
    "precision": 0.8271575804141926,
    "consistency": 0.6430847182614015,
    "fluidity": 0.5342366443679989
  },
  "biomechanical_metrics": {
    "joint_loading": 0.9289800721481054,
    "muscle_activation": 0.9184150524092599,
    "energy_efficiency": 0.676159485048226
  }
}