{
  "key_points": {
    "shoulders": [
      0.19497355662438703,
      0.5447380917696889,
      0.019878617317089245
    ],
    "elbows": [
      0.2431590250930869,
      0.4488228838189072,
      0.028852582268294735
    ],
    "wrists": [
      -0.08137025001099174,
      0.40223840310721887,
      0.025750344310913387
    ],
    "hips": [
      -0.1310804051912613,
      0.42006134346669116,
      0.04374914098536578
    ],
    "knees": [
      0.22357277322265562,
      0.22180510049456015,
      -0.0790256255745394
    ],
    "ankles": [
      0.2736999684041582,
      0.20832525764196558,
      0.0961027750271295
    ]
  },
  "angles": {
    "knee": 56.73012147218309,
    "hip": 52.145365500712316,
    "shoulder": 57.27157891652347,
    "elbow": 113.03311048302827
  },
  "analysis_scores": {
    "alignment": 0.834023998585474,
    "balance": 0.7854222617833321,
    "form": 0.7859565801584979,
    "stability": 0.9492127550687963,
    "coordination": 0.8360108493575625,
    "precision": 0.899582144291301,
    "power": 0.6601410806723194,
    "efficiency": 0.7966477822526037,
    "safety": 0.7421585668589317,
    "overall": 0.7198256255087556,
    "shoulder": 0.6396309980565538,
    "elbow": 0.8801635007377535,
    "wrist": 0.6069731934361934,
    "hip": 0.7115613060970758,
    "knee": 0.7698527085548769,
    "ankle": 0.8411693958483978,
    "back": 0.9647275159783051,
    "neck": 0.6662935271421949
  },
  "recommendations": {
    "form": "Focus on maintaining proper joint angles during movement",
    "alignment": "Work on maintaining symmetrical movement patterns",
    "stability": "Focus on maintaining proper posture and balance",
    "power": "Good power output, maintain current intensity"
  },
  "safety_considerations": []
}