{
  "power_generation": {
    "explosiveness": 0.7158990127600036,
    "force_transfer": 0.6719465558283306,
    "efficiency": 0.7584624164802141
  },
  "technical_metrics": {
    "precision": 0.743459953028469,
    "consistency": 0.8691126540289013,
    "fluidity": 0.7850837944098694
  },
  "biomechanical_metrics": {
    "joint_loading": 0.682596296984823,
    "muscle_activation": 0.9469788515712549,
    "energy_efficiency": 0.5364056724819546
  }
}