{
  "key_points": {
    "shoulders": [
      -0.10793390041500586,
      0.5043876192608024,
      -0.08254616994575828
    ],
    "elbows": [
      0.0371191099639579,
      0.5587288316827697,
      -0.019074895763685012
    ],
    "wrists": [
      -0.2776723591404099,
      0.3257434453869059,
      -0.0020917605969359154
    ],
    "hips": [
      -0.016896033260825283,
      0.3352884720659536,
      0.03924366556693357
    ],
    "knees": [
      -0.06040361858959137,
      0.21961563835480724,
      -0.09673523225099384
    ],
    "ankles": [
      -0.1515213178373978,
      0.27161202097604686,
      0.04383732802901247
    ]
  },
  "angles": {
    "knee": 58.80721837875264,
    "hip": 75.71084034425952,
    "shoulder": 64.27460115713103,
    "elbow": 137.10682867586237
  },
  "analysis_scores": {
    "alignment": 0.65424660721498,
    "balance": 0.7461034768085846,
    "form": 0.9798814477042113,
    "stability": 0.8939809642485288,
    "coordination": 0.9462487311971086,
    "precision": 0.6384124344340542,
    "power": 0.8601393256765048,
    "efficiency": 0.6457831478394626,
    "safety": 0.9776867338982902,
    "overall": 0.6005034606412561,
    "shoulder": 0.6196565705044583,
    "elbow": 0.6171598197367627,
    "wrist": 0.806113173084014,
    "hip": 0.755239660437284,
    "knee": 0.7227524146321027,
    "ankle": 0.9001562791374849,
    "back": 0.8725331044651403,
    "neck": 0.9929628848881986
  },
  "recommendations": {
    "form": "Focus on maintaining proper joint angles during movement",
    "alignment": "Work on maintaining symmetrical movement patterns",
    "stability": "Focus on maintaining proper posture and balance",
    "power": "Good power output, maintain current intensity"
  },
  "safety_considerations": []
}