{
  "power_generation": {
    "explosiveness": 0.6564380552587412,
    "force_transfer": 0.69891940509647,
    "efficiency": 0.5865808351599087
  },
  "technical_metrics": {
    "precision": 0.5135373870243527,
    "consistency": 0.9625872939231188,
    "fluidity": 0.501194922245835
  },
  "biomechanical_metrics": {
    "joint_loading": 0.7153846012294376,
    "muscle_activation": 0.9145358306916622,
    "energy_efficiency": 0.8544136765530457
  }
}