{
  "key_points": {
    "shoulders": [
      0.1858151487361584,
      0.5258628288963888,
      -0.01817768390356367
    ],
    "elbows": [
      0.008539217387740272,
      0.4378560819899432,
      0.06429298450003948
    ],
    "wrists": [
      0.14410821664881213,
      0.32041103550195077,
      0.0005342822274898296
    ],
    "hips": [
      -0.08307549091777872,
      0.4092230992403125,
      0.02482146671355638
    ],
    "knees": [
      0.28233297021353915,
      0.36564727578770123,
      -0.04222310679790167
    ],
    "ankles": [
      0.30343168874087234,
      0.2847742053044203,
      -0.014743951450004511
    ]
  },
  "angles": {
    "knee": 4.370207327251952,
    "hip": 36.04350554439121,
    "shoulder": 49.5912855936635,
    "elbow": 148.82929879367498
  },
  "analysis_scores": {
    "alignment": 0.9530356347933063,
    "balance": 0.9819662698815883,
    "form": 0.866497755555669,
    "stability": 0.6514292235683021,
    "coordination": 0.9469870508858844,
    "precision": 0.8844342061876114,
    "power": 0.8024073134357376,
    "efficiency": 0.77134131095914,
    "safety": 0.791715950864342,
    "overall": 0.6680967564521226,
    "shoulder": 0.6501315386527996,
    "elbow": 0.8261116746796044,
    "wrist": 0.8451617449379726,
    "hip": 0.9809288049139652,
    "knee": 0.9947965644353443,
    "ankle": 0.9205778766083836,
    "back": 0.996706459594272,
    "neck": 0.6259220965875365
  },
  "recommendations": {
    "form": "Focus on maintaining proper joint angles during movement",
    "alignment": "Good alignment, maintain current technique",
    "stability": "Good stability, continue with current technique",
    "power": "Good power output, maintain current intensity"
  },
  "safety_considerations": []
}