{
  "power_generation": {
    "explosiveness": 0.8196718885355287,
    "force_transfer": 0.6042396038494294,
    "efficiency": 0.9922715780226719
  },
  "technical_metrics": {
    "precision": 0.8613022339305683,
    "consistency": 0.8119487289950089,
    "fluidity": 0.5679907376497506
  },
  "biomechanical_metrics": {
    "joint_loading": 0.9362628610009428,
    "muscle_activation": 0.9001865355755563,
    "energy_efficiency": 0.7114854717777912
  }
}