{
  "key_points": {
    "shoulders": [
      -0.1017147129603182,
      0.6573578495140848,
      -0.021896417483017294
    ],
    "elbows": [
      -0.23257180238202524,
      0.5587643765448888,
      0.06566934521218087
    ],
    "wrists": [
      -0.1931212821256331,
      0.3593620579759455,
      -0.001058843233415277
    ],
    "hips": [
      -0.1634936572790538,
      0.3413018940691302,
      0.018693114294622254
    ],
    "knees": [
      -0.23318631962800135,
      0.2895675317733868,
      0.03997129228516455
    ],
    "ankles": [
      0.27053908491617007,
      0.2380600368305665,
      -0.024535552920373863
    ]
  },
  "angles": {
    "knee": 38.30346902961154,
    "hip": 114.3042023927936,
    "shoulder": 10.222598744167714,
    "elbow": 40.86189264570826
  },
  "analysis_scores": {
    "alignment": 0.8283576735346193,
    "balance": 0.8737672586487871,
    "form": 0.9957840424160055,
    "stability": 0.8786144720533617,
    "coordination": 0.7973266519587391,
    "precision": 0.7858410348997649,
    "power": 0.9244666155415763,
    "efficiency": 0.7622763074280501,
    "safety": 0.8730643643573777,
    "overall": 0.7618830505879921,
    "shoulder": 0.9668451236002105,
    "elbow": 0.6836248822806168,
    "wrist": 0.6269293492334861,
    "hip": 0.6503560864208974,
    "knee": 0.8456653540293665,
    "ankle": 0.9252699403678523,
    "back": 0.8264661381406095,
    "neck": 0.9526447446890047
  },
  "recommendations": {
    "form": "Good form, continue practicing with current technique",
    "alignment": "Good alignment, maintain current technique",
    "stability": "Focus on maintaining proper posture and balance",
    "power": "Good power output, maintain current intensity"
  },
  "safety_considerations": []
}