{
  "power_generation": {
    "explosiveness": 0.5492037655404395,
    "force_transfer": 0.9559246576407862,
    "efficiency": 0.9251764857880185
  },
  "technical_metrics": {
    "precision": 0.8345637689008439,
    "consistency": 0.8729833458796272,
    "fluidity": 0.5098888412838662
  },
  "biomechanical_metrics": {
    "joint_loading": 0.8098417244574567,
    "muscle_activation": 0.5746710597733106,
    "energy_efficiency": 0.5584199385411239
  }
}