{
  "key_points": {
    "shoulders": [
      0.04379105991795554,
      0.6048986184795825,
      0.08982732306029845
    ],
    "elbows": [
      -0.26627238536973613,
      0.45829960209709714,
      -0.09726841963186145
    ],
    "wrists": [
      -0.216833332651912,
      0.4774408349068309,
      -0.015155803244218613
    ],
    "hips": [
      0.08950810871706893,
      0.4486622062554108,
      -0.06832300599260728
    ],
    "knees": [
      0.18747010590888707,
      0.38952606320026245,
      0.03877080201568889
    ],
    "ankles": [
      0.3703640363726479,
      0.15503441261201645,
      -0.052900037737815445
    ]
  },
  "angles": {
    "knee": 129.6270553663139,
    "hip": 69.57029937482037,
    "shoulder": 46.0341500159277,
    "elbow": 130.6470383139405
  },
  "analysis_scores": {
    "alignment": 0.6904619973375395,
    "balance": 0.6126058671629054,
    "form": 0.9130503717918281,
    "stability": 0.962319404560671,
    "coordination": 0.8313896660938858,
    "precision": 0.6242853369608901,
    "power": 0.9450950724385736,
    "efficiency": 0.7731136051726123,
    "safety": 0.7321719207529919,
    "overall": 0.9882185852574054,
    "shoulder": 0.7353375383493277,
    "elbow": 0.7348867706612001,
    "wrist": 0.6365000128865236,
    "hip": 0.8867372123806647,
    "knee": 0.987053330250709,
    "ankle": 0.7924447830910768,
    "back": 0.9175913852521262,
    "neck": 0.9334884071452155
  },
  "recommendations": {
    "form": "Focus on maintaining proper joint angles during movement",
    "alignment": "Good alignment, maintain current technique",
    "stability": "Good stability, continue with current technique",
    "power": "Good power output, maintain current intensity"
  },
  "safety_considerations": []
}