{
  "power_generation": {
    "explosiveness": 0.9077555448972037,
    "force_transfer": 0.6438140638652732,
    "efficiency": 0.5673534314367061
  },
  "technical_metrics": {
    "precision": 0.6479555233599764,
    "consistency": 0.5693921134952808,
    "fluidity": 0.8174659231602532
  },
  "biomechanical_metrics": {
    "joint_loading": 0.6127376073626952,
    "muscle_activation": 0.6008952545415123,
    "energy_efficiency": 0.6145418995827595
  }
}