{
  "key_points": {
    "shoulders": [
      0.18375984139761048,
      0.5398140350048051,
      -0.0172249877754643
    ],
    "elbows": [
      -0.10158487978369585,
      0.530954072641588,
      -0.02661378050088596
    ],
    "wrists": [
      -0.11024332042508805,
      0.3747168225081557,
      -0.05789328534297394
    ],
    "hips": [
      -0.055877432835416324,
      0.48146692254528645,
      -0.013854523533253602
    ],
    "knees": [
      0.06977053862779314,
      0.20198290243424455,
      -0.07969160332639452
    ],
    "ankles": [
      0.23801015540978265,
      0.24462081997473997,
      -0.08674295749098593
    ]
  },
  "angles": {
    "knee": 118.4889826481389,
    "hip": 133.3528380927193,
    "shoulder": 72.94080647514367,
    "elbow": 91.2233184833685
  },
  "analysis_scores": {
    "alignment": 0.7535783688021964,
    "balance": 0.7279825014909149,
    "form": 0.7826041090339106,
    "stability": 0.6493457147570946,
    "coordination": 0.7324027395589674,
    "precision": 0.9668178557958764,
    "power": 0.7115845776690227,
    "efficiency": 0.7052423996956447,
    "safety": 0.8083323385729566,
    "overall": 0.7212225654284615,
    "shoulder": 0.729532958928353,
    "elbow": 0.701532679469399,
    "wrist": 0.8052922187085532,
    "hip": 0.9271232014307978,
    "knee": 0.8730167518956471,
    "ankle": 0.7791064771732549,
    "back": 0.9336346721006221,
    "neck": 0.8724416104001228
  },
  "recommendations": {
    "form": "Good form, continue practicing with current technique",
    "alignment": "Good alignment, maintain current technique",
    "stability": "Good stability, continue with current technique",
    "power": "Good power output, maintain current intensity"
  },
  "safety_considerations": []
}