{
  "power_generation": {
    "explosiveness": 0.7303694655740376,
    "force_transfer": 0.5326182294814524,
    "efficiency": 0.9966241452525588
  },
  "technical_metrics": {
    "precision": 0.9239072062585039,
    "consistency": 0.6434160786892884,
    "fluidity": 0.7605383860459822
  },
  "biomechanical_metrics": {
    "joint_loading": 0.9850418507960883,
    "muscle_activation": 0.5381874952359454,
    "energy_efficiency": 0.5323711417945359
  }
}