{
  "power_generation": {
    "explosiveness": 0.9606157648034103,
    "force_transfer": 0.9612015719693561,
    "efficiency": 0.8534742051297489
  },
  "technical_metrics": {
    "precision": 0.5985886852889535,
    "consistency": 0.9799671032363346,
    "fluidity": 0.7396717956330701
  },
  "biomechanical_metrics": {
    "joint_loading": 0.7946609933350277,
    "muscle_activation": 0.5991869435547288,
    "energy_efficiency": 0.8173199087137204
  }
}