{
  "key_points": {
    "shoulders": [
      -0.19117689754623615,
      0.660059831477137,
      0.035305017534980415
    ],
    "elbows": [
      0.18763447888483026,
      0.4751875997946473,
      -0.02182970969360605
    ],
    "wrists": [
      0.07026674187187532,
      0.3105507985939675,
      -0.07099365432453174
    ],
    "hips": [
      -0.04321769983747506,
      0.37280289522835014,
      0.007336534442410933
    ],
    "knees": [
      0.0849577610943309,
      0.37780192813012103,
      0.07743066419397918
    ],
    "ankles": [
      -0.03580506292763913,
      0.24801437914061297,
      -0.05513982175962855
    ]
  },
  "angles": {
    "knee": 122.3037006607915,
    "hip": 123.18789777028383,
    "shoulder": 21.68258691477651,
    "elbow": 115.96835812009445
  },
  "analysis_scores": {
    "alignment": 0.639536073143666,
    "balance": 0.6311537485276254,
    "form": 0.968980321161067,
    "stability": 0.8897081320450686,
    "coordination": 0.6459182236586193,
    "precision": 0.6462372286007262,
    "power": 0.9963134731296003,
    "efficiency": 0.7952846982213698,
    "safety": 0.981837992349975,
    "overall": 0.7919794577864412,
    "shoulder": 0.6049343730775827,
    "elbow": 0.6446945366979977,
    "wrist": 0.855848165827294,
    "hip": 0.9043072546594619,
    "knee": 0.9469973489260535,
    "ankle": 0.7537863309532855,
    "back": 0.979555565016519,
    "neck": 0.9467817664926127
  },
  "recommendations": {
    "form": "Good form, continue practicing with current technique",
    "alignment": "Good alignment, maintain current technique",
    "stability": "Good stability, continue with current technique",
    "power": "Good power output, maintain current intensity"
  },
  "safety_considerations": []
}