{
  "power_generation": {
    "explosiveness": 0.858125337732285,
    "force_transfer": 0.5776695486987801,
    "efficiency": 0.5208411481622683
  },
  "technical_metrics": {
    "precision": 0.8798842989560641,
    "consistency": 0.972554931935462,
    "fluidity": 0.6983523398748621
  },
  "biomechanical_metrics": {
    "joint_loading": 0.6896171147446364,
    "muscle_activation": 0.8373896384086306,
    "energy_efficiency": 0.9240540913820058
  }
}