{
  "key_points": {
    "shoulders": [
      0.14415074102047248,
      0.605617907813276,
      -0.03762821136982131
    ],
    "hips": [
      -0.018457871813620047,
      0.4960266081026111,
      0.08444048828843959
    ],
    "knees": [
      -0.26588533953117427,
      0.44649587422928594,
      0.004344281379300985
    ],
    "ankles": [
      0.2338716084222574,
      0.3556771986307237,
      0.029125371181920767
    ]
  },
  "angles": {
    "knee": 76.26435253670533,
    "hip": 133.69197289225897,
    "shoulder": 41.84903659076366
  },
  "analysis_scores": {
    "alignment": 1.0,
    "balance": 0.9523852618955233,
    "form": 0.6853115322493536,
    "stability": 0.6859617986526597,
    "coordination": 0.9527146278068569,
    "precision": 0.6448328723468798,
    "power": 0.8127088150158224,
    "efficiency": 0.7929798396359101,
    "safety": 0.6743059360071848,
    "overall": 0.8250729470963833,
    "shoulder": 0.6945783040759375,
    "elbow": 0.9458270276023413,
    "wrist": 0.6847049024964594,
    "hip": 0.8073686939079837,
    "knee": 0.6655978776310341,
    "ankle": 1.0,
    "back": 0.6630796421983163,
    "neck": 0.7728313902993944
  },
  "recommendations": {
    "form": "Good form, continue practicing with current technique",
    "alignment": "Good alignment, maintain current technique",
    "stability": "Good stability, continue with current technique",
    "power": "Good power output, maintain current intensity"
  },
  "safety_considerations": []
}