{
  "power_generation": {
    "explosiveness": 0.7055700138941825,
    "force_transfer": 0.6851214904052392,
    "efficiency": 0.9200154946852803
  },
  "technical_metrics": {
    "precision": 0.6452332624535451,
    "consistency": 0.5042088927351818,
    "fluidity": 0.8494321419366896
  },
  "biomechanical_metrics": {
    "joint_loading": 0.8541429752332648,
    "muscle_activation": 0.8518807942703799,
    "energy_efficiency": 0.9787637066569684
  }
}