{
  "key_points": {
    "shoulders": [
      0.15125471121190937,
      0.6441305797381733,
      0.07002956248382294
    ],
    "elbows": [
      0.2695311100989533,
      0.4649722593503207,
      0.047550090913928894
    ],
    "wrists": [
      -0.14166167281988218,
      0.4793523368819795,
      -0.003170063203555201
    ],
    "hips": [
      -0.08001733950114476,
      0.4031135784442868,
      0.02772540939726159
    ],
    "knees": [
      -0.12898645769466133,
      0.32310141819592697,
      0.0011569829833014966
    ],
    "ankles": [
      -0.17547287929076685,
      0.1624481988494769,
      0.08689979772747089
    ]
  },
  "angles": {
    "knee": 33.58913739952747,
    "hip": 61.50061582188242,
    "shoulder": 46.15489825572003,
    "elbow": 59.98119369739086
  },
  "analysis_scores": {
    "alignment": 0.8947338966330358,
    "balance": 0.8076490318270716,
    "form": 0.9379887033774331,
    "stability": 0.6983964986463806,
    "coordination": 0.7177243690629425,
    "precision": 0.9870435658778246,
    "power": 0.8101026412034449,
    "efficiency": 0.916357686990692,
    "safety": 0.7743424017661099,
    "overall": 0.6380936721743936,
    "shoulder": 0.6158195780524007,
    "elbow": 0.7876434587320191,
    "wrist": 0.6021056515571033,
    "hip": 0.8776573540817858,
    "knee": 0.9288043349968826,
    "ankle": 0.7415352074646764,
    "back": 0.8712802614492406,
    "neck": 0.8063658433150493
  },
  "recommendations": {
    "form": "Good form, continue practicing with current technique",
    "alignment": "Good alignment, maintain current technique",
    "stability": "Good stability, continue with current technique",
    "power": "Good power output, maintain current intensity"
  },
  "safety_considerations": []
}