{
  "power_generation": {
    "explosiveness": 0.7959413797216183,
    "force_transfer": 0.7111903949907977,
    "efficiency": 0.5084039270867584
  },
  "technical_metrics": {
    "precision": 0.8479006114633947,
    "consistency": 0.7218887695572478,
    "fluidity": 0.9564975814916135
  },
  "biomechanical_metrics": {
    "joint_loading": 0.6524115282942502,
    "muscle_activation": 0.6037007122789146,
    "energy_efficiency": 0.9591697305738853
  }
}