{
  "key_points": {
    "shoulders": [
      0.1952136451555142,
      0.550888473406481,
      -0.020605392374833054
    ],
    "elbows": [
      -0.0957248030161374,
      0.5343619353873134,
      0.01867534268131621
    ],
    "wrists": [
      -0.34206384072418494,
      0.42167999501797276,
      0.06647047141158549
    ],
    "hips": [
      -0.11249895248812983,
      0.37123496721555127,
      0.07743893666136237
    ],
    "knees": [
      0.2272510414510705,
      0.35036669826722155,
      -0.07194509216255532
    ],
    "ankles": [
      0.24374430288410887,
      0.24617813806620778,
      -0.09588414105827044
    ]
  },
  "angles": {
    "knee": 144.16087709618785,
    "hip": 155.94126324330193,
    "shoulder": 18.252906142034632,
    "elbow": 129.48987868972318
  },
  "analysis_scores": {
    "alignment": 0.7042194747948269,
    "balance": 0.65423215085739,
    "form": 0.9654538987043522,
    "stability": 0.9692163595811598,
    "coordination": 0.9152635273183108,
    "precision": 0.6033724771586683,
    "power": 0.9323666988075403,
    "efficiency": 0.9507682356551286,
    "safety": 0.9203937782594052,
    "overall": 0.7960633752772246,
    "shoulder": 0.8704196750903392,
    "elbow": 0.6265513295456214,
    "wrist": 0.8016376271992941,
    "hip": 0.6582452992256677,
    "knee": 0.6034337653551755,
    "ankle": 0.7748848485093263,
    "back": 0.782467508310837,
    "neck": 0.7688134179807556
  },
  "recommendations": {
    "form": "Focus on maintaining proper joint angles during movement",
    "alignment": "Good alignment, maintain current technique",
    "stability": "Focus on maintaining proper posture and balance",
    "power": "Good power output, maintain current intensity"
  },
  "safety_considerations": [
    "Ensure proper shoulder mechanics during swing"
  ]
}