{
  "power_generation": {
    "explosiveness": 0.6053122389503129,
    "force_transfer": 0.681869050865803,
    "efficiency": 0.8909394355779144
  },
  "technical_metrics": {
    "precision": 0.8831173232210501,
    "consistency": 0.5220887615918243,
    "fluidity": 0.6245236385297752
  },
  "biomechanical_metrics": {
    "joint_loading": 0.6822561785753709,
    "muscle_activation": 0.970654677533273,
    "energy_efficiency": 0.8363995414840386
  }
}