{
  "key_points": {
    "shoulders": [
      -0.10929091396208031,
      0.5753517699285573,
      -0.0004179068632458316
    ],
    "elbows": [
      -0.1850392056218698,
      0.474689540772819,
      0.07187862526914068
    ],
    "wrists": [
      -0.09080156992957927,
      0.33646531751125447,
      0.037816288782867497
    ],
    "hips": [
      -0.08778882576252306,
      0.43779356845060646,
      0.0031563694441644197
    ],
    "knees": [
      0.02907990952188505,
      0.3780543458067148,
      -0.04917316974547186
    ],
    "ankles": [
      0.2987411178795125,
      0.10495426575506282,
      0.058513969266340754
    ]
  },
  "angles": {
    "knee": 86.89369466602398,
    "hip": 134.8325106069216,
    "shoulder": 25.603053021387694,
    "elbow": 109.88902143979226
  },
  "analysis_scores": {
    "alignment": 0.9074662546836453,
    "balance": 0.7915183094622711,
    "form": 0.7571379350731504,
    "stability": 0.6363861581526995,
    "coordination": 0.6766072871809078,
    "precision": 0.6594052983954313,
    "power": 0.8672361493751751,
    "efficiency": 0.7686084120198047,
    "safety": 0.6838669713075297,
    "overall": 0.884494423493859,
    "shoulder": 0.951243336357676,
    "elbow": 0.8735368655637671,
    "wrist": 0.7001655026844033,
    "hip": 0.7058806771610286,
    "knee": 0.844747507322082,
    "ankle": 0.6683601427875198,
    "back": 0.6030528720759017,
    "neck": 0.6507867699080202
  },
  "recommendations": {
    "form": "Focus on maintaining proper joint angles during movement",
    "alignment": "Good alignment, maintain current technique",
    "stability": "Good stability, continue with current technique",
    "power": "Good power output, maintain current intensity"
  },
  "safety_considerations": []
}