{
  "power_generation": {
    "explosiveness": 0.7100170862861643,
    "force_transfer": 0.8193976123576985,
    "efficiency": 0.7814887487810033
  },
  "technical_metrics": {
    "precision": 0.7580716393163893,
    "consistency": 0.5118653138495175,
    "fluidity": 0.8046621036948549
  },
  "biomechanical_metrics": {
    "joint_loading": 0.7039971425899829,
    "muscle_activation": 0.8541875388501223,
    "energy_efficiency": 0.691174795485649
  }
}