{
  "key_points": {
    "shoulders": [
      0.1370181147147005,
      0.5326546783306829,
      0.037067644491429436
    ],
    "elbows": [
      -0.02089636118453081,
      0.4003389251387073,
      0.06523228691282068
    ],
    "wrists": [
      0.37869275991463847,
      0.46859849004994414,
      0.07891355795260888
    ],
    "hips": [
      0.16237673889207466,
      0.4550190173078414,
      0.010138130707359472
    ],
    "knees": [
      -0.2705767463369225,
      0.28748054833846265,
      -0.041270699073036356
    ],
    "ankles": [
      -0.04529361270144633,
      0.2887693061161276,
      0.08787646968566123
    ]
  },
  "angles": {
    "knee": 161.45251272609008,
    "hip": 88.96087874539508,
    "shoulder": 33.497733158877594,
    "elbow": 87.89125745244507
  },
  "analysis_scores": {
    "alignment": 0.8126895729576615,
    "balance": 0.7744838379917398,
    "form": 0.9427686222978646,
    "stability": 0.7172476757460126,
    "coordination": 0.992794414246621,
    "precision": 0.6940251231284207,
    "power": 0.630966728989259,
    "efficiency": 0.8945484467053821,
    "safety": 0.8043086888003311,
    "overall": 0.9817951634809753,
    "shoulder": 0.9509293696989828,
    "elbow": 0.8273289366751475,
    "wrist": 0.8723254721794789,
    "hip": 0.802178636409056,
    "knee": 0.666794120570365,
    "ankle": 0.8715206028768675,
    "back": 0.8708640231706377,
    "neck": 0.6279495504975904
  },
  "recommendations": {
    "form": "Focus on maintaining proper joint angles during movement",
    "alignment": "Good alignment, maintain current technique",
    "stability": "Good stability, continue with current technique",
    "power": "Good power output, maintain current intensity"
  },
  "safety_considerations": [
    "Work on balance and stability to prevent falls"
  ]
}