{
  "power_generation": {
    "explosiveness": 0.996720088914231,
    "force_transfer": 0.897941295479873,
    "efficiency": 0.7099388594103587
  },
  "technical_metrics": {
    "precision": 0.7797327880355882,
    "consistency": 0.5969574465668379,
    "fluidity": 0.9815242688865207
  },
  "biomechanical_metrics": {
    "joint_loading": 0.807222925652494,
    "muscle_activation": 0.9215734840221339,
    "energy_efficiency": 0.80933574278063
  }
}