{
  "key_points": {
    "shoulders": [
      0.04002706431631661,
      0.6997292911587019,
      -0.06641067312664398
    ],
    "elbows": [
      0.20646565160284552,
      0.5665270912500785,
      -0.05921547755851395
    ],
    "wrists": [
      -0.16526040977216072,
      0.35823607201883495,
      -0.026872927639756378
    ],
    "hips": [
      0.1753316471877993,
      0.30069750895218517,
      -0.07789102820347733
    ],
    "knees": [
      -0.091954594855508,
      0.33547564494514326,
      -0.04195227396556827
    ],
    "ankles": [
      -0.11281616776657455,
      0.21966735603235,
      -0.05904117574467552
    ]
  },
  "angles": {
    "knee": 67.36548480817804,
    "hip": 162.23173499020098,
    "shoulder": 43.106273095969556,
    "elbow": 160.68922521810538
  },
  "analysis_scores": {
    "alignment": 0.8772227844903602,
    "balance": 0.8305197433148989,
    "form": 0.7147230430513926,
    "stability": 0.9759467600188036,
    "coordination": 0.8337738269807249,
    "precision": 0.791739710908975,
    "power": 0.7676341971991313,
    "efficiency": 0.8398629371768762,
    "safety": 0.772185952138089,
    "overall": 0.7365656338662981,
    "shoulder": 0.6302824026660796,
    "elbow": 0.7545978593912362,
    "wrist": 0.9195054985546599,
    "hip": 0.9386290597033524,
    "knee": 0.6561772387030054,
    "ankle": 0.8385827887474113,
    "back": 0.8884376697060299,
    "neck": 0.9680669472431986
  },
  "recommendations": {
    "form": "Good form, continue practicing with current technique",
    "alignment": "Good alignment, maintain current technique",
    "stability": "Good stability, continue with current technique",
    "power": "Good power output, maintain current intensity"
  },
  "safety_considerations": []
}