{
  "power_generation": {
    "explosiveness": 0.7727528171448319,
    "force_transfer": 0.7580898310673874,
    "efficiency": 0.7788951551520786
  },
  "technical_metrics": {
    "precision": 0.9908779977976032,
    "consistency": 0.5168554528918755,
    "fluidity": 0.6706644408121494
  },
  "biomechanical_metrics": {
    "joint_loading": 0.7208866772335987,
    "muscle_activation": 0.7185328399600193,
    "energy_efficiency": 0.7676207451365729
  }
}