{
  "key_points": {
    "shoulders": [
      0.0017297971957858649,
      0.6917525666875748,
      0.0059152870311325045
    ],
    "elbows": [
      -0.22672168076865074,
      0.46654473189643664,
      0.007790784036959625
    ],
    "wrists": [
      0.1693229797026896,
      0.4829841506466055,
      -0.009386232285016075
    ],
    "hips": [
      0.009352065601725246,
      0.379825515060292,
      0.04711886786358338
    ],
    "knees": [
      -0.28560397853308567,
      0.31974229081690253,
      0.04809485831095778
    ],
    "ankles": [
      -0.09985333624320403,
      0.14554686955433865,
      -0.013908963563584814
    ]
  },
  "angles": {
    "knee": 74.79245694238706,
    "hip": 149.75769393356038,
    "shoulder": 53.958096510200406,
    "elbow": 23.470468043186354
  },
  "analysis_scores": {
    "alignment": 0.8449373715331269,
    "balance": 0.6733473486733959,
    "form": 0.7230166786498924,
    "stability": 0.6105480564980423,
    "coordination": 0.8026082430960351,
    "precision": 0.979159783377137,
    "power": 0.7806019350687597,
    "efficiency": 0.7309252213911747,
    "safety": 0.7883583881318958,
    "overall": 0.6178762416276651,
    "shoulder": 0.8576033858429322,
    "elbow": 0.9054743062064361,
    "wrist": 0.6382731361234515,
    "hip": 0.6085285155296638,
    "knee": 0.8176004617687684,
    "ankle": 0.9924177029861798,
    "back": 0.8158604461765532,
    "neck": 0.8145319385081669
  },
  "recommendations": {
    "form": "Good form, continue practicing with current technique",
    "alignment": "Good alignment, maintain current technique",
    "stability": "Good stability, continue with current technique",
    "power": "Good power output, maintain current intensity"
  },
  "safety_considerations": []
}