{
  "power_generation": {
    "explosiveness": 0.9445432042678503,
    "force_transfer": 0.8226154295196958,
    "efficiency": 0.5165155884043424
  },
  "technical_metrics": {
    "precision": 0.8029247919562769,
    "consistency": 0.7293865743764214,
    "fluidity": 0.5247217415065308
  },
  "biomechanical_metrics": {
    "joint_loading": 0.8063698033454145,
    "muscle_activation": 0.5008934597937977,
    "energy_efficiency": 0.5016937637065317
  }
}