{
  "key_points": {
    "shoulders": [
      0.11941935586573194,
      0.5584546032017271,
      -0.011204258701893233
    ],
    "elbows": [
      0.18278779201723427,
      0.5304869319760711,
      -0.04030901680533044
    ],
    "wrists": [
      -0.17495355934286289,
      0.466565971071478,
      -0.004915683135530549
    ],
    "hips": [
      0.10573836483818388,
      0.4338606430466826,
      0.020392908311993765
    ],
    "knees": [
      -0.23552513052264662,
      0.33432694435551363,
      0.09192236657118727
    ],
    "ankles": [
      -0.2913486751098134,
      0.10672950684729242,
      0.05412322409439535
    ]
  },
  "angles": {
    "knee": 26.15179963685077,
    "hip": 44.66540109840317,
    "shoulder": 42.864953108619254,
    "elbow": 54.437563437586434
  },
  "analysis_scores": {
    "alignment": 0.9237301976188423,
    "balance": 0.8336148243054483,
    "form": 0.8885596491070051,
    "stability": 0.7450339717450585,
    "coordination": 0.6471952753479517,
    "precision": 0.6595210958588962,
    "power": 0.8563881715951822,
    "efficiency": 0.8785477311561987,
    "safety": 0.9757814107454059,
    "overall": 0.93036261336594,
    "shoulder": 0.7955216635311392,
    "elbow": 0.9730099595782628,
    "wrist": 0.7852086162004119,
    "hip": 0.9488658623404846,
    "knee": 0.8620723574494709,
    "ankle": 0.6297224320592268,
    "back": 0.6636469118134837,
    "neck": 0.7791898739024452
  },
  "recommendations": {
    "form": "Good form, continue practicing with current technique",
    "alignment": "Good alignment, maintain current technique",
    "stability": "Good stability, continue with current technique",
    "power": "Consider increasing intensity gradually"
  },
  "safety_considerations": [
    "Focus on proper knee alignment to prevent overuse injuries",
    "Maintain proper hip positioning to prevent strain",
    "Ensure proper bike fit and body alignment"
  ]
}