{
  "power_generation": {
    "explosiveness": 0.9079409366126102,
    "force_transfer": 0.8600938571126299,
    "efficiency": 0.5549409289755101
  },
  "technical_metrics": {
    "precision": 0.9842601457214162,
    "consistency": 0.8641669031449533,
    "fluidity": 0.8331551980162015
  },
  "biomechanical_metrics": {
    "joint_loading": 0.8826550362198813,
    "muscle_activation": 0.5062944847864281,
    "energy_efficiency": 0.8026080215058058
  }
}