{
  "power_generation": {
    "explosiveness": 0.9764992492681999,
    "force_transfer": 0.7906565103864005,
    "efficiency": 0.9512362398688166
  },
  "technical_metrics": {
    "precision": 0.5883998176763138,
    "consistency": 0.6413844232241346,
    "fluidity": 0.7059252343982328
  },
  "biomechanical_metrics": {
    "joint_loading": 0.5217783457545736,
    "muscle_activation": 0.8755796143794204,
    "energy_efficiency": 0.7359935702646963
  }
}