{
  "key_points": {
    "shoulders": [
      -0.03423587501926012,
      0.521455699573693,
      -0.05934198975579406
    ],
    "elbows": [
      0.016942784300317815,
      0.44670785688465964,
      0.014594871032246215
    ],
    "wrists": [
      -0.2938732330949607,
      0.4278839983117583,
      -0.09053734397757805
    ],
    "hips": [
      -0.026788339166161107,
      0.4891480934338881,
      -0.0010553579687356818
    ],
    "knees": [
      0.18718040360923166,
      0.2509374151499052,
      0.09897235626146969
    ],
    "ankles": [
      -0.04649707054579455,
      0.27403866042666214,
      0.03680589826410824
    ]
  },
  "angles": {
    "knee": 126.35780449743328,
    "hip": 53.63018779980689,
    "shoulder": 54.09667803072022,
    "elbow": 128.23487530789842
  },
  "analysis_scores": {
    "alignment": 0.9142995477962226,
    "balance": 0.8261802955079264,
    "form": 0.8130134380591441,
    "stability": 0.6218940482023235,
    "coordination": 0.9351607334613742,
    "precision": 0.7091110624249183,
    "power": 0.9772646886416456,
    "efficiency": 0.6371811059615169,
    "safety": 0.8279450119957835,
    "overall": 0.7037939992098196,
    "shoulder": 0.7651818022338137,
    "elbow": 0.9806493274352555,
    "wrist": 0.9594514865801317,
    "hip": 0.7738572345434939,
    "knee": 0.6660865184405476,
    "ankle": 0.7019530085156389,
    "back": 0.8939357760960519,
    "neck": 0.8060056388700708
  },
  "recommendations": {
    "form": "Good form, continue practicing with current technique",
    "alignment": "Work on maintaining symmetrical movement patterns",
    "stability": "Good stability, continue with current technique",
    "power": "Good power output, maintain current intensity"
  },
  "safety_considerations": []
}