{
  "power_generation": {
    "explosiveness": 0.6921477935343423,
    "force_transfer": 0.9776521620881875,
    "efficiency": 0.7246432509969472
  },
  "technical_metrics": {
    "precision": 0.7301861113866961,
    "consistency": 0.63264394994533,
    "fluidity": 0.93770678642351
  },
  "biomechanical_metrics": {
    "joint_loading": 0.8503243801955264,
    "muscle_activation": 0.8505782071329051,
    "energy_efficiency": 0.9081905406802135
  }
}