{
  "key_points": {
    "shoulders": [
      0.12329439024236416,
      0.6306084506968389,
      -0.06298384128214107
    ],
    "elbows": [
      0.19323913290769934,
      0.4159177668976231,
      -0.06979123323323691
    ],
    "wrists": [
      0.3939944071158301,
      0.4825192863515412,
      -0.0031725485771931378
    ],
    "hips": [
      0.13660069222867177,
      0.4437623095312132,
      0.05164973061485498
    ],
    "knees": [
      0.2722713283812053,
      0.20526161282423352,
      -0.0891724144501581
    ],
    "ankles": [
      -0.22992430532131689,
      0.1550345146494948,
      -0.029259168441694294
    ]
  },
  "angles": {
    "knee": 117.6363295695578,
    "hip": 136.23339556366196,
    "shoulder": 44.59262002590232,
    "elbow": 9.796217937974577
  },
  "analysis_scores": {
    "alignment": 0.7115854749021481,
    "balance": 0.6201638015433545,
    "form": 0.8209049759357203,
    "stability": 0.7587582067620341,
    "coordination": 0.8685079742303833,
    "precision": 0.9729951462318253,
    "power": 0.9622347140446355,
    "efficiency": 0.7570653480286785,
    "safety": 0.6342805460447127,
    "overall": 0.7071122130474312,
    "shoulder": 0.6408432839034774,
    "elbow": 0.6170984177089104,
    "wrist": 0.7565110518729319,
    "hip": 0.9455200819365155,
    "knee": 0.9397506320726821,
    "ankle": 0.6191628060661598,
    "back": 0.7147088689115024,
    "neck": 0.7062034807027369
  },
  "recommendations": {
    "form": "Good form, continue practicing with current technique",
    "alignment": "Good alignment, maintain current technique",
    "stability": "Good stability, continue with current technique",
    "power": "Good power output, maintain current intensity"
  },
  "safety_considerations": []
}