{
  "power_generation": {
    "explosiveness": 0.759156258447564,
    "force_transfer": 0.774187255154436,
    "efficiency": 0.8052554572415866
  },
  "technical_metrics": {
    "precision": 0.6155031746743183,
    "consistency": 0.7176659910736465,
    "fluidity": 0.5443317452785903
  },
  "biomechanical_metrics": {
    "joint_loading": 0.6208707463463298,
    "muscle_activation": 0.5590197253191831,
    "energy_efficiency": 0.5700737450834878
  }
}