{
  "key_points": {
    "shoulders": [
      0.1834358259765751,
      0.674220321913394,
      0.06543898237022017
    ],
    "elbows": [
      0.0037096177990157964,
      0.5594139505737521,
      -0.055489427590896284
    ],
    "wrists": [
      -0.26231176769645026,
      0.4517744231996776,
      -0.03970005603003071
    ],
    "hips": [
      0.11052667364732255,
      0.3279893439914366,
      0.05473571228663546
    ],
    "knees": [
      -0.08665161682180561,
      0.24081089133014397,
      0.02366417624711692
    ],
    "ankles": [
      0.21521713877973292,
      0.2914067990589232,
      -0.04214344254417286
    ]
  },
  "angles": {
    "knee": 84.90208737435583,
    "hip": 125.83582453218278,
    "shoulder": 27.905690946013276,
    "elbow": 119.84744324539793
  },
  "analysis_scores": {
    "alignment": 0.7236545617212906,
    "balance": 0.7795306645577103,
    "form": 0.923118926296675,
    "stability": 0.9363808119711812,
    "coordination": 0.9854177188982634,
    "precision": 0.6730692685584331,
    "power": 0.8721498714706417,
    "efficiency": 0.779511060464873,
    "safety": 0.9103880955093684,
    "overall": 0.6824240812720694,
    "shoulder": 0.9795134866236,
    "elbow": 0.7594793702980568,
    "wrist": 0.7548726397310201,
    "hip": 0.6826389361214592,
    "knee": 0.9603767876065642,
    "ankle": 0.9411814686568212,
    "back": 0.6693286233409703,
    "neck": 0.9659799064206239
  },
  "recommendations": {
    "form": "Good form, continue practicing with current technique",
    "alignment": "Good alignment, maintain current technique",
    "stability": "Good stability, continue with current technique",
    "power": "Consider increasing intensity gradually"
  },
  "safety_considerations": []
}