{
  "power_generation": {
    "explosiveness": 0.9755191498594495,
    "force_transfer": 0.8943527312039272,
    "efficiency": 0.6948977224711856
  },
  "technical_metrics": {
    "precision": 0.6002086724729175,
    "consistency": 0.7898514462992774,
    "fluidity": 0.998850704676408
  },
  "biomechanical_metrics": {
    "joint_loading": 0.7626390142028876,
    "muscle_activation": 0.9670268698938922,
    "energy_efficiency": 0.6069583118087096
  }
}