{
  "key_points": {
    "shoulders": [
      -0.17039289672700067,
      0.6482140286203674,
      0.05887988647086498
    ],
    "hips": [
      0.005520238507181474,
      0.5088165290378314,
      0.06097016079549494
    ],
    "knees": [
      0.08719710041755979,
      0.36239973257377733,
      0.050757143081437334
    ],
    "ankles": [
      0.1254138154199751,
      0.30732819784320564,
      -0.053721263558874015
    ]
  },
  "angles": {
    "knee": 74.46292316974194,
    "hip": 110.27766919402423,
    "shoulder": 16.554295399825403
  },
  "analysis_scores": {
    "alignment": 0.7533858736757661,
    "balance": 1.0,
    "form": 0.7803176586588472,
    "stability": 0.9677297294732412,
    "coordination": 0.6762485963323079,
    "precision": 0.7257735246066899,
    "power": 0.6113515361363798,
    "efficiency": 0.6743611754199375,
    "safety": 0.9191506930007856,
    "overall": 0.6014878216703125,
    "shoulder": 0.6392480235173728,
    "elbow": 0.9860091474136409,
    "wrist": 0.8343325742748696,
    "hip": 0.7828324224133061,
    "knee": 0.6942477191234289,
    "ankle": 1.0,
    "back": 0.9826924275342251,
    "neck": 0.8068594998704187
  },
  "recommendations": {
    "form": "Good form, continue practicing with current technique",
    "alignment": "Good alignment, maintain current technique",
    "stability": "Good stability, continue with current technique",
    "power": "Consider increasing intensity gradually"
  },
  "safety_considerations": []
}