{
  "power_generation": {
    "explosiveness": 0.7151067181670365,
    "force_transfer": 0.7208159939237144,
    "efficiency": 0.8605577764646941
  },
  "technical_metrics": {
    "precision": 0.7207346559940613,
    "consistency": 0.9196573867465409,
    "fluidity": 0.9214560238972822
  },
  "biomechanical_metrics": {
    "joint_loading": 0.9657628680630984,
    "muscle_activation": 0.6303676407138964,
    "energy_efficiency": 0.5576236264014705
  }
}