{
  "key_points": {
    "shoulders": [
      -0.05795390260938174,
      0.6433651665998851,
      0.004662265819792483
    ],
    "elbows": [
      -0.07116236911928003,
      0.5623518159644167,
      0.05413120639800756
    ],
    "wrists": [
      0.00014011913880196403,
      0.4256942605712446,
      -0.042209463781569784
    ],
    "hips": [
      0.16108146948624807,
      0.3542698037315591,
      0.04091176443216371
    ],
    "knees": [
      -0.07910038589346732,
      0.29983849910766325,
      -0.0402953924668005
    ],
    "ankles": [
      0.1710414141349792,
      0.2159995251221506,
      0.09925345431815893
    ]
  },
  "angles": {
    "knee": 47.108224328424924,
    "hip": 96.03853817552142,
    "shoulder": 36.53678579309557,
    "elbow": 13.624170513031558
  },
  "analysis_scores": {
    "alignment": 0.6452832957302137,
    "balance": 0.6828813574086396,
    "form": 0.6431901549078287,
    "stability": 0.714885744156341,
    "coordination": 0.8522102095700835,
    "precision": 0.7150000218536614,
    "power": 0.6813771922136255,
    "efficiency": 0.9278675707535533,
    "safety": 0.9864743399081267,
    "overall": 0.6049900491503774,
    "shoulder": 0.8210004409440693,
    "elbow": 0.6960770746768857,
    "wrist": 0.9907905336249344,
    "hip": 0.9995564934531673,
    "knee": 0.9323757028278421,
    "ankle": 0.9197582133793104,
    "back": 0.6004579675339321,
    "neck": 0.8254542031262706
  },
  "recommendations": {
    "form": "Good form, continue practicing with current technique",
    "alignment": "Good alignment, maintain current technique",
    "stability": "Focus on maintaining proper posture and balance",
    "power": "Good power output, maintain current intensity"
  },
  "safety_considerations": [
    "Work on balance and stability during movement"
  ]
}