{
  "power_generation": {
    "explosiveness": 0.8989592240752075,
    "force_transfer": 0.5592127399341277,
    "efficiency": 0.902803494501597
  },
  "technical_metrics": {
    "precision": 0.9344602949187324,
    "consistency": 0.9368165440744227,
    "fluidity": 0.6397591158745445
  },
  "biomechanical_metrics": {
    "joint_loading": 0.7057529505465239,
    "muscle_activation": 0.9044359852225383,
    "energy_efficiency": 0.915993339620991
  }
}