{
  "key_points": {
    "shoulders": [
      0.11836473706963974,
      0.6847931167582386,
      -0.025243725376499146
    ],
    "hips": [
      0.06848924336625206,
      0.5206495246760232,
      -0.09404126370832333
    ],
    "knees": [
      0.009817235001685132,
      0.3052533980953818,
      0.059670957363999355
    ],
    "ankles": [
      -0.2514013543214507,
      0.39745019866914366,
      0.03654400728047949
    ]
  },
  "angles": {
    "knee": 53.52334398384336,
    "hip": 75.42731423203,
    "shoulder": 45.44035640612152
  },
  "analysis_scores": {
    "alignment": 1.0,
    "balance": 1.0,
    "form": 0.8722409559992896,
    "stability": 0.8951378375006368,
    "coordination": 0.9037036701805081,
    "precision": 0.875473353243277,
    "power": 0.659241929229594,
    "efficiency": 0.7480219482181427,
    "safety": 0.700802914122681,
    "overall": 0.7370849378689226,
    "shoulder": 0.8745161070924892,
    "elbow": 0.8835892689692677,
    "wrist": 0.8730122843863585,
    "hip": 0.6528834650309624,
    "knee": 0.702493469060088,
    "ankle": 0.7238523548452873,
    "back": 0.9112509918866772,
    "neck": 0.7162717147602187
  },
  "recommendations": {
    "form": "Good form, continue practicing with current technique",
    "alignment": "Good alignment, maintain current technique",
    "stability": "Good stability, continue with current technique",
    "power": "Consider increasing intensity gradually"
  },
  "safety_considerations": []
}