{
  "key_points": {
    "shoulders": [
      0.030611703340275465,
      0.5802453377889173,
      0.0652659904000478
    ],
    "elbows": [
      0.08900220235407263,
      0.5886642731935352,
      -0.040225941942333227
    ],
    "wrists": [
      0.16432348653834095,
      0.31851736554634225,
      0.003119698287149572
    ],
    "hips": [
      -0.1967119230065234,
      0.344782904176805,
      0.05240126961335628
    ],
    "knees": [
      0.263875770319776,
      0.3064790511482316,
      -0.0013749560293767338
    ],
    "ankles": [
      -0.2429104234212468,
      0.24320158596601263,
      0.0429202715194372
    ]
  },
  "angles": {
    "knee": 122.01619703119131,
    "hip": 107.0235868608967,
    "shoulder": 30.39736954081553,
    "elbow": 115.84696026997445
  },
  "analysis_scores": {
    "alignment": 0.7039722478386423,
    "balance": 0.6684246284876894,
    "form": 0.624238793796861,
    "stability": 0.8598903204228234,
    "coordination": 0.9019056189406289,
    "precision": 0.6747765053948692,
    "power": 0.6616771327837452,
    "efficiency": 0.9474446797580485,
    "safety": 0.6096999905627613,
    "overall": 0.6121482002541805,
    "shoulder": 0.7447308266587992,
    "elbow": 0.8639921914639559,
    "wrist": 0.6872056729892224,
    "hip": 0.9169034088597374,
    "knee": 0.6269853722051935,
    "ankle": 0.653023029867309,
    "back": 0.6023751809811622,
    "neck": 0.6656972833509358
  },
  "recommendations": {
    "form": "Focus on maintaining proper joint angles during movement",
    "alignment": "Good alignment, maintain current technique",
    "stability": "Focus on maintaining proper posture and balance",
    "power": "Consider increasing intensity gradually"
  },
  "safety_considerations": [
    "Maintain proper hip positioning for stability",
    "Ensure proper knee alignment to prevent injury"
  ]
}