{
  "power_generation": {
    "explosiveness": 0.8908490798782058,
    "force_transfer": 0.6138272573686194,
    "efficiency": 0.8746358377683874
  },
  "technical_metrics": {
    "precision": 0.7190845426848215,
    "consistency": 0.8249345238008732,
    "fluidity": 0.9229486213018212
  },
  "biomechanical_metrics": {
    "joint_loading": 0.9583572611252281,
    "muscle_activation": 0.9677962604774006,
    "energy_efficiency": 0.9874515428210513
  }
}