{
  "key_points": {
    "shoulders": [
      -0.13540069712527153,
      0.6894026338903946,
      0.09501941192814345
    ],
    "elbows": [
      -0.2900477203249006,
      0.598906406969101,
      0.09102353787463108
    ],
    "wrists": [
      -0.18958990381518942,
      0.30125879773087183,
      0.09789669824596234
    ],
    "hips": [
      0.15761620221951805,
      0.4542419115290026,
      0.07088715842785664
    ],
    "knees": [
      -0.07848431265350933,
      0.20601026968018962,
      -0.07108033557958444
    ],
    "ankles": [
      -0.2089885591247935,
      0.2803727921262985,
      0.0873254322244979
    ]
  },
  "angles": {
    "knee": 44.27305916761939,
    "hip": 142.2800199378552,
    "shoulder": 44.46090455085066,
    "elbow": 150.6756021669603
  },
  "analysis_scores": {
    "alignment": 0.8346242316565726,
    "balance": 0.8469257221895611,
    "form": 0.6903361916967663,
    "stability": 0.63456638831567,
    "coordination": 0.6411838659925051,
    "precision": 0.9474258237944596,
    "power": 0.9408341038416904,
    "efficiency": 0.881643180531636,
    "safety": 0.7470218750466029,
    "overall": 0.8847312432877692,
    "shoulder": 0.7393190050668372,
    "elbow": 0.8363074957727683,
    "wrist": 0.6677018820834971,
    "hip": 0.7863416326583215,
    "knee": 0.6956378882525149,
    "ankle": 0.7938638205883539,
    "back": 0.999037967969977,
    "neck": 0.8867715838267689
  },
  "recommendations": {
    "form": "Focus on maintaining proper joint angles during movement",
    "alignment": "Good alignment, maintain current technique",
    "stability": "Focus on maintaining proper posture and balance",
    "power": "Good power output, maintain current intensity"
  },
  "safety_considerations": [
    "Maintain proper hip alignment to prevent lower back strain"
  ]
}