{
  "power_generation": {
    "explosiveness": 0.5637139208846619,
    "force_transfer": 0.9214901969335381,
    "efficiency": 0.7850791822434331
  },
  "technical_metrics": {
    "precision": 0.6916015410556959,
    "consistency": 0.8201895063923709,
    "fluidity": 0.755381877201692
  },
  "biomechanical_metrics": {
    "joint_loading": 0.6106366441956588,
    "muscle_activation": 0.7602481641590546,
    "energy_efficiency": 0.8734639928529657
  }
}