{
  "key_points": {
    "shoulders": [
      0.06363166597892522,
      0.5041728719056257,
      -0.05937834732528882
    ],
    "elbows": [
      -0.14333686224723552,
      0.42739815568052264,
      -0.05937905389310194
    ],
    "wrists": [
      0.07422753263651038,
      0.38546152398416544,
      0.02875336349511151
    ],
    "hips": [
      0.1264256454975357,
      0.485240384753468,
      0.07882703471926544
    ],
    "knees": [
      -0.2454842538520989,
      0.2286280304733774,
      -0.06783351882537647
    ],
    "ankles": [
      0.21505593570078996,
      0.1289502820213843,
      0.035322170766514144
    ]
  },
  "angles": {
    "knee": 138.59838468789857,
    "hip": 75.08600325469713,
    "shoulder": 67.28150480090196,
    "elbow": 120.05482057007872
  },
  "analysis_scores": {
    "alignment": 0.8229071377962577,
    "balance": 0.7310412405579669,
    "form": 0.7496768693719117,
    "stability": 0.9921405153949036,
    "coordination": 0.7478810837776129,
    "precision": 0.9648581247985946,
    "power": 0.8833723321564002,
    "efficiency": 0.8312815624149538,
    "safety": 0.9526803648698141,
    "overall": 0.7123513048270149,
    "shoulder": 0.8663832385107886,
    "elbow": 0.9755637497197337,
    "wrist": 0.6403700986602973,
    "hip": 0.7167276247441532,
    "knee": 0.8418501716248883,
    "ankle": 0.8431924110345206,
    "back": 0.8585609437686601,
    "neck": 0.67136267727228
  },
  "recommendations": {
    "form": "Focus on maintaining proper joint angles during movement",
    "alignment": "Good alignment, maintain current technique",
    "stability": "Good stability, continue with current technique",
    "power": "Good power output, maintain current intensity"
  },
  "safety_considerations": []
}