{
  "power_generation": {
    "explosiveness": 0.8774004627463883,
    "force_transfer": 0.5306476725867988,
    "efficiency": 0.6789982664445076
  },
  "technical_metrics": {
    "precision": 0.8906934626704612,
    "consistency": 0.7164051358228593,
    "fluidity": 0.904944512816276
  },
  "biomechanical_metrics": {
    "joint_loading": 0.7838558170683301,
    "muscle_activation": 0.9606064642706895,
    "energy_efficiency": 0.6397687519050745
  }
}