{
  "key_points": {
    "shoulders": [
      -0.001773278976429371,
      0.555892173941723,
      -0.09957415201356218
    ],
    "elbows": [
      0.28965687062612827,
      0.565602804702768,
      0.03741734711207961
    ],
    "wrists": [
      -0.275664512364338,
      0.46370493277221153,
      -0.08795809368399193
    ],
    "hips": [
      -0.03853614965251562,
      0.44906589623427956,
      -0.04567254533608933
    ],
    "knees": [
      0.14510821917788358,
      0.34978556704313135,
      0.026363041936208698
    ],
    "ankles": [
      0.04228073583826575,
      0.15772723623129642,
      -0.04057567559569497
    ]
  },
  "angles": {
    "knee": 76.30697612205817,
    "hip": 110.21727717102227,
    "shoulder": 42.18657479025079,
    "elbow": 108.88355827405049
  },
  "analysis_scores": {
    "alignment": 0.8134094700069779,
    "balance": 0.6918460175159926,
    "form": 0.7300516150408366,
    "stability": 0.7253260577950387,
    "coordination": 0.657159127590815,
    "precision": 0.676687056978895,
    "power": 0.8774943581347495,
    "efficiency": 0.9222323833045052,
    "safety": 0.9282546468555952,
    "overall": 0.8758619206636782,
    "shoulder": 0.7866684826477448,
    "elbow": 0.813789067752695,
    "wrist": 0.6599885511721629,
    "hip": 0.9947237360618455,
    "knee": 0.9373566840494016,
    "ankle": 0.7066662760098394,
    "back": 0.6389626254187265,
    "neck": 0.8326096423198301
  },
  "recommendations": {
    "form": "Good form, continue practicing with current technique",
    "alignment": "Work on maintaining symmetrical movement patterns",
    "stability": "Good stability, continue with current technique",
    "power": "Good power output, maintain current intensity"
  },
  "safety_considerations": []
}