{
  "power_generation": {
    "explosiveness": 0.837240449186838,
    "force_transfer": 0.7329534505985431,
    "efficiency": 0.6405228455894116
  },
  "technical_metrics": {
    "precision": 0.8880032864068077,
    "consistency": 0.9271783832700691,
    "fluidity": 0.5461707693873574
  },
  "biomechanical_metrics": {
    "joint_loading": 0.7635213680745087,
    "muscle_activation": 0.9722272845813147,
    "energy_efficiency": 0.5163073573353222
  }
}