{
  "key_points": {
    "shoulders": [
      0.1618541087431717,
      0.6008042639756114,
      -0.050548652278195605
    ],
    "elbows": [
      0.13134790114316808,
      0.47875039049625184,
      -0.01712457306575861
    ],
    "wrists": [
      0.1764420621412759,
      0.3569647032897486,
      0.0853750281102996
    ],
    "hips": [
      0.13740985472799,
      0.4143950461836333,
      0.06197352698223316
    ],
    "knees": [
      0.10323582572744389,
      0.3065643081509158,
      -0.02349343804197708
    ],
    "ankles": [
      -0.12432927301241897,
      0.2633705534200834,
      0.020427950969654662
    ]
  },
  "angles": {
    "knee": 84.33390256284767,
    "hip": 152.66683541342474,
    "shoulder": 40.789044750155014,
    "elbow": 104.91750818272219
  },
  "analysis_scores": {
    "alignment": 0.9703437325025444,
    "balance": 0.7449209103667349,
    "form": 0.9978292688989692,
    "stability": 0.8899581265812275,
    "coordination": 0.9413713501388139,
    "precision": 0.9310649080768879,
    "power": 0.644144007664406,
    "efficiency": 0.8346581006553592,
    "safety": 0.7830784005433019,
    "overall": 0.8240017557676113,
    "shoulder": 0.704126073287435,
    "elbow": 0.8682255740641323,
    "wrist": 0.7038746705682306,
    "hip": 0.9385875162823233,
    "knee": 0.7536549201904033,
    "ankle": 0.6766992700736063,
    "back": 0.7098680969072599,
    "neck": 0.8964780426835799
  },
  "recommendations": {
    "form": "Focus on maintaining proper joint angles during movement",
    "alignment": "Good alignment, maintain current technique",
    "stability": "Good stability, continue with current technique",
    "power": "Good power output, maintain current intensity"
  },
  "safety_considerations": []
}