{
  "power_generation": {
    "explosiveness": 0.7632439829688342,
    "force_transfer": 0.9164506068447892,
    "efficiency": 0.6134412699202474
  },
  "technical_metrics": {
    "precision": 0.8776226546859323,
    "consistency": 0.5783505543337906,
    "fluidity": 0.7020294088895306
  },
  "biomechanical_metrics": {
    "joint_loading": 0.7576726133790033,
    "muscle_activation": 0.5739453911429895,
    "energy_efficiency": 0.8039843357164014
  }
}