{
  "key_points": {
    "shoulders": [
      -0.01638745119646648,
      0.534311384327034,
      -0.02959369994090813
    ],
    "elbows": [
      -0.23619025623930354,
      0.504967168779481,
      -0.04525498286482197
    ],
    "wrists": [
      -0.3763813528977942,
      0.35120388370752237,
      -0.05948889212980808
    ],
    "hips": [
      -0.13254943633915053,
      0.40217979008316956,
      -0.0181299866594912
    ],
    "knees": [
      -0.16665365206498006,
      0.21743197962133695,
      0.00226364392565373
    ],
    "ankles": [
      0.11334871142380332,
      0.22564280095249822,
      -0.030564683155886965
    ]
  },
  "angles": {
    "knee": 29.308503871766643,
    "hip": 81.83607979110062,
    "shoulder": 12.241436094175345,
    "elbow": 100.65673379606538
  },
  "analysis_scores": {
    "alignment": 0.7417924955578032,
    "balance": 0.9206094932963037,
    "form": 0.7795320388305469,
    "stability": 0.6529250765650926,
    "coordination": 0.8446220676197935,
    "precision": 0.7217655959227246,
    "power": 0.9321318709125039,
    "efficiency": 0.6993408820051615,
    "safety": 0.8337919270087757,
    "overall": 0.6887066322462232,
    "shoulder": 0.8286863246655178,
    "elbow": 0.962165225615274,
    "wrist": 0.6668877769712146,
    "hip": 0.8548911621953678,
    "knee": 0.721878291696445,
    "ankle": 0.9061333945751825,
    "back": 0.855990043718605,
    "neck": 0.8715642507044552
  },
  "recommendations": {
    "form": "Good form, continue practicing with current technique",
    "alignment": "Good alignment, maintain current technique",
    "stability": "Good stability, continue with current technique",
    "power": "Good power output, maintain current intensity"
  },
  "safety_considerations": [
    "Focus on maintaining proper back alignment during takedowns",
    "Maintain proper hip positioning for stability"
  ]
}