{
  "power_generation": {
    "explosiveness": 0.8230070240103433,
    "force_transfer": 0.9901189561757322,
    "efficiency": 0.8684298164622637
  },
  "technical_metrics": {
    "precision": 0.5521768797966102,
    "consistency": 0.9224309087530667,
    "fluidity": 0.5773278462199247
  },
  "biomechanical_metrics": {
    "joint_loading": 0.9001493729754073,
    "muscle_activation": 0.788125587532338,
    "energy_efficiency": 0.6385436230642928
  }
}