{
  "key_points": {
    "shoulders": [
      0.11958705857120172,
      0.6391684730900993,
      -0.06416303565623568
    ],
    "elbows": [
      0.17563153076614563,
      0.5554535021794209,
      0.06367064176977336
    ],
    "wrists": [
      0.1383805682223166,
      0.435934101712682,
      0.0987519331008529
    ],
    "hips": [
      0.03839127126303979,
      0.31164859403082096,
      0.08661645608248389
    ],
    "knees": [
      -0.019432034899546313,
      0.3695125193320171,
      0.09716290048066031
    ],
    "ankles": [
      -0.18857842369973535,
      0.10429392123413217,
      0.08277228166016268
    ]
  },
  "angles": {
    "knee": 55.331477697188916,
    "hip": 61.744423685016045,
    "shoulder": 65.39938058678692,
    "elbow": 129.30715972844519
  },
  "analysis_scores": {
    "alignment": 0.9090749909603679,
    "balance": 0.6331560698542457,
    "form": 0.6464159364641798,
    "stability": 0.8393574684937049,
    "coordination": 0.7048380293618346,
    "precision": 0.9728938718453232,
    "power": 0.9541559993439511,
    "efficiency": 0.997123517739409,
    "safety": 0.8112605110262443,
    "overall": 0.7589339324247097,
    "shoulder": 0.9476090550417974,
    "elbow": 0.7444458734331247,
    "wrist": 0.6048509448482259,
    "hip": 0.6156393743476896,
    "knee": 0.9987054033334439,
    "ankle": 0.837241344408068,
    "back": 0.9785240036113538,
    "neck": 0.8454295026521969
  },
  "recommendations": {
    "form": "Good form, continue practicing with current technique",
    "alignment": "Good alignment, maintain current technique",
    "stability": "Focus on maintaining proper posture and balance",
    "power": "Consider increasing intensity gradually"
  },
  "safety_considerations": []
}