{
  "power_generation": {
    "explosiveness": 0.7972264834176482,
    "force_transfer": 0.553035414422334,
    "efficiency": 0.8459817910574696
  },
  "technical_metrics": {
    "precision": 0.8515243923447275,
    "consistency": 0.9269128333379916,
    "fluidity": 0.6908863421401912
  },
  "biomechanical_metrics": {
    "joint_loading": 0.7283041813783449,
    "muscle_activation": 0.5660070546792361,
    "energy_efficiency": 0.7317454318847303
  }
}