{
  "key_points": {
    "shoulders": [
      -0.010017356956521839,
      0.5378102718248272,
      -0.09732536149138292
    ],
    "elbows": [
      0.21913577922430966,
      0.5138864342935681,
      -0.045034066109635965
    ],
    "wrists": [
      0.04368608313452932,
      0.34878111321062255,
      0.044335327723205975
    ],
    "hips": [
      -0.12897989774637214,
      0.391550807018221,
      -0.07400203151256278
    ],
    "knees": [
      0.132169115191969,
      0.21283707821471032,
      0.04254496316393372
    ],
    "ankles": [
      0.30163478318726966,
      0.16738996421864366,
      -0.007618187399217741
    ]
  },
  "angles": {
    "knee": 80.12405156040553,
    "hip": 131.4918071461212,
    "shoulder": 43.10400403927101,
    "elbow": 39.90296710912211
  },
  "analysis_scores": {
    "alignment": 0.6089690786070125,
    "balance": 0.8686624044789624,
    "form": 0.7114312921201238,
    "stability": 0.8662007401583901,
    "coordination": 0.8206252997827529,
    "precision": 0.7064239171451123,
    "power": 0.7601989702896379,
    "efficiency": 0.8975932599786312,
    "safety": 0.7916456219200614,
    "overall": 0.8521680070611982,
    "shoulder": 0.6591918513033741,
    "elbow": 0.636408980856684,
    "wrist": 0.7508743544057012,
    "hip": 0.9324776614687676,
    "knee": 0.7503353059661824,
    "ankle": 0.8387307869153754,
    "back": 0.844251894163421,
    "neck": 0.8250342595831364
  },
  "recommendations": {
    "form": "Good form, continue practicing with current technique",
    "alignment": "Good alignment, maintain current technique",
    "stability": "Good stability, continue with current technique",
    "power": "Good power output, maintain current intensity"
  },
  "safety_considerations": []
}