{
  "power_generation": {
    "explosiveness": 0.7604887604519626,
    "force_transfer": 0.8433795279603606,
    "efficiency": 0.9989692733971376
  },
  "technical_metrics": {
    "precision": 0.5018956585698551,
    "consistency": 0.8912785537065839,
    "fluidity": 0.5815549519319254
  },
  "biomechanical_metrics": {
    "joint_loading": 0.9886080640380368,
    "muscle_activation": 0.9430812638689798,
    "energy_efficiency": 0.8394963556399179
  }
}