{
  "key_points": {
    "shoulders": [
      -0.08670738227283832,
      0.5015665159122528,
      0.020269928920836316
    ],
    "elbows": [
      -0.15250886356900242,
      0.5214312474458791,
      0.08233412109817859
    ],
    "wrists": [
      0.32798922897714844,
      0.3466969111301224,
      -0.09810885017790999
    ],
    "hips": [
      0.11113721268872451,
      0.41184981780059227,
      0.06302475976903918
    ],
    "knees": [
      0.166758710957021,
      0.28212996243673616,
      -0.031161419450771652
    ],
    "ankles": [
      -0.2976057867940409,
      0.2888852029573997,
      0.057332976935135976
    ]
  },
  "angles": {
    "knee": 70.80200499170431,
    "hip": 77.39091584871169,
    "shoulder": 11.809781468508687,
    "elbow": 109.7043336106925
  },
  "analysis_scores": {
    "alignment": 0.8490016737163261,
    "balance": 0.841913410387756,
    "form": 0.6793951533153981,
    "stability": 0.715269696083676,
    "coordination": 0.7026453633651811,
    "precision": 0.9762919290068102,
    "power": 0.9302109323721494,
    "efficiency": 0.8742467977346746,
    "safety": 0.8707764237914675,
    "overall": 0.6013788411774006,
    "shoulder": 0.802483722480791,
    "elbow": 0.9810637805800966,
    "wrist": 0.7537372743504898,
    "hip": 0.8058176763316761,
    "knee": 0.7982224423734748,
    "ankle": 0.6934103620446272,
    "back": 0.9827261472117077,
    "neck": 0.9641048182441037
  },
  "recommendations": {
    "form": "Good form, continue practicing with current technique",
    "alignment": "Good alignment, maintain current technique",
    "stability": "Focus on maintaining proper posture and balance",
    "power": "Consider increasing intensity gradually"
  },
  "safety_considerations": []
}