{
  "power_generation": {
    "explosiveness": 0.7436437840373216,
    "force_transfer": 0.8213898595381002,
    "efficiency": 0.9475915589502502
  },
  "technical_metrics": {
    "precision": 0.6530366814825651,
    "consistency": 0.638902402186085,
    "fluidity": 0.5819513622538106
  },
  "biomechanical_metrics": {
    "joint_loading": 0.6617362122651318,
    "muscle_activation": 0.6822074591573255,
    "energy_efficiency": 0.7461601189919972
  }
}