{
  "key_points": {
    "shoulders": [
      -0.11015305006516903,
      0.5349493881950929,
      0.05227777262137451
    ],
    "elbows": [
      -0.24966328527144568,
      0.4837028567061799,
      0.07651302860913167
    ],
    "wrists": [
      0.1699417740935142,
      0.326656434509681,
      0.051234727734403046
    ],
    "hips": [
      -0.0827237907787104,
      0.4495746921600908,
      0.0037268784254618492
    ],
    "knees": [
      -0.2955464847580545,
      0.3640385725098578,
      -0.08353210938186417
    ],
    "ankles": [
      -0.03988698554560466,
      0.21247319822783545,
      -0.02817977179655891
    ]
  },
  "angles": {
    "knee": 107.76467854453,
    "hip": 107.43955262346131,
    "shoulder": 46.58339060354512,
    "elbow": 73.43911776075957
  },
  "analysis_scores": {
    "alignment": 0.7477036653635722,
    "balance": 0.9050770428544455,
    "form": 0.9792629532418247,
    "stability": 0.6934857835422904,
    "coordination": 0.9246544010271415,
    "precision": 0.9029020236364791,
    "power": 0.8890914796128153,
    "efficiency": 0.6545112066869496,
    "safety": 0.7733779756815904,
    "overall": 0.6605596470899491,
    "shoulder": 0.6379908907030815,
    "elbow": 0.6856751060761239,
    "wrist": 0.9248673573003493,
    "hip": 0.6862148565645014,
    "knee": 0.7583587984048149,
    "ankle": 0.7313604503902287,
    "back": 0.864015489087838,
    "neck": 0.9315804808939354
  },
  "recommendations": {
    "form": "Focus on maintaining proper joint angles during movement",
    "alignment": "Good alignment, maintain current technique",
    "stability": "Good stability, continue with current technique",
    "power": "Good power output, maintain current intensity"
  },
  "safety_considerations": []
}