{
  "power_generation": {
    "explosiveness": 0.6300587531777904,
    "force_transfer": 0.5448098744728758,
    "efficiency": 0.8191551526804655
  },
  "technical_metrics": {
    "precision": 0.8327944121848694,
    "consistency": 0.6199570363026914,
    "fluidity": 0.7589308235833333
  },
  "biomechanical_metrics": {
    "joint_loading": 0.6125690243839965,
    "muscle_activation": 0.8283058070092406,
    "energy_efficiency": 0.5626249882972033
  }
}