{
  "key_points": {
    "shoulders": [
      0.12794692458965268,
      0.5040636130523728,
      -0.0646512161631499
    ],
    "elbows": [
      0.17322490127468987,
      0.44966765682006765,
      -0.01232261423056151
    ],
    "wrists": [
      0.22653002225272578,
      0.4005321956317107,
      0.005849927494271753
    ],
    "hips": [
      -0.15067033223291154,
      0.3200038014648774,
      -0.03447498394937713
    ],
    "knees": [
      0.22180079023505422,
      0.3246736504789437,
      -0.03624662427040859
    ],
    "ankles": [
      -0.3301159829322276,
      0.2954252335608393,
      0.03727689600512479
    ]
  },
  "angles": {
    "knee": 72.67480972282209,
    "hip": 139.8224442316776,
    "shoulder": 37.10774358157403,
    "elbow": 78.7570748691167
  },
  "analysis_scores": {
    "alignment": 0.8170448984115805,
    "balance": 0.8775103498137555,
    "form": 0.777376941376252,
    "stability": 0.6658271844993467,
    "coordination": 0.6533631986166332,
    "precision": 0.9317375200564126,
    "power": 0.9436061045297399,
    "efficiency": 0.6302406352524713,
    "safety": 0.8031017985987531,
    "overall": 0.6646202431557225,
    "shoulder": 0.9038722302060066,
    "elbow": 0.6402324075921052,
    "wrist": 0.6356393037911217,
    "hip": 0.758517020155846,
    "knee": 0.8653813696189425,
    "ankle": 0.9001637716138352,
    "back": 0.6986236024976861,
    "neck": 0.7550314364698698
  },
  "recommendations": {
    "form": "Good form, continue practicing with current technique",
    "alignment": "Good alignment, maintain current technique",
    "stability": "Good stability, continue with current technique",
    "power": "Consider increasing intensity gradually"
  },
  "safety_considerations": [
    "Focus on maintaining proper back alignment during rotation",
    "Ensure proper shoulder mechanics during swing"
  ]
}