{
  "power_generation": {
    "explosiveness": 0.8424764363836184,
    "force_transfer": 0.9633792880647527,
    "efficiency": 0.7200663625974699
  },
  "technical_metrics": {
    "precision": 0.5257625222297011,
    "consistency": 0.5110927210140136,
    "fluidity": 0.7897800225611644
  },
  "biomechanical_metrics": {
    "joint_loading": 0.890277979141469,
    "muscle_activation": 0.8221207386476332,
    "energy_efficiency": 0.9081886433939517
  }
}