{
  "power_generation": {
    "explosiveness": 0.6496762571383682,
    "force_transfer": 0.6176707586716287,
    "efficiency": 0.7750143868359289
  },
  "technical_metrics": {
    "precision": 0.5448076169905175,
    "consistency": 0.7032802484715333,
    "fluidity": 0.6929122411933972
  },
  "biomechanical_metrics": {
    "joint_loading": 0.8435819410406307,
    "muscle_activation": 0.8356008087360587,
    "energy_efficiency": 0.6602524940880274
  }
}