{
  "key_points": {
    "shoulders": [
      -0.11565403939441901,
      0.6111056657936095,
      -0.19435003635922157
    ],
    "elbows": [
      0.25112006336523773,
      0.5319960243869746,
      -0.029129893853960198
    ],
    "wrists": [
      0.2785124448024764,
      0.393665054755866,
      -0.06585340241573576
    ],
    "hips": [
      0.004976766827457069,
      0.4860036804268647,
      -0.01305267668178281
    ]
  },
  "angles": {
    "shoulder": 69.44821230336437,
    "elbow": 89.53188689528449
  },
  "analysis_scores": {
    "alignment": 0.6845707594317703,
    "balance": 0.8582584817742305,
    "form": 0.6502084082235177,
    "stability": 0.9680616479183526,
    "coordination": 0.900337870959931,
    "precision": 0.9527964789247549,
    "power": 0.6384395226223524,
    "efficiency": 0.6574135324072323,
    "safety": 0.9890068595683054,
    "overall": 0.9700949336589166,
    "shoulder": 0.8122321215099073,
    "elbow": 1.0,
    "wrist": 0.971155073405348,
    "hip": 0.7051049060219494,
    "knee": 0.7072300303610835,
    "ankle": 0.7580988394442709,
    "back": 0.9767587229675568,
    "neck": 0.6312279026410734
  },
  "recommendations": {
    "form": "Good form, continue practicing with current technique",
    "alignment": "Good alignment, maintain current technique",
    "stability": "Focus on maintaining proper posture and balance",
    "power": "Good power output, maintain current intensity"
  },
  "safety_considerations": []
}