{
  "power_generation": {
    "explosiveness": 0.7417135786468898,
    "force_transfer": 0.9786000823385614,
    "efficiency": 0.6815093948518858
  },
  "technical_metrics": {
    "precision": 0.8506520331414791,
    "consistency": 0.6825056078485778,
    "fluidity": 0.5224227443588536
  },
  "biomechanical_metrics": {
    "joint_loading": 0.922814216609259,
    "muscle_activation": 0.9368322216173011,
    "energy_efficiency": 0.9607374283598347
  }
}