{
  "key_points": {
    "shoulders": [
      0.1404327815991434,
      0.5174330566334997,
      -0.018365641107245298
    ],
    "elbows": [
      -0.21522142908557462,
      0.5093028515993484,
      0.023368151704898005
    ],
    "wrists": [
      0.32675932423514786,
      0.49914335546872063,
      0.013781578983348128
    ],
    "hips": [
      -0.12464844628445144,
      0.30542383379918514,
      -0.08548608935444857
    ],
    "knees": [
      -0.22186100734546785,
      0.2288301649830886,
      0.03674727547622336
    ],
    "ankles": [
      -0.3519536432291367,
      0.20287215142145948,
      0.08759576170635988
    ]
  },
  "angles": {
    "knee": 91.36409483558839,
    "hip": 108.58194195822117,
    "shoulder": 61.38330912114391,
    "elbow": 161.0665953763042
  },
  "analysis_scores": {
    "alignment": 0.8101821018252829,
    "balance": 0.8505256997228718,
    "form": 0.8549914622148229,
    "stability": 0.9482549677018339,
    "coordination": 0.6296754241815777,
    "precision": 0.9588353100843936,
    "power": 0.7800933869227937,
    "efficiency": 0.9657633814586765,
    "safety": 0.9343611750723301,
    "overall": 0.7962623530439181,
    "shoulder": 0.8679165947258325,
    "elbow": 0.7576747140246937,
    "wrist": 0.876466692824905,
    "hip": 0.7788615591387696,
    "knee": 0.8746302784127369,
    "ankle": 0.8266643687082043,
    "back": 0.6273614720865888,
    "neck": 0.6941816166739878
  },
  "recommendations": {
    "form": "Good form, continue practicing with current technique",
    "alignment": "Good alignment, maintain current technique",
    "stability": "Good stability, continue with current technique",
    "power": "Good power output, maintain current intensity"
  },
  "safety_considerations": [
    "Focus on proper knee alignment to prevent overuse injuries"
  ]
}