{
  "power_generation": {
    "explosiveness": 0.9271802235998359,
    "force_transfer": 0.6351181740603623,
    "efficiency": 0.7861950702061752
  },
  "technical_metrics": {
    "precision": 0.6939793394360287,
    "consistency": 0.8414321127782931,
    "fluidity": 0.8605139146705266
  },
  "biomechanical_metrics": {
    "joint_loading": 0.8528462550558176,
    "muscle_activation": 0.5937174673484809,
    "energy_efficiency": 0.5399309832788513
  }
}