{
  "key_points": {
    "shoulders": [
      0.10354895132820008,
      0.6810450391486856,
      -0.05266990029690553
    ],
    "elbows": [
      0.2525958015337992,
      0.4760373925873888,
      -0.0619258701897101
    ],
    "wrists": [
      -0.3316485313622953,
      0.33543173920244734,
      -0.004530794494041118
    ],
    "hips": [
      -0.07402899238905394,
      0.32286239053907373,
      0.004477137304676318
    ],
    "knees": [
      -0.2649380794336248,
      0.2066810493399844,
      0.016956791194538662
    ],
    "ankles": [
      0.2316352231529456,
      0.24976524589026586,
      0.07756913608697746
    ]
  },
  "angles": {
    "knee": 37.218451428199856,
    "hip": 79.76721367755228,
    "shoulder": 46.38066967359482,
    "elbow": 112.39685009664503
  },
  "analysis_scores": {
    "alignment": 0.8123859424444976,
    "balance": 0.8626784960976148,
    "form": 0.907116369912718,
    "stability": 0.6832102016387857,
    "coordination": 0.7325293397206376,
    "precision": 0.6689804445612729,
    "power": 0.866628869828341,
    "efficiency": 0.7873653520759158,
    "safety": 0.6577566891257125,
    "overall": 0.936984015568699,
    "shoulder": 0.753780339552435,
    "elbow": 0.7866824064085995,
    "wrist": 0.9879235765874557,
    "hip": 0.6458225068449284,
    "knee": 0.681657404623525,
    "ankle": 0.7068985977452302,
    "back": 0.821851922033232,
    "neck": 0.8417347432192798
  },
  "recommendations": {
    "form": "Good form, continue practicing with current technique",
    "alignment": "Good alignment, maintain current technique",
    "stability": "Good stability, continue with current technique",
    "power": "Good power output, maintain current intensity"
  },
  "safety_considerations": []
}