{
  "power_generation": {
    "explosiveness": 0.513210641881694,
    "force_transfer": 0.5695313509702259,
    "efficiency": 0.5911141108376579
  },
  "technical_metrics": {
    "precision": 0.7432662612873935,
    "consistency": 0.9614770420077072,
    "fluidity": 0.5738327883755476
  },
  "biomechanical_metrics": {
    "joint_loading": 0.76542159667782,
    "muscle_activation": 0.5942846770065806,
    "energy_efficiency": 0.6846976725307807
  }
}