{
  "key_points": {
    "shoulders": [
      0.16433870465329198,
      0.5475863698149777,
      -0.06270453035195503
    ],
    "elbows": [
      -0.2457152336788947,
      0.5302220056390774,
      -0.013791769941744803
    ],
    "wrists": [
      -0.07860009643825283,
      0.40046373761006165,
      -0.0021268481437321657
    ],
    "hips": [
      0.10489691722725442,
      0.4850014912031242,
      0.028113491507573002
    ],
    "knees": [
      0.05421274311208185,
      0.35239617592185724,
      -0.007247601821269045
    ],
    "ankles": [
      0.3470398446300822,
      0.2757985936404786,
      -0.0018907564604301041
    ]
  },
  "angles": {
    "knee": 38.989128484050454,
    "hip": 69.94944387871755,
    "shoulder": 65.54492473253465,
    "elbow": 135.50708623039367
  },
  "analysis_scores": {
    "alignment": 0.6271469421161745,
    "balance": 0.7158044822108509,
    "form": 0.9724835890180452,
    "stability": 0.8590670689650753,
    "coordination": 0.6358130074104912,
    "precision": 0.7068609720282185,
    "power": 0.8702081691217436,
    "efficiency": 0.8563856989039533,
    "safety": 0.9209648091353712,
    "overall": 0.7348700104225302,
    "shoulder": 0.6735310552906205,
    "elbow": 0.89672561023953,
    "wrist": 0.6901963813190977,
    "hip": 0.6001987033670092,
    "knee": 0.6040177174853419,
    "ankle": 0.9296567882210619,
    "back": 0.8879440995760459,
    "neck": 0.8029815748216811
  },
  "recommendations": {
    "form": "Focus on maintaining proper joint angles during movement",
    "alignment": "Good alignment, maintain current technique",
    "stability": "Focus on maintaining proper posture and balance",
    "power": "Good power output, maintain current intensity"
  },
  "safety_considerations": [
    "Maintain proper hip rotation"
  ]
}