{
  "power_generation": {
    "explosiveness": 0.9117442332313572,
    "force_transfer": 0.6466410185619286,
    "efficiency": 0.9907905972968483
  },
  "technical_metrics": {
    "precision": 0.9311232816665591,
    "consistency": 0.7123091039562249,
    "fluidity": 0.6492158563479908
  },
  "biomechanical_metrics": {
    "joint_loading": 0.5141721931814347,
    "muscle_activation": 0.6488265902204615,
    "energy_efficiency": 0.5266807272877907
  }
}