{
  "key_points": {
    "shoulders": [
      -0.08668327947246675,
      0.5419121770725428,
      0.03281190957985178
    ],
    "elbows": [
      0.06743030888534207,
      0.42785812104239684,
      0.04806018284460076
    ],
    "wrists": [
      -0.014249480351784416,
      0.3083054726119164,
      -0.038994903711299524
    ],
    "hips": [
      0.1958922116335554,
      0.45026516287470963,
      -0.0953677969754066
    ],
    "knees": [
      0.09241592530892173,
      0.37375146067753096,
      0.01293430381314134
    ],
    "ankles": [
      0.19577981432866864,
      0.13681046094227073,
      -0.025180248289943724
    ]
  },
  "angles": {
    "knee": 69.78092550826621,
    "hip": 50.511909930460114,
    "shoulder": 52.367474027568825,
    "elbow": 98.24990121259287
  },
  "analysis_scores": {
    "alignment": 0.8811787471878816,
    "balance": 0.7594233206998607,
    "form": 0.6697721390236927,
    "stability": 0.6549125694706968,
    "coordination": 0.8339628860950598,
    "precision": 0.8622080812399453,
    "power": 0.8460168194854111,
    "efficiency": 0.8131384730286824,
    "safety": 0.6752903192232145,
    "overall": 0.7300648032577444,
    "shoulder": 0.850598211097325,
    "elbow": 0.9584540177213909,
    "wrist": 0.8341599130058059,
    "hip": 0.9994949684975178,
    "knee": 0.8411786052180008,
    "ankle": 0.7024990309614826,
    "back": 0.8431168951560262,
    "neck": 0.7901214964048846
  },
  "recommendations": {
    "form": "Good form, continue practicing with current technique",
    "alignment": "Good alignment, maintain current technique",
    "stability": "Good stability, continue with current technique",
    "power": "Good power output, maintain current intensity"
  },
  "safety_considerations": [
    "Maintain hip stability to prevent groin injuries"
  ]
}