{
  "power_generation": {
    "explosiveness": 0.67237869192121,
    "force_transfer": 0.7631589524776541,
    "efficiency": 0.5323996009934788
  },
  "technical_metrics": {
    "precision": 0.7818130345115122,
    "consistency": 0.7027264744097552,
    "fluidity": 0.7145861257598454
  },
  "biomechanical_metrics": {
    "joint_loading": 0.9489663307650151,
    "muscle_activation": 0.6764938694159068,
    "energy_efficiency": 0.5813598948704286
  }
}