{
  "key_points": {
    "shoulders": [
      -0.026765801709475318,
      0.6420298264593808,
      0.0985207469293323
    ],
    "elbows": [
      -0.22428192685755072,
      0.45089533101165047,
      0.08231676581882802
    ],
    "wrists": [
      0.2782754762619204,
      0.4139387987747854,
      -0.09907045432495226
    ],
    "hips": [
      -0.1839966319188514,
      0.3518299038750294,
      0.03051075376749418
    ],
    "knees": [
      -0.2453283490037681,
      0.325863407638021,
      0.07045095958333569
    ],
    "ankles": [
      -0.06878946334826558,
      0.18528702631094685,
      0.05146301950962484
    ]
  },
  "angles": {
    "knee": 104.60827599600982,
    "hip": 88.14538933397061,
    "shoulder": 11.502908599978882,
    "elbow": 10.013417739397408
  },
  "analysis_scores": {
    "alignment": 0.7321083695417034,
    "balance": 0.8536622390972641,
    "form": 0.8820718480220757,
    "stability": 0.7179648569075106,
    "coordination": 0.9512963953726326,
    "precision": 0.6026992012652976,
    "power": 0.7898686320513122,
    "efficiency": 0.6198099532434566,
    "safety": 0.6697743513892821,
    "overall": 0.9516136156319854,
    "shoulder": 0.6638583464393755,
    "elbow": 0.6858148135711476,
    "wrist": 0.9470438649805722,
    "hip": 0.7628471688385938,
    "knee": 0.8717659777509543,
    "ankle": 0.9678559391012487,
    "back": 0.7026308023269725,
    "neck": 0.7477283035065244
  },
  "recommendations": {
    "form": "Focus on maintaining proper joint angles during movement",
    "alignment": "Good alignment, maintain current technique",
    "stability": "Good stability, continue with current technique",
    "power": "Consider increasing intensity gradually"
  },
  "safety_considerations": []
}