{
  "power_generation": {
    "explosiveness": 0.8112364133410788,
    "force_transfer": 0.9517598453827161,
    "efficiency": 0.6497897850956836
  },
  "technical_metrics": {
    "precision": 0.8619207234666431,
    "consistency": 0.9202805833203781,
    "fluidity": 0.7836405939543316
  },
  "biomechanical_metrics": {
    "joint_loading": 0.6479346076107568,
    "muscle_activation": 0.920378517774958,
    "energy_efficiency": 0.7822333870772837
  }
}