{
  "key_points": {
    "shoulders": [
      0.1685598157959648,
      0.5195425510820787,
      -0.018343360839125328
    ],
    "elbows": [
      -0.29016967475284533,
      0.5465201465853545,
      -0.03401403467048929
    ],
    "wrists": [
      0.12187835301963346,
      0.43831873147182004,
      -0.09942359710487664
    ],
    "hips": [
      0.18977929236150426,
      0.3487154277838102,
      0.06765575478502331
    ],
    "knees": [
      0.07624836076833119,
      0.3729382031774866,
      0.02971166423003585
    ],
    "ankles": [
      -0.007386537192802245,
      0.164677561159344,
      0.026164250147703794
    ]
  },
  "angles": {
    "knee": 122.20800755417856,
    "hip": 139.5461917195056,
    "shoulder": 9.02024410585771,
    "elbow": 61.626332621269334
  },
  "analysis_scores": {
    "alignment": 0.7993261014790718,
    "balance": 0.9119030596148521,
    "form": 0.7839429905625708,
    "stability": 0.6393179940000355,
    "coordination": 0.8364766378245168,
    "precision": 0.7020065214162252,
    "power": 0.998267243337666,
    "efficiency": 0.8215101781233598,
    "safety": 0.7857847653522445,
    "overall": 0.9078850317517159,
    "shoulder": 0.890405538540304,
    "elbow": 0.7922475399253679,
    "wrist": 0.8550442056254373,
    "hip": 0.6867976336078703,
    "knee": 0.808148529875309,
    "ankle": 0.7382069266159176,
    "back": 0.6727526170739679,
    "neck": 0.9037717037238913
  },
  "recommendations": {
    "form": "Focus on maintaining proper joint angles during movement",
    "alignment": "Good alignment, maintain current technique",
    "stability": "Good stability, continue with current technique",
    "power": "Good power output, maintain current intensity"
  },
  "safety_considerations": []
}