{
  "power_generation": {
    "explosiveness": 0.6862173813024514,
    "force_transfer": 0.9508698830367589,
    "efficiency": 0.8850418058244296
  },
  "technical_metrics": {
    "precision": 0.6556011271099194,
    "consistency": 0.7735954032561243,
    "fluidity": 0.8617332860732053
  },
  "biomechanical_metrics": {
    "joint_loading": 0.5484731142483102,
    "muscle_activation": 0.8316409847285462,
    "energy_efficiency": 0.6059071514904578
  }
}