{
  "key_points": {
    "shoulders": [
      -0.11490718404107395,
      0.6460386796288579,
      -0.04695973130868736
    ],
    "elbows": [
      -0.12678373659628647,
      0.5249195353476237,
      0.06061281999276702
    ],
    "wrists": [
      0.31956837213077305,
      0.3585620640538797,
      0.01179893272191132
    ],
    "hips": [
      0.1383874550297794,
      0.3747667007019741,
      0.04924662097006588
    ],
    "knees": [
      -0.17497978936678238,
      0.35414534195810554,
      0.05137697584225334
    ],
    "ankles": [
      0.0457362002386158,
      0.10617238916612613,
      -0.09731639252581091
    ]
  },
  "angles": {
    "knee": 152.84286550900703,
    "hip": 107.43537369708622,
    "shoulder": 26.06601267254397,
    "elbow": 168.4129471149355
  },
  "analysis_scores": {
    "alignment": 0.6864435854864939,
    "balance": 0.8107306560364692,
    "form": 0.8923818019181565,
    "stability": 0.9870856111041592,
    "coordination": 0.7529806030738635,
    "precision": 0.6998006397547077,
    "power": 0.6555347064824112,
    "efficiency": 0.6003020987354426,
    "safety": 0.9626169286610166,
    "overall": 0.9120309462847994,
    "shoulder": 0.8635126191544538,
    "elbow": 0.6951719471650566,
    "wrist": 0.9624456342999952,
    "hip": 0.8543695197081607,
    "knee": 0.9479495882248713,
    "ankle": 0.6488732303657034,
    "back": 0.8173879009869216,
    "neck": 0.9101078189040133
  },
  "recommendations": {
    "form": "Focus on maintaining proper joint angles during movement",
    "alignment": "Work on maintaining symmetrical movement patterns",
    "stability": "Focus on maintaining proper posture and balance",
    "power": "Good power output, maintain current intensity"
  },
  "safety_considerations": []
}