{
  "power_generation": {
    "explosiveness": 0.9893311215072571,
    "force_transfer": 0.527578656607925,
    "efficiency": 0.5871896841262284
  },
  "technical_metrics": {
    "precision": 0.8791850415790787,
    "consistency": 0.7582230659550135,
    "fluidity": 0.92320264102056
  },
  "biomechanical_metrics": {
    "joint_loading": 0.620890817256731,
    "muscle_activation": 0.9425384010515068,
    "energy_efficiency": 0.6084083449554635
  }
}