{
  "key_points": {
    "shoulders": [
      -0.26447243829523565,
      0.6330454497737994,
      0.07118236071383272
    ],
    "hips": [
      0.3521362350148982,
      0.5797958008068393,
      -0.1496839234282475
    ],
    "knees": [
      0.37816627175413775,
      0.4506982667274313,
      0.08455105691900189
    ],
    "ankles": [
      0.4699885177223123,
      0.20445539845468907,
      0.19880078927576839
    ]
  },
  "angles": {
    "knee": 110.62531748297513,
    "hip": 162.31673338417508,
    "shoulder": 46.54906643173792
  },
  "analysis_scores": {
    "alignment": 0.7167373153330869,
    "balance": 0.6868842957845345,
    "form": 0.8067639209667024,
    "stability": 0.7147493210970415,
    "coordination": 0.9295082650891072,
    "precision": 0.9082263332857775,
    "power": 0.6065296162754585,
    "efficiency": 0.6831483052754185,
    "safety": 0.6814454655547655,
    "overall": 0.8123303356283851,
    "shoulder": 0.7009884805573594,
    "elbow": 0.8162089631574458,
    "wrist": 0.9869806430657897,
    "hip": 0.8560458454912463,
    "knee": 1.0,
    "ankle": 1.0,
    "back": 0.9626553654454134,
    "neck": 0.8262847584341305
  },
  "recommendations": {
    "form": "Good form, continue practicing with current technique",
    "alignment": "Good alignment, maintain current technique",
    "stability": "Good stability, continue with current technique",
    "power": "Good power output, maintain current intensity"
  },
  "safety_considerations": []
}