{
  "power_generation": {
    "explosiveness": 0.5188490249827175,
    "force_transfer": 0.6704588387832513,
    "efficiency": 0.8624659935008131
  },
  "technical_metrics": {
    "precision": 0.6193590880257731,
    "consistency": 0.6547097696533202,
    "fluidity": 0.8319087198866484
  },
  "biomechanical_metrics": {
    "joint_loading": 0.8496052076075775,
    "muscle_activation": 0.5206305436168369,
    "energy_efficiency": 0.7255052593514448
  }
}