{
  "key_points": {
    "shoulders": [
      -0.072795914402256,
      0.5475759003458772,
      0.06066549081187164
    ],
    "elbows": [
      -0.08991082938027009,
      0.5153282329634701,
      0.0038948109618632404
    ],
    "wrists": [
      -0.03360773477542933,
      0.45887424913565544,
      -0.02553522213533775
    ],
    "hips": [
      0.026306569798615564,
      0.49041911645914726,
      -0.0162705167841051
    ],
    "knees": [
      -0.011787438133029515,
      0.2149359864771645,
      -0.06026416914038335
    ],
    "ankles": [
      -0.23462406672397834,
      0.2990922104784228,
      0.01180601864734443
    ]
  },
  "angles": {
    "knee": 116.00840169829227,
    "hip": 71.47502424649373,
    "shoulder": 14.93220834495934,
    "elbow": 133.6188598323783
  },
  "analysis_scores": {
    "alignment": 0.784352837001923,
    "balance": 0.6560635126686238,
    "form": 0.8945887206264043,
    "stability": 0.9013001678631789,
    "coordination": 0.6658200131499259,
    "precision": 0.6017470838380793,
    "power": 0.927346927735313,
    "efficiency": 0.9968680469818545,
    "safety": 0.674270681719486,
    "overall": 0.9496994329280413,
    "shoulder": 0.902534901574697,
    "elbow": 0.9755417453895392,
    "wrist": 0.9080077230728735,
    "hip": 0.7034024156426991,
    "knee": 0.899647664006693,
    "ankle": 0.6859608391778904,
    "back": 0.7982827576204116,
    "neck": 0.6943524776558454
  },
  "recommendations": {
    "form": "Focus on maintaining proper joint angles during movement",
    "alignment": "Work on maintaining symmetrical movement patterns",
    "stability": "Good stability, continue with current technique",
    "power": "Consider increasing intensity gradually"
  },
  "safety_considerations": [
    "Maintain proper hip rotation mechanics",
    "Ensure proper shoulder mechanics during swing"
  ]
}