{
  "power_generation": {
    "explosiveness": 0.8371431098222013,
    "force_transfer": 0.899732166231147,
    "efficiency": 0.8325743921427995
  },
  "technical_metrics": {
    "precision": 0.6834084642155152,
    "consistency": 0.5167084589054955,
    "fluidity": 0.9055761355502671
  },
  "biomechanical_metrics": {
    "joint_loading": 0.7211092194589006,
    "muscle_activation": 0.7728294672151561,
    "energy_efficiency": 0.8723999852618731
  }
}