{
  "key_points": {
    "shoulders": [
      -0.12470833762082512,
      0.520983272834937,
      0.05873707577020146
    ],
    "elbows": [
      -0.16434527012287864,
      0.5647800283067685,
      -0.06675072427741743
    ],
    "wrists": [
      -0.2019064785813912,
      0.3688614437068902,
      -0.046489801080034136
    ],
    "hips": [
      0.1925854365047916,
      0.43515776065334333,
      0.036451653957997654
    ],
    "knees": [
      -0.29054497408008817,
      0.35327459481347046,
      -0.07742014932511176
    ],
    "ankles": [
      -0.3468474653519228,
      0.28801925493946806,
      -0.016976808184162723
    ]
  },
  "angles": {
    "knee": 64.08984723113967,
    "hip": 109.4960481297489,
    "shoulder": 58.92446297374355,
    "elbow": 122.53607628696116
  },
  "analysis_scores": {
    "alignment": 0.661647328293916,
    "balance": 0.8840053743942691,
    "form": 0.7671062108080879,
    "stability": 0.8312803135246545,
    "coordination": 0.8332994374123796,
    "precision": 0.7357143856186246,
    "power": 0.8300956609849464,
    "efficiency": 0.9244294735743691,
    "safety": 0.8255074254067238,
    "overall": 0.7716608093368664,
    "shoulder": 0.880299122695351,
    "elbow": 0.9166564485861409,
    "wrist": 0.8316136832411406,
    "hip": 0.9841316218666313,
    "knee": 0.6962551446892363,
    "ankle": 0.806542751219386,
    "back": 0.7898891966571051,
    "neck": 0.7143181747644648
  },
  "recommendations": {
    "form": "Focus on maintaining proper joint angles during movement",
    "alignment": "Good alignment, maintain current technique",
    "stability": "Good stability, continue with current technique",
    "power": "Good power output, maintain current intensity"
  },
  "safety_considerations": []
}