{
  "power_generation": {
    "explosiveness": 0.6844008380771844,
    "force_transfer": 0.6899193205238989,
    "efficiency": 0.6380635004106128
  },
  "technical_metrics": {
    "precision": 0.90038394841642,
    "consistency": 0.750421876623274,
    "fluidity": 0.882107505381557
  },
  "biomechanical_metrics": {
    "joint_loading": 0.6330639204598775,
    "muscle_activation": 0.8445466128731595,
    "energy_efficiency": 0.8751030855370778
  }
}