{
  "key_points": {
    "shoulders": [
      -0.03616816075426729,
      0.5075564453813416,
      0.0797971671738385
    ],
    "elbows": [
      0.1177695553502649,
      0.46954716113222633,
      -0.03970373823736835
    ],
    "wrists": [
      -0.05743819090671165,
      0.35910091877170547,
      -0.03551183116711436
    ],
    "hips": [
      -0.1180532003122496,
      0.49531073554785454,
      -0.033682183807589236
    ],
    "knees": [
      -0.054202432835169345,
      0.20981502936826116,
      0.09390063238049642
    ],
    "ankles": [
      -0.20092043031676737,
      0.2385742628017819,
      0.08536090379877662
    ]
  },
  "angles": {
    "knee": 133.047823414965,
    "hip": 91.42121223709377,
    "shoulder": 31.97593544429373,
    "elbow": 39.43340137083635
  },
  "analysis_scores": {
    "alignment": 0.7782144539934672,
    "balance": 0.8011001691132386,
    "form": 0.9248072510954182,
    "stability": 0.8438926625470335,
    "coordination": 0.9931472286168181,
    "precision": 0.8432180926729438,
    "power": 0.8976486663474681,
    "efficiency": 0.7304796525838743,
    "safety": 0.6813750543477715,
    "overall": 0.8417089486300598,
    "shoulder": 0.909480818279985,
    "elbow": 0.9611280977581649,
    "wrist": 0.6859739540310466,
    "hip": 0.9631992799229647,
    "knee": 0.8976617778442784,
    "ankle": 0.9559697240970415,
    "back": 0.6786750423022857,
    "neck": 0.7194021435656761
  },
  "recommendations": {
    "form": "Good form, continue practicing with current technique",
    "alignment": "Good alignment, maintain current technique",
    "stability": "Good stability, continue with current technique",
    "power": "Consider increasing intensity gradually"
  },
  "safety_considerations": [
    "Work on balance and stability to prevent falls"
  ]
}