{
  "power_generation": {
    "explosiveness": 0.9432264232948446,
    "force_transfer": 0.8953971553611568,
    "efficiency": 0.8583456631900758
  },
  "technical_metrics": {
    "precision": 0.504421866792488,
    "consistency": 0.5719169349185411,
    "fluidity": 0.6626171537844112
  },
  "biomechanical_metrics": {
    "joint_loading": 0.5887165569640262,
    "muscle_activation": 0.9563832597199742,
    "energy_efficiency": 0.7104318369626397
  }
}