{
  "key_points": {
    "shoulders": [
      0.11976286392600077,
      0.6462441415031565,
      0.08763244430517922
    ],
    "elbows": [
      0.0069152815960003,
      0.4301646302906119,
      -0.0781554345129055
    ],
    "wrists": [
      -0.030203976006330735,
      0.37366446276378473,
      0.016738039360832263
    ],
    "hips": [
      -0.17422025544991437,
      0.44363922298637654,
      0.050629277385963206
    ],
    "knees": [
      -0.1394801362317294,
      0.39601203864051615,
      -0.06121835160199232
    ],
    "ankles": [
      0.27871156949588216,
      0.29357686686438556,
      0.09701183495181775
    ]
  },
  "angles": {
    "knee": 102.18550393186482,
    "hip": 133.67244524650522,
    "shoulder": 17.806868695181763,
    "elbow": 105.37276232889236
  },
  "analysis_scores": {
    "alignment": 0.8653433804710331,
    "balance": 0.7715491364077265,
    "form": 0.8764850396272117,
    "stability": 0.7259995195498495,
    "coordination": 0.8525226718302741,
    "precision": 0.784788291590357,
    "power": 0.6640192424678529,
    "efficiency": 0.6807328026893722,
    "safety": 0.8568179567432506,
    "overall": 0.8584402791962922,
    "shoulder": 0.6511674088513306,
    "elbow": 0.7868676334898905,
    "wrist": 0.9088578127543634,
    "hip": 0.6522093749917478,
    "knee": 0.8418742690737087,
    "ankle": 0.7157934702866803,
    "back": 0.6337633210432527,
    "neck": 0.8523379177911947
  },
  "recommendations": {
    "form": "Good form, continue practicing with current technique",
    "alignment": "Work on maintaining symmetrical movement patterns",
    "stability": "Good stability, continue with current technique",
    "power": "Good power output, maintain current intensity"
  },
  "safety_considerations": []
}