{
  "power_generation": {
    "explosiveness": 0.7741891194397532,
    "force_transfer": 0.6413872819609001,
    "efficiency": 0.5726551590365924
  },
  "technical_metrics": {
    "precision": 0.7446775648000065,
    "consistency": 0.9023309462864739,
    "fluidity": 0.6012568394658458
  },
  "biomechanical_metrics": {
    "joint_loading": 0.9348840816911491,
    "muscle_activation": 0.8607601692348252,
    "energy_efficiency": 0.6178207402768456
  }
}