{
  "key_points": {
    "shoulders": [
      0.09996308009753796,
      0.6951578395191667,
      -0.05987843961749038
    ],
    "elbows": [
      -0.1854216275447368,
      0.408707279784833,
      0.03732846236050305
    ],
    "wrists": [
      -0.3828528185373135,
      0.3348185461847841,
      0.05182369013527982
    ],
    "hips": [
      -0.025797246013825298,
      0.3554304582177008,
      0.0489210363532801
    ],
    "knees": [
      -0.08598158445138188,
      0.3835625883964892,
      0.012078245688927569
    ],
    "ankles": [
      0.31712054157617897,
      0.2535004677233562,
      -0.08125146081502227
    ]
  },
  "angles": {
    "knee": 86.81094201635233,
    "hip": 122.6854970685879,
    "shoulder": 45.76044781317434,
    "elbow": 107.0773572042791
  },
  "analysis_scores": {
    "alignment": 0.950090935021368,
    "balance": 0.8280644899816372,
    "form": 0.7001516360148683,
    "stability": 0.9391030061656818,
    "coordination": 0.6691845730171425,
    "precision": 0.9749911052016708,
    "power": 0.6912754374392935,
    "efficiency": 0.7670336080067646,
    "safety": 0.7027874554738073,
    "overall": 0.6107262168880303,
    "shoulder": 0.6049889860472807,
    "elbow": 0.6795223636121771,
    "wrist": 0.9085873345297378,
    "hip": 0.6863747894800387,
    "knee": 0.7658812732163296,
    "ankle": 0.9016797993517348,
    "back": 0.6971197458469043,
    "neck": 0.6574568547382118
  },
  "recommendations": {
    "form": "Good form, continue practicing with current technique",
    "alignment": "Work on maintaining symmetrical movement patterns",
    "stability": "Good stability, continue with current technique",
    "power": "Good power output, maintain current intensity"
  },
  "safety_considerations": []
}