{
  "power_generation": {
    "explosiveness": 0.5197159602936072,
    "force_transfer": 0.5272697674346394,
    "efficiency": 0.5426026994832392
  },
  "technical_metrics": {
    "precision": 0.5321129501708972,
    "consistency": 0.5586785801789492,
    "fluidity": 0.5805544929919895
  },
  "biomechanical_metrics": {
    "joint_loading": 0.7999122136929241,
    "muscle_activation": 0.8322327434249788,
    "energy_efficiency": 0.8499317259427216
  }
}