{
  "key_points": {
    "shoulders": [
      0.0477874021941867,
      0.6687947990195348,
      -0.047863668665336805
    ],
    "elbows": [
      -0.0349450225485568,
      0.4562109534706927,
      0.05214999560230055
    ],
    "wrists": [
      0.0849555198471591,
      0.45531930898320194,
      -0.08067164270680255
    ],
    "hips": [
      -0.11253590761763599,
      0.3031415240638435,
      0.06815077111163201
    ],
    "knees": [
      -0.1722042406637184,
      0.32235766803842547,
      -0.03243070307363431
    ],
    "ankles": [
      -0.2716537414366691,
      0.1025978453882457,
      0.06951535640079037
    ]
  },
  "angles": {
    "knee": 57.06155417795412,
    "hip": 87.09792407430912,
    "shoulder": 10.106132725892214,
    "elbow": 39.27497271886983
  },
  "analysis_scores": {
    "alignment": 0.8242504853689124,
    "balance": 0.6044438229330618,
    "form": 0.9338624681886283,
    "stability": 0.6634508872738767,
    "coordination": 0.962041302168618,
    "precision": 0.9018396598448883,
    "power": 0.9990838974785682,
    "efficiency": 0.782743457462855,
    "safety": 0.791358342593089,
    "overall": 0.8736844662297139,
    "shoulder": 0.8796808034147268,
    "elbow": 0.9681488278815105,
    "wrist": 0.889821223640227,
    "hip": 0.9253261527835676,
    "knee": 0.8781256779393982,
    "ankle": 0.9179895625157471,
    "back": 0.8087764572536527,
    "neck": 0.7338934388200067
  },
  "recommendations": {
    "form": "Good form, continue practicing with current technique",
    "alignment": "Good alignment, maintain current technique",
    "stability": "Good stability, continue with current technique",
    "power": "Good power output, maintain current intensity"
  },
  "safety_considerations": []
}