{
  "power_generation": {
    "explosiveness": 0.7242709438324533,
    "force_transfer": 0.7813554720232392,
    "efficiency": 0.7234824121915449
  },
  "technical_metrics": {
    "precision": 0.8309919723283041,
    "consistency": 0.8429032247904718,
    "fluidity": 0.7714133935859424
  },
  "biomechanical_metrics": {
    "joint_loading": 0.5150352207675013,
    "muscle_activation": 0.5915250084574506,
    "energy_efficiency": 0.9925917548204253
  }
}