{
  "key_points": {
    "shoulders": [
      0.06878245309783598,
      0.5667800054084147,
      -0.05850943826188422
    ],
    "elbows": [
      0.11132938372353385,
      0.4751842335642864,
      -0.07241138770134684
    ],
    "wrists": [
      -0.2573488150691209,
      0.4090166202419724,
      -0.08935227878942625
    ],
    "hips": [
      -0.0365541101559439,
      0.37206938976894455,
      0.08570256271695467
    ],
    "knees": [
      0.05499567919707449,
      0.2692753022326537,
      0.013967068057071402
    ],
    "ankles": [
      0.1525037134600089,
      0.1832894907819646,
      -0.06202962859192329
    ]
  },
  "angles": {
    "knee": 24.546722613881126,
    "hip": 137.93341113780502,
    "shoulder": 28.524983321763443,
    "elbow": 99.62357982903858
  },
  "analysis_scores": {
    "alignment": 0.9672398277449739,
    "balance": 0.7178372156124602,
    "form": 0.6348335894118791,
    "stability": 0.6885129478062286,
    "coordination": 0.9713848619900649,
    "precision": 0.8109745097262006,
    "power": 0.7662383793306483,
    "efficiency": 0.7620563830678312,
    "safety": 0.9624560449855081,
    "overall": 0.8064682846336193,
    "shoulder": 0.8931971157060192,
    "elbow": 0.8669570415884953,
    "wrist": 0.7538688926748761,
    "hip": 0.7272567762889154,
    "knee": 0.6544693123042078,
    "ankle": 0.6014095129458908,
    "back": 0.97344302949061,
    "neck": 0.8033863917285062
  },
  "recommendations": {
    "form": "Good form, continue practicing with current technique",
    "alignment": "Work on maintaining symmetrical movement patterns",
    "stability": "Focus on maintaining proper posture and balance",
    "power": "Good power output, maintain current intensity"
  },
  "safety_considerations": []
}