{
  "power_generation": {
    "explosiveness": 0.5843241688875533,
    "force_transfer": 0.6167337688171851,
    "efficiency": 0.810983474206763
  },
  "technical_metrics": {
    "precision": 0.6465701050757326,
    "consistency": 0.7226613601284227,
    "fluidity": 0.6825246379713636
  },
  "biomechanical_metrics": {
    "joint_loading": 0.8918331331134696,
    "muscle_activation": 0.524726289630529,
    "energy_efficiency": 0.8578019217013912
  }
}