{
  "key_points": {
    "shoulders": [
      0.15271338548609326,
      0.5084138652781226,
      0.08989257278527446
    ],
    "elbows": [
      -0.2694783228954099,
      0.5612524444823825,
      0.016179559533805093
    ],
    "wrists": [
      -0.3660969894709945,
      0.4477760009661123,
      -0.000158624321673545
    ],
    "hips": [
      -0.1544660865375268,
      0.4253705997649021,
      0.04076684640764022
    ],
    "knees": [
      0.18138687753726485,
      0.281808955972767,
      0.0376920119316769
    ],
    "ankles": [
      -0.11773478705235435,
      0.17145652962041785,
      -0.04827877258768252
    ]
  },
  "angles": {
    "knee": 44.340795621095786,
    "hip": 57.94338206788104,
    "shoulder": 75.34182764796198,
    "elbow": 161.15678050300792
  },
  "analysis_scores": {
    "alignment": 0.6639683960352859,
    "balance": 0.8479629348327626,
    "form": 0.6883292496370471,
    "stability": 0.6686030874665001,
    "coordination": 0.933085415997879,
    "precision": 0.7154058912372335,
    "power": 0.6149255417558837,
    "efficiency": 0.8571888250867414,
    "safety": 0.8757351110871868,
    "overall": 0.8746548321949628,
    "shoulder": 0.8861645381192889,
    "elbow": 0.9256507005826311,
    "wrist": 0.6471921039879239,
    "hip": 0.8931925493223074,
    "knee": 0.9425352235900099,
    "ankle": 0.7934997366172107,
    "back": 0.9401892955058377,
    "neck": 0.8660067051336338
  },
  "recommendations": {
    "form": "Good form, continue practicing with current technique",
    "alignment": "Work on maintaining symmetrical movement patterns",
    "stability": "Good stability, continue with current technique",
    "power": "Good power output, maintain current intensity"
  },
  "safety_considerations": []
}