{
  "power_generation": {
    "explosiveness": 0.5062424464287736,
    "force_transfer": 0.7899554931628097,
    "efficiency": 0.647491466395816
  },
  "technical_metrics": {
    "precision": 0.896829679964172,
    "consistency": 0.8396531193088208,
    "fluidity": 0.5139125609306212
  },
  "biomechanical_metrics": {
    "joint_loading": 0.9832495626531201,
    "muscle_activation": 0.7813997715586956,
    "energy_efficiency": 0.8704385552737235
  }
}