{
  "key_points": {
    "shoulders": [
      -0.1879176418277412,
      0.6101786890105217,
      -0.08651491884294445
    ],
    "elbows": [
      0.2292225162743073,
      0.46669112555517006,
      0.054819304932693214
    ],
    "wrists": [
      -0.39732972255756666,
      0.39228606535215393,
      -0.09128926197224466
    ],
    "hips": [
      -0.11512974825214912,
      0.3562988031043276,
      0.03659481214410165
    ],
    "knees": [
      0.10028689092324927,
      0.23534797737867502,
      -0.0207835217958329
    ],
    "ankles": [
      -0.09534581947801613,
      0.2888876681315472,
      -0.03959235083753752
    ]
  },
  "angles": {
    "knee": 121.44925374335382,
    "hip": 123.79025344976068,
    "shoulder": 25.857711925726484,
    "elbow": 44.101432420929626
  },
  "analysis_scores": {
    "alignment": 0.9632909990057988,
    "balance": 0.8793638335458862,
    "form": 0.720670586748051,
    "stability": 0.8224212359763992,
    "coordination": 0.9985454134703665,
    "precision": 0.7695785613633498,
    "power": 0.6974958879222634,
    "efficiency": 0.9514251657031647,
    "safety": 0.9465254909959278,
    "overall": 0.8516920698381236,
    "shoulder": 0.9796403629209489,
    "elbow": 0.8863695962647002,
    "wrist": 0.7828002859190587,
    "hip": 0.7947841025497315,
    "knee": 0.6740904551701216,
    "ankle": 0.693466487996418,
    "back": 0.9888930779026623,
    "neck": 0.7381649243812137
  },
  "recommendations": {
    "form": "Good form, continue practicing with current technique",
    "alignment": "Good alignment, maintain current technique",
    "stability": "Good stability, continue with current technique",
    "power": "Good power output, maintain current intensity"
  },
  "safety_considerations": []
}