{
  "power_generation": {
    "explosiveness": 0.5951581015700169,
    "force_transfer": 0.9412196967211202,
    "efficiency": 0.5814541524702137
  },
  "technical_metrics": {
    "precision": 0.6555495258679294,
    "consistency": 0.8716583420982911,
    "fluidity": 0.7667770139894153
  },
  "biomechanical_metrics": {
    "joint_loading": 0.8156049342023117,
    "muscle_activation": 0.6665721858797818,
    "energy_efficiency": 0.6150685143375008
  }
}