{
  "key_points": {
    "shoulders": [
      -0.18571803351318159,
      0.6464338667969339,
      0.09078156477326632
    ],
    "elbows": [
      0.006099175101587084,
      0.4825515953636919,
      -0.0020081119184472696
    ],
    "wrists": [
      0.19905021227553066,
      0.36043652177069424,
      -0.06811942763537038
    ],
    "hips": [
      -0.11629747168132556,
      0.4321275184738029,
      -0.008011578321477877
    ],
    "knees": [
      -0.28940461528255695,
      0.2890902675356666,
      -0.09198775142719806
    ],
    "ankles": [
      0.1394481727429414,
      0.29052917057178496,
      0.05750767140476068
    ]
  },
  "angles": {
    "knee": 27.545647565505305,
    "hip": 86.20345885524385,
    "shoulder": 35.2292099266108,
    "elbow": 123.3839983962362
  },
  "analysis_scores": {
    "alignment": 0.9670314302583312,
    "balance": 0.6024865896862813,
    "form": 0.6976441219099905,
    "stability": 0.8091468947083567,
    "coordination": 0.8647456481789113,
    "precision": 0.7440798843258192,
    "power": 0.9211861091313545,
    "efficiency": 0.7353789866081271,
    "safety": 0.9450245599510924,
    "overall": 0.75610711386633,
    "shoulder": 0.7078029895732948,
    "elbow": 0.7676739333085607,
    "wrist": 0.9943055272722572,
    "hip": 0.9708698515860075,
    "knee": 0.6109580897612044,
    "ankle": 0.9873652108216804,
    "back": 0.8644484365179483,
    "neck": 0.7929609494105551
  },
  "recommendations": {
    "form": "Good form, continue practicing with current technique",
    "alignment": "Work on maintaining symmetrical movement patterns",
    "stability": "Good stability, continue with current technique",
    "power": "Good power output, maintain current intensity"
  },
  "safety_considerations": []
}