{
  "power_generation": {
    "explosiveness": 0.5689878131989219,
    "force_transfer": 0.5880974863363417,
    "efficiency": 0.9070937235759184
  },
  "technical_metrics": {
    "precision": 0.8154739161866749,
    "consistency": 0.8079606939126552,
    "fluidity": 0.5398345735776356
  },
  "biomechanical_metrics": {
    "joint_loading": 0.8699279212440563,
    "muscle_activation": 0.9691696875455731,
    "energy_efficiency": 0.8294829267934853
  }
}