{
  "power_generation": {
    "explosiveness": 0.6455250852958045,
    "force_transfer": 0.5050092465448095,
    "efficiency": 0.8069398848856772
  },
  "technical_metrics": {
    "precision": 0.7689553674085445,
    "consistency": 0.9757826637499647,
    "fluidity": 0.6054757820628978
  },
  "biomechanical_metrics": {
    "joint_loading": 0.9476994351584913,
    "muscle_activation": 0.7886056344637166,
    "energy_efficiency": 0.8000959477322046
  }
}