{
  "key_points": {
    "shoulders": [
      0.009795010764476475,
      0.6249095247954247,
      0.09158267719790236
    ],
    "elbows": [
      0.12356469709266682,
      0.5691216208471708,
      -0.06500123187404303
    ],
    "wrists": [
      -0.2482900586737654,
      0.3259707614091894,
      -0.06170116894479105
    ],
    "hips": [
      0.10975235041440434,
      0.4670358233590007,
      -0.04708466620228851
    ],
    "knees": [
      0.1946599093501457,
      0.3217569425951593,
      -0.022040870825939085
    ],
    "ankles": [
      -0.27421728735109313,
      0.2661011449134153,
      -0.012130573550825516
    ]
  },
  "angles": {
    "knee": 66.92231257875781,
    "hip": 155.23110069010818,
    "shoulder": 49.88246378177571,
    "elbow": 171.86480867718043
  },
  "analysis_scores": {
    "alignment": 0.7959552056191543,
    "balance": 0.9483446054632728,
    "form": 0.908255200156129,
    "stability": 0.8758696846547946,
    "coordination": 0.9415163230852249,
    "precision": 0.8569315430681701,
    "power": 0.6723791648216977,
    "efficiency": 0.7659474811285353,
    "safety": 0.650284905185631,
    "overall": 0.6103410494652212,
    "shoulder": 0.9164823321264691,
    "elbow": 0.9163511678439646,
    "wrist": 0.9624660832280808,
    "hip": 0.8648959954907081,
    "knee": 0.6363447787793616,
    "ankle": 0.6354058039394656,
    "back": 0.9680838839219532,
    "neck": 0.8363703333198513
  },
  "recommendations": {
    "form": "Good form, continue practicing with current technique",
    "alignment": "Work on maintaining symmetrical movement patterns",
    "stability": "Good stability, continue with current technique",
    "power": "Good power output, maintain current intensity"
  },
  "safety_considerations": []
}