{
  "power_generation": {
    "explosiveness": 0.7658401479727273,
    "force_transfer": 0.7105305082095694,
    "efficiency": 0.6842131176946215
  },
  "technical_metrics": {
    "precision": 0.6463856921447952,
    "consistency": 0.8548232763639976,
    "fluidity": 0.6129859457758917
  },
  "biomechanical_metrics": {
    "joint_loading": 0.6276471773768305,
    "muscle_activation": 0.6173729557077262,
    "energy_efficiency": 0.5012624750040542
  }
}