{
  "key_points": {
    "shoulders": [
      -0.11786332192767307,
      0.6832513482515,
      -0.013163443734272667
    ],
    "elbows": [
      0.18644379806673855,
      0.5771998586012403,
      -0.05888204616957713
    ],
    "wrists": [
      0.16950867102601141,
      0.35975665949235586,
      0.047000770906554246
    ],
    "hips": [
      0.05041954457618503,
      0.38172066349414463,
      -0.06477340158055622
    ],
    "knees": [
      -0.0967663301591789,
      0.3772278600309989,
      -0.09272176444019696
    ],
    "ankles": [
      0.007683078143767896,
      0.177311008039893,
      -0.018827110915676543
    ]
  },
  "angles": {
    "knee": 62.652278704160835,
    "hip": 140.2796912639729,
    "shoulder": 41.06568889531526,
    "elbow": 62.88490599209701
  },
  "analysis_scores": {
    "alignment": 0.8995926727546972,
    "balance": 0.6711193355485361,
    "form": 0.643276171326033,
    "stability": 0.776751797784424,
    "coordination": 0.7325672877715136,
    "precision": 0.6750279004404439,
    "power": 0.62565176765513,
    "efficiency": 0.6395842711297982,
    "safety": 0.638566077979169,
    "overall": 0.7367263975154165,
    "shoulder": 0.7325878750891789,
    "elbow": 0.8860665447788292,
    "wrist": 0.6349074872867055,
    "hip": 0.7390046141683302,
    "knee": 0.73598034389885,
    "ankle": 0.7483720488225365,
    "back": 0.6332706950966893,
    "neck": 0.8711621813336863
  },
  "recommendations": {
    "form": "Focus on maintaining proper joint angles during movement",
    "alignment": "Work on maintaining symmetrical movement patterns",
    "stability": "Focus on maintaining proper posture and balance",
    "power": "Good power output, maintain current intensity"
  },
  "safety_considerations": []
}