{
  "power_generation": {
    "explosiveness": 0.9337813435810621,
    "force_transfer": 0.8842279927655952,
    "efficiency": 0.5397822015683642
  },
  "technical_metrics": {
    "precision": 0.9892059146896688,
    "consistency": 0.8741114134220429,
    "fluidity": 0.8466775408829303
  },
  "biomechanical_metrics": {
    "joint_loading": 0.8568514340443276,
    "muscle_activation": 0.8624728958501546,
    "energy_efficiency": 0.9779910195415287
  }
}