{
  "key_points": {
    "shoulders": [
      -0.018547151760017977,
      0.5313975274980657,
      -0.093182035559903
    ],
    "elbows": [
      -0.13200689186988496,
      0.5268769429411331,
      -0.05599977164339973
    ],
    "wrists": [
      0.3662742385396096,
      0.3748416414442018,
      -0.004724182817120143
    ],
    "hips": [
      -0.024498058289745772,
      0.36849721667331303,
      0.03629886116543374
    ],
    "knees": [
      0.24293456523611573,
      0.2667496403549159,
      0.05071978402756691
    ],
    "ankles": [
      -0.021652608859785538,
      0.254193419574287,
      0.02679149563620256
    ]
  },
  "angles": {
    "knee": 73.81158217524911,
    "hip": 57.35246026728707,
    "shoulder": 48.02474972604188,
    "elbow": 121.18317843474057
  },
  "analysis_scores": {
    "alignment": 0.6407200072626591,
    "balance": 0.7122211636039117,
    "form": 0.8293723972246724,
    "stability": 0.6647134985163968,
    "coordination": 0.930614341700357,
    "precision": 0.9280948943848365,
    "power": 0.9992456369051113,
    "efficiency": 0.8840369222382569,
    "safety": 0.9266680819521129,
    "overall": 0.6094245058511327,
    "shoulder": 0.8310370099214685,
    "elbow": 0.7814157954924058,
    "wrist": 0.8087448613896842,
    "hip": 0.9745126751309942,
    "knee": 0.705481104812403,
    "ankle": 0.8133621347720711,
    "back": 0.7185288857731499,
    "neck": 0.6798737563674927
  },
  "recommendations": {
    "form": "Good form, continue practicing with current technique",
    "alignment": "Work on maintaining symmetrical movement patterns",
    "stability": "Focus on maintaining proper posture and balance",
    "power": "Consider increasing intensity gradually"
  },
  "safety_considerations": [
    "Maintain proper elbow alignment",
    "Ensure proper wrist positioning"
  ]
}