{
  "power_generation": {
    "explosiveness": 0.9738858041455716,
    "force_transfer": 0.5683639518927397,
    "efficiency": 0.7679861089418869
  },
  "technical_metrics": {
    "precision": 0.8777815901215489,
    "consistency": 0.7375302894400471,
    "fluidity": 0.9244375944904051
  },
  "biomechanical_metrics": {
    "joint_loading": 0.7735925736291275,
    "muscle_activation": 0.6248546631573169,
    "energy_efficiency": 0.7837365215254368
  }
}