{
  "key_points": {
    "shoulders": [
      -0.0019492559482938154,
      0.5209487257885964,
      -0.04124164934781434
    ],
    "elbows": [
      -0.2508642566444641,
      0.5184034396304062,
      -0.020602005606370752
    ],
    "wrists": [
      -0.027664297957376793,
      0.41735876404524463,
      0.02040450531329112
    ],
    "hips": [
      -0.19309497496449515,
      0.3194288925039815,
      0.04549627366500322
    ],
    "knees": [
      -0.2950737977608036,
      0.3897238068176737,
      -0.017405159356778555
    ],
    "ankles": [
      -0.3759826128080844,
      0.1832799906263191,
      0.037730717862997976
    ]
  },
  "angles": {
    "knee": 51.14325076776261,
    "hip": 108.06539435031553,
    "shoulder": 22.863231801386583,
    "elbow": 135.0783950457894
  },
  "analysis_scores": {
    "alignment": 0.766435396451929,
    "balance": 0.9197008857706217,
    "form": 0.6374671368640482,
    "stability": 0.7523702215918423,
    "coordination": 0.650533791329227,
    "precision": 0.6806370781025678,
    "power": 0.8821023078739776,
    "efficiency": 0.9269842504842981,
    "safety": 0.9262615163494401,
    "overall": 0.7836464929745698,
    "shoulder": 0.9266915031208339,
    "elbow": 0.7174040746144882,
    "wrist": 0.86836560234247,
    "hip": 0.7957127194868654,
    "knee": 0.9028646126080176,
    "ankle": 0.6627211883996783,
    "back": 0.6860671994859142,
    "neck": 0.6117861662901689
  },
  "recommendations": {
    "form": "Focus on maintaining proper joint angles during movement",
    "alignment": "Good alignment, maintain current technique",
    "stability": "Good stability, continue with current technique",
    "power": "Good power output, maintain current intensity"
  },
  "safety_considerations": []
}