{
  "power_generation": {
    "explosiveness": 0.7554856509251759,
    "force_transfer": 0.9336340613470306,
    "efficiency": 0.9483780065144357
  },
  "technical_metrics": {
    "precision": 0.5764852720644859,
    "consistency": 0.8002809263232152,
    "fluidity": 0.5075092209386274
  },
  "biomechanical_metrics": {
    "joint_loading": 0.8639904827537732,
    "muscle_activation": 0.9067312707488921,
    "energy_efficiency": 0.9265062650798837
  }
}