{
  "key_points": {
    "shoulders": [
      0.08526811976130882,
      0.6089261297268616,
      0.08209962213957842
    ],
    "elbows": [
      0.032827352788251773,
      0.45012526797899755,
      0.046156614316679945
    ],
    "wrists": [
      0.07601942221799468,
      0.30326368601463954,
      0.049709720296744864
    ],
    "hips": [
      -0.0811055060847024,
      0.3108693329257273,
      -0.0067960140813852765
    ],
    "knees": [
      0.14991163825482157,
      0.35311949939082643,
      -0.04494543771188826
    ],
    "ankles": [
      -0.037376153276571844,
      0.26167574134901417,
      -0.01883050991249549
    ]
  },
  "angles": {
    "knee": 109.20840587476957,
    "hip": 86.43996000697041,
    "shoulder": 73.93089201951076,
    "elbow": 158.74964717561085
  },
  "analysis_scores": {
    "alignment": 0.9512905761505523,
    "balance": 0.6572583368845436,
    "form": 0.9094032989639635,
    "stability": 0.7486877805952654,
    "coordination": 0.759479361171585,
    "precision": 0.8034243346216721,
    "power": 0.7117169511798112,
    "efficiency": 0.8939210429461388,
    "safety": 0.7314332950316232,
    "overall": 0.8494761339467946,
    "shoulder": 0.9393523367406537,
    "elbow": 0.8334871370442147,
    "wrist": 0.8070495732792339,
    "hip": 0.8408842900037975,
    "knee": 0.8182612630214484,
    "ankle": 0.8278385848595883,
    "back": 0.938082592225363,
    "neck": 0.826788712834032
  },
  "recommendations": {
    "form": "Good form, continue practicing with current technique",
    "alignment": "Work on maintaining symmetrical movement patterns",
    "stability": "Good stability, continue with current technique",
    "power": "Good power output, maintain current intensity"
  },
  "safety_considerations": []
}