{
  "power_generation": {
    "explosiveness": 0.9059326251612261,
    "force_transfer": 0.5918225082376878,
    "efficiency": 0.747762521294253
  },
  "technical_metrics": {
    "precision": 0.8574715456349179,
    "consistency": 0.5982138741471568,
    "fluidity": 0.682442081220753
  },
  "biomechanical_metrics": {
    "joint_loading": 0.6276547987124579,
    "muscle_activation": 0.9126111521164475,
    "energy_efficiency": 0.5443721774260541
  }
}