{
  "key_points": {
    "shoulders": [
      0.039140605518642735,
      0.6417128450706352,
      -0.028381521146520858
    ],
    "elbows": [
      0.02484109512759025,
      0.426766651941177,
      -0.09102445016493646
    ],
    "wrists": [
      0.20629866373566053,
      0.43619733369834546,
      -0.0670085835250836
    ],
    "hips": [
      -0.1760943278762412,
      0.4088592919786336,
      -0.010879555195963578
    ],
    "knees": [
      0.10233415581658667,
      0.24268730579214848,
      0.04106949972591559
    ],
    "ankles": [
      0.3690753285987064,
      0.29909428278190997,
      0.045632664764072794
    ]
  },
  "angles": {
    "knee": 23.21546301455828,
    "hip": 119.97906559203604,
    "shoulder": 18.768536554301903,
    "elbow": 89.33763775066005
  },
  "analysis_scores": {
    "alignment": 0.9826216599051141,
    "balance": 0.6996897273505183,
    "form": 0.9792008884308341,
    "stability": 0.8809945961617088,
    "coordination": 0.6095339587561045,
    "precision": 0.7658284033703668,
    "power": 0.8551930205218645,
    "efficiency": 0.9771410392692687,
    "safety": 0.6100335383575556,
    "overall": 0.6028113033496124,
    "shoulder": 0.7978461222749046,
    "elbow": 0.6949900037085239,
    "wrist": 0.9183223728442128,
    "hip": 0.8857479460689164,
    "knee": 0.6726169091804254,
    "ankle": 0.7528921992149568,
    "back": 0.6206613539980492,
    "neck": 0.9688946049275646
  },
  "recommendations": {
    "form": "Focus on maintaining proper joint angles during movement",
    "alignment": "Good alignment, maintain current technique",
    "stability": "Focus on maintaining proper posture and balance",
    "power": "Good power output, maintain current intensity"
  },
  "safety_considerations": [
    "Focus on proper shoulder mechanics for accurate passing"
  ]
}