{
  "power_generation": {
    "explosiveness": 0.5414664508192366,
    "force_transfer": 0.7298573561753321,
    "efficiency": 0.9655838093766329
  },
  "technical_metrics": {
    "precision": 0.709059981000073,
    "consistency": 0.950412727420018,
    "fluidity": 0.9087399274893193
  },
  "biomechanical_metrics": {
    "joint_loading": 0.9156390991697639,
    "muscle_activation": 0.5596938862669572,
    "energy_efficiency": 0.9297478722404617
  }
}