{
  "key_points": {
    "shoulders": [
      0.18168590076422042,
      0.6398831879611441,
      0.09505820901961604
    ],
    "elbows": [
      -0.14162241521100363,
      0.5852186632176385,
      -0.06591807172873199
    ],
    "wrists": [
      -0.3585952481293694,
      0.42910896886683625,
      0.07488634197702121
    ],
    "hips": [
      -0.11813568307810468,
      0.468660347568809,
      0.02598721391052433
    ],
    "knees": [
      -0.17774672190751423,
      0.26717316597850105,
      -0.020493546089902864
    ],
    "ankles": [
      0.03089762786300232,
      0.24022685141776204,
      0.09584499499369839
    ]
  },
  "angles": {
    "knee": 42.75870082366885,
    "hip": 77.08054715163664,
    "shoulder": 16.485443136067932,
    "elbow": 163.91981559866264
  },
  "analysis_scores": {
    "alignment": 0.7094303971382694,
    "balance": 0.8093807839786711,
    "form": 0.8717670575017253,
    "stability": 0.7449979321846093,
    "coordination": 0.6527478693454202,
    "precision": 0.7218620556399116,
    "power": 0.8030611009409397,
    "efficiency": 0.8196649875684877,
    "safety": 0.6552382695460565,
    "overall": 0.9353610215102195,
    "shoulder": 0.9473259905705351,
    "elbow": 0.9913427475065989,
    "wrist": 0.9506589684061824,
    "hip": 0.7010593704164289,
    "knee": 0.9984093697475791,
    "ankle": 0.6425506081354296,
    "back": 0.817557221594902,
    "neck": 0.6896840012489114
  },
  "recommendations": {
    "form": "Good form, continue practicing with current technique",
    "alignment": "Good alignment, maintain current technique",
    "stability": "Good stability, continue with current technique",
    "power": "Good power output, maintain current intensity"
  },
  "safety_considerations": []
}