{
  "key_points": {
    "shoulders": [
      -0.019073689673848315,
      0.5514787467391646,
      0.05427370700927933
    ],
    "elbows": [
      -0.16782888160972384,
      0.48960197856176363,
      -0.01297884096778805
    ],
    "wrists": [
      0.18886817406266432,
      0.4546440730440118,
      -0.07268485789650109
    ],
    "hips": [
      -0.0703716752959927,
      0.41740888968724055,
      -0.08662826982660406
    ],
    "knees": [
      0.22302934247094858,
      0.39794568135141234,
      -0.06400020408493595
    ],
    "ankles": [
      -0.32443802371694724,
      0.13611863927589704,
      0.0997120912155269
    ]
  },
  "angles": {
    "knee": 127.99069414799052,
    "hip": 143.36516669523846,
    "shoulder": 7.645301845501156,
    "elbow": 165.6937272747951
  },
  "analysis_scores": {
    "alignment": 0.9233648522493617,
    "balance": 0.8421935580935032,
    "form": 0.7933279341320753,
    "stability": 0.7358187047637486,
    "coordination": 0.8019216556028267,
    "precision": 0.6946042152097748,
    "power": 0.9550866502083546,
    "efficiency": 0.9257163179442265,
    "safety": 0.781939974343048,
    "overall": 0.9852496683834095,
    "shoulder": 0.7106451565665429,
    "elbow": 0.787805813052538,
    "wrist": 0.6581278241628179,
    "hip": 0.7354131963901783,
    "knee": 0.7270279854494571,
    "ankle": 0.6385497669473544,
    "back": 0.9090277610412488,
    "neck": 0.6536401701866049
  },
  "recommendations": {
    "form": "Good form, continue practicing with current technique",
    "alignment": "Work on maintaining symmetrical movement patterns",
    "stability": "Focus on maintaining proper posture and balance",
    "power": "Good power output, maintain current intensity"
  },
  "safety_considerations": [
    "Maintain proper hip rotation mechanics",
    "Ensure proper shoulder mechanics during swing"
  ]
}