{
  "power_generation": {
    "explosiveness": 0.8674472725682361,
    "force_transfer": 0.6534417320910595,
    "efficiency": 0.8319210354906129
  },
  "technical_metrics": {
    "precision": 0.5556250794799781,
    "consistency": 0.5640336052846997,
    "fluidity": 0.847164362722026
  },
  "biomechanical_metrics": {
    "joint_loading": 0.9322562460129964,
    "muscle_activation": 0.5706839322737234,
    "energy_efficiency": 0.5990866695655157
  }
}