{
  "key_points": {
    "shoulders": [
      -0.01992257491981314,
      0.5151456431383645,
      -0.09258115594256747
    ],
    "elbows": [
      -0.04168381303794305,
      0.5144178343956064,
      0.04964129255957478
    ],
    "wrists": [
      0.22017961309967116,
      0.3399707318403347,
      -0.0925270114821484
    ],
    "hips": [
      -0.1816034442916173,
      0.35710252991196245,
      -0.03219812723708437
    ],
    "knees": [
      -0.2720454381939221,
      0.25722147186742406,
      -0.042705185808945556
    ],
    "ankles": [
      0.08518210107389146,
      0.1354238475605683,
      -0.027342266998138715
    ]
  },
  "angles": {
    "knee": 47.15432802828528,
    "hip": 91.11864126773925,
    "shoulder": 53.22477382440448,
    "elbow": 126.53046598267872
  },
  "analysis_scores": {
    "alignment": 0.8795139773216818,
    "balance": 0.9624293190036409,
    "form": 0.9790615986055619,
    "stability": 0.686536200047164,
    "coordination": 0.9497684533610246,
    "precision": 0.7740098394246041,
    "power": 0.8167711479569496,
    "efficiency": 0.7946855943350541,
    "safety": 0.9369281273105984,
    "overall": 0.9198152340895168,
    "shoulder": 0.9471403319282556,
    "elbow": 0.6531890561894708,
    "wrist": 0.9151055765851724,
    "hip": 0.627067985242504,
    "knee": 0.7936214136110256,
    "ankle": 0.7076774707188863,
    "back": 0.6071473121366869,
    "neck": 0.8431387805757226
  },
  "recommendations": {
    "form": "Good form, continue practicing with current technique",
    "alignment": "Work on maintaining symmetrical movement patterns",
    "stability": "Good stability, continue with current technique",
    "power": "Consider increasing intensity gradually"
  },
  "safety_considerations": []
}