{
  "power_generation": {
    "explosiveness": 0.902042510055342,
    "force_transfer": 0.5249809429090708,
    "efficiency": 0.5200884401616517
  },
  "technical_metrics": {
    "precision": 0.561649534976081,
    "consistency": 0.6380011298923631,
    "fluidity": 0.845726626395958
  },
  "biomechanical_metrics": {
    "joint_loading": 0.9025141720462241,
    "muscle_activation": 0.6198760278068605,
    "energy_efficiency": 0.884630457963598
  }
}