{
  "key_points": {
    "shoulders": [
      -0.023753074564856508,
      0.6360759899685048,
      0.0417802954624954
    ],
    "elbows": [
      0.18840393257982052,
      0.5002454965394563,
      0.0027488540186064725
    ],
    "wrists": [
      -0.3052153449568462,
      0.32463134483496786,
      -0.036816856018148506
    ],
    "hips": [
      -0.09391491647074256,
      0.4514954229661951,
      0.032658894177225034
    ],
    "knees": [
      0.04723656935192616,
      0.21926277170872496,
      0.029978941403252385
    ],
    "ankles": [
      -0.2621884060640747,
      0.1795019420765463,
      -0.04066291217876059
    ]
  },
  "angles": {
    "knee": 113.34510600922493,
    "hip": 169.4434624919154,
    "shoulder": 20.279572029332517,
    "elbow": 12.897071364535615
  },
  "analysis_scores": {
    "alignment": 0.9333290270563023,
    "balance": 0.7914846412351024,
    "form": 0.8617839866710224,
    "stability": 0.853249402440291,
    "coordination": 0.7757390742755454,
    "precision": 0.8331363361749358,
    "power": 0.6589037578543707,
    "efficiency": 0.6066935287970573,
    "safety": 0.6061172405675762,
    "overall": 0.7410702004401633,
    "shoulder": 0.7871812749579851,
    "elbow": 0.7066604716554411,
    "wrist": 0.742377602501095,
    "hip": 0.8224787249491008,
    "knee": 0.8123966098309905,
    "ankle": 0.9045144037768862,
    "back": 0.7344832911025136,
    "neck": 0.7404552554596239
  },
  "recommendations": {
    "form": "Focus on maintaining proper joint angles during movement",
    "alignment": "Good alignment, maintain current technique",
    "stability": "Good stability, continue with current technique",
    "power": "Consider increasing intensity gradually"
  },
  "safety_considerations": [
    "Maintain hip stability to prevent groin injuries"
  ]
}