{
  "key_points": {
    "shoulders": [
      0.14171694622129444,
      0.5779431106016952,
      -0.030887463595320047
    ],
    "elbows": [
      0.26452855458918384,
      0.5948307520558065,
      0.09500730543617422
    ],
    "wrists": [
      0.07162031172562366,
      0.4667327985248757,
      0.09909297387883928
    ],
    "hips": [
      -0.1969831177885166,
      0.34934095477802657,
      0.08142030470696157
    ],
    "knees": [
      -0.2736188279565888,
      0.3725864933960018,
      -0.08046725017616484
    ],
    "ankles": [
      0.24122290751776398,
      0.11671415646013304,
      -0.02706944661265867
    ]
  },
  "angles": {
    "knee": 78.4212237049002,
    "hip": 58.51904977166905,
    "shoulder": 42.461601769305396,
    "elbow": 62.241405980622126
  },
  "analysis_scores": {
    "alignment": 0.9029049554005262,
    "balance": 0.9823594692206243,
    "form": 0.9252823571011165,
    "stability": 0.7024504382442824,
    "coordination": 0.7147783601669259,
    "precision": 0.8951298914325614,
    "power": 0.7733749794067447,
    "efficiency": 0.8207061165661016,
    "safety": 0.6905055988059172,
    "overall": 0.6263780557794787,
    "shoulder": 0.6946147163609675,
    "elbow": 0.954296209254683,
    "wrist": 0.9677265892114437,
    "hip": 0.9364151187312254,
    "knee": 0.8364841544299023,
    "ankle": 0.6092305343932505,
    "back": 0.9565309553071415,
    "neck": 0.7446277631497275
  },
  "recommendations": {
    "form": "Good form, continue practicing with current technique",
    "alignment": "Good alignment, maintain current technique",
    "stability": "Focus on maintaining proper posture and balance",
    "power": "Good power output, maintain current intensity"
  },
  "safety_considerations": [
    "Ensure proper body alignment to prevent falls"
  ]
}