{
  "key_points": {
    "shoulders": [
      -0.17835762677980288,
      0.6053486219226607,
      0.07456414762652916
    ],
    "elbows": [
      0.2819822615365674,
      0.5544218149540416,
      0.09484210417243352
    ],
    "wrists": [
      0.0640011496201498,
      0.43071729502658906,
      -0.0794753928753082
    ],
    "hips": [
      -0.037555463342596906,
      0.3743843814876022,
      -0.05755753453726851
    ],
    "knees": [
      0.09338776625964451,
      0.21164561056620224,
      -0.037370433298776526
    ],
    "ankles": [
      0.27888781398705487,
      0.24276736128571486,
      0.0831484859584248
    ]
  },
  "angles": {
    "knee": 130.34396264957184,
    "hip": 68.08162047388741,
    "shoulder": 41.765952198298784,
    "elbow": 66.97130445794323
  },
  "analysis_scores": {
    "alignment": 0.8479918466450751,
    "balance": 0.681722888102278,
    "form": 0.6068770456435306,
    "stability": 0.9861130622533346,
    "coordination": 0.7281663093903268,
    "precision": 0.8793352408946243,
    "power": 0.6510847888343197,
    "efficiency": 0.9507684289594298,
    "safety": 0.9120628841784588,
    "overall": 0.6394471457965474,
    "shoulder": 0.6209786756165615,
    "elbow": 0.9725014639000112,
    "wrist": 0.6357294373986117,
    "hip": 0.8356868058893873,
    "knee": 0.8563199408584466,
    "ankle": 0.7180759705394173,
    "back": 0.6480346025463216,
    "neck": 0.9261888823714233
  },
  "recommendations": {
    "form": "Focus on maintaining proper joint angles during movement",
    "alignment": "Good alignment, maintain current technique",
    "stability": "Focus on maintaining proper posture and balance",
    "power": "Consider increasing intensity gradually"
  },
  "safety_considerations": []
}