{
  "power_generation": {
    "explosiveness": 0.9337471804572133,
    "force_transfer": 0.5131929522052154,
    "efficiency": 0.623062829584548
  },
  "technical_metrics": {
    "precision": 0.5194744519277152,
    "consistency": 0.8696411466121747,
    "fluidity": 0.7673705867461378
  },
  "biomechanical_metrics": {
    "joint_loading": 0.5007657867982721,
    "muscle_activation": 0.8013273258787562,
    "energy_efficiency": 0.9980210501024016
  }
}