{
  "key_points": {
    "shoulders": [
      0.13731528436389262,
      0.5241159939630485,
      -0.0016206329344721493
    ],
    "elbows": [
      -0.1675147343374135,
      0.4488367133934014,
      0.008517593767914194
    ],
    "wrists": [
      0.12603923784924898,
      0.45605344863291114,
      -0.003704774074539466
    ],
    "hips": [
      -0.1743590263104766,
      0.31810835910461893,
      -0.006202483955968702
    ],
    "knees": [
      -0.10162173022145285,
      0.29163855551973233,
      -0.06978853757742338
    ],
    "ankles": [
      0.059867382700288296,
      0.26062649375297636,
      -0.09011009996436999
    ]
  },
  "angles": {
    "knee": 159.1962088716621,
    "hip": 133.07090930316528,
    "shoulder": 53.68671364185295,
    "elbow": 84.13009498654851
  },
  "analysis_scores": {
    "alignment": 0.671155980545617,
    "balance": 0.7260346027031404,
    "form": 0.6579052932840536,
    "stability": 0.9590317738130818,
    "coordination": 0.7702306264648149,
    "precision": 0.8148301207044983,
    "power": 0.8895843954282969,
    "efficiency": 0.7572883807738848,
    "safety": 0.8396681910425832,
    "overall": 0.791160211681458,
    "shoulder": 0.641989730253492,
    "elbow": 0.9694468016347471,
    "wrist": 0.8541806703962632,
    "hip": 0.6252958620079704,
    "knee": 0.7757564291798028,
    "ankle": 0.8108233568092241,
    "back": 0.9649460789108457,
    "neck": 0.6437933785246913
  },
  "recommendations": {
    "form": "Good form, continue practicing with current technique",
    "alignment": "Work on maintaining symmetrical movement patterns",
    "stability": "Good stability, continue with current technique",
    "power": "Good power output, maintain current intensity"
  },
  "safety_considerations": []
}