{
  "power_generation": {
    "explosiveness": 0.9518920655173131,
    "force_transfer": 0.6820137306257659,
    "efficiency": 0.6819322984298057
  },
  "technical_metrics": {
    "precision": 0.7104567849082692,
    "consistency": 0.9050086734681444,
    "fluidity": 0.5770849771090305
  },
  "biomechanical_metrics": {
    "joint_loading": 0.6134616626934093,
    "muscle_activation": 0.9686827633485887,
    "energy_efficiency": 0.6431786196276333
  }
}