{
  "key_points": {
    "shoulders": [
      0.161524699407201,
      0.5555076151562006,
      0.028903679863502812
    ],
    "elbows": [
      0.09393400267584961,
      0.4575221356090787,
      0.019737464347768754
    ],
    "wrists": [
      -0.279642839707124,
      0.4123450242591578,
      0.0436790928438808
    ],
    "hips": [
      -0.054382064802772245,
      0.4009287042756271,
      0.037247652838337614
    ],
    "knees": [
      -0.058947923464393176,
      0.25745002954261476,
      -0.03474131486888843
    ],
    "ankles": [
      0.14289397863943332,
      0.13037937160996838,
      0.08962991288881447
    ]
  },
  "angles": {
    "knee": 19.32664181797791,
    "hip": 37.97338772650802,
    "shoulder": 62.904513041346064,
    "elbow": 33.00885844819753
  },
  "analysis_scores": {
    "alignment": 0.8277778224711013,
    "balance": 0.912979765712287,
    "form": 0.67554995521911,
    "stability": 0.8209282667219383,
    "coordination": 0.9615285942138092,
    "precision": 0.7394755899891761,
    "power": 0.9842520567854133,
    "efficiency": 0.8111761558417927,
    "safety": 0.7790906806287043,
    "overall": 0.9594480536758018,
    "shoulder": 0.6737094802610986,
    "elbow": 0.8443365392618514,
    "wrist": 0.960750692081319,
    "hip": 0.6475703621599799,
    "knee": 0.9743153548882761,
    "ankle": 0.9764343218802046,
    "back": 0.8855113529151002,
    "neck": 0.6358178191143454
  },
  "recommendations": {
    "form": "Good form, continue practicing with current technique",
    "alignment": "Good alignment, maintain current technique",
    "stability": "Good stability, continue with current technique",
    "power": "Good power output, maintain current intensity"
  },
  "safety_considerations": []
}