{
  "power_generation": {
    "explosiveness": 0.7692485923201419,
    "force_transfer": 0.8051847811529702,
    "efficiency": 0.6419707363524304
  },
  "technical_metrics": {
    "precision": 0.6943218091257445,
    "consistency": 0.7006581832761674,
    "fluidity": 0.5845162762623164
  },
  "biomechanical_metrics": {
    "joint_loading": 0.8158858550087787,
    "muscle_activation": 0.6186813398718776,
    "energy_efficiency": 0.7940025581556732
  }
}