{
  "key_points": {
    "shoulders": [
      -0.11428693092844028,
      0.5166174862769808,
      -0.054647885832161985
    ],
    "elbows": [
      -0.1178254335061504,
      0.417135496771625,
      -0.08960991025301546
    ],
    "wrists": [
      -0.29320118846948406,
      0.4968598043347219,
      0.044540109466298106
    ],
    "hips": [
      -0.07270336999559152,
      0.36516907658828557,
      0.07671179056916974
    ],
    "knees": [
      -0.03498023745092038,
      0.2386447113443643,
      0.03813531278598278
    ],
    "ankles": [
      0.16079957575406378,
      0.26108838499627335,
      -0.08102935450025016
    ]
  },
  "angles": {
    "knee": 106.57136304628092,
    "hip": 159.92589845490713,
    "shoulder": 73.3887203716285,
    "elbow": 158.21542488641873
  },
  "analysis_scores": {
    "alignment": 0.8133130453716942,
    "balance": 0.99794282678949,
    "form": 0.9926780190345086,
    "stability": 0.6699128781634064,
    "coordination": 0.8779109993738143,
    "precision": 0.7011915977335685,
    "power": 0.6082366910188175,
    "efficiency": 0.9603106481274455,
    "safety": 0.6128127419097621,
    "overall": 0.9619063336940888,
    "shoulder": 0.977731471677085,
    "elbow": 0.9780212917300489,
    "wrist": 0.8583494518442025,
    "hip": 0.6283922026944488,
    "knee": 0.644440283234751,
    "ankle": 0.955658113767643,
    "back": 0.8562853630262299,
    "neck": 0.7052176100568452
  },
  "recommendations": {
    "form": "Good form, continue practicing with current technique",
    "alignment": "Work on maintaining symmetrical movement patterns",
    "stability": "Good stability, continue with current technique",
    "power": "Consider increasing intensity gradually"
  },
  "safety_considerations": []
}