{
  "power_generation": {
    "explosiveness": 0.8310111640408857,
    "force_transfer": 0.7298909778538585,
    "efficiency": 0.7152999693530743
  },
  "technical_metrics": {
    "precision": 0.7553875253700014,
    "consistency": 0.8554725718171183,
    "fluidity": 0.5178990332063715
  },
  "biomechanical_metrics": {
    "joint_loading": 0.7570161004992308,
    "muscle_activation": 0.8728000193304195,
    "energy_efficiency": 0.9625996576979035
  }
}