{
  "key_points": {
    "shoulders": [
      -0.1621337853760478,
      0.5193243053987637,
      0.053493209022367955
    ],
    "elbows": [
      -0.017195962942243792,
      0.5538605891559134,
      -0.034376793328342634
    ],
    "wrists": [
      0.03915600688932752,
      0.469468182365721,
      0.09395562302718291
    ],
    "hips": [
      -0.00540220028853694,
      0.4036156278023591,
      0.058223926520304586
    ],
    "knees": [
      0.21456758811793036,
      0.325529005213606,
      -0.05453015833408317
    ],
    "ankles": [
      -0.3925874012605367,
      0.21605865378567335,
      0.03183191279138603
    ]
  },
  "angles": {
    "knee": 73.40723722010961,
    "hip": 95.72307440807697,
    "shoulder": 30.760410795871508,
    "elbow": 142.35256431422752
  },
  "analysis_scores": {
    "alignment": 0.94859857310158,
    "balance": 0.6209440587211618,
    "form": 0.7201094853889468,
    "stability": 0.6601374441426541,
    "coordination": 0.7060380575085071,
    "precision": 0.7110792393077442,
    "power": 0.619288771104161,
    "efficiency": 0.9737920629685645,
    "safety": 0.881263268222739,
    "overall": 0.945862910803477,
    "shoulder": 0.8192017703368291,
    "elbow": 0.8854555584214039,
    "wrist": 0.725533581059899,
    "hip": 0.7002116364471755,
    "knee": 0.6072805617857452,
    "ankle": 0.6580656069777079,
    "back": 0.9935211518706186,
    "neck": 0.7778664569841298
  },
  "recommendations": {
    "form": "Good form, continue practicing with current technique",
    "alignment": "Good alignment, maintain current technique",
    "stability": "Good stability, continue with current technique",
    "power": "Good power output, maintain current intensity"
  },
  "safety_considerations": [
    "Ensure proper knee alignment to prevent strain",
    "Maintain proper hip alignment to prevent injury"
  ]
}