{
  "power_generation": {
    "explosiveness": 0.8243758588018808,
    "force_transfer": 0.7148450230375716,
    "efficiency": 0.9968885355435462
  },
  "technical_metrics": {
    "precision": 0.7538488920679135,
    "consistency": 0.5985240563889911,
    "fluidity": 0.7124816611438621
  },
  "biomechanical_metrics": {
    "joint_loading": 0.9147913110241009,
    "muscle_activation": 0.6330205564807904,
    "energy_efficiency": 0.6621483858924068
  }
}