{
  "key_points": {
    "shoulders": [
      -0.07839863930141272,
      0.687470915176739,
      -0.08194921887841125
    ],
    "elbows": [
      -0.09099268203590366,
      0.40375233735722704,
      -0.036448974410044896
    ],
    "wrists": [
      -0.20952645579177967,
      0.45101190370321076,
      -0.03731498906493236
    ],
    "hips": [
      -0.1444565879118417,
      0.41266391352662596,
      0.008458859047952336
    ],
    "knees": [
      -0.07465462876761483,
      0.29333390252838304,
      0.06556577775494923
    ],
    "ankles": [
      0.36762073529519423,
      0.2994843551702646,
      0.06720033737533823
    ]
  },
  "angles": {
    "knee": 46.46831313656932,
    "hip": 66.3295191898403,
    "shoulder": 55.812048247061966,
    "elbow": 52.10868095756014
  },
  "analysis_scores": {
    "alignment": 0.6782976627799876,
    "balance": 0.6030493811731235,
    "form": 0.6248196721414881,
    "stability": 0.6145397591499647,
    "coordination": 0.942809837159301,
    "precision": 0.8306295474712297,
    "power": 0.6092257783948972,
    "efficiency": 0.747813472846744,
    "safety": 0.7418326317300481,
    "overall": 0.8773589612575161,
    "shoulder": 0.817452622052476,
    "elbow": 0.9916480311664236,
    "wrist": 0.6950714179620532,
    "hip": 0.9572901181410644,
    "knee": 0.6231625165136753,
    "ankle": 0.7734793105354437,
    "back": 0.6923448064356827,
    "neck": 0.6021806803036267
  },
  "recommendations": {
    "form": "Good form, continue practicing with current technique",
    "alignment": "Good alignment, maintain current technique",
    "stability": "Good stability, continue with current technique",
    "power": "Good power output, maintain current intensity"
  },
  "safety_considerations": []
}