{
  "key_points": {
    "shoulders": [
      -0.02325382255897379,
      0.7669916411789144,
      0.0030189050413899493
    ],
    "hips": [
      -0.0077535353727817835,
      0.5088500282855634,
      0.0034933739487805343
    ],
    "knees": [
      -0.061223266205036764,
      0.3811817402096643,
      0.0030905419523828692
    ],
    "ankles": [
      0.14024139561911686,
      0.22310645864081716,
      -0.08145742087877206
    ]
  },
  "angles": {
    "knee": 34.746718906434836,
    "hip": 73.61048237893232,
    "shoulder": 48.473453042539816
  },
  "analysis_scores": {
    "alignment": 0.9404400897126667,
    "balance": 1.0,
    "form": 0.9996979730814328,
    "stability": 0.6750075941330005,
    "coordination": 0.7978456090945134,
    "precision": 0.9521227348037278,
    "power": 0.6448806306005411,
    "efficiency": 0.9595703745739302,
    "safety": 0.6998114376566976,
    "overall": 0.8822954730914219,
    "shoulder": 0.9185879723558403,
    "elbow": 0.9460815854602037,
    "wrist": 0.7073316737912743,
    "hip": 0.9214673818783338,
    "knee": 0.609241043507905,
    "ankle": 0.8040616870977895,
    "back": 0.8884478346956481,
    "neck": 0.7135052764132321
  },
  "recommendations": {
    "form": "Focus on maintaining proper joint angles during movement",
    "alignment": "Good alignment, maintain current technique",
    "stability": "Good stability, continue with current technique",
    "power": "Consider increasing intensity gradually"
  },
  "safety_considerations": []
}