{
  "power_generation": {
    "explosiveness": 0.6098721204936716,
    "force_transfer": 0.5899607405305825,
    "efficiency": 0.5085227347758892
  },
  "technical_metrics": {
    "precision": 0.566273709388895,
    "consistency": 0.7877199294445573,
    "fluidity": 0.8865479861612386
  },
  "biomechanical_metrics": {
    "joint_loading": 0.8556549912205074,
    "muscle_activation": 0.596130259135683,
    "energy_efficiency": 0.770172331274873
  }
}