{
  "key_points": {
    "shoulders": [
      0.07426809401747486,
      0.6795247834340861,
      -0.032502100118372915
    ],
    "elbows": [
      0.28907094185967325,
      0.4175999118463442,
      -0.09049333873905754
    ],
    "wrists": [
      0.01638968802534324,
      0.3707364621735301,
      0.07169606224902056
    ],
    "hips": [
      0.06281893120257775,
      0.3809139276098976,
      -0.08492374701813117
    ],
    "knees": [
      0.29847581145883656,
      0.3649098422965089,
      -0.07790757324359764
    ],
    "ankles": [
      -0.19338145439917576,
      0.26911529287043656,
      0.024609941721150982
    ]
  },
  "angles": {
    "knee": 66.04886657110437,
    "hip": 109.57509556596439,
    "shoulder": 35.95308316644565,
    "elbow": 131.9582439401328
  },
  "analysis_scores": {
    "alignment": 0.6321843792268239,
    "balance": 0.798649997761961,
    "form": 0.9156361652932381,
    "stability": 0.6406322450572178,
    "coordination": 0.9121465983155262,
    "precision": 0.8419826403714467,
    "power": 0.8353191611866109,
    "efficiency": 0.689336241332593,
    "safety": 0.7819145941625565,
    "overall": 0.9489378989155819,
    "shoulder": 0.6108683531626719,
    "elbow": 0.7213582426804478,
    "wrist": 0.8512639468972993,
    "hip": 0.6144849782558348,
    "knee": 0.84966289862924,
    "ankle": 0.7147605920359401,
    "back": 0.6495464031733527,
    "neck": 0.6685804902985639
  },
  "recommendations": {
    "form": "Good form, continue practicing with current technique",
    "alignment": "Good alignment, maintain current technique",
    "stability": "Good stability, continue with current technique",
    "power": "Good power output, maintain current intensity"
  },
  "safety_considerations": []
}