{
  "power_generation": {
    "explosiveness": 0.7678908539846812,
    "force_transfer": 0.9796439625342289,
    "efficiency": 0.9331987916057509
  },
  "technical_metrics": {
    "precision": 0.6006141271655914,
    "consistency": 0.7659094987716497,
    "fluidity": 0.9012686868779769
  },
  "biomechanical_metrics": {
    "joint_loading": 0.5820881849821821,
    "muscle_activation": 0.6536664670572268,
    "energy_efficiency": 0.8112141618517503
  }
}