{
  "key_points": {
    "shoulders": [
      0.11156470596621287,
      0.5923448543677545,
      0.06106873423898934
    ],
    "elbows": [
      -0.0017646382485225764,
      0.40834045768903954,
      -0.04115039643737908
    ],
    "wrists": [
      0.22683013383893902,
      0.31721128169909235,
      0.032841857023820364
    ],
    "hips": [
      0.15683859218979812,
      0.38782929891610174,
      0.010439781495235875
    ],
    "knees": [
      -0.21724797443090504,
      0.25580071538787463,
      -0.09407230011584669
    ],
    "ankles": [
      0.05737923651513732,
      0.2351436361995879,
      -0.07812356050276484
    ]
  },
  "angles": {
    "knee": 28.646328699568915,
    "hip": 81.05750703236102,
    "shoulder": 40.869181885181405,
    "elbow": 49.73714049779436
  },
  "analysis_scores": {
    "alignment": 0.8411116576097669,
    "balance": 0.9121802311783543,
    "form": 0.8060394750900215,
    "stability": 0.6507396735894377,
    "coordination": 0.7651735569560163,
    "precision": 0.9074738161656409,
    "power": 0.9090356181742388,
    "efficiency": 0.9668354214305297,
    "safety": 0.8507088671359084,
    "overall": 0.895200549896444,
    "shoulder": 0.9238427906088477,
    "elbow": 0.8501074832650979,
    "wrist": 0.9982574752592581,
    "hip": 0.6411766034234198,
    "knee": 0.996431297749823,
    "ankle": 0.8176220335326168,
    "back": 0.7780571073651776,
    "neck": 0.7628781216949796
  },
  "recommendations": {
    "form": "Good form, continue practicing with current technique",
    "alignment": "Good alignment, maintain current technique",
    "stability": "Focus on maintaining proper posture and balance",
    "power": "Good power output, maintain current intensity"
  },
  "safety_considerations": []
}