{
  "power_generation": {
    "explosiveness": 0.9681055231503304,
    "force_transfer": 0.7654949418250325,
    "efficiency": 0.5413425071712414
  },
  "technical_metrics": {
    "precision": 0.7192355002288493,
    "consistency": 0.7819331352720436,
    "fluidity": 0.7422148224157321
  },
  "biomechanical_metrics": {
    "joint_loading": 0.9994831384084281,
    "muscle_activation": 0.6567054523980167,
    "energy_efficiency": 0.8291758768214967
  }
}