{
  "key_points": {
    "shoulders": [
      0.04889185555593581,
      0.6529335641229659,
      0.033702421198025856
    ],
    "elbows": [
      0.21055930239126935,
      0.4141555135625691,
      -0.02680056923532366
    ],
    "wrists": [
      -0.024358528942835078,
      0.4276408791896905,
      0.02850646508018495
    ],
    "hips": [
      0.002624777458702099,
      0.30129100358774485,
      -0.041312018430072796
    ],
    "knees": [
      0.20488717154789232,
      0.24656835110026565,
      0.07167778157420976
    ],
    "ankles": [
      0.2461670604341094,
      0.2620702165235122,
      -0.031008846299731038
    ]
  },
  "angles": {
    "knee": 151.69429430362803,
    "hip": 68.7417410133287,
    "shoulder": 57.52640464317677,
    "elbow": 155.5113001820592
  },
  "analysis_scores": {
    "alignment": 0.8216353006164624,
    "balance": 0.6162669779683354,
    "form": 0.7273660016028376,
    "stability": 0.6110976264192453,
    "coordination": 0.9771541119204039,
    "precision": 0.6854633631976981,
    "power": 0.839950592115174,
    "efficiency": 0.857161685831118,
    "safety": 0.7474106586794009,
    "overall": 0.668257991958729,
    "shoulder": 0.7453690601312497,
    "elbow": 0.9310474009167147,
    "wrist": 0.9051627743185768,
    "hip": 0.8529285921683857,
    "knee": 0.6821499588189888,
    "ankle": 0.6809864407802927,
    "back": 0.8983627143832305,
    "neck": 0.920557834844959
  },
  "recommendations": {
    "form": "Good form, continue practicing with current technique",
    "alignment": "Good alignment, maintain current technique",
    "stability": "Good stability, continue with current technique",
    "power": "Good power output, maintain current intensity"
  },
  "safety_considerations": [
    "Maintain proper knee alignment during takeoff"
  ]
}