{
  "power_generation": {
    "explosiveness": 0.6408056902414908,
    "force_transfer": 0.8675813216294507,
    "efficiency": 0.8098811268285079
  },
  "technical_metrics": {
    "precision": 0.72230413877633,
    "consistency": 0.9649068238246157,
    "fluidity": 0.7025574939718233
  },
  "biomechanical_metrics": {
    "joint_loading": 0.6040439737559209,
    "muscle_activation": 0.5829661626848262,
    "energy_efficiency": 0.7736393772239855
  }
}