{
  "key_points": {
    "shoulders": [
      -0.04094740729614035,
      0.6900707556192803,
      0.08434453454804705
    ],
    "elbows": [
      0.08411728145375985,
      0.411108331484496,
      0.06927286168970256
    ],
    "wrists": [
      -0.04050217348659518,
      0.4296946948943535,
      -0.050544957589536456
    ],
    "hips": [
      0.13082072468199074,
      0.4888648361099504,
      0.05029817946928403
    ],
    "knees": [
      0.24589023376881308,
      0.3401792032396195,
      0.019403515429955887
    ],
    "ankles": [
      0.0771053604134635,
      0.2320152279220574,
      0.08169917894057974
    ]
  },
  "angles": {
    "knee": 42.33045974146697,
    "hip": 129.47885257228972,
    "shoulder": 40.433928034991034,
    "elbow": 51.12055796319423
  },
  "analysis_scores": {
    "alignment": 0.7082242514913643,
    "balance": 0.6922875491580989,
    "form": 0.9897710529075777,
    "stability": 0.6930612225907742,
    "coordination": 0.918053544886502,
    "precision": 0.9167679378500923,
    "power": 0.9200519592540168,
    "efficiency": 0.6700903167372773,
    "safety": 0.6715344926546466,
    "overall": 0.966736458067146,
    "shoulder": 0.6148918085542603,
    "elbow": 0.6720352730061084,
    "wrist": 0.8407365632149294,
    "hip": 0.8767181083146451,
    "knee": 0.9010546814956123,
    "ankle": 0.7230719177906721,
    "back": 0.8054813663200648,
    "neck": 0.8912074851113667
  },
  "recommendations": {
    "form": "Good form, continue practicing with current technique",
    "alignment": "Good alignment, maintain current technique",
    "stability": "Good stability, continue with current technique",
    "power": "Good power output, maintain current intensity"
  },
  "safety_considerations": []
}