{
  "power_generation": {
    "explosiveness": 0.8556611745782948,
    "force_transfer": 0.9850001253760627,
    "efficiency": 0.6831969770480836
  },
  "technical_metrics": {
    "precision": 0.6768708390339397,
    "consistency": 0.544340552293961,
    "fluidity": 0.9558300991741829
  },
  "biomechanical_metrics": {
    "joint_loading": 0.882532952263535,
    "muscle_activation": 0.7178589686308077,
    "energy_efficiency": 0.5766585914383215
  }
}