{
  "key_points": {
    "shoulders": [
      -0.19635650271708208,
      0.5631861800641644,
      -0.02088503497086018
    ],
    "elbows": [
      0.04620652468968084,
      0.47123270618473556,
      -0.07202839098834742
    ],
    "wrists": [
      -0.0606385689990786,
      0.3864650929928357,
      -0.03992088067981717
    ],
    "hips": [
      -0.12713921235850556,
      0.38765143194390317,
      -0.00386087774136816
    ],
    "knees": [
      -0.08301929417647755,
      0.39158036071265434,
      0.00123557430536958
    ],
    "ankles": [
      0.2545799025124573,
      0.16908573585323822,
      -0.024304580116442348
    ]
  },
  "angles": {
    "knee": 128.63666919333176,
    "hip": 125.88101589430005,
    "shoulder": 24.00308060601322,
    "elbow": 85.8781392243192
  },
  "analysis_scores": {
    "alignment": 0.7521068052984474,
    "balance": 0.7263414881878522,
    "form": 0.9353102800062157,
    "stability": 0.8474626898184776,
    "coordination": 0.8660324826838636,
    "precision": 0.8499755655469685,
    "power": 0.898816701069997,
    "efficiency": 0.7071055466462204,
    "safety": 0.6519045776236468,
    "overall": 0.9677189628316598,
    "shoulder": 0.8074413900239042,
    "elbow": 0.963039967249118,
    "wrist": 0.6044582052361387,
    "hip": 0.8265507691927545,
    "knee": 0.8595613908939119,
    "ankle": 0.9399592844013033,
    "back": 0.770053622591637,
    "neck": 0.8865382808157314
  },
  "recommendations": {
    "form": "Good form, continue practicing with current technique",
    "alignment": "Good alignment, maintain current technique",
    "stability": "Good stability, continue with current technique",
    "power": "Consider increasing intensity gradually"
  },
  "safety_considerations": []
}