{
  "power_generation": {
    "explosiveness": 0.71142322452602,
    "force_transfer": 0.6560187921159515,
    "efficiency": 0.7084108984853248
  },
  "technical_metrics": {
    "precision": 0.6612208066110198,
    "consistency": 0.6161716956871802,
    "fluidity": 0.9602926766530597
  },
  "biomechanical_metrics": {
    "joint_loading": 0.6227228128348485,
    "muscle_activation": 0.5669856028881246,
    "energy_efficiency": 0.501897371445337
  }
}