{
  "key_points": {
    "shoulders": [
      -0.07726488472407929,
      0.5876959688186536,
      -0.05731309101642515
    ],
    "elbows": [
      0.22230481879335168,
      0.41124719185939707,
      -0.019396196613147315
    ],
    "wrists": [
      0.332102334541033,
      0.3889764605147069,
      -0.05847499484820667
    ],
    "hips": [
      -0.06214610958431918,
      0.42741044482997126,
      0.018103131152540114
    ],
    "knees": [
      -0.25458380644261736,
      0.3784737817790722,
      -0.046467301940441796
    ],
    "ankles": [
      0.0907790689764586,
      0.18301143435400877,
      -0.07985773501725893
    ]
  },
  "angles": {
    "knee": 12.821527010806271,
    "hip": 31.829629733316462,
    "shoulder": 48.4621527338875,
    "elbow": 73.49446208904266
  },
  "analysis_scores": {
    "alignment": 0.7410224808156234,
    "balance": 0.8839905949576417,
    "form": 0.8091881079048385,
    "stability": 0.9077529646760388,
    "coordination": 0.9712533039753588,
    "precision": 0.773521753369421,
    "power": 0.7852170278533604,
    "efficiency": 0.8201792829620829,
    "safety": 0.8001971570001142,
    "overall": 0.6880517124888987,
    "shoulder": 0.971541175943632,
    "elbow": 0.738640101593911,
    "wrist": 0.8609105570800496,
    "hip": 0.8654722683104838,
    "knee": 0.9733993665041418,
    "ankle": 0.8471200994711099,
    "back": 0.6476890959622698,
    "neck": 0.8970091983743496
  },
  "recommendations": {
    "form": "Good form, continue practicing with current technique",
    "alignment": "Good alignment, maintain current technique",
    "stability": "Focus on maintaining proper posture and balance",
    "power": "Good power output, maintain current intensity"
  },
  "safety_considerations": [
    "Focus on proper wrist positioning to prevent strain"
  ]
}