{
  "power_generation": {
    "explosiveness": 0.7202371684129605,
    "force_transfer": 0.6984454846814803,
    "efficiency": 0.7301190020074685
  },
  "technical_metrics": {
    "precision": 0.7997018876624583,
    "consistency": 0.7153675605456087,
    "fluidity": 0.6848386896087217
  },
  "biomechanical_metrics": {
    "joint_loading": 0.7547257614892198,
    "muscle_activation": 0.9245779727021124,
    "energy_efficiency": 0.8086774739307024
  }
}