{
  "key_points": {
    "shoulders": [
      -0.04458190765053924,
      0.6208149253082629,
      0.06150475435328459
    ],
    "elbows": [
      0.07051600133490071,
      0.4331784183483239,
      -0.01304167897453179
    ],
    "wrists": [
      -0.1458339879350512,
      0.44664181567433753,
      -0.02315152947139669
    ],
    "hips": [
      -0.11466569338360229,
      0.3580402832842546,
      -0.005122283605806577
    ],
    "knees": [
      -0.1255444351173686,
      0.265696052816317,
      0.08819336427403987
    ],
    "ankles": [
      0.20134405042955217,
      0.10624945466666998,
      0.09266051649626206
    ]
  },
  "angles": {
    "knee": 69.573310887775,
    "hip": 139.0766960622081,
    "shoulder": 14.47371293052613,
    "elbow": 126.8366892397062
  },
  "analysis_scores": {
    "alignment": 0.7213094511863141,
    "balance": 0.7240671383096164,
    "form": 0.8230336466841114,
    "stability": 0.7604050419578801,
    "coordination": 0.9540294876261303,
    "precision": 0.9370864653566584,
    "power": 0.6676470798308437,
    "efficiency": 0.8988519230014322,
    "safety": 0.6345149068897137,
    "overall": 0.6159338458731213,
    "shoulder": 0.7095212220607003,
    "elbow": 0.8023924129766666,
    "wrist": 0.8264694130382343,
    "hip": 0.7700294615859473,
    "knee": 0.6718100570021962,
    "ankle": 0.8805575878130103,
    "back": 0.6513695371602473,
    "neck": 0.634445358916006
  },
  "recommendations": {
    "form": "Good form, continue practicing with current technique",
    "alignment": "Good alignment, maintain current technique",
    "stability": "Good stability, continue with current technique",
    "power": "Good power output, maintain current intensity"
  },
  "safety_considerations": [
    "Focus on proper knee alignment to prevent overuse injuries",
    "Ensure proper bike fit and body alignment"
  ]
}