{
  "power_generation": {
    "explosiveness": 0.93900191274612,
    "force_transfer": 0.5641471421844303,
    "efficiency": 0.6004358628078191
  },
  "technical_metrics": {
    "precision": 0.6958849435231413,
    "consistency": 0.6233448344696859,
    "fluidity": 0.6801212827157889
  },
  "biomechanical_metrics": {
    "joint_loading": 0.8311864583305788,
    "muscle_activation": 0.5073588793959876,
    "energy_efficiency": 0.9797869796878081
  }
}