{
  "key_points": {
    "shoulders": [
      -0.0782497233232204,
      0.5953098617623409,
      0.08029346249039973
    ],
    "elbows": [
      0.10338431405732584,
      0.5474352030161711,
      -0.009205301278890146
    ],
    "wrists": [
      0.06539612078815005,
      0.4063721160475836,
      0.002423636735347734
    ],
    "hips": [
      0.012116758582046971,
      0.47265128169223536,
      0.004039931966482252
    ],
    "knees": [
      -0.26915764385759217,
      0.3534004219983691,
      -0.021540596567174913
    ],
    "ankles": [
      -0.15681760775593886,
      0.10990633334292609,
      0.07050489896965592
    ]
  },
  "angles": {
    "knee": 114.787905658334,
    "hip": 98.8314366550636,
    "shoulder": 34.22564472922583,
    "elbow": 149.15907349820398
  },
  "analysis_scores": {
    "alignment": 0.6163925451582455,
    "balance": 0.7896705232802139,
    "form": 0.603269318596302,
    "stability": 0.8482312763475662,
    "coordination": 0.7965384061878237,
    "precision": 0.9881850775844112,
    "power": 0.8209926095704055,
    "efficiency": 0.8032969704595854,
    "safety": 0.7292972484909458,
    "overall": 0.6311849039031149,
    "shoulder": 0.9651204140195278,
    "elbow": 0.7292658402298116,
    "wrist": 0.6322000077443114,
    "hip": 0.8576059823827641,
    "knee": 0.6026503541462951,
    "ankle": 0.768671464882686,
    "back": 0.7973643309312525,
    "neck": 0.8780342303962978
  },
  "recommendations": {
    "form": "Focus on maintaining proper joint angles during movement",
    "alignment": "Good alignment, maintain current technique",
    "stability": "Focus on maintaining proper posture and balance",
    "power": "Consider increasing intensity gradually"
  },
  "safety_considerations": []
}