{
  "power_generation": {
    "explosiveness": 0.936855687745896,
    "force_transfer": 0.757009352300149,
    "efficiency": 0.5704613139562933
  },
  "technical_metrics": {
    "precision": 0.7393039414652276,
    "consistency": 0.8763019282798001,
    "fluidity": 0.5474753216790025
  },
  "biomechanical_metrics": {
    "joint_loading": 0.9352146042226317,
    "muscle_activation": 0.7267967323308686,
    "energy_efficiency": 0.6016452318851905
  }
}