{
  "key_points": {
    "shoulders": [
      -0.18784482317064546,
      0.653081875321965,
      0.08454874917493485
    ],
    "elbows": [
      0.296684521072987,
      0.5463190146131169,
      0.03890703103253895
    ],
    "wrists": [
      0.3063387243415264,
      0.4129300501960202,
      0.05471307197049147
    ],
    "hips": [
      0.07322518116841747,
      0.37204443438051693,
      0.003744858925950917
    ],
    "knees": [
      0.28379187565017144,
      0.3673495786942158,
      0.09366275847424596
    ],
    "ankles": [
      0.02132014830849699,
      0.24733575312442171,
      0.05934625745813407
    ]
  },
  "angles": {
    "knee": 97.16978631400818,
    "hip": 76.2743020672403,
    "shoulder": 35.245911357332304,
    "elbow": 100.7462750544737
  },
  "analysis_scores": {
    "alignment": 0.6248909715475318,
    "balance": 0.7453030448654635,
    "form": 0.7211531425261026,
    "stability": 0.9936955215888913,
    "coordination": 0.8963573238699454,
    "precision": 0.8633021608603144,
    "power": 0.8606874266141342,
    "efficiency": 0.7682079063448274,
    "safety": 0.6839533774022135,
    "overall": 0.7418599302590935,
    "shoulder": 0.7847302455759093,
    "elbow": 0.8533297902418537,
    "wrist": 0.9140918471796726,
    "hip": 0.6245109963098908,
    "knee": 0.8863541757871392,
    "ankle": 0.6004385113396632,
    "back": 0.9213875377775175,
    "neck": 0.8075952425432762
  },
  "recommendations": {
    "form": "Good form, continue practicing with current technique",
    "alignment": "Good alignment, maintain current technique",
    "stability": "Good stability, continue with current technique",
    "power": "Good power output, maintain current intensity"
  },
  "safety_considerations": [
    "Maintain proper knee alignment during takeoff",
    "Ensure proper ankle stability"
  ]
}