{
  "power_generation": {
    "explosiveness": 0.6378350493804844,
    "force_transfer": 0.7430720546106568,
    "efficiency": 0.9917777984395182
  },
  "technical_metrics": {
    "precision": 0.5413774391997884,
    "consistency": 0.5730808108191541,
    "fluidity": 0.6797876501330349
  },
  "biomechanical_metrics": {
    "joint_loading": 0.8538940825319044,
    "muscle_activation": 0.8374277754308252,
    "energy_efficiency": 0.5860491485207062
  }
}