{
  "key_points": {
    "shoulders": [
      -0.2940981068444935,
      0.6666243573689765,
      -0.10488862389849576
    ],
    "hips": [
      0.10364932781068092,
      0.4870739688012684,
      -0.09933008858067152
    ],
    "knees": [
      -0.4519778750213449,
      0.30618050036598593,
      0.18202660678050037
    ],
    "ankles": [
      0.08568680948275409,
      0.29420952977165304,
      0.1500814257927235
    ]
  },
  "angles": {
    "knee": 9.31175072476724,
    "hip": 53.617011135846276,
    "shoulder": 56.10718128786816
  },
  "analysis_scores": {
    "alignment": 0.6158520449395356,
    "balance": 0.9939019629289427,
    "form": 0.9778211197049846,
    "stability": 0.6467879709965301,
    "coordination": 0.9838538164985899,
    "precision": 0.9998469305996565,
    "power": 0.6474196722640421,
    "efficiency": 0.8775298069623843,
    "safety": 0.8229353521219179,
    "overall": 0.6123937733094239,
    "shoulder": 0.8916723183037021,
    "elbow": 0.6073749175384567,
    "wrist": 0.9646883678134688,
    "hip": 1.0,
    "knee": 1.0,
    "ankle": 0.8935273942754176,
    "back": 0.8564413920919796,
    "neck": 0.8833594624725734
  },
  "recommendations": {
    "form": "Focus on maintaining proper joint angles during movement",
    "alignment": "Work on maintaining symmetrical movement patterns",
    "stability": "Good stability, continue with current technique",
    "power": "Good power output, maintain current intensity"
  },
  "safety_considerations": []
}