{
  "power_generation": {
    "explosiveness": 0.9987813160287593,
    "force_transfer": 0.7953818349071029,
    "efficiency": 0.5462569185955575
  },
  "technical_metrics": {
    "precision": 0.616374291618865,
    "consistency": 0.6059528802732536,
    "fluidity": 0.5404585553187348
  },
  "biomechanical_metrics": {
    "joint_loading": 0.6685438908807837,
    "muscle_activation": 0.6028243198252645,
    "energy_efficiency": 0.9523519629703671
  }
}