{
  "key_points": {
    "shoulders": [
      -0.12093017889433755,
      0.6028747079370288,
      -0.0938164939130146
    ],
    "elbows": [
      -0.12618071501609715,
      0.4850911123662284,
      0.023727076853185175
    ],
    "wrists": [
      0.028042628444574835,
      0.4316519927274775,
      0.04572295599277401
    ],
    "hips": [
      0.12792382579138628,
      0.32017071696296234,
      -0.018663947415975074
    ],
    "knees": [
      -0.17288962671724617,
      0.23590008876090532,
      -0.09280757557892004
    ],
    "ankles": [
      -0.3725293093633032,
      0.16430919013241146,
      0.06602430831243036
    ]
  },
  "angles": {
    "knee": 46.25989763280886,
    "hip": 154.40813907341624,
    "shoulder": 51.5120264619214,
    "elbow": 136.72532190977225
  },
  "analysis_scores": {
    "alignment": 0.7416858451559147,
    "balance": 0.976812852775236,
    "form": 0.7913985691055613,
    "stability": 0.7950853815783209,
    "coordination": 0.8950175606147486,
    "precision": 0.979903036260011,
    "power": 0.6058448958786418,
    "efficiency": 0.9113356342033216,
    "safety": 0.6854203549999435,
    "overall": 0.8841454581244608,
    "shoulder": 0.9936827184868925,
    "elbow": 0.8441359185699484,
    "wrist": 0.641981890638731,
    "hip": 0.8319081725732314,
    "knee": 0.9518939535824225,
    "ankle": 0.7943237080630533,
    "back": 0.9430334261998501,
    "neck": 0.8833049098466642
  },
  "recommendations": {
    "form": "Good form, continue practicing with current technique",
    "alignment": "Good alignment, maintain current technique",
    "stability": "Good stability, continue with current technique",
    "power": "Consider increasing intensity gradually"
  },
  "safety_considerations": []
}