{
  "power_generation": {
    "explosiveness": 0.928381667190932,
    "force_transfer": 0.6787582074582341,
    "efficiency": 0.5798267690539067
  },
  "technical_metrics": {
    "precision": 0.8514803412795497,
    "consistency": 0.9750031227858603,
    "fluidity": 0.9893158636020365
  },
  "biomechanical_metrics": {
    "joint_loading": 0.69122177565534,
    "muscle_activation": 0.7674012157157202,
    "energy_efficiency": 0.6206282627692298
  }
}