{
  "key_points": {
    "shoulders": [
      -0.18994569896708735,
      0.6634781251243808,
      -0.05920753568605195
    ],
    "elbows": [
      -0.06309602741255152,
      0.43127768297796454,
      -0.05295265803508223
    ],
    "wrists": [
      -0.055800482939526386,
      0.41558256504165947,
      -0.07812414094636369
    ],
    "hips": [
      0.1329997277281298,
      0.41551216077629916,
      -0.0852039534118118
    ],
    "knees": [
      -0.1207746739274489,
      0.3252914819386824,
      0.05795052431052458
    ],
    "ankles": [
      -0.3523182739795823,
      0.1651221312952158,
      0.01319977414796647
    ]
  },
  "angles": {
    "knee": 25.960741928675684,
    "hip": 104.78717847939264,
    "shoulder": 50.12406397187576,
    "elbow": 151.3272960409085
  },
  "analysis_scores": {
    "alignment": 0.9647313977057441,
    "balance": 0.817660812180929,
    "form": 0.9590177158946005,
    "stability": 0.8306077748944469,
    "coordination": 0.9190836999082453,
    "precision": 0.8213660897792028,
    "power": 0.8673972219975357,
    "efficiency": 0.6604068369586376,
    "safety": 0.8810585817490466,
    "overall": 0.6592057901809125,
    "shoulder": 0.7224048098360433,
    "elbow": 0.8075054479802077,
    "wrist": 0.7437395666003845,
    "hip": 0.9334534260752819,
    "knee": 0.6424526611981306,
    "ankle": 0.6322035000474641,
    "back": 0.8010913539051677,
    "neck": 0.7947459945730574
  },
  "recommendations": {
    "form": "Focus on maintaining proper joint angles during movement",
    "alignment": "Good alignment, maintain current technique",
    "stability": "Focus on maintaining proper posture and balance",
    "power": "Good power output, maintain current intensity"
  },
  "safety_considerations": []
}