{
  "key_points": {
    "shoulders": [
      -0.10740018533900733,
      0.5493599763533967,
      0.016281947539222075
    ],
    "elbows": [
      -0.2597418387564517,
      0.49441758544264114,
      0.052579136511173935
    ],
    "wrists": [
      -0.15906806723566902,
      0.3434901068878632,
      0.01727488764114446
    ],
    "hips": [
      -0.06153800664981737,
      0.49132341054012707,
      -0.013305789570827148
    ],
    "knees": [
      -0.06488582240949753,
      0.33277571973894104,
      -0.006217953367150614
    ],
    "ankles": [
      -0.053062188451529935,
      0.29977682423179475,
      -0.012236800440376824
    ]
  },
  "angles": {
    "knee": 23.46211276460899,
    "hip": 47.95268720108711,
    "shoulder": 69.46845684468195,
    "elbow": 162.8361268340086
  },
  "analysis_scores": {
    "alignment": 0.6495763829233624,
    "balance": 0.7155833051420543,
    "form": 0.7824626464008515,
    "stability": 0.7569968954767137,
    "coordination": 0.8415779712715448,
    "precision": 0.6656858976284478,
    "power": 0.6220093703240483,
    "efficiency": 0.6681665534528636,
    "safety": 0.7724709438287544,
    "overall": 0.7203855878249164,
    "shoulder": 0.760119198389564,
    "elbow": 0.6450068161797843,
    "wrist": 0.8012241184346479,
    "hip": 0.7691900257237241,
    "knee": 0.8690381673573082,
    "ankle": 0.9563685255832441,
    "back": 0.8539997231159959,
    "neck": 0.7274589843607269
  },
  "recommendations": {
    "form": "Good form, continue practicing with current technique",
    "alignment": "Good alignment, maintain current technique",
    "stability": "Focus on maintaining proper posture and balance",
    "power": "Good power output, maintain current intensity"
  },
  "safety_considerations": []
}