{
  "power_generation": {
    "explosiveness": 0.5143814534865448,
    "force_transfer": 0.601385661249418,
    "efficiency": 0.533268076653215
  },
  "technical_metrics": {
    "precision": 0.8153894160768637,
    "consistency": 0.7843428799141204,
    "fluidity": 0.9787631047455773
  },
  "biomechanical_metrics": {
    "joint_loading": 0.5564092746352824,
    "muscle_activation": 0.7094917411938582,
    "energy_efficiency": 0.7807007743931472
  }
}