{
  "power_generation": {
    "explosiveness": 0.6389639116756236,
    "force_transfer": 0.8510649567741231,
    "efficiency": 0.852193248734396
  },
  "technical_metrics": {
    "precision": 0.688821081654146,
    "consistency": 0.9068349524434931,
    "fluidity": 0.9133380710582577
  },
  "biomechanical_metrics": {
    "joint_loading": 0.6511321326014862,
    "muscle_activation": 0.9661450363380252,
    "energy_efficiency": 0.7969969195785549
  }
}