{
  "key_points": {
    "shoulders": [
      -0.1718808653277778,
      0.5393011570228922,
      0.09146476340413376
    ],
    "elbows": [
      -0.0017771736031257368,
      0.5613518758972516,
      0.07474272695106282
    ],
    "wrists": [
      0.02970172361645068,
      0.3133557846688506,
      -0.06294946502528727
    ],
    "hips": [
      0.004575543686789529,
      0.40881090377263013,
      -0.039553646964091096
    ],
    "knees": [
      0.2097104779234405,
      0.38568410864612135,
      -0.001067380893722908
    ],
    "ankles": [
      -0.2186912588038653,
      0.23136641302713926,
      -0.09239587254670284
    ]
  },
  "angles": {
    "knee": 91.82219283152473,
    "hip": 94.70166940013159,
    "shoulder": 69.45691759848826,
    "elbow": 88.04084294062193
  },
  "analysis_scores": {
    "alignment": 0.6758537249255658,
    "balance": 0.7174847994277829,
    "form": 0.6862291690678444,
    "stability": 0.6622358429201552,
    "coordination": 0.6870892085199595,
    "precision": 0.70908719056911,
    "power": 0.9682820052589953,
    "efficiency": 0.7050747474783372,
    "safety": 0.9513205398213329,
    "overall": 0.9575905806869766,
    "shoulder": 0.6915885819819878,
    "elbow": 0.9528764105341956,
    "wrist": 0.9742213846207802,
    "hip": 0.6311963054012315,
    "knee": 0.7037331953510229,
    "ankle": 0.8632658238991073,
    "back": 0.9047102096760397,
    "neck": 0.641353725786657
  },
  "recommendations": {
    "form": "Good form, continue practicing with current technique",
    "alignment": "Work on maintaining symmetrical movement patterns",
    "stability": "Good stability, continue with current technique",
    "power": "Good power output, maintain current intensity"
  },
  "safety_considerations": []
}