{
  "power_generation": {
    "explosiveness": 0.6250235131721869,
    "force_transfer": 0.7426113186476437,
    "efficiency": 0.8003071491735618
  },
  "technical_metrics": {
    "precision": 0.7647571682580039,
    "consistency": 0.6337203301575067,
    "fluidity": 0.5296146328509228
  },
  "biomechanical_metrics": {
    "joint_loading": 0.8886154201754588,
    "muscle_activation": 0.9731334286110156,
    "energy_efficiency": 0.6573050635858744
  }
}