{
  "key_points": {
    "shoulders": [
      0.15519349111861602,
      0.6188121088192181,
      0.06637169871184531
    ],
    "hips": [
      -0.0554712135518399,
      0.5104841724839877,
      -0.005397645171269241
    ],
    "knees": [
      -0.07494803392437904,
      0.48393784607940665,
      -0.005555511375464686
    ],
    "ankles": [
      0.3180224696165789,
      0.2270336354574155,
      -0.07533337510622591
    ]
  },
  "angles": {
    "knee": 176.9048185690513,
    "hip": 146.32851823663228,
    "shoulder": 41.96033864005279
  },
  "analysis_scores": {
    "alignment": 1.0,
    "balance": 1.0,
    "form": 0.6030561363599778,
    "stability": 0.9530505387955447,
    "coordination": 0.7118920199871596,
    "precision": 0.8349709081580936,
    "power": 0.6347929624712894,
    "efficiency": 0.9282429133060882,
    "safety": 0.6551295208345288,
    "overall": 0.7670758859622946,
    "shoulder": 0.7300860524249967,
    "elbow": 0.9843808451405095,
    "wrist": 0.8513094457778161,
    "hip": 0.6915864496999689,
    "knee": 0.8854567124444186,
    "ankle": 1.0,
    "back": 0.8832610690656018,
    "neck": 0.8113766623668557
  },
  "recommendations": {
    "form": "Good form, continue practicing with current technique",
    "alignment": "Good alignment, maintain current technique",
    "stability": "Good stability, continue with current technique",
    "power": "Good power output, maintain current intensity"
  },
  "safety_considerations": []
}