{
  "power_generation": {
    "explosiveness": 0.5849553988892329,
    "force_transfer": 0.993275791225535,
    "efficiency": 0.535815813587982
  },
  "technical_metrics": {
    "precision": 0.8814981584792386,
    "consistency": 0.9981547867784983,
    "fluidity": 0.6803356436849609
  },
  "biomechanical_metrics": {
    "joint_loading": 0.5202406922381985,
    "muscle_activation": 0.8039224270490661,
    "energy_efficiency": 0.60428748962273
  }
}