{
  "key_points": {
    "shoulders": [
      -0.02489916394075059,
      0.6430385132575478,
      -0.08802966305165694
    ],
    "elbows": [
      -0.25207270386056146,
      0.5443557589972843,
      -0.021659796598546707
    ],
    "wrists": [
      0.37615768575961706,
      0.4017176508554855,
      -0.041305812664420884
    ],
    "hips": [
      -0.0767610284365134,
      0.37977254934406757,
      0.07239942834302818
    ],
    "knees": [
      -0.1608894977872498,
      0.3810847129862595,
      0.05765609210669384
    ],
    "ankles": [
      -0.11633357774181247,
      0.29216335443171065,
      0.030135796161553985
    ]
  },
  "angles": {
    "knee": 106.85393302845948,
    "hip": 147.79743871209567,
    "shoulder": 17.374560493068106,
    "elbow": 125.81462036010785
  },
  "analysis_scores": {
    "alignment": 0.6250266646724731,
    "balance": 0.8362620397696554,
    "form": 0.7388507964325426,
    "stability": 0.959478336621838,
    "coordination": 0.8530903038196243,
    "precision": 0.6739424356129408,
    "power": 0.6342237064001647,
    "efficiency": 0.8302177765473243,
    "safety": 0.7256250528885648,
    "overall": 0.9874368284078754,
    "shoulder": 0.6874253942705159,
    "elbow": 0.8375388973409359,
    "wrist": 0.9405193753177074,
    "hip": 0.6978897101300443,
    "knee": 0.8048955699524613,
    "ankle": 0.7882780873891797,
    "back": 0.7618490891822383,
    "neck": 0.79505899035635
  },
  "recommendations": {
    "form": "Focus on maintaining proper joint angles during movement",
    "alignment": "Good alignment, maintain current technique",
    "stability": "Good stability, continue with current technique",
    "power": "Good power output, maintain current intensity"
  },
  "safety_considerations": []
}