{
  "power_generation": {
    "explosiveness": 0.9452058824494181,
    "force_transfer": 0.8899228551830154,
    "efficiency": 0.6598726048844168
  },
  "technical_metrics": {
    "precision": 0.5018540397035639,
    "consistency": 0.7693865355651612,
    "fluidity": 0.6926087463614276
  },
  "biomechanical_metrics": {
    "joint_loading": 0.5070001517790991,
    "muscle_activation": 0.7701507212204918,
    "energy_efficiency": 0.5230619240056875
  }
}