{
  "key_points": {
    "shoulders": [
      -0.18563203509626397,
      0.595517726672461,
      0.036043744035037545
    ],
    "elbows": [
      0.15928786181955001,
      0.5461665794801444,
      -0.0817008866382829
    ],
    "wrists": [
      0.11711132440940042,
      0.40139053696608745,
      -0.08442516805729008
    ],
    "hips": [
      -0.09351806776474524,
      0.3228494404398331,
      -0.0630145932387538
    ],
    "knees": [
      0.1163375307506202,
      0.3087855762144772,
      0.049818822722718814
    ],
    "ankles": [
      0.20026604568436512,
      0.1280932337309087,
      -0.09139576828165714
    ]
  },
  "angles": {
    "knee": 26.99969905573689,
    "hip": 107.56988379622062,
    "shoulder": 37.96862754987072,
    "elbow": 84.71306354927991
  },
  "analysis_scores": {
    "alignment": 0.6096350727601306,
    "balance": 0.7437845741417509,
    "form": 0.866068486569165,
    "stability": 0.6482242827316252,
    "coordination": 0.8367181257199362,
    "precision": 0.8635338691712651,
    "power": 0.6592506327597824,
    "efficiency": 0.9194497903462883,
    "safety": 0.9360594690290484,
    "overall": 0.6287982526436275,
    "shoulder": 0.7467074763218988,
    "elbow": 0.9086261541219869,
    "wrist": 0.7364869549655867,
    "hip": 0.6206531949984792,
    "knee": 0.731270420292703,
    "ankle": 0.7744172364899544,
    "back": 0.6080866897670081,
    "neck": 0.8345858198074492
  },
  "recommendations": {
    "form": "Good form, continue practicing with current technique",
    "alignment": "Good alignment, maintain current technique",
    "stability": "Good stability, continue with current technique",
    "power": "Good power output, maintain current intensity"
  },
  "safety_considerations": []
}