{
  "power_generation": {
    "explosiveness": 0.5456866325619594,
    "force_transfer": 0.5211181689044265,
    "efficiency": 0.9536977688088053
  },
  "technical_metrics": {
    "precision": 0.6438912148117548,
    "consistency": 0.5668927835541238,
    "fluidity": 0.8399391102703935
  },
  "biomechanical_metrics": {
    "joint_loading": 0.6016936514713888,
    "muscle_activation": 0.9102619440087469,
    "energy_efficiency": 0.8734745145420986
  }
}