{
  "key_points": {
    "shoulders": [
      -0.08064680889946692,
      0.6894340834500906,
      0.07355360646858919
    ],
    "elbows": [
      -0.01751194760154673,
      0.4734665969776697,
      -0.026305936411763917
    ],
    "wrists": [
      -0.15572455870020355,
      0.3162493679038353,
      0.07738135092176099
    ],
    "hips": [
      0.0763447747690964,
      0.4781403833073253,
      0.04727620043355152
    ],
    "knees": [
      0.07645334416167227,
      0.27936659262548114,
      0.04519508087080806
    ],
    "ankles": [
      -0.14391409837083213,
      0.22296068789529028,
      -0.03765755931560173
    ]
  },
  "angles": {
    "knee": 137.19485677098294,
    "hip": 85.51142359711359,
    "shoulder": 6.799797599581549,
    "elbow": 84.98855390673032
  },
  "analysis_scores": {
    "alignment": 0.987541128312586,
    "balance": 0.7152847098538939,
    "form": 0.983817927353788,
    "stability": 0.8701489343291069,
    "coordination": 0.7712119575045905,
    "precision": 0.9362239189768129,
    "power": 0.875387058206611,
    "efficiency": 0.975005424337387,
    "safety": 0.9305549701838198,
    "overall": 0.623140399430593,
    "shoulder": 0.6120714017791393,
    "elbow": 0.7112999475021309,
    "wrist": 0.7353555884872407,
    "hip": 0.8785523877212269,
    "knee": 0.8429551541091921,
    "ankle": 0.6266728286186907,
    "back": 0.8325904491617145,
    "neck": 0.841068166932508
  },
  "recommendations": {
    "form": "Focus on maintaining proper joint angles during movement",
    "alignment": "Good alignment, maintain current technique",
    "stability": "Good stability, continue with current technique",
    "power": "Good power output, maintain current intensity"
  },
  "safety_considerations": []
}