{
  "power_generation": {
    "explosiveness": 0.9030649485031628,
    "force_transfer": 0.6523624863809887,
    "efficiency": 0.6252212313427403
  },
  "technical_metrics": {
    "precision": 0.9363468569809141,
    "consistency": 0.6494726308884091,
    "fluidity": 0.885739385121866
  },
  "biomechanical_metrics": {
    "joint_loading": 0.5711637291734422,
    "muscle_activation": 0.973199207926688,
    "energy_efficiency": 0.8852126881314003
  }
}