{
  "key_points": {
    "shoulders": [
      -0.01743345314090647,
      0.6027658028776133,
      0.012210390124616402
    ],
    "elbows": [
      0.25293849259355067,
      0.4469888891195785,
      -0.07859939008632483
    ],
    "wrists": [
      0.2422233751549664,
      0.41334292902245495,
      -0.02362474588802206
    ],
    "hips": [
      0.024565829519327176,
      0.3524279987546415,
      -0.01611444952123557
    ],
    "knees": [
      -0.220004677775558,
      0.3445512843764752,
      -0.08878651364985823
    ],
    "ankles": [
      -0.07982402875132,
      0.17287673688137062,
      -0.08772265501329249
    ]
  },
  "angles": {
    "knee": 167.81383335290832,
    "hip": 71.90708075413991,
    "shoulder": 51.26686332811266,
    "elbow": 64.76866594640175
  },
  "analysis_scores": {
    "alignment": 0.9471579634600097,
    "balance": 0.902783204689992,
    "form": 0.6947364449615523,
    "stability": 0.6142520896386355,
    "coordination": 0.7748418765501337,
    "precision": 0.8917499913314104,
    "power": 0.9741196539763501,
    "efficiency": 0.7196721550195841,
    "safety": 0.8541947058914973,
    "overall": 0.773161731731214,
    "shoulder": 0.9479620213027306,
    "elbow": 0.6398973934477932,
    "wrist": 0.7330282351664928,
    "hip": 0.7951681721742189,
    "knee": 0.672051169095827,
    "ankle": 0.6163265145630267,
    "back": 0.7367024991309088,
    "neck": 0.6428268475931939
  },
  "recommendations": {
    "form": "Good form, continue practicing with current technique",
    "alignment": "Good alignment, maintain current technique",
    "stability": "Good stability, continue with current technique",
    "power": "Consider increasing intensity gradually"
  },
  "safety_considerations": []
}