{
  "key_points": {
    "shoulders": [
      -0.14377225538449082,
      0.6946640734979137,
      0.025697218607038608
    ],
    "elbows": [
      -0.01644941901015201,
      0.5512329310152607,
      0.019659814583935883
    ],
    "wrists": [
      -0.17464914646903626,
      0.3396828415218618,
      -0.023393341239647453
    ],
    "hips": [
      0.04770696489025367,
      0.3828223205093475,
      -0.008827298934437039
    ],
    "knees": [
      -0.15637602937582656,
      0.2551958553034102,
      0.014067021457895984
    ],
    "ankles": [
      0.025020227565218378,
      0.18836496457603769,
      -0.016070922841051938
    ]
  },
  "angles": {
    "knee": 98.46927745473431,
    "hip": 146.7079518895659,
    "shoulder": 2.9739837598244803,
    "elbow": 64.0573553481527
  },
  "analysis_scores": {
    "alignment": 0.7698313693445293,
    "balance": 0.7433866288044384,
    "form": 0.931350310765057,
    "stability": 0.6836770937780294,
    "coordination": 0.9523233747028006,
    "precision": 0.7558879836403724,
    "power": 0.7349077373977491,
    "efficiency": 0.791986454095785,
    "safety": 0.807049361637684,
    "overall": 0.928777019799294,
    "shoulder": 0.8248374181576137,
    "elbow": 0.7720759529464519,
    "wrist": 0.6118989744901923,
    "hip": 0.9073157805742887,
    "knee": 0.6395015124023997,
    "ankle": 0.721307548748805,
    "back": 0.8736721754533237,
    "neck": 0.9828739843846622
  },
  "recommendations": {
    "form": "Good form, continue practicing with current technique",
    "alignment": "Good alignment, maintain current technique",
    "stability": "Good stability, continue with current technique",
    "power": "Good power output, maintain current intensity"
  },
  "safety_considerations": [
    "Focus on proper shoulder mechanics during dynamic movements"
  ]
}