{
  "power_generation": {
    "explosiveness": 0.5439078127403947,
    "force_transfer": 0.78793222809288,
    "efficiency": 0.7155084943063541
  },
  "technical_metrics": {
    "precision": 0.6205296933333835,
    "consistency": 0.9862595263686003,
    "fluidity": 0.8354547643923141
  },
  "biomechanical_metrics": {
    "joint_loading": 0.8430286745252122,
    "muscle_activation": 0.8683880930893079,
    "energy_efficiency": 0.9794014906186117
  }
}