{
  "key_points": {
    "shoulders": [
      -0.18129464927336386,
      0.6139982193037578,
      -0.09648455123049077
    ],
    "elbows": [
      0.0074228278341028076,
      0.5706048135656241,
      -0.05631910142530849
    ],
    "wrists": [
      -0.040283943367238506,
      0.392872476632734,
      -0.06005451908652307
    ],
    "hips": [
      0.17604254691084603,
      0.45959981623447793,
      -0.023922790790895793
    ],
    "knees": [
      -0.23927557971090727,
      0.24679957578108938,
      0.06794159074032569
    ],
    "ankles": [
      -0.2729520738448663,
      0.13069948869897502,
      0.037222863767165715
    ]
  },
  "angles": {
    "knee": 53.09323874853855,
    "hip": 64.71301948900505,
    "shoulder": 70.39422955362095,
    "elbow": 153.21524182067918
  },
  "analysis_scores": {
    "alignment": 0.9719808898923251,
    "balance": 0.6455790983736311,
    "form": 0.6461444202263511,
    "stability": 0.9050862446731949,
    "coordination": 0.7893112711839637,
    "precision": 0.7000985389477721,
    "power": 0.8899127228014185,
    "efficiency": 0.81606479255321,
    "safety": 0.6321530771565628,
    "overall": 0.9515489686919347,
    "shoulder": 0.8761154761994006,
    "elbow": 0.7818998150409521,
    "wrist": 0.670239186432787,
    "hip": 0.9596088266740829,
    "knee": 0.8057393030949629,
    "ankle": 0.9035225732659905,
    "back": 0.6657277807596497,
    "neck": 0.6969453901240533
  },
  "recommendations": {
    "form": "Good form, continue practicing with current technique",
    "alignment": "Work on maintaining symmetrical movement patterns",
    "stability": "Good stability, continue with current technique",
    "power": "Good power output, maintain current intensity"
  },
  "safety_considerations": []
}