{
  "power_generation": {
    "explosiveness": 0.575101855691531,
    "force_transfer": 0.5040458586637353,
    "efficiency": 0.5911548498375635
  },
  "technical_metrics": {
    "precision": 0.8581568446705217,
    "consistency": 0.5153776589982646,
    "fluidity": 0.9775246385705497
  },
  "biomechanical_metrics": {
    "joint_loading": 0.9494337187318247,
    "muscle_activation": 0.7562645428508312,
    "energy_efficiency": 0.7253425845174462
  }
}