{
  "key_points": {
    "shoulders": [
      -0.18740207110936688,
      0.5912049325422832,
      0.0049707984056060195
    ],
    "elbows": [
      0.27976043032558967,
      0.4184286391841796,
      -0.05877561775949476
    ],
    "wrists": [
      -0.2700097039522572,
      0.4760283755003984,
      0.027467840345428624
    ],
    "hips": [
      0.03883201939463707,
      0.35964821026690674,
      0.09645382877448355
    ],
    "knees": [
      -0.043202855432224685,
      0.2595334621365621,
      -0.036460506861076894
    ],
    "ankles": [
      0.05370755490726181,
      0.23405375496481964,
      -0.09540529632527509
    ]
  },
  "angles": {
    "knee": 83.63083403439003,
    "hip": 153.99295514572879,
    "shoulder": 42.84168878984887,
    "elbow": 117.13403347599073
  },
  "analysis_scores": {
    "alignment": 0.7794452564759469,
    "balance": 0.7708803774398505,
    "form": 0.6652758334392358,
    "stability": 0.7768570209419482,
    "coordination": 0.6538285148292035,
    "precision": 0.670626049524598,
    "power": 0.9910602397363516,
    "efficiency": 0.6701037062350603,
    "safety": 0.6823520086807124,
    "overall": 0.7071433920256074,
    "shoulder": 0.9130024268244742,
    "elbow": 0.9998611636793768,
    "wrist": 0.7525812660790246,
    "hip": 0.8838215825459106,
    "knee": 0.9516233858017022,
    "ankle": 0.7774018194634209,
    "back": 0.7904836875018707,
    "neck": 0.7120926488174589
  },
  "recommendations": {
    "form": "Good form, continue practicing with current technique",
    "alignment": "Good alignment, maintain current technique",
    "stability": "Focus on maintaining proper posture and balance",
    "power": "Good power output, maintain current intensity"
  },
  "safety_considerations": [
    "Maintain proper hip control to prevent injury"
  ]
}