{
  "power_generation": {
    "explosiveness": 0.5389836960895851,
    "force_transfer": 0.7826287091773787,
    "efficiency": 0.544566526272746
  },
  "technical_metrics": {
    "precision": 0.7206615376312381,
    "consistency": 0.5358835075407835,
    "fluidity": 0.8117879802321748
  },
  "biomechanical_metrics": {
    "joint_loading": 0.7471132228977322,
    "muscle_activation": 0.5676241188803341,
    "energy_efficiency": 0.9800329824623191
  }
}