{
  "key_points": {
    "shoulders": [
      -0.10722072365026084,
      0.5991723043283083,
      0.07197595341290805
    ],
    "elbows": [
      0.0983285701185978,
      0.5875047261282427,
      0.05018482749924366
    ],
    "wrists": [
      -0.3315970475625347,
      0.49235312104730283,
      0.02195294455666441
    ],
    "hips": [
      -0.0739265326350041,
      0.35229113072055446,
      0.023845250207528965
    ],
    "knees": [
      0.18567693193892004,
      0.36983960981965996,
      -0.02806521744008883
    ],
    "ankles": [
      0.18723329936778743,
      0.29851925951819336,
      0.02080911432008281
    ]
  },
  "angles": {
    "knee": 90.38348134081603,
    "hip": 68.5174387644084,
    "shoulder": 52.00129679109918,
    "elbow": 122.53911060316996
  },
  "analysis_scores": {
    "alignment": 0.9540707380705777,
    "balance": 0.7791868436031792,
    "form": 0.8621621934778494,
    "stability": 0.8056338913498979,
    "coordination": 0.9750647335544651,
    "precision": 0.9728009278156413,
    "power": 0.8989716391591687,
    "efficiency": 0.6259897694909725,
    "safety": 0.7463334081820084,
    "overall": 0.7171959935846512,
    "shoulder": 0.890012071245933,
    "elbow": 0.8698140724889455,
    "wrist": 0.9974343269703909,
    "hip": 0.7123626690188377,
    "knee": 0.8920591626572425,
    "ankle": 0.8666854940665103,
    "back": 0.9921408847695447,
    "neck": 0.6903790864891092
  },
  "recommendations": {
    "form": "Good form, continue practicing with current technique",
    "alignment": "Work on maintaining symmetrical movement patterns",
    "stability": "Good stability, continue with current technique",
    "power": "Good power output, maintain current intensity"
  },
  "safety_considerations": []
}