{
  "key_points": {
    "shoulders": [
      -0.2792999819128792,
      0.7690066586854506,
      -0.14696528283967336
    ],
    "hips": [
      -0.2751279630443131,
      0.558338667098591,
      0.14511178237520855
    ],
    "knees": [
      0.14143475168686637,
      0.41856416801671054,
      -0.19616678758487618
    ],
    "ankles": [
      -0.37904328591515135,
      0.23537739770440735,
      0.11857943323556269
    ]
  },
  "angles": {
    "knee": 31.074751906881787,
    "hip": 19.898053164146187,
    "shoulder": 79.86767590059188
  },
  "analysis_scores": {
    "alignment": 0.6858650815108845,
    "balance": 0.7756018657959906,
    "form": 0.8951604269705922,
    "stability": 0.8031243653868052,
    "coordination": 0.6029264916228152,
    "precision": 0.955563725363345,
    "power": 0.9442506274992303,
    "efficiency": 0.9113699539034401,
    "safety": 0.9863582875421896,
    "overall": 0.7905022140363607,
    "shoulder": 0.9112908760266969,
    "elbow": 0.905746711759885,
    "wrist": 0.7044673441529214,
    "hip": 0.8810551716912624,
    "knee": 0.9911392194013613,
    "ankle": 0.8062894925077148,
    "back": 0.9025015765535951,
    "neck": 0.7282623259913321
  },
  "recommendations": {
    "form": "Good form, continue practicing with current technique",
    "alignment": "Work on maintaining symmetrical movement patterns",
    "stability": "Focus on maintaining proper posture and balance",
    "power": "Good power output, maintain current intensity"
  },
  "safety_considerations": []
}