{
  "power_generation": {
    "explosiveness": 0.931069412554298,
    "force_transfer": 0.7375109852841543,
    "efficiency": 0.6043693620351458
  },
  "technical_metrics": {
    "precision": 0.9913564754315733,
    "consistency": 0.9513190583381612,
    "fluidity": 0.9296979899693769
  },
  "biomechanical_metrics": {
    "joint_loading": 0.9573363556844252,
    "muscle_activation": 0.9633540275837543,
    "energy_efficiency": 0.6899088562472159
  }
}