{
  "key_points": {
    "shoulders": [
      0.13637629920867184,
      0.6494937134785442,
      0.028967216989167904
    ],
    "elbows": [
      -0.14670996848779363,
      0.45130444908377304,
      -0.013865240591103584
    ],
    "wrists": [
      0.17304529780450184,
      0.48701853941124645,
      0.01540145112021922
    ],
    "hips": [
      0.038292744819676455,
      0.3595342459119587,
      -0.09455169697301198
    ],
    "knees": [
      0.12239689659099978,
      0.31208807397669175,
      -0.00508468771281112
    ],
    "ankles": [
      -0.014933371399119377,
      0.24493000703184425,
      -0.03902174600379065
    ]
  },
  "angles": {
    "knee": 67.39825778139381,
    "hip": 55.00744665921752,
    "shoulder": 31.942596141356496,
    "elbow": 69.54381190738587
  },
  "analysis_scores": {
    "alignment": 0.900704845546114,
    "balance": 0.8306609901821471,
    "form": 0.9903822979053104,
    "stability": 0.7680124923767757,
    "coordination": 0.669851048890329,
    "precision": 0.9233609390588344,
    "power": 0.7210507716480489,
    "efficiency": 0.9089743651911435,
    "safety": 0.9840859571441571,
    "overall": 0.8249223208394111,
    "shoulder": 0.6860642192510169,
    "elbow": 0.9863552765353241,
    "wrist": 0.7006482714030742,
    "hip": 0.7703362376932789,
    "knee": 0.659583134233642,
    "ankle": 0.7768425735366186,
    "back": 0.6207199503002055,
    "neck": 0.9267026415487534
  },
  "recommendations": {
    "form": "Good form, continue practicing with current technique",
    "alignment": "Work on maintaining symmetrical movement patterns",
    "stability": "Focus on maintaining proper posture and balance",
    "power": "Good power output, maintain current intensity"
  },
  "safety_considerations": []
}