{
  "power_generation": {
    "explosiveness": 0.6320968042011481,
    "force_transfer": 0.8699946270831157,
    "efficiency": 0.8815796898012873
  },
  "technical_metrics": {
    "precision": 0.7750220317839974,
    "consistency": 0.5571513569656589,
    "fluidity": 0.5826642044142816
  },
  "biomechanical_metrics": {
    "joint_loading": 0.7890267717907955,
    "muscle_activation": 0.7666241972741146,
    "energy_efficiency": 0.5156123692629351
  }
}