{
  "key_points": {
    "shoulders": [
      0.009629873168222142,
      0.6894190386682714,
      0.0686138943196476
    ],
    "elbows": [
      0.2974127980905195,
      0.5707617021905329,
      -0.08134549379133266
    ],
    "wrists": [
      0.3161487568828494,
      0.34980181148573175,
      -0.02088239990475886
    ],
    "hips": [
      -0.07931434837692915,
      0.44653446920326456,
      0.0279538915616378
    ],
    "knees": [
      0.12711276218888712,
      0.3240666879754672,
      0.06272781562590912
    ],
    "ankles": [
      -0.15126073343374538,
      0.26187926867101385,
      -0.0788957494487067
    ]
  },
  "angles": {
    "knee": 109.64454464174105,
    "hip": 138.3926994433461,
    "shoulder": 47.38037754114158,
    "elbow": 142.49226276045192
  },
  "analysis_scores": {
    "alignment": 0.8982399354068851,
    "balance": 0.826394053667156,
    "form": 0.6569556260336267,
    "stability": 0.6809913830430085,
    "coordination": 0.7471203073960306,
    "precision": 0.9508554594262164,
    "power": 0.845939458061303,
    "efficiency": 0.8743175168511939,
    "safety": 0.9614571355293697,
    "overall": 0.653971325967941,
    "shoulder": 0.8084059531431305,
    "elbow": 0.6645742963459511,
    "wrist": 0.7059623005595115,
    "hip": 0.8883173748135198,
    "knee": 0.8572722238330506,
    "ankle": 0.9099506087096421,
    "back": 0.9285673220993342,
    "neck": 0.8778126537631473
  },
  "recommendations": {
    "form": "Focus on maintaining proper joint angles during movement",
    "alignment": "Good alignment, maintain current technique",
    "stability": "Good stability, continue with current technique",
    "power": "Good power output, maintain current intensity"
  },
  "safety_considerations": [
    "Focus on proper knee alignment to prevent overuse injuries"
  ]
}