{
  "power_generation": {
    "explosiveness": 0.9272416817758817,
    "force_transfer": 0.6316287157022429,
    "efficiency": 0.5546612294287157
  },
  "technical_metrics": {
    "precision": 0.9533773430834114,
    "consistency": 0.9765730870315823,
    "fluidity": 0.6604080296173063
  },
  "biomechanical_metrics": {
    "joint_loading": 0.9281531928312421,
    "muscle_activation": 0.7824290322224013,
    "energy_efficiency": 0.7131692638755189
  }
}