{
  "key_points": {
    "shoulders": [
      -0.07687051724479144,
      0.5423113675695403,
      0.025469538372024814
    ],
    "elbows": [
      0.1296461503903859,
      0.43295418086398746,
      -0.09029907122839527
    ],
    "wrists": [
      0.17771283670689542,
      0.49410873805187544,
      -0.07250665696273062
    ],
    "hips": [
      0.1841121082291356,
      0.3351469036490297,
      0.008241096867174183
    ],
    "knees": [
      -0.20602061233911845,
      0.3742034307935147,
      -0.03999062533714437
    ],
    "ankles": [
      0.17069834674518847,
      0.2961519371744389,
      -0.07826401956969778
    ]
  },
  "angles": {
    "knee": 115.16460431421588,
    "hip": 137.69036439361892,
    "shoulder": 19.693707766734246,
    "elbow": 163.00382378140654
  },
  "analysis_scores": {
    "alignment": 0.6806744032904395,
    "balance": 0.6070895342131782,
    "form": 0.7411409857507006,
    "stability": 0.6646817505147965,
    "coordination": 0.7869000382291658,
    "precision": 0.8014597549170541,
    "power": 0.8225596770862543,
    "efficiency": 0.94281970554198,
    "safety": 0.9631890298053911,
    "overall": 0.8496442826216822,
    "shoulder": 0.828514572177687,
    "elbow": 0.9909731551795442,
    "wrist": 0.6448313043585585,
    "hip": 0.7528681811119482,
    "knee": 0.7741811915336645,
    "ankle": 0.9476342216326806,
    "back": 0.8534491284228476,
    "neck": 0.6156838805619945
  },
  "recommendations": {
    "form": "Good form, continue practicing with current technique",
    "alignment": "Good alignment, maintain current technique",
    "stability": "Focus on maintaining proper posture and balance",
    "power": "Consider increasing intensity gradually"
  },
  "safety_considerations": []
}