{
  "power_generation": {
    "explosiveness": 0.5569438336229495,
    "force_transfer": 0.9239905976720297,
    "efficiency": 0.7455708378640324
  },
  "technical_metrics": {
    "precision": 0.5235753411443338,
    "consistency": 0.9590780757971273,
    "fluidity": 0.6845183579682763
  },
  "biomechanical_metrics": {
    "joint_loading": 0.8444944931736299,
    "muscle_activation": 0.7032286612194536,
    "energy_efficiency": 0.7632804461905887
  }
}