{
  "key_points": {
    "shoulders": [
      -0.1109034779998499,
      0.5869544776715345,
      0.009688096191886084
    ],
    "elbows": [
      -0.17968702340019035,
      0.40337869890651307,
      -0.08185314486622171
    ],
    "wrists": [
      -0.14399473268776347,
      0.39808310201787556,
      0.010249751849596908
    ],
    "hips": [
      -0.0267929280181797,
      0.350122069407353,
      0.06977694639171003
    ],
    "knees": [
      -0.15445814009708161,
      0.34738468126646826,
      -0.06926213778788544
    ],
    "ankles": [
      0.2699727466945083,
      0.28373635412502163,
      0.013210158309559919
    ]
  },
  "angles": {
    "knee": 128.16547308379552,
    "hip": 160.31415346676707,
    "shoulder": 42.36786289216159,
    "elbow": 119.50670940400684
  },
  "analysis_scores": {
    "alignment": 0.9738033825967818,
    "balance": 0.6449943138732174,
    "form": 0.8316340408195231,
    "stability": 0.6827982472311014,
    "coordination": 0.6736825554664714,
    "precision": 0.7891388614943148,
    "power": 0.8980936250476893,
    "efficiency": 0.8263688863860162,
    "safety": 0.9987801923745789,
    "overall": 0.6161298621480226,
    "shoulder": 0.8777111401718382,
    "elbow": 0.6168131788951485,
    "wrist": 0.8702135467906237,
    "hip": 0.6930204252938635,
    "knee": 0.7352134801697012,
    "ankle": 0.9874914072203675,
    "back": 0.770849860147708,
    "neck": 0.7287892379379656
  },
  "recommendations": {
    "form": "Good form, continue practicing with current technique",
    "alignment": "Good alignment, maintain current technique",
    "stability": "Good stability, continue with current technique",
    "power": "Consider increasing intensity gradually"
  },
  "safety_considerations": []
}