{
  "power_generation": {
    "explosiveness": 0.7579213708306528,
    "force_transfer": 0.8024189262067327,
    "efficiency": 0.7460902619231453
  },
  "technical_metrics": {
    "precision": 0.8384263980039217,
    "consistency": 0.6185863702303256,
    "fluidity": 0.8078923424101796
  },
  "biomechanical_metrics": {
    "joint_loading": 0.8583869739706322,
    "muscle_activation": 0.9323101613619686,
    "energy_efficiency": 0.7468434026564408
  }
}