{
  "key_points": {
    "shoulders": [
      -0.08665439934274916,
      0.5443934753507071,
      0.057920843287114554
    ],
    "elbows": [
      0.08540291459596072,
      0.5916710973578871,
      0.0002749687053218014
    ],
    "wrists": [
      0.2212250701238715,
      0.3620320552208466,
      0.0271599707901099
    ],
    "hips": [
      -0.11532378951421546,
      0.35146733960381116,
      0.06082984752093076
    ],
    "knees": [
      0.2963007736246563,
      0.3794826544157977,
      0.08770024011935615
    ],
    "ankles": [
      0.39985776250770766,
      0.1599716563165983,
      0.012034841588246303
    ]
  },
  "angles": {
    "knee": 35.09000200867084,
    "hip": 59.15423062318722,
    "shoulder": 34.189031607773664,
    "elbow": 58.31229834882885
  },
  "analysis_scores": {
    "alignment": 0.9780573279507089,
    "balance": 0.6024445486859934,
    "form": 0.6575752746260345,
    "stability": 0.6883144066952077,
    "coordination": 0.7844560362080182,
    "precision": 0.8644248053040768,
    "power": 0.7893054581146038,
    "efficiency": 0.8776147648287375,
    "safety": 0.6681095316649683,
    "overall": 0.9434116088031211,
    "shoulder": 0.6916218485289861,
    "elbow": 0.6199824703265108,
    "wrist": 0.8962779245747499,
    "hip": 0.9743656387689699,
    "knee": 0.8402150936997517,
    "ankle": 0.6473705466498265,
    "back": 0.6125174261721503,
    "neck": 0.914763115626183
  },
  "recommendations": {
    "form": "Good form, continue practicing with current technique",
    "alignment": "Good alignment, maintain current technique",
    "stability": "Good stability, continue with current technique",
    "power": "Good power output, maintain current intensity"
  },
  "safety_considerations": []
}