{
  "power_generation": {
    "explosiveness": 0.5061581519322735,
    "force_transfer": 0.696942896200144,
    "efficiency": 0.9255433835516601
  },
  "technical_metrics": {
    "precision": 0.5518358754926498,
    "consistency": 0.7088689272540553,
    "fluidity": 0.8491923764662938
  },
  "biomechanical_metrics": {
    "joint_loading": 0.5821352693796655,
    "muscle_activation": 0.776127872455328,
    "energy_efficiency": 0.9450454470554868
  }
}