{
  "key_points": {
    "shoulders": [
      -0.03416475660560597,
      0.5831407087495544,
      -0.012720400269240331
    ],
    "elbows": [
      0.16976035082848367,
      0.5934396224212858,
      -0.03785050639335801
    ],
    "wrists": [
      0.3405817816614065,
      0.41912068575438577,
      -0.03694686206295028
    ],
    "hips": [
      0.03724813474019112,
      0.4610736139389458,
      0.020589151388343302
    ],
    "knees": [
      -0.2343134580959691,
      0.3272337977784553,
      0.037196290193916515
    ],
    "ankles": [
      -0.2270304303339007,
      0.11584931176830185,
      -0.021387157019431544
    ]
  },
  "angles": {
    "knee": 73.5753135700118,
    "hip": 153.2466979117712,
    "shoulder": 35.24475894283504,
    "elbow": 75.3808858897613
  },
  "analysis_scores": {
    "alignment": 0.7318884070921012,
    "balance": 0.8466027072760984,
    "form": 0.9708255064886184,
    "stability": 0.8526432319661468,
    "coordination": 0.8174401472330853,
    "precision": 0.7714796456472433,
    "power": 0.6036617349333251,
    "efficiency": 0.8232254609570406,
    "safety": 0.9429488619008525,
    "overall": 0.6683274816161412,
    "shoulder": 0.8635004128054062,
    "elbow": 0.8527334805325529,
    "wrist": 0.6389069090646231,
    "hip": 0.7992884314922969,
    "knee": 0.860269125892875,
    "ankle": 0.9540091545189519,
    "back": 0.8822750895370453,
    "neck": 0.9792844895556996
  },
  "recommendations": {
    "form": "Good form, continue practicing with current technique",
    "alignment": "Good alignment, maintain current technique",
    "stability": "Good stability, continue with current technique",
    "power": "Good power output, maintain current intensity"
  },
  "safety_considerations": [
    "Maintain proper hip alignment to prevent hip injuries"
  ]
}