{
  "power_generation": {
    "explosiveness": 0.914976260490378,
    "force_transfer": 0.7514642607368389,
    "efficiency": 0.6372631164835059
  },
  "technical_metrics": {
    "precision": 0.9201097025489133,
    "consistency": 0.9630668832413268,
    "fluidity": 0.7923752340999661
  },
  "biomechanical_metrics": {
    "joint_loading": 0.5822875678566652,
    "muscle_activation": 0.6914449995723871,
    "energy_efficiency": 0.8994313859261507
  }
}