{
  "key_points": {
    "shoulders": [
      0.06739259697831013,
      0.5243499318251078,
      0.08771859459671824
    ],
    "elbows": [
      0.0760378947715723,
      0.4507640926821635,
      -0.09691370523736108
    ],
    "wrists": [
      0.11210154099959202,
      0.3333514487528266,
      -0.08421369345805355
    ],
    "hips": [
      0.1410373163290638,
      0.47555299463818473,
      -0.021811627584380114
    ],
    "knees": [
      -0.10158701840698459,
      0.3393493899175708,
      0.08596781845253257
    ],
    "ankles": [
      0.07920269617201658,
      0.1787807321407455,
      0.07448241835818484
    ]
  },
  "angles": {
    "knee": 65.71930239626528,
    "hip": 142.7966045667732,
    "shoulder": 56.66740143854755,
    "elbow": 139.65521070725205
  },
  "analysis_scores": {
    "alignment": 0.6215212608102009,
    "balance": 0.6132954378703285,
    "form": 0.673632803249691,
    "stability": 0.616828018325258,
    "coordination": 0.7346507685391439,
    "precision": 0.6627876435153679,
    "power": 0.8802811578991377,
    "efficiency": 0.9272665555071005,
    "safety": 0.8565914977598992,
    "overall": 0.8244026519013652,
    "shoulder": 0.7341479649288791,
    "elbow": 0.7294970050622966,
    "wrist": 0.8474092921989828,
    "hip": 0.8253625033368786,
    "knee": 0.9427253663685409,
    "ankle": 0.7762807361674677,
    "back": 0.9274606767775058,
    "neck": 0.901780546235452
  },
  "recommendations": {
    "form": "Good form, continue practicing with current technique",
    "alignment": "Good alignment, maintain current technique",
    "stability": "Focus on maintaining proper posture and balance",
    "power": "Consider increasing intensity gradually"
  },
  "safety_considerations": []
}