{
  "power_generation": {
    "explosiveness": 0.5664610661577254,
    "force_transfer": 0.7308713346820654,
    "efficiency": 0.5539029570964452
  },
  "technical_metrics": {
    "precision": 0.6583897323583549,
    "consistency": 0.7343076689082833,
    "fluidity": 0.8235368708858946
  },
  "biomechanical_metrics": {
    "joint_loading": 0.8024747528939037,
    "muscle_activation": 0.7052155286390887,
    "energy_efficiency": 0.660686514930342
  }
}