{
  "key_points": {
    "shoulders": [
      0.11893971654767899,
      0.6091758644294951,
      0.007016168192822442
    ],
    "elbows": [
      -0.021241269167375065,
      0.40190509927872126,
      0.02393165825333618
    ],
    "wrists": [
      -0.28033805558940356,
      0.4153273427140041,
      0.0897942892886403
    ],
    "hips": [
      -0.12254745569284285,
      0.4330069518736189,
      -0.011119748625808473
    ],
    "knees": [
      -0.28535034426122374,
      0.34635279699809574,
      -0.025182102441769286
    ],
    "ankles": [
      0.27287945430926486,
      0.13785065361631904,
      -0.018013195753310535
    ]
  },
  "angles": {
    "knee": 47.23250770390032,
    "hip": 91.93064461511369,
    "shoulder": 35.233959829239744,
    "elbow": 58.40217778271638
  },
  "analysis_scores": {
    "alignment": 0.7577714738124217,
    "balance": 0.7910576374699172,
    "form": 0.7124604391257543,
    "stability": 0.6890842422549556,
    "coordination": 0.6645061837219587,
    "precision": 0.7988169710157305,
    "power": 0.9675469883582724,
    "efficiency": 0.8793414771881578,
    "safety": 0.9022176760790175,
    "overall": 0.6984223023488224,
    "shoulder": 0.6087128927360088,
    "elbow": 0.838417381032096,
    "wrist": 0.9694502557973064,
    "hip": 0.8837462383549062,
    "knee": 0.6842179401111265,
    "ankle": 0.6453215748974078,
    "back": 0.6473256953555727,
    "neck": 0.9321721274019641
  },
  "recommendations": {
    "form": "Good form, continue practicing with current technique",
    "alignment": "Good alignment, maintain current technique",
    "stability": "Focus on maintaining proper posture and balance",
    "power": "Good power output, maintain current intensity"
  },
  "safety_considerations": [
    "Ensure proper bike fit and body alignment"
  ]
}