{
  "key_points": {
    "shoulders": [
      -0.140202048567189,
      0.6002746085832309,
      0.0389031041410999
    ],
    "elbows": [
      0.15379581960775895,
      0.5669436377033009,
      -0.0626552592664247
    ],
    "wrists": [
      0.10335421286083046,
      0.4533990699408717,
      -0.0043724092256129665
    ],
    "hips": [
      -0.09097546257296085,
      0.4629159957249777,
      -0.07100732323415376
    ],
    "knees": [
      0.2601168393813276,
      0.25509745070745277,
      -0.013475333380545365
    ],
    "ankles": [
      -0.3425737940933715,
      0.1827297521498507,
      -0.09147197146983801
    ]
  },
  "angles": {
    "knee": 138.60217371877715,
    "hip": 144.08685133665352,
    "shoulder": 11.88358450752224,
    "elbow": 83.39276150073962
  },
  "analysis_scores": {
    "alignment": 0.6178793474205788,
    "balance": 0.9677817413590478,
    "form": 0.8874455173668587,
    "stability": 0.6814155108824791,
    "coordination": 0.7255817671282958,
    "precision": 0.8181327120418819,
    "power": 0.8666512267059403,
    "efficiency": 0.9979431180477512,
    "safety": 0.9723210488695495,
    "overall": 0.9874378713638312,
    "shoulder": 0.7322980581580644,
    "elbow": 0.8260280400286307,
    "wrist": 0.7801947216970163,
    "hip": 0.8124522679607921,
    "knee": 0.6130727789658963,
    "ankle": 0.6129075866218073,
    "back": 0.8438983983932722,
    "neck": 0.6473112011775236
  },
  "recommendations": {
    "form": "Good form, continue practicing with current technique",
    "alignment": "Good alignment, maintain current technique",
    "stability": "Good stability, continue with current technique",
    "power": "Consider increasing intensity gradually"
  },
  "safety_considerations": []
}