{
  "power_generation": {
    "explosiveness": 0.9135236926919901,
    "force_transfer": 0.8486219806967109,
    "efficiency": 0.6940924288574926
  },
  "technical_metrics": {
    "precision": 0.5061462379526784,
    "consistency": 0.6999671089179833,
    "fluidity": 0.7893763370591393
  },
  "biomechanical_metrics": {
    "joint_loading": 0.7775696943096722,
    "muscle_activation": 0.594072829785371,
    "energy_efficiency": 0.7944251964705381
  }
}