{
  "key_points": {
    "shoulders": [
      -0.1705140488165986,
      0.5287532739225387,
      -0.03721646716413332
    ],
    "elbows": [
      -0.015416220268208158,
      0.567687349525408,
      0.06974733669247399
    ],
    "wrists": [
      -0.01600101006717497,
      0.3794165235564706,
      -0.0009492744897688088
    ],
    "hips": [
      -0.1840802665478768,
      0.37553534730037835,
      -0.09152704562632677
    ],
    "knees": [
      0.10676853242392881,
      0.36801685623766,
      0.0027602055230286082
    ],
    "ankles": [
      -0.32166460436859456,
      0.2893759893615324,
      -0.06447519628448123
    ]
  },
  "angles": {
    "knee": 38.36379128305508,
    "hip": 45.965525244054014,
    "shoulder": 45.518396281668686,
    "elbow": 64.00117154396997
  },
  "analysis_scores": {
    "alignment": 0.6988970556429653,
    "balance": 0.619707907162894,
    "form": 0.986199905445401,
    "stability": 0.772642003722962,
    "coordination": 0.8178586607395747,
    "precision": 0.8571179965700995,
    "power": 0.9370213293732848,
    "efficiency": 0.6409146052323461,
    "safety": 0.833242387828127,
    "overall": 0.715124550358914,
    "shoulder": 0.8794918734788818,
    "elbow": 0.9910479808084416,
    "wrist": 0.6709658348575738,
    "hip": 0.6272390905605825,
    "knee": 0.8026281185153732,
    "ankle": 0.6905819388327383,
    "back": 0.9317794813217534,
    "neck": 0.7040306413961432
  },
  "recommendations": {
    "form": "Good form, continue practicing with current technique",
    "alignment": "Work on maintaining symmetrical movement patterns",
    "stability": "Good stability, continue with current technique",
    "power": "Good power output, maintain current intensity"
  },
  "safety_considerations": []
}