{
  "power_generation": {
    "explosiveness": 0.6516573070503625,
    "force_transfer": 0.9015541959582583,
    "efficiency": 0.7625420216551949
  },
  "technical_metrics": {
    "precision": 0.6224739770843457,
    "consistency": 0.7584560237401161,
    "fluidity": 0.7151504039401884
  },
  "biomechanical_metrics": {
    "joint_loading": 0.639532015660462,
    "muscle_activation": 0.5402617187451895,
    "energy_efficiency": 0.9944217725883469
  }
}