{
  "key_points": {
    "shoulders": [
      0.1859939178253947,
      0.6769587046973584,
      -0.06293257619366588
    ],
    "elbows": [
      -0.2499175923523368,
      0.4301928731925141,
      0.028977057914261084
    ],
    "wrists": [
      -0.28559328581520926,
      0.4441854866019489,
      0.042767809286588326
    ],
    "hips": [
      0.19410846488141198,
      0.30012318083009226,
      -0.00583355186359498
    ],
    "knees": [
      -0.28418697153418165,
      0.32502410484050837,
      0.062169844648334804
    ],
    "ankles": [
      -0.3502366719109209,
      0.1405635279704371,
      0.02495568276861973
    ]
  },
  "angles": {
    "knee": 42.7448376188163,
    "hip": 64.50570460651818,
    "shoulder": 29.29544210298827,
    "elbow": 160.10941487618877
  },
  "analysis_scores": {
    "alignment": 0.667544844932561,
    "balance": 0.9482732429699678,
    "form": 0.8885683066882151,
    "stability": 0.752271572301439,
    "coordination": 0.6097307147713479,
    "precision": 0.7380848074707939,
    "power": 0.9908993689184624,
    "efficiency": 0.822285328105029,
    "safety": 0.743151648409246,
    "overall": 0.9570158857982968,
    "shoulder": 0.8322829815891386,
    "elbow": 0.966900181136851,
    "wrist": 0.8087589062562428,
    "hip": 0.7263693443846182,
    "knee": 0.9617545310728792,
    "ankle": 0.9349292853833288,
    "back": 0.9828896525535691,
    "neck": 0.8841864024850761
  },
  "recommendations": {
    "form": "Good form, continue practicing with current technique",
    "alignment": "Good alignment, maintain current technique",
    "stability": "Focus on maintaining proper posture and balance",
    "power": "Good power output, maintain current intensity"
  },
  "safety_considerations": [
    "Ensure proper body alignment during throw"
  ]
}