{
  "power_generation": {
    "explosiveness": 0.5149814547601075,
    "force_transfer": 0.9076902156001636,
    "efficiency": 0.6006613331532181
  },
  "technical_metrics": {
    "precision": 0.6313254854665582,
    "consistency": 0.9321585106922002,
    "fluidity": 0.5171490340989955
  },
  "biomechanical_metrics": {
    "joint_loading": 0.6313174668221505,
    "muscle_activation": 0.8268096773225717,
    "energy_efficiency": 0.8822577095048401
  }
}