{
  "key_points": {
    "shoulders": [
      -0.04074026291602323,
      0.6932547705330668,
      -0.087007875246287
    ],
    "elbows": [
      -0.07989542426235094,
      0.4920575314976012,
      0.07551262630919928
    ],
    "wrists": [
      0.3650106107043658,
      0.4737748710589783,
      -0.04624246130063399
    ],
    "hips": [
      -0.06642984169060365,
      0.37160992304537555,
      -0.042264038431751555
    ],
    "knees": [
      0.08153511293115967,
      0.32843053989357673,
      -0.06561414981002325
    ],
    "ankles": [
      0.24670408505989128,
      0.1951637721146422,
      0.023576882864748766
    ]
  },
  "angles": {
    "knee": 109.41772671890602,
    "hip": 49.99143922400835,
    "shoulder": 46.73482377047617,
    "elbow": 107.94514774182949
  },
  "analysis_scores": {
    "alignment": 0.7985422773816461,
    "balance": 0.8196238292172029,
    "form": 0.8957672573345579,
    "stability": 0.7814172926973376,
    "coordination": 0.931973034154177,
    "precision": 0.9792543916578238,
    "power": 0.7186623998347228,
    "efficiency": 0.7192580773310442,
    "safety": 0.8008639243436557,
    "overall": 0.8286174970375741,
    "shoulder": 0.7882186184240819,
    "elbow": 0.9595586122598655,
    "wrist": 0.8526542774203354,
    "hip": 0.9521607681879379,
    "knee": 0.6602522999226134,
    "ankle": 0.8201048856678573,
    "back": 0.8105024506094517,
    "neck": 0.9010549417031393
  },
  "recommendations": {
    "form": "Focus on maintaining proper joint angles during movement",
    "alignment": "Work on maintaining symmetrical movement patterns",
    "stability": "Good stability, continue with current technique",
    "power": "Good power output, maintain current intensity"
  },
  "safety_considerations": [
    "Maintain proper shoulder mechanics to prevent impingement"
  ]
}