{
  "power_generation": {
    "explosiveness": 0.8390332792593371,
    "force_transfer": 0.7875548383543939,
    "efficiency": 0.6447657556994245
  },
  "technical_metrics": {
    "precision": 0.5316657926084176,
    "consistency": 0.7973182764002484,
    "fluidity": 0.5287465236196665
  },
  "biomechanical_metrics": {
    "joint_loading": 0.8180786219013662,
    "muscle_activation": 0.9717767233628477,
    "energy_efficiency": 0.9846597701389409
  }
}