{
  "key_points": {
    "shoulders": [
      -0.10504285587332798,
      0.5870996879025998,
      0.021860366863271724
    ],
    "elbows": [
      -0.0996145019829709,
      0.4828552238038629,
      -0.008885445531209776
    ],
    "wrists": [
      -0.35176432969665133,
      0.4762763491610664,
      -0.09265723054690858
    ],
    "hips": [
      0.005879984546769357,
      0.3723158298517903,
      0.07790094423714758
    ],
    "knees": [
      -0.21795145504001223,
      0.3629315693350154,
      0.030360826690385367
    ],
    "ankles": [
      -0.061895776937206104,
      0.15006595442264606,
      -0.03513545212537143
    ]
  },
  "angles": {
    "knee": 75.3596976621066,
    "hip": 39.06207720970531,
    "shoulder": 61.105857906420844,
    "elbow": 158.39471165945545
  },
  "analysis_scores": {
    "alignment": 0.7107453436518413,
    "balance": 0.8378541793537893,
    "form": 0.6173678374177638,
    "stability": 0.7905588933057157,
    "coordination": 0.604300279276011,
    "precision": 0.7840975447297542,
    "power": 0.7349991973188866,
    "efficiency": 0.684057153442597,
    "safety": 0.9892210168627606,
    "overall": 0.9001008926943331,
    "shoulder": 0.95742473733738,
    "elbow": 0.7808157537532491,
    "wrist": 0.8823691562830709,
    "hip": 0.8807191166061938,
    "knee": 0.776332892122304,
    "ankle": 0.8878879937134243,
    "back": 0.6959248659782986,
    "neck": 0.8926961881526909
  },
  "recommendations": {
    "form": "Good form, continue practicing with current technique",
    "alignment": "Work on maintaining symmetrical movement patterns",
    "stability": "Good stability, continue with current technique",
    "power": "Good power output, maintain current intensity"
  },
  "safety_considerations": []
}