{
  "power_generation": {
    "explosiveness": 0.6544982895910402,
    "force_transfer": 0.9826566167714943,
    "efficiency": 0.5603128254061749
  },
  "technical_metrics": {
    "precision": 0.9335194643243838,
    "consistency": 0.8898313949572179,
    "fluidity": 0.7731759869293617
  },
  "biomechanical_metrics": {
    "joint_loading": 0.5491770552949804,
    "muscle_activation": 0.6973384605683175,
    "energy_efficiency": 0.6683348892213626
  }
}