{
  "key_points": {
    "shoulders": [
      0.1524388018634496,
      0.6365975840512069,
      0.028998732301631802
    ],
    "elbows": [
      -0.21779580842252433,
      0.5136752642778348,
      -0.060634762764950056
    ],
    "wrists": [
      -0.3195954482734412,
      0.41673931950131876,
      -0.01685867972996072
    ],
    "hips": [
      0.03444212170734562,
      0.46686830665453766,
      -0.0010210114468152537
    ],
    "knees": [
      -0.08068086875249617,
      0.23718881904957237,
      0.0692745668604536
    ],
    "ankles": [
      -0.37596267554791557,
      0.23232021154448798,
      0.00850282457049159
    ]
  },
  "angles": {
    "knee": 53.68077007321195,
    "hip": 75.61921676995254,
    "shoulder": 33.679978984613705,
    "elbow": 52.976196509214176
  },
  "analysis_scores": {
    "alignment": 0.8019742491267232,
    "balance": 0.7333499652945741,
    "form": 0.8597696941098076,
    "stability": 0.9488983325456805,
    "coordination": 0.9644939955057772,
    "precision": 0.809696405064303,
    "power": 0.9039897743519564,
    "efficiency": 0.6804572925367277,
    "safety": 0.7351158668694739,
    "overall": 0.6604055546310087,
    "shoulder": 0.9814150313148322,
    "elbow": 0.7595244058859133,
    "wrist": 0.630103201435891,
    "hip": 0.8092156233583143,
    "knee": 0.6588850422153522,
    "ankle": 0.7894604150846398,
    "back": 0.6001258971814095,
    "neck": 0.6033520900991559
  },
  "recommendations": {
    "form": "Good form, continue practicing with current technique",
    "alignment": "Good alignment, maintain current technique",
    "stability": "Good stability, continue with current technique",
    "power": "Consider increasing intensity gradually"
  },
  "safety_considerations": []
}