{
  "power_generation": {
    "explosiveness": 0.6651622520632166,
    "force_transfer": 0.9617636968029588,
    "efficiency": 0.6227316379005229
  },
  "technical_metrics": {
    "precision": 0.7574109283448045,
    "consistency": 0.6597730413269041,
    "fluidity": 0.7391499827352968
  },
  "biomechanical_metrics": {
    "joint_loading": 0.5472622748048945,
    "muscle_activation": 0.7231134275002675,
    "energy_efficiency": 0.7360387828436539
  }
}