{
  "key_points": {
    "shoulders": [
      -8.464154685836056e-05,
      0.5728186307942182,
      0.09990241176148215
    ],
    "elbows": [
      -0.006115498703021027,
      0.5255217699476183,
      0.016230037152359933
    ],
    "wrists": [
      0.14056354346955657,
      0.3442946658288798,
      -0.06285145870502547
    ],
    "hips": [
      0.013122378700815285,
      0.33932172810365285,
      0.05962411669044618
    ],
    "knees": [
      -0.030115390522009455,
      0.34513292446671684,
      0.0853717102418203
    ],
    "ankles": [
      -0.2378785618330478,
      0.22871860703046093,
      0.009379307757285765
    ]
  },
  "angles": {
    "knee": 148.7813147266085,
    "hip": 146.47211498569942,
    "shoulder": 49.49787158143092,
    "elbow": 107.64091339250605
  },
  "analysis_scores": {
    "alignment": 0.9729455742484708,
    "balance": 0.9437644607661323,
    "form": 0.9897636865130841,
    "stability": 0.965578357648974,
    "coordination": 0.8146687071575026,
    "precision": 0.913435164521275,
    "power": 0.9619474780144942,
    "efficiency": 0.7028499643964016,
    "safety": 0.6739378379753883,
    "overall": 0.6891416489874328,
    "shoulder": 0.856052291429926,
    "elbow": 0.8695809186864012,
    "wrist": 0.9142439457713846,
    "hip": 0.6063419294523887,
    "knee": 0.9500973289291182,
    "ankle": 0.7014010396248891,
    "back": 0.8248904992763799,
    "neck": 0.9786270099621823
  },
  "recommendations": {
    "form": "Good form, continue practicing with current technique",
    "alignment": "Good alignment, maintain current technique",
    "stability": "Good stability, continue with current technique",
    "power": "Good power output, maintain current intensity"
  },
  "safety_considerations": []
}