{
  "power_generation": {
    "explosiveness": 0.9418546299153057,
    "force_transfer": 0.7301836969594218,
    "efficiency": 0.7662303076221859
  },
  "technical_metrics": {
    "precision": 0.8551931142719913,
    "consistency": 0.8390510342859983,
    "fluidity": 0.8145259535067659
  },
  "biomechanical_metrics": {
    "joint_loading": 0.9461036838988263,
    "muscle_activation": 0.7402548311344321,
    "energy_efficiency": 0.9193719894383807
  }
}