{
  "key_points": {
    "shoulders": [
      0.11882435430203286,
      0.5715655154260872,
      -0.03901732863690162
    ],
    "elbows": [
      -0.23993441755040143,
      0.548782186237404,
      -0.024022323420102173
    ],
    "wrists": [
      -0.1265726879627826,
      0.36207794414561895,
      -0.03987573225733292
    ],
    "hips": [
      -0.19061979355698658,
      0.3732986986081735,
      -0.04983388168580652
    ],
    "knees": [
      0.2247260829226691,
      0.24998723478423945,
      -0.056358145587529856
    ],
    "ankles": [
      -0.0932045504988176,
      0.2090964185094668,
      0.06466480745288483
    ]
  },
  "angles": {
    "knee": 41.734472070349874,
    "hip": 99.92398149477432,
    "shoulder": 11.21746084758253,
    "elbow": 98.71609147425956
  },
  "analysis_scores": {
    "alignment": 0.9314511440293889,
    "balance": 0.6790941679430413,
    "form": 0.9491773290138639,
    "stability": 0.6090306783202799,
    "coordination": 0.9051410377075333,
    "precision": 0.6712292573155159,
    "power": 0.8631712457395182,
    "efficiency": 0.6980221250168299,
    "safety": 0.8795034524088762,
    "overall": 0.8090344284217412,
    "shoulder": 0.6433418379952188,
    "elbow": 0.6760492695954755,
    "wrist": 0.6777052070644618,
    "hip": 0.7505239213805993,
    "knee": 0.8462473115623488,
    "ankle": 0.8292507923037651,
    "back": 0.7074379313466971,
    "neck": 0.6300298618229507
  },
  "recommendations": {
    "form": "Focus on maintaining proper joint angles during movement",
    "alignment": "Good alignment, maintain current technique",
    "stability": "Good stability, continue with current technique",
    "power": "Consider increasing intensity gradually"
  },
  "safety_considerations": []
}