{
  "power_generation": {
    "explosiveness": 0.8526700621935319,
    "force_transfer": 0.7762001349582466,
    "efficiency": 0.8249705352457785
  },
  "technical_metrics": {
    "precision": 0.5592090558264577,
    "consistency": 0.7176142700147488,
    "fluidity": 0.8922176767969077
  },
  "biomechanical_metrics": {
    "joint_loading": 0.8830957823967281,
    "muscle_activation": 0.5137783482009775,
    "energy_efficiency": 0.742517938250335
  }
}