{
  "key_points": {
    "shoulders": [
      0.17202449732481212,
      0.5141082142388459,
      -0.010615366195980622
    ],
    "elbows": [
      -0.03958522733820291,
      0.48229097312240254,
      -0.09804566772342767
    ],
    "wrists": [
      0.38696599296092493,
      0.47394532473597906,
      -0.042351772655028014
    ],
    "hips": [
      -0.05974135350032009,
      0.4129099572068459,
      0.0132691640415121
    ],
    "knees": [
      -0.2719260768338197,
      0.2732865367038667,
      -0.036576566329289475
    ],
    "ankles": [
      0.38792510632375155,
      0.2807319121937169,
      -0.032708701022695616
    ]
  },
  "angles": {
    "knee": 57.77963056031316,
    "hip": 147.41475320531046,
    "shoulder": 66.96427499166546,
    "elbow": 37.49830919614448
  },
  "analysis_scores": {
    "alignment": 0.9988570223327803,
    "balance": 0.6115864715315124,
    "form": 0.6074379594635563,
    "stability": 0.7325843531154868,
    "coordination": 0.7166039350259988,
    "precision": 0.9550248827566895,
    "power": 0.6294489472730953,
    "efficiency": 0.7363847165147601,
    "safety": 0.8795227892417279,
    "overall": 0.9424150109072358,
    "shoulder": 0.8917657409894568,
    "elbow": 0.9163751582687684,
    "wrist": 0.8237449816709641,
    "hip": 0.6755874432676956,
    "knee": 0.8911830264396667,
    "ankle": 0.6600235777077824,
    "back": 0.8367969473554067,
    "neck": 0.6072567134221242
  },
  "recommendations": {
    "form": "Focus on maintaining proper joint angles during movement",
    "alignment": "Good alignment, maintain current technique",
    "stability": "Good stability, continue with current technique",
    "power": "Good power output, maintain current intensity"
  },
  "safety_considerations": []
}