{
  "power_generation": {
    "explosiveness": 0.9077534254855915,
    "force_transfer": 0.5377297728530386,
    "efficiency": 0.7117107705744021
  },
  "technical_metrics": {
    "precision": 0.6124747408365147,
    "consistency": 0.9683190201696404,
    "fluidity": 0.8163823277899741
  },
  "biomechanical_metrics": {
    "joint_loading": 0.772459911525776,
    "muscle_activation": 0.613377684724086,
    "energy_efficiency": 0.5156695973029011
  }
}