{
  "key_points": {
    "shoulders": [
      -0.16345307335001738,
      0.5669792233380752,
      -0.12007709708869059
    ],
    "elbows": [
      -0.3199323369960941,
      0.46711124361780965,
      0.17368773618327632
    ],
    "wrists": [
      0.21805292866597215,
      0.3774569742945528,
      -0.11819813259136801
    ],
    "hips": [
      0.035323049103425264,
      0.39458200855223396,
      -0.0591798480386268
    ]
  },
  "angles": {
    "shoulder": 53.81277365426343,
    "elbow": 165.21774194473753
  },
  "analysis_scores": {
    "alignment": 0.9350923287408613,
    "balance": 0.8006056597828441,
    "form": 0.9058923180493285,
    "stability": 0.7656956162139162,
    "coordination": 0.9693464701376038,
    "precision": 0.7638590607203848,
    "power": 0.6332188327145922,
    "efficiency": 0.9834776908107514,
    "safety": 0.7716640138585306,
    "overall": 0.8595819355136467,
    "shoulder": 1.0,
    "elbow": 0.9784111465451232,
    "wrist": 1.0,
    "hip": 0.7160358120674595,
    "knee": 0.7472928959536933,
    "ankle": 0.614479926697684,
    "back": 0.7538545355518667,
    "neck": 0.7203067246740458
  },
  "recommendations": {
    "form": "Focus on maintaining proper joint angles during movement",
    "alignment": "Good alignment, maintain current technique",
    "stability": "Good stability, continue with current technique",
    "power": "Good power output, maintain current intensity"
  },
  "safety_considerations": []
}