{
  "power_generation": {
    "explosiveness": 0.5247136640882049,
    "force_transfer": 0.7368382390215249,
    "efficiency": 0.915482813077036
  },
  "technical_metrics": {
    "precision": 0.5024530952502175,
    "consistency": 0.549605991458422,
    "fluidity": 0.7435785368411422
  },
  "biomechanical_metrics": {
    "joint_loading": 0.6681768715846109,
    "muscle_activation": 0.9063513158329808,
    "energy_efficiency": 0.8757137801774058
  }
}