{
  "key_points": {
    "shoulders": [
      0.15255758465718888,
      0.5316340441775836,
      -0.04983001885742438
    ],
    "elbows": [
      -0.050220096179237644,
      0.5307680192395756,
      -0.009188647277948686
    ],
    "wrists": [
      0.2442856031451739,
      0.3067783438042491,
      0.08535863941489746
    ],
    "hips": [
      0.160359944845251,
      0.31962109789364906,
      0.09622740165562307
    ],
    "knees": [
      -0.1335175261306845,
      0.39422950592055805,
      -0.05553653143929665
    ],
    "ankles": [
      -0.35157560322313997,
      0.12124897541498358,
      -0.015872976519257856
    ]
  },
  "angles": {
    "knee": 45.3100729585904,
    "hip": 79.5801587182432,
    "shoulder": 51.308911672663825,
    "elbow": 98.18740752952694
  },
  "analysis_scores": {
    "alignment": 0.8553141890591547,
    "balance": 0.9980769131772197,
    "form": 0.9083067361038522,
    "stability": 0.8763785017376474,
    "coordination": 0.7334203867566496,
    "precision": 0.8685736942247376,
    "power": 0.8715859766653218,
    "efficiency": 0.6825708783131832,
    "safety": 0.757290005942455,
    "overall": 0.7972139600042282,
    "shoulder": 0.6315056516619098,
    "elbow": 0.7690279169619072,
    "wrist": 0.6803676251961447,
    "hip": 0.7495920065257476,
    "knee": 0.7663287715364561,
    "ankle": 0.7690664519864848,
    "back": 0.6922428022841931,
    "neck": 0.6038571612590798
  },
  "recommendations": {
    "form": "Good form, continue practicing with current technique",
    "alignment": "Good alignment, maintain current technique",
    "stability": "Focus on maintaining proper posture and balance",
    "power": "Good power output, maintain current intensity"
  },
  "safety_considerations": []
}