{
  "power_generation": {
    "explosiveness": 0.7168318083634312,
    "force_transfer": 0.9144320421336848,
    "efficiency": 0.8156575777360265
  },
  "technical_metrics": {
    "precision": 0.9410804340824901,
    "consistency": 0.9916298938074136,
    "fluidity": 0.9356699688859651
  },
  "biomechanical_metrics": {
    "joint_loading": 0.7844562087363106,
    "muscle_activation": 0.8570940698692373,
    "energy_efficiency": 0.6041230707127953
  }
}