{
  "key_points": {
    "shoulders": [
      -0.19824574916248383,
      0.5211642972056493,
      -0.0733125126635738
    ],
    "elbows": [
      -0.10174306202614228,
      0.4029904134884329,
      0.02897162411597204
    ],
    "wrists": [
      -0.010571934623719248,
      0.41746223122128356,
      0.007123662417551885
    ],
    "hips": [
      -0.12125427895723538,
      0.4933036288295486,
      -0.02432889919775401
    ],
    "knees": [
      -0.15904566544803764,
      0.23896518072302347,
      0.061126418608186156
    ],
    "ankles": [
      -0.13134942552786422,
      0.27053580210334255,
      0.07799381421629267
    ]
  },
  "angles": {
    "knee": 147.02837638464825,
    "hip": 99.44560716693867,
    "shoulder": 76.87101346304628,
    "elbow": 81.56551011313671
  },
  "analysis_scores": {
    "alignment": 0.6761422558103574,
    "balance": 0.8633249317221425,
    "form": 0.7112033828869947,
    "stability": 0.9177994269450644,
    "coordination": 0.8666752863857446,
    "precision": 0.8094315342896204,
    "power": 0.9928988039977641,
    "efficiency": 0.7068483339988845,
    "safety": 0.898885605666121,
    "overall": 0.8172629604065362,
    "shoulder": 0.9060824985271851,
    "elbow": 0.7285138476838046,
    "wrist": 0.9439472172592819,
    "hip": 0.687205526352668,
    "knee": 0.8479757202478141,
    "ankle": 0.6106036201379035,
    "back": 0.7091838662921306,
    "neck": 0.7462874682354398
  },
  "recommendations": {
    "form": "Good form, continue practicing with current technique",
    "alignment": "Good alignment, maintain current technique",
    "stability": "Good stability, continue with current technique",
    "power": "Good power output, maintain current intensity"
  },
  "safety_considerations": [
    "Focus on maintaining proper back alignment to prevent injury",
    "Ensure proper hip hinge mechanics",
    "Maintain proper knee tracking"
  ]
}