{
  "power_generation": {
    "explosiveness": 0.512855922239821,
    "force_transfer": 0.8476880985430935,
    "efficiency": 0.553590004923769
  },
  "technical_metrics": {
    "precision": 0.8440165643467239,
    "consistency": 0.860958931669445,
    "fluidity": 0.7092237919575022
  },
  "biomechanical_metrics": {
    "joint_loading": 0.6387668845594098,
    "muscle_activation": 0.9065952001609157,
    "energy_efficiency": 0.9884221992084306
  }
}