{
  "key_points": {
    "shoulders": [
      -0.128831354602564,
      0.503053537177285,
      -0.018889361269939148
    ],
    "elbows": [
      -0.1215025309942476,
      0.5695590037434141,
      -0.09198792949603887
    ],
    "wrists": [
      -0.14942601714129483,
      0.395177685431963,
      -0.05637239417032272
    ],
    "hips": [
      0.028219724835752164,
      0.3875247980632261,
      -0.006851385069774091
    ],
    "knees": [
      -0.02009618727144291,
      0.25556722602193105,
      -0.09881330498516792
    ],
    "ankles": [
      -0.3822658342320104,
      0.10319608457952192,
      -0.07302415847829265
    ]
  },
  "angles": {
    "knee": 80.48797471803377,
    "hip": 72.38415230398657,
    "shoulder": 23.95030612488459,
    "elbow": 152.95759496466067
  },
  "analysis_scores": {
    "alignment": 0.6794671813289386,
    "balance": 0.9836311560917854,
    "form": 0.9016927915293274,
    "stability": 0.8389810839685763,
    "coordination": 0.6688340652256555,
    "precision": 0.7855607410719581,
    "power": 0.9303061140509472,
    "efficiency": 0.9327992258473597,
    "safety": 0.8458386143556773,
    "overall": 0.6254186981250912,
    "shoulder": 0.8938301668493369,
    "elbow": 0.6338511361190742,
    "wrist": 0.7900325661945866,
    "hip": 0.6767593542197176,
    "knee": 0.9671249751480602,
    "ankle": 0.7747582516580654,
    "back": 0.7444213679109213,
    "neck": 0.7097940045656613
  },
  "recommendations": {
    "form": "Good form, continue practicing with current technique",
    "alignment": "Good alignment, maintain current technique",
    "stability": "Focus on maintaining proper posture and balance",
    "power": "Good power output, maintain current intensity"
  },
  "safety_considerations": [
    "Maintain proper elbow flexion to prevent hyperextension"
  ]
}