{
  "power_generation": {
    "explosiveness": 0.7308899053412823,
    "force_transfer": 0.7336335798958062,
    "efficiency": 0.5673253007333248
  },
  "technical_metrics": {
    "precision": 0.7971199505903374,
    "consistency": 0.8693113468329214,
    "fluidity": 0.7156055837584663
  },
  "biomechanical_metrics": {
    "joint_loading": 0.6424058496383667,
    "muscle_activation": 0.7537343308793529,
    "energy_efficiency": 0.8733815093594115
  }
}