{
  "key_points": {
    "shoulders": [
      0.08910770559237219,
      0.6257071378372652,
      -0.040439097677234664
    ],
    "elbows": [
      0.14878732872174094,
      0.42439171767244643,
      -0.007225627244147284
    ],
    "wrists": [
      -0.15901918090127448,
      0.30783235516709795,
      0.027540048962975266
    ],
    "hips": [
      -0.06351245610673942,
      0.44406888330419236,
      0.058671180298537656
    ],
    "knees": [
      -0.033726592211887174,
      0.37801740177302867,
      0.07072043400594252
    ],
    "ankles": [
      -0.2569446521439749,
      0.13245281116265925,
      0.018577928084537815
    ]
  },
  "angles": {
    "knee": 51.9645095169256,
    "hip": 87.34935969611685,
    "shoulder": 28.91674914526561,
    "elbow": 78.77145415906266
  },
  "analysis_scores": {
    "alignment": 0.6605769129175493,
    "balance": 0.9055421647674109,
    "form": 0.811259859218441,
    "stability": 0.9809253736866264,
    "coordination": 0.9686761627666167,
    "precision": 0.7561932775280509,
    "power": 0.9991411944100509,
    "efficiency": 0.7757728273153156,
    "safety": 0.7358981506564543,
    "overall": 0.9102734838655117,
    "shoulder": 0.9193648642418324,
    "elbow": 0.6476682989425502,
    "wrist": 0.8082065836644379,
    "hip": 0.6399338935556778,
    "knee": 0.6828681285744354,
    "ankle": 0.6631937207168139,
    "back": 0.7176791556921887,
    "neck": 0.759140280280936
  },
  "recommendations": {
    "form": "Good form, continue practicing with current technique",
    "alignment": "Good alignment, maintain current technique",
    "stability": "Good stability, continue with current technique",
    "power": "Good power output, maintain current intensity"
  },
  "safety_considerations": [
    "Focus on proper shoulder mechanics during dynamic movements"
  ]
}