{
  "power_generation": {
    "explosiveness": 0.8611778160878909,
    "force_transfer": 0.5947002967475843,
    "efficiency": 0.6878635118581536
  },
  "technical_metrics": {
    "precision": 0.863284998840772,
    "consistency": 0.5095827937856969,
    "fluidity": 0.7777488502072187
  },
  "biomechanical_metrics": {
    "joint_loading": 0.756138922071778,
    "muscle_activation": 0.6274157050713779,
    "energy_efficiency": 0.9072930101951862
  }
}