{
  "key_points": {
    "shoulders": [
      -0.007537317764389068,
      0.6312132191915043,
      0.053119572586290076
    ],
    "elbows": [
      0.1935770855663725,
      0.5822753747877547,
      0.05116192051078658
    ],
    "wrists": [
      -0.26648387678475205,
      0.36322309905801003,
      0.07399734006568909
    ],
    "hips": [
      0.06122192064001625,
      0.4536022072038348,
      0.013095057090939874
    ],
    "knees": [
      -0.28404256597321503,
      0.24047466347829605,
      0.011777431160989726
    ],
    "ankles": [
      -0.3501678880794784,
      0.19542434610116471,
      -0.025328173125997708
    ]
  },
  "angles": {
    "knee": 164.14046277390128,
    "hip": 107.2899781412328,
    "shoulder": 8.28159933394272,
    "elbow": 137.81239443805907
  },
  "analysis_scores": {
    "alignment": 0.7492980574994297,
    "balance": 0.6896733388982332,
    "form": 0.7814213508056127,
    "stability": 0.6901875473720281,
    "coordination": 0.9420762705027952,
    "precision": 0.6464591915653829,
    "power": 0.8658993724467658,
    "efficiency": 0.6434812016900382,
    "safety": 0.7477439825548444,
    "overall": 0.784632138333655,
    "shoulder": 0.8688303709941947,
    "elbow": 0.659184438491614,
    "wrist": 0.9264266943173001,
    "hip": 0.9817067892568223,
    "knee": 0.8688114040333302,
    "ankle": 0.8434972201011277,
    "back": 0.9113110752116645,
    "neck": 0.9361566140138953
  },
  "recommendations": {
    "form": "Good form, continue practicing with current technique",
    "alignment": "Good alignment, maintain current technique",
    "stability": "Focus on maintaining proper posture and balance",
    "power": "Good power output, maintain current intensity"
  },
  "safety_considerations": []
}