{
  "power_generation": {
    "explosiveness": 0.5741068759682397,
    "force_transfer": 0.567001333821689,
    "efficiency": 0.6485070002677836
  },
  "technical_metrics": {
    "precision": 0.629929292235549,
    "consistency": 0.59414650091799,
    "fluidity": 0.9013925938216554
  },
  "biomechanical_metrics": {
    "joint_loading": 0.6936948550248792,
    "muscle_activation": 0.9752536351417982,
    "energy_efficiency": 0.709331102579126
  }
}