{
  "key_points": {
    "shoulders": [
      -0.24771322395061435,
      0.6002771105725049,
      -0.04559292562786171
    ],
    "elbows": [
      0.3028682049193304,
      0.4498085768499327,
      -0.1464614093490727
    ],
    "wrists": [
      -0.3442861513078418,
      0.43591267162673997,
      -0.15067452490817798
    ],
    "hips": [
      -0.04805187163739971,
      0.447156689579076,
      -0.02551395762031916
    ]
  },
  "angles": {
    "shoulder": 73.1199012427451,
    "elbow": 59.0509436759631
  },
  "analysis_scores": {
    "alignment": 0.673872260566026,
    "balance": 0.8676371715148301,
    "form": 0.8715018111994041,
    "stability": 0.9954647786186716,
    "coordination": 0.7851531533695636,
    "precision": 0.9785003701978929,
    "power": 0.9345710436054164,
    "efficiency": 0.7539878922625228,
    "safety": 0.7257961807148628,
    "overall": 0.9350251434527955,
    "shoulder": 0.7840601695302887,
    "elbow": 0.7997529910619489,
    "wrist": 0.8320911091547692,
    "hip": 0.8592664108814696,
    "knee": 0.8065359723386423,
    "ankle": 0.6565263436050652,
    "back": 0.6405514605836439,
    "neck": 0.7623614706824479
  },
  "recommendations": {
    "form": "Good form, continue practicing with current technique",
    "alignment": "Good alignment, maintain current technique",
    "stability": "Good stability, continue with current technique",
    "power": "Good power output, maintain current intensity"
  },
  "safety_considerations": []
}