{
  "power_generation": {
    "explosiveness": 0.9092788580333488,
    "force_transfer": 0.8432080217764764,
    "efficiency": 0.8709269203886894
  },
  "technical_metrics": {
    "precision": 0.5011640357481647,
    "consistency": 0.8791502594657299,
    "fluidity": 0.839792367746173
  },
  "biomechanical_metrics": {
    "joint_loading": 0.7040372290104183,
    "muscle_activation": 0.7586079599023676,
    "energy_efficiency": 0.9272696228278586
  }
}