{
  "key_points": {
    "shoulders": [
      -0.14507793139117162,
      0.5818508177847481,
      -0.014179018253354145
    ],
    "elbows": [
      -0.03578692121354182,
      0.5304128891383422,
      0.031275267467615386
    ],
    "wrists": [
      0.16501425977935347,
      0.47763861387176243,
      -0.022116569081151366
    ],
    "hips": [
      -0.13407762450567562,
      0.30730430480459964,
      0.08334595246315699
    ],
    "knees": [
      0.029193854381316386,
      0.35875992236800824,
      -0.0832313230580864
    ],
    "ankles": [
      0.24341616230898755,
      0.1436944612883016,
      -0.002480292911416243
    ]
  },
  "angles": {
    "knee": 138.51576356135686,
    "hip": 42.706719578939364,
    "shoulder": 54.87106786141933,
    "elbow": 150.70992693053665
  },
  "analysis_scores": {
    "alignment": 0.9116011664423569,
    "balance": 0.8478671392624264,
    "form": 0.8925227615507714,
    "stability": 0.7335830299236865,
    "coordination": 0.6594627412761523,
    "precision": 0.729208871826512,
    "power": 0.8940235448474841,
    "efficiency": 0.9526622796490369,
    "safety": 0.7011205407462686,
    "overall": 0.7319782511080557,
    "shoulder": 0.6615972743202219,
    "elbow": 0.8383127105136409,
    "wrist": 0.9790372331503432,
    "hip": 0.9716589355136701,
    "knee": 0.7180798416603247,
    "ankle": 0.9158546545943802,
    "back": 0.6620597878638054,
    "neck": 0.9629715894322455
  },
  "recommendations": {
    "form": "Good form, continue practicing with current technique",
    "alignment": "Good alignment, maintain current technique",
    "stability": "Good stability, continue with current technique",
    "power": "Consider increasing intensity gradually"
  },
  "safety_considerations": []
}