{
  "power_generation": {
    "explosiveness": 0.7256949560161513,
    "force_transfer": 0.7916555782113219,
    "efficiency": 0.8746002474995705
  },
  "technical_metrics": {
    "precision": 0.8664485098187544,
    "consistency": 0.8877113381862856,
    "fluidity": 0.5080376151296582
  },
  "biomechanical_metrics": {
    "joint_loading": 0.8442433859110235,
    "muscle_activation": 0.6978898777691045,
    "energy_efficiency": 0.8768176497466074
  }
}