{
  "key_points": {
    "shoulders": [
      0.14734665871567088,
      0.5269835217775106,
      0.025088616746878317
    ],
    "elbows": [
      -0.0724928716762025,
      0.5127019562877616,
      -0.024599228723205746
    ],
    "wrists": [
      -0.051752844841019996,
      0.409210480722103,
      -0.0721167227922006
    ],
    "hips": [
      0.17080525503447447,
      0.38130408935170496,
      0.01021883874770177
    ],
    "knees": [
      -0.10332150950906702,
      0.38150829735744374,
      0.01855140375698723
    ],
    "ankles": [
      0.25197638888646046,
      0.2265583643635516,
      0.09936748357187139
    ]
  },
  "angles": {
    "knee": 24.802067419428884,
    "hip": 82.44933414532125,
    "shoulder": 37.42825639047998,
    "elbow": 95.88110220840713
  },
  "analysis_scores": {
    "alignment": 0.6260415275588082,
    "balance": 0.6322768272375884,
    "form": 0.6410823764307211,
    "stability": 0.863796786982685,
    "coordination": 0.9960114901444167,
    "precision": 0.735510604916008,
    "power": 0.835254979820451,
    "efficiency": 0.9723842021919321,
    "safety": 0.7428661231978614,
    "overall": 0.7775367499226378,
    "shoulder": 0.6644647885201721,
    "elbow": 0.781041842552551,
    "wrist": 0.9272589127756262,
    "hip": 0.692505163878496,
    "knee": 0.873020075937213,
    "ankle": 0.6282160983748267,
    "back": 0.9179799732230007,
    "neck": 0.7741437492286439
  },
  "recommendations": {
    "form": "Good form, continue practicing with current technique",
    "alignment": "Good alignment, maintain current technique",
    "stability": "Good stability, continue with current technique",
    "power": "Good power output, maintain current intensity"
  },
  "safety_considerations": []
}