{
  "power_generation": {
    "explosiveness": 0.675179264768088,
    "force_transfer": 0.9839123865061467,
    "efficiency": 0.8026969694181929
  },
  "technical_metrics": {
    "precision": 0.8576254980792934,
    "consistency": 0.7470661949042188,
    "fluidity": 0.9291689259293578
  },
  "biomechanical_metrics": {
    "joint_loading": 0.5517338335619029,
    "muscle_activation": 0.698986569533409,
    "energy_efficiency": 0.6819256686233
  }
}