{
  "key_points": {
    "shoulders": [
      0.14755655534011064,
      0.6566489530223919,
      0.08481037165148778
    ],
    "elbows": [
      -0.10637732219177556,
      0.4519911133821178,
      0.03394410304379167
    ],
    "wrists": [
      0.3146445004255214,
      0.3971285162901879,
      -0.024403041697294042
    ],
    "hips": [
      -0.12274685340173118,
      0.35324287845964736,
      0.006545021593610992
    ],
    "knees": [
      0.08454545770793431,
      0.3729601352446241,
      0.07018562502977416
    ],
    "ankles": [
      0.3074720612496328,
      0.2622462817254706,
      -0.07245098869460767
    ]
  },
  "angles": {
    "knee": 121.57076106460492,
    "hip": 62.05935565841749,
    "shoulder": 3.0780238954093058,
    "elbow": 56.53065288396709
  },
  "analysis_scores": {
    "alignment": 0.9315661606181405,
    "balance": 0.7733371160928122,
    "form": 0.7062935763095575,
    "stability": 0.714647962984431,
    "coordination": 0.8894126936686877,
    "precision": 0.9225047329282603,
    "power": 0.6765291328090749,
    "efficiency": 0.7819679999384228,
    "safety": 0.8876355722258977,
    "overall": 0.6963429927750268,
    "shoulder": 0.9073566392970451,
    "elbow": 0.8042633596868409,
    "wrist": 0.9674738343343912,
    "hip": 0.8813431610284336,
    "knee": 0.8992448471967958,
    "ankle": 0.937283776818332,
    "back": 0.9094598462825795,
    "neck": 0.6490018846887812
  },
  "recommendations": {
    "form": "Good form, continue practicing with current technique",
    "alignment": "Good alignment, maintain current technique",
    "stability": "Good stability, continue with current technique",
    "power": "Good power output, maintain current intensity"
  },
  "safety_considerations": []
}