{
  "power_generation": {
    "explosiveness": 0.5414053870643796,
    "force_transfer": 0.8210774094370425,
    "efficiency": 0.8274516105804066
  },
  "technical_metrics": {
    "precision": 0.9311131084851965,
    "consistency": 0.710153643616066,
    "fluidity": 0.5961032940072573
  },
  "biomechanical_metrics": {
    "joint_loading": 0.5918113987917011,
    "muscle_activation": 0.790050335644195,
    "energy_efficiency": 0.5876786074603815
  }
}