{
  "key_points": {
    "shoulders": [
      0.10377520845199689,
      0.6410685273130154,
      -0.08042526575102826
    ],
    "elbows": [
      -0.2676267574673737,
      0.5291089467246626,
      0.09121646670313102
    ],
    "wrists": [
      -0.15806174746811516,
      0.41729030247065657,
      0.06691344981658309
    ],
    "hips": [
      -0.14886344103608382,
      0.39014953283466625,
      0.04020362873179578
    ],
    "knees": [
      -0.2636581464611332,
      0.2508908667380831,
      -0.057739169374733605
    ],
    "ankles": [
      0.08704534877613768,
      0.22411218709316444,
      0.052261676666178314
    ]
  },
  "angles": {
    "knee": 41.66766357787068,
    "hip": 75.23306461408268,
    "shoulder": 37.58036813606483,
    "elbow": 144.2285410215204
  },
  "analysis_scores": {
    "alignment": 0.6892451220340715,
    "balance": 0.9541199209473535,
    "form": 0.6848853613587986,
    "stability": 0.6163347647084473,
    "coordination": 0.8052933615092444,
    "precision": 0.9595869748791676,
    "power": 0.6771300437546139,
    "efficiency": 0.9740076888516094,
    "safety": 0.8852725486938358,
    "overall": 0.9549195328274258,
    "shoulder": 0.6454807077177532,
    "elbow": 0.6620228168801069,
    "wrist": 0.9423047121805495,
    "hip": 0.6873299583134592,
    "knee": 0.7085644252397638,
    "ankle": 0.8871035097502666,
    "back": 0.7074749766848292,
    "neck": 0.7923611388468343
  },
  "recommendations": {
    "form": "Good form, continue practicing with current technique",
    "alignment": "Good alignment, maintain current technique",
    "stability": "Good stability, continue with current technique",
    "power": "Good power output, maintain current intensity"
  },
  "safety_considerations": []
}