{
  "power_generation": {
    "explosiveness": 0.5674621092899008,
    "force_transfer": 0.5437667367350849,
    "efficiency": 0.6826340651237462
  },
  "technical_metrics": {
    "precision": 0.6733541598769927,
    "consistency": 0.8304278694617337,
    "fluidity": 0.8405267332877988
  },
  "biomechanical_metrics": {
    "joint_loading": 0.5809336581461759,
    "muscle_activation": 0.5887467364184167,
    "energy_efficiency": 0.8326411466260206
  }
}