{
  "key_points": {
    "shoulders": [
      0.19644639905743394,
      0.5706401947439919,
      0.0037344861218082254
    ],
    "elbows": [
      -0.2532731300339213,
      0.568654336150985,
      0.040187884822100506
    ],
    "wrists": [
      0.0388952617518562,
      0.4639363960723,
      0.09876969803766888
    ],
    "hips": [
      0.1781355090940372,
      0.4435363342893886,
      0.08453726184260177
    ],
    "knees": [
      0.07808249524027411,
      0.3275508715154872,
      0.03876420487784338
    ],
    "ankles": [
      -0.38489695381093325,
      0.19730967371765168,
      0.07781065766083414
    ]
  },
  "angles": {
    "knee": 116.723753267254,
    "hip": 67.73003660350066,
    "shoulder": 26.003252806369634,
    "elbow": 114.47371654888637
  },
  "analysis_scores": {
    "alignment": 0.6932121195450591,
    "balance": 0.834693602728269,
    "form": 0.9167345138172016,
    "stability": 0.992805080195241,
    "coordination": 0.9021506185072002,
    "precision": 0.6143729484697434,
    "power": 0.7446691829857801,
    "efficiency": 0.8548729976954302,
    "safety": 0.8243738784851218,
    "overall": 0.6062165290782601,
    "shoulder": 0.6430976592281169,
    "elbow": 0.9014544767337092,
    "wrist": 0.7081566131267432,
    "hip": 0.6394057757709787,
    "knee": 0.7651183420863128,
    "ankle": 0.9177362839604051,
    "back": 0.6140847292759716,
    "neck": 0.9631730899727895
  },
  "recommendations": {
    "form": "Focus on maintaining proper joint angles during movement",
    "alignment": "Good alignment, maintain current technique",
    "stability": "Good stability, continue with current technique",
    "power": "Good power output, maintain current intensity"
  },
  "safety_considerations": []
}