{
  "power_generation": {
    "explosiveness": 0.5667221109827432,
    "force_transfer": 0.7095851638240698,
    "efficiency": 0.9245761149182322
  },
  "technical_metrics": {
    "precision": 0.8696602230628381,
    "consistency": 0.8487315769687482,
    "fluidity": 0.9849960443151557
  },
  "biomechanical_metrics": {
    "joint_loading": 0.8497346906425038,
    "muscle_activation": 0.6643756836744279,
    "energy_efficiency": 0.7573189273590416
  }
}