{
  "key_points": {
    "shoulders": [
      0.0870111381378521,
      0.6498773114144726,
      0.016481059297637032
    ],
    "elbows": [
      0.1291645926457563,
      0.4221049576901306,
      -0.04969889116933666
    ],
    "wrists": [
      -0.23892546991984986,
      0.3705921520030699,
      -0.08042838329286245
    ],
    "hips": [
      0.1502612427094709,
      0.33853344389451,
      0.00622610174737892
    ],
    "knees": [
      -0.06561403616241873,
      0.34208589604703177,
      0.04407041141060017
    ],
    "ankles": [
      0.28021759723147377,
      0.1797348974288483,
      -0.0620258294318135
    ]
  },
  "angles": {
    "knee": 63.41270671618838,
    "hip": 88.08005568994457,
    "shoulder": 48.16953343538215,
    "elbow": 54.82518924604608
  },
  "analysis_scores": {
    "alignment": 0.7956537513813746,
    "balance": 0.6733013073287787,
    "form": 0.7208525760244382,
    "stability": 0.9663257901608375,
    "coordination": 0.8474803818754753,
    "precision": 0.8477237840739897,
    "power": 0.7109334120937844,
    "efficiency": 0.9651321175746821,
    "safety": 0.6814687382862712,
    "overall": 0.9844170294750443,
    "shoulder": 0.602760994992163,
    "elbow": 0.6952105814395337,
    "wrist": 0.7300631553305331,
    "hip": 0.9496960114497032,
    "knee": 0.9278573452321488,
    "ankle": 0.9389862371990099,
    "back": 0.8983576182081674,
    "neck": 0.8170571727594328
  },
  "recommendations": {
    "form": "Good form, continue practicing with current technique",
    "alignment": "Work on maintaining symmetrical movement patterns",
    "stability": "Good stability, continue with current technique",
    "power": "Good power output, maintain current intensity"
  },
  "safety_considerations": []
}