{
  "key_points": {
    "shoulders": [
      0.16655123610818467,
      0.5996010376699339,
      -0.01341245349231153
    ],
    "elbows": [
      0.09627215910201437,
      0.48368806273381115,
      -0.03730837450445927
    ],
    "wrists": [
      0.09145581356214905,
      0.3655555010230655,
      0.04524398415488817
    ],
    "hips": [
      -0.04016251703231041,
      0.3300499142428685,
      -0.09667126970499094
    ],
    "knees": [
      -0.06115404648478445,
      0.3482114559421473,
      -0.08398211936523209
    ],
    "ankles": [
      0.15228743480377593,
      0.10026669603728629,
      -0.06647372330995685
    ]
  },
  "angles": {
    "knee": 161.36592819490187,
    "hip": 144.00163979078306,
    "shoulder": 10.044085245458135,
    "elbow": 42.071693331309206
  },
  "analysis_scores": {
    "alignment": 0.9166218905046865,
    "balance": 0.6113237037860996,
    "form": 0.9790316713481603,
    "stability": 0.6145593786865838,
    "coordination": 0.7315291945461447,
    "precision": 0.8758579952308201,
    "power": 0.7364547758261829,
    "efficiency": 0.724906235529802,
    "safety": 0.9750439589161796,
    "overall": 0.7937893202423326,
    "shoulder": 0.6563445372266297,
    "elbow": 0.7958849266145154,
    "wrist": 0.6310200640163297,
    "hip": 0.8789224553660899,
    "knee": 0.7927792112900967,
    "ankle": 0.7400757289372426,
    "back": 0.7285497326357642,
    "neck": 0.7872018032632196
  },
  "recommendations": {
    "form": "Good form, continue practicing with current technique",
    "alignment": "Good alignment, maintain current technique",
    "stability": "Good stability, continue with current technique",
    "power": "Good power output, maintain current intensity"
  },
  "safety_considerations": []
}