{
  "power_generation": {
    "explosiveness": 0.9202193347185078,
    "force_transfer": 0.7984830608139444,
    "efficiency": 0.7269565809819416
  },
  "technical_metrics": {
    "precision": 0.6869758969021629,
    "consistency": 0.6348042639640272,
    "fluidity": 0.7505213409484757
  },
  "biomechanical_metrics": {
    "joint_loading": 0.9873549498905356,
    "muscle_activation": 0.7016292836212281,
    "energy_efficiency": 0.7293930607151888
  }
}