{
  "key_points": {
    "shoulders": [
      -0.026406473503017253,
      0.6286181895680785,
      -0.009389426920316829
    ],
    "elbows": [
      -0.16277581253573772,
      0.5435500549276193,
      0.030861256024822592
    ],
    "wrists": [
      0.36780391929674827,
      0.3708079543177466,
      0.08869898161863018
    ],
    "hips": [
      0.13730943522875672,
      0.3275013865143189,
      -0.06242496383792387
    ],
    "knees": [
      0.17612622309205717,
      0.22138149101001295,
      -0.017993140166648547
    ],
    "ankles": [
      -0.20885960736293843,
      0.1358874571743166,
      0.017155164157366815
    ]
  },
  "angles": {
    "knee": 14.080011447623084,
    "hip": 52.54332339039559,
    "shoulder": 54.412802205279604,
    "elbow": 71.20049567051551
  },
  "analysis_scores": {
    "alignment": 0.7548749531048886,
    "balance": 0.6855831998225687,
    "form": 0.8869501707979006,
    "stability": 0.9750568750569337,
    "coordination": 0.7419868314991935,
    "precision": 0.6516966545022195,
    "power": 0.9716474883611868,
    "efficiency": 0.6877298427832336,
    "safety": 0.7795744094918333,
    "overall": 0.9471866260758726,
    "shoulder": 0.6672127614058165,
    "elbow": 0.7396076557115524,
    "wrist": 0.6754645420078189,
    "hip": 0.7858968697328858,
    "knee": 0.7682136103568262,
    "ankle": 0.8049078534082379,
    "back": 0.8905853005845311,
    "neck": 0.8110993165082887
  },
  "recommendations": {
    "form": "Good form, continue practicing with current technique",
    "alignment": "Good alignment, maintain current technique",
    "stability": "Good stability, continue with current technique",
    "power": "Consider increasing intensity gradually"
  },
  "safety_considerations": []
}