{
  "power_generation": {
    "explosiveness": 0.5259498340730444,
    "force_transfer": 0.5186610236041481,
    "efficiency": 0.8298137642926138
  },
  "technical_metrics": {
    "precision": 0.6777120536816247,
    "consistency": 0.7007896489746026,
    "fluidity": 0.9699572490751776
  },
  "biomechanical_metrics": {
    "joint_loading": 0.7527671110439011,
    "muscle_activation": 0.7233377599960826,
    "energy_efficiency": 0.6554999855814689
  }
}