{
  "key_points": {
    "shoulders": [
      0.042695498382478186,
      0.6416797285535515,
      -0.08020423862844697
    ],
    "elbows": [
      0.1702177476813433,
      0.5087489757520718,
      -0.07792140695261372
    ],
    "wrists": [
      0.05781478551501429,
      0.3201471489861838,
      -0.034401966330496234
    ],
    "hips": [
      0.0020289419410962073,
      0.34320164812683523,
      0.0881975068533902
    ],
    "knees": [
      -0.026758227891075792,
      0.38410255354061157,
      -0.0756922852774023
    ],
    "ankles": [
      0.2876025269383421,
      0.17064418733205874,
      0.046445883831826296
    ]
  },
  "angles": {
    "knee": 49.23971088871111,
    "hip": 95.25679230929428,
    "shoulder": 23.496643019437236,
    "elbow": 150.95346687071893
  },
  "analysis_scores": {
    "alignment": 0.778166002499469,
    "balance": 0.9125657001699319,
    "form": 0.6469255233140349,
    "stability": 0.7119676268767645,
    "coordination": 0.6819702943678398,
    "precision": 0.7392571590545192,
    "power": 0.7941233096406629,
    "efficiency": 0.6939652266260714,
    "safety": 0.8428168679842426,
    "overall": 0.7377248643897961,
    "shoulder": 0.6210709636126623,
    "elbow": 0.7435402651765666,
    "wrist": 0.7187178618630208,
    "hip": 0.8155591167297641,
    "knee": 0.7209076873336351,
    "ankle": 0.9733165490367572,
    "back": 0.7054199968140866,
    "neck": 0.773805882608399
  },
  "recommendations": {
    "form": "Good form, continue practicing with current technique",
    "alignment": "Work on maintaining symmetrical movement patterns",
    "stability": "Good stability, continue with current technique",
    "power": "Good power output, maintain current intensity"
  },
  "safety_considerations": []
}