{
  "power_generation": {
    "explosiveness": 0.8285872833569902,
    "force_transfer": 0.9174013312272686,
    "efficiency": 0.809224895405912
  },
  "technical_metrics": {
    "precision": 0.9373068675081478,
    "consistency": 0.6005883268022527,
    "fluidity": 0.54739283859951
  },
  "biomechanical_metrics": {
    "joint_loading": 0.632257441400403,
    "muscle_activation": 0.9393667041097674,
    "energy_efficiency": 0.9553992130830241
  }
}