{
  "key_points": {
    "shoulders": [
      -0.05038687640186468,
      0.5301630173298053,
      0.055009077809925006
    ],
    "elbows": [
      0.1584181372808548,
      0.5583804449253504,
      0.03698456242765466
    ],
    "wrists": [
      -0.13452491823882035,
      0.3936510526113476,
      -0.06484394719236494
    ],
    "hips": [
      0.011149610575049762,
      0.42503739960137077,
      0.05450865039361405
    ],
    "knees": [
      0.1277813685890422,
      0.27674405125969254,
      -0.03986264562911419
    ],
    "ankles": [
      -0.10139445751099191,
      0.18834050264677166,
      -0.0035004148585020267
    ]
  },
  "angles": {
    "knee": 168.42232163319807,
    "hip": 134.83675877967505,
    "shoulder": 18.854555874818733,
    "elbow": 71.23191795469606
  },
  "analysis_scores": {
    "alignment": 0.9689832354960413,
    "balance": 0.6461380176755909,
    "form": 0.6983655515912663,
    "stability": 0.9082658636393076,
    "coordination": 0.6388721031249065,
    "precision": 0.8229439940659993,
    "power": 0.8044489779936467,
    "efficiency": 0.7332988840352931,
    "safety": 0.9124229596882967,
    "overall": 0.8389998602045943,
    "shoulder": 0.6411549498624008,
    "elbow": 0.8012174833457593,
    "wrist": 0.9769718391871225,
    "hip": 0.939806752336229,
    "knee": 0.8015675664296061,
    "ankle": 0.909780624814708,
    "back": 0.9597948785906806,
    "neck": 0.7360189025025081
  },
  "recommendations": {
    "form": "Focus on maintaining proper joint angles during movement",
    "alignment": "Good alignment, maintain current technique",
    "stability": "Good stability, continue with current technique",
    "power": "Good power output, maintain current intensity"
  },
  "safety_considerations": [
    "Work on balance and stability",
    "Maintain proper hip alignment"
  ]
}