{
  "power_generation": {
    "explosiveness": 0.8004183489970293,
    "force_transfer": 0.7422733337582033,
    "efficiency": 0.6540066799326893
  },
  "technical_metrics": {
    "precision": 0.6576140331633611,
    "consistency": 0.7478271225043311,
    "fluidity": 0.5479078705610713
  },
  "biomechanical_metrics": {
    "joint_loading": 0.7842435877304754,
    "muscle_activation": 0.759378317571783,
    "energy_efficiency": 0.5444849585342248
  }
}