{
  "key_points": {
    "shoulders": [
      -0.14767140933246636,
      0.6411249572534857,
      -0.05724501029110876
    ],
    "elbows": [
      -0.08921907630033335,
      0.5091506361659253,
      0.09347443502719707
    ],
    "wrists": [
      0.21117633103291722,
      0.4913379096670614,
      -0.06495079490893732
    ],
    "hips": [
      0.09457832442631109,
      0.435072371224822,
      0.03580377222671838
    ],
    "knees": [
      -0.013400317191525679,
      0.22366898904379515,
      -0.0694843672663801
    ],
    "ankles": [
      0.045982485064068324,
      0.23904560686754606,
      0.08632016234123704
    ]
  },
  "angles": {
    "knee": 143.31797048470716,
    "hip": 66.09664116057516,
    "shoulder": 66.18947719260849,
    "elbow": 146.80217598862677
  },
  "analysis_scores": {
    "alignment": 0.8816642140499455,
    "balance": 0.8099347853690045,
    "form": 0.6109717565496036,
    "stability": 0.684396665190096,
    "coordination": 0.6697111168758988,
    "precision": 0.6999764107704495,
    "power": 0.9217193703003567,
    "efficiency": 0.9725441510206199,
    "safety": 0.8731483837159372,
    "overall": 0.662268735134702,
    "shoulder": 0.9508831977025394,
    "elbow": 0.9981836383943709,
    "wrist": 0.8841519736954937,
    "hip": 0.8934734843653285,
    "knee": 0.7778459379474829,
    "ankle": 0.6589352138708185,
    "back": 0.8165285278686493,
    "neck": 0.9320260535781275
  },
  "recommendations": {
    "form": "Good form, continue practicing with current technique",
    "alignment": "Good alignment, maintain current technique",
    "stability": "Good stability, continue with current technique",
    "power": "Good power output, maintain current intensity"
  },
  "safety_considerations": []
}