{
  "power_generation": {
    "explosiveness": 0.5599689831008096,
    "force_transfer": 0.8242972891101822,
    "efficiency": 0.7557415917119598
  },
  "technical_metrics": {
    "precision": 0.8034665028657231,
    "consistency": 0.6762625513681035,
    "fluidity": 0.608171955095266
  },
  "biomechanical_metrics": {
    "joint_loading": 0.8968406289009587,
    "muscle_activation": 0.6219041805578143,
    "energy_efficiency": 0.8735399820327399
  }
}