{
  "key_points": {
    "shoulders": [
      -0.01413558854767255,
      0.507654694472633,
      0.03814214155980619
    ],
    "elbows": [
      0.26980206984970306,
      0.519300013243623,
      0.010611092275377237
    ],
    "wrists": [
      0.02998902483436866,
      0.49588139835532663,
      -0.039624648914595384
    ],
    "hips": [
      -0.1035824511908845,
      0.43865625921653006,
      0.02932952724368665
    ],
    "knees": [
      -0.16945833015778236,
      0.3919757365339701,
      0.004089955943400933
    ],
    "ankles": [
      0.346042875574608,
      0.19044518638192998,
      0.0693557299230789
    ]
  },
  "angles": {
    "knee": 55.48167073452402,
    "hip": 154.26686838353305,
    "shoulder": 10.082285520988707,
    "elbow": 78.6470828007037
  },
  "analysis_scores": {
    "alignment": 0.7633076601604802,
    "balance": 0.7296180969813613,
    "form": 0.786433079388567,
    "stability": 0.9389707072556047,
    "coordination": 0.9909899648465935,
    "precision": 0.9967415749313449,
    "power": 0.9825704567141674,
    "efficiency": 0.7345810520522771,
    "safety": 0.8643783211763811,
    "overall": 0.760534522480258,
    "shoulder": 0.7537339385782199,
    "elbow": 0.9322703249698214,
    "wrist": 0.9036212907018032,
    "hip": 0.8023549646192778,
    "knee": 0.7773944499944371,
    "ankle": 0.849071547824465,
    "back": 0.7367599332702889,
    "neck": 0.7191774594149782
  },
  "recommendations": {
    "form": "Good form, continue practicing with current technique",
    "alignment": "Good alignment, maintain current technique",
    "stability": "Good stability, continue with current technique",
    "power": "Good power output, maintain current intensity"
  },
  "safety_considerations": []
}