{
  "power_generation": {
    "explosiveness": 0.7846711763133609,
    "force_transfer": 0.5227637388793188,
    "efficiency": 0.5472052409767272
  },
  "technical_metrics": {
    "precision": 0.6468667634594593,
    "consistency": 0.7425263915783556,
    "fluidity": 0.5887006139834028
  },
  "biomechanical_metrics": {
    "joint_loading": 0.9974098272473939,
    "muscle_activation": 0.5092294039020846,
    "energy_efficiency": 0.8645297016725637
  }
}