{
  "power_generation": {
    "explosiveness": 0.9880446459160535,
    "force_transfer": 0.7160271657083965,
    "efficiency": 0.9803087117302687
  },
  "technical_metrics": {
    "precision": 0.650700618989525,
    "consistency": 0.5926588130353649,
    "fluidity": 0.833318417402964
  },
  "biomechanical_metrics": {
    "joint_loading": 0.8902169642644392,
    "muscle_activation": 0.7069198610912506,
    "energy_efficiency": 0.8916295695187877
  }
}