{
  "key_points": {
    "shoulders": [
      -0.23453288342483136,
      0.7053610338297498,
      0.06045136795077355
    ],
    "hips": [
      -0.3625545463033536,
      0.5270337778653423,
      -0.06534062772346641
    ],
    "knees": [
      0.2152145483879685,
      0.33806112836000896,
      0.0896060825553916
    ],
    "ankles": [
      -0.40763025997628843,
      0.2557915821962242,
      -0.14934396498580724
    ]
  },
  "angles": {
    "knee": 35.02100287383426,
    "hip": 83.41983568046632,
    "shoulder": 21.61006784918042
  },
  "analysis_scores": {
    "alignment": 0.8883366435948212,
    "balance": 0.6918497902044944,
    "form": 0.9645882919859293,
    "stability": 0.8847062059389167,
    "coordination": 0.6738781060437767,
    "precision": 0.905080791475895,
    "power": 0.9426384483447376,
    "efficiency": 0.8444062147269289,
    "safety": 0.6234193101571531,
    "overall": 0.9496378308929228,
    "shoulder": 0.6564958468937655,
    "elbow": 0.8059692509057459,
    "wrist": 0.6044927595508656,
    "hip": 0.8088191520563991,
    "knee": 0.7715520188781239,
    "ankle": 0.8008413524897855,
    "back": 0.7285957726571443,
    "neck": 0.9226044966577556
  },
  "recommendations": {
    "form": "Good form, continue practicing with current technique",
    "alignment": "Work on maintaining symmetrical movement patterns",
    "stability": "Good stability, continue with current technique",
    "power": "Good power output, maintain current intensity"
  },
  "safety_considerations": []
}