{
  "power_generation": {
    "explosiveness": 0.7171151685760877,
    "force_transfer": 0.532609055057023,
    "efficiency": 0.9806450217115488
  },
  "technical_metrics": {
    "precision": 0.9487763830588821,
    "consistency": 0.7161488282023187,
    "fluidity": 0.916446964956807
  },
  "biomechanical_metrics": {
    "joint_loading": 0.5414861969928374,
    "muscle_activation": 0.5425973215030516,
    "energy_efficiency": 0.8858968645603462
  }
}