{
  "key_points": {
    "shoulders": [
      -0.07753638513737884,
      0.6860883969710516,
      -0.07665329101712129
    ],
    "elbows": [
      0.010982924352769041,
      0.44658856362535343,
      -0.07763098957147266
    ],
    "wrists": [
      -0.01139366506460282,
      0.39366325946911174,
      -0.08548426861095502
    ],
    "hips": [
      -0.06795393005414438,
      0.4569286021928498,
      -0.02378481537063408
    ],
    "knees": [
      0.016685598543324742,
      0.22910594763486195,
      -0.07712145230922336
    ],
    "ankles": [
      -0.14483687910667414,
      0.1948336382371317,
      -0.006031896780310603
    ]
  },
  "angles": {
    "knee": 60.59698023401904,
    "hip": 98.50863381293446,
    "shoulder": 22.383367272224472,
    "elbow": 101.74971396525416
  },
  "analysis_scores": {
    "alignment": 0.711900500210783,
    "balance": 0.6533430037531502,
    "form": 0.6379261952429544,
    "stability": 0.6475271952599229,
    "coordination": 0.917161827991816,
    "precision": 0.77583598603628,
    "power": 0.8830709099438077,
    "efficiency": 0.6817739528355684,
    "safety": 0.8980110246282849,
    "overall": 0.8666990122028806,
    "shoulder": 0.7565345539284762,
    "elbow": 0.6224837792935529,
    "wrist": 0.7384088103716716,
    "hip": 0.7344883184860886,
    "knee": 0.8717061410954834,
    "ankle": 0.7383533039063089,
    "back": 0.9327690421255791,
    "neck": 0.9501113101504846
  },
  "recommendations": {
    "form": "Focus on maintaining proper joint angles during movement",
    "alignment": "Good alignment, maintain current technique",
    "stability": "Focus on maintaining proper posture and balance",
    "power": "Good power output, maintain current intensity"
  },
  "safety_considerations": [
    "Ensure proper ankle stability"
  ]
}