{
  "power_generation": {
    "explosiveness": 0.6324753903759286,
    "force_transfer": 0.944914586170971,
    "efficiency": 0.5689548313351689
  },
  "technical_metrics": {
    "precision": 0.5047555136096038,
    "consistency": 0.5256750591415277,
    "fluidity": 0.8633201081779859
  },
  "biomechanical_metrics": {
    "joint_loading": 0.77094941115404,
    "muscle_activation": 0.8335340131726752,
    "energy_efficiency": 0.7458322075233141
  }
}