{
  "key_points": {
    "shoulders": [
      -0.18388615947510178,
      0.5153192399495871,
      0.058823168029103645
    ],
    "elbows": [
      0.045057695690679134,
      0.4561355925291902,
      -0.051393181579923654
    ],
    "wrists": [
      -0.24338476065041298,
      0.47978898230414596,
      -0.038522978058977024
    ],
    "hips": [
      0.11475925148967614,
      0.41764271138592574,
      -0.030314744955953696
    ],
    "knees": [
      -0.11638054668401476,
      0.2614063131895404,
      -0.05688010740623657
    ],
    "ankles": [
      -0.22423364205716886,
      0.1564383458197963,
      -0.07638406551042468
    ]
  },
  "angles": {
    "knee": 117.8737749581272,
    "hip": 79.43127648718965,
    "shoulder": 33.443878724118534,
    "elbow": 55.15254687720014
  },
  "analysis_scores": {
    "alignment": 0.6605310941504013,
    "balance": 0.8160392102054366,
    "form": 0.6004534902518164,
    "stability": 0.95458007864439,
    "coordination": 0.6021348851660274,
    "precision": 0.8780848097790233,
    "power": 0.7382408004325446,
    "efficiency": 0.876278983233528,
    "safety": 0.7595645404545728,
    "overall": 0.7897328614134919,
    "shoulder": 0.8714384753328253,
    "elbow": 0.7604085521813528,
    "wrist": 0.6980645671094627,
    "hip": 0.9641381318282551,
    "knee": 0.6784781742564199,
    "ankle": 0.6788391158646703,
    "back": 0.7212436452169175,
    "neck": 0.7514726980595916
  },
  "recommendations": {
    "form": "Good form, continue practicing with current technique",
    "alignment": "Work on maintaining symmetrical movement patterns",
    "stability": "Good stability, continue with current technique",
    "power": "Good power output, maintain current intensity"
  },
  "safety_considerations": [
    "Focus on proper shoulder mechanics for power generation",
    "Maintain proper wrist alignment to prevent strain",
    "Ensure proper hip rotation for power transfer"
  ]
}