{
  "power_generation": {
    "explosiveness": 0.8585232719620179,
    "force_transfer": 0.5778936928474014,
    "efficiency": 0.7230961262465598
  },
  "technical_metrics": {
    "precision": 0.963343000446045,
    "consistency": 0.638016070201825,
    "fluidity": 0.5365605692357166
  },
  "biomechanical_metrics": {
    "joint_loading": 0.9935568350870637,
    "muscle_activation": 0.6270701609480651,
    "energy_efficiency": 0.9195198122568692
  }
}