{
  "key_points": {
    "shoulders": [
      -0.1713399449078298,
      0.6292073160584767,
      0.03427172647184418
    ],
    "elbows": [
      -0.11145358647374157,
      0.5332177203842883,
      -0.008010151364390941
    ],
    "wrists": [
      -0.024412592626722407,
      0.4168924242069113,
      -0.07935278525031585
    ],
    "hips": [
      0.07565715244361432,
      0.3174643956808704,
      0.09412068309683658
    ],
    "knees": [
      -0.0007255859041479518,
      0.32338005961483307,
      -0.03507635801607219
    ],
    "ankles": [
      -0.1396950311797231,
      0.15230558006728107,
      0.09347116463906865
    ]
  },
  "angles": {
    "knee": 96.36009741420982,
    "hip": 97.70098050057184,
    "shoulder": 11.041439206585526,
    "elbow": 120.0686522739427
  },
  "analysis_scores": {
    "alignment": 0.6339222197832156,
    "balance": 0.753415443073054,
    "form": 0.8755799148672724,
    "stability": 0.6610847229114414,
    "coordination": 0.8475316011171817,
    "precision": 0.6086381983432351,
    "power": 0.8132879974340212,
    "efficiency": 0.890475984439751,
    "safety": 0.9429681480251343,
    "overall": 0.9548404709591195,
    "shoulder": 0.8352787601015572,
    "elbow": 0.7508300982786713,
    "wrist": 0.7786129775805006,
    "hip": 0.776901618234434,
    "knee": 0.6623176209252833,
    "ankle": 0.818457882863664,
    "back": 0.7826545056197987,
    "neck": 0.7425776117062544
  },
  "recommendations": {
    "form": "Good form, continue practicing with current technique",
    "alignment": "Good alignment, maintain current technique",
    "stability": "Good stability, continue with current technique",
    "power": "Good power output, maintain current intensity"
  },
  "safety_considerations": []
}