{
  "power_generation": {
    "explosiveness": 0.5489918078439792,
    "force_transfer": 0.8681152286544124,
    "efficiency": 0.6258484249417314
  },
  "technical_metrics": {
    "precision": 0.8991454121283873,
    "consistency": 0.8738369160610395,
    "fluidity": 0.6426518576804285
  },
  "biomechanical_metrics": {
    "joint_loading": 0.6862657539895481,
    "muscle_activation": 0.7226962226503402,
    "energy_efficiency": 0.7284017571170183
  }
}