{
  "key_points": {
    "shoulders": [
      0.06550728003422962,
      0.6531768058600504,
      -0.028420533580209115
    ],
    "hips": [
      -0.054441140316774245,
      0.5181068333574963,
      0.016411789888542666
    ],
    "knees": [
      -0.051477879080724986,
      0.4874793413494968,
      -0.0854339419955448
    ],
    "ankles": [
      0.3919292881891562,
      0.24730044122782646,
      0.09313490880431727
    ]
  },
  "angles": {
    "knee": 38.74013501004709,
    "hip": 66.57183580051534,
    "shoulder": 28.134868399086912
  },
  "analysis_scores": {
    "alignment": 0.923622020271256,
    "balance": 1.0,
    "form": 0.6075707619252152,
    "stability": 0.7810120009317546,
    "coordination": 0.8687121458014482,
    "precision": 0.8198804040751961,
    "power": 0.884484243469531,
    "efficiency": 0.8668126510211909,
    "safety": 0.9327279081137869,
    "overall": 0.7694257641071609,
    "shoulder": 0.948964679023755,
    "elbow": 0.8494614506321967,
    "wrist": 0.772337257616762,
    "hip": 0.6091273340983593,
    "knee": 0.8212909357819883,
    "ankle": 1.0,
    "back": 0.6274911578479135,
    "neck": 0.7510222416782395
  },
  "recommendations": {
    "form": "Good form, continue practicing with current technique",
    "alignment": "Good alignment, maintain current technique",
    "stability": "Focus on maintaining proper posture and balance",
    "power": "Good power output, maintain current intensity"
  },
  "safety_considerations": []
}