{
  "power_generation": {
    "explosiveness": 0.9320854283205887,
    "force_transfer": 0.6368198034249761,
    "efficiency": 0.7723972431060963
  },
  "technical_metrics": {
    "precision": 0.9590938599353657,
    "consistency": 0.9363753235033834,
    "fluidity": 0.8067134644210698
  },
  "biomechanical_metrics": {
    "joint_loading": 0.7655921059051025,
    "muscle_activation": 0.8814204312500753,
    "energy_efficiency": 0.6400047411105217
  }
}