{
  "key_points": {
    "shoulders": [
      0.07936356216948037,
      0.6249905591356045,
      0.0876819243515101
    ],
    "elbows": [
      0.06181176853107817,
      0.44217451918538986,
      0.03032793929341987
    ],
    "wrists": [
      0.31581322936043577,
      0.44700038795406377,
      -0.09233815137602497
    ],
    "hips": [
      -0.006974186881361921,
      0.3684064196216063,
      -0.015992889196349364
    ],
    "knees": [
      -0.13370671938659032,
      0.29183814355892235,
      -0.01753034606572923
    ],
    "ankles": [
      0.34372104515007107,
      0.19463344819442685,
      0.05590995238544791
    ]
  },
  "angles": {
    "knee": 173.11665954895025,
    "hip": 116.18868370650615,
    "shoulder": 18.700728337675294,
    "elbow": 63.64723784593919
  },
  "analysis_scores": {
    "alignment": 0.7244405803355934,
    "balance": 0.8815766298579334,
    "form": 0.6195620844007975,
    "stability": 0.8116071936029061,
    "coordination": 0.6322886945492242,
    "precision": 0.8525846734783593,
    "power": 0.9162615441420789,
    "efficiency": 0.7928512078292262,
    "safety": 0.6034795345157135,
    "overall": 0.8726679486403885,
    "shoulder": 0.6396289744340308,
    "elbow": 0.8073338016217051,
    "wrist": 0.960450028182725,
    "hip": 0.9817681411161614,
    "knee": 0.8055956287202701,
    "ankle": 0.7300625774312679,
    "back": 0.6564681460006784,
    "neck": 0.8579704759904692
  },
  "recommendations": {
    "form": "Good form, continue practicing with current technique",
    "alignment": "Good alignment, maintain current technique",
    "stability": "Good stability, continue with current technique",
    "power": "Good power output, maintain current intensity"
  },
  "safety_considerations": [
    "Focus on proper wrist positioning to prevent strain",
    "Ensure proper shoulder engagement to prevent impingement"
  ]
}