{
  "power_generation": {
    "explosiveness": 0.727108152102552,
    "force_transfer": 0.699316834195568,
    "efficiency": 0.6568221260113447
  },
  "technical_metrics": {
    "precision": 0.8638311462428692,
    "consistency": 0.5072421930027458,
    "fluidity": 0.5796154608367783
  },
  "biomechanical_metrics": {
    "joint_loading": 0.5193748483086592,
    "muscle_activation": 0.626394124840705,
    "energy_efficiency": 0.8733827964421068
  }
}