{
  "key_points": {
    "shoulders": [
      0.17990087875359484,
      0.5567646365260286,
      0.05909481349046378
    ],
    "elbows": [
      0.12436908366326233,
      0.4765128032745656,
      0.03642705641920502
    ],
    "wrists": [
      0.26946926544588357,
      0.46308176174295307,
      -0.06151533328478085
    ],
    "hips": [
      0.05170971941372271,
      0.4940579343910606,
      -0.09213443225070156
    ],
    "knees": [
      -0.09729767418262525,
      0.30712412909093084,
      -0.002811980257260885
    ],
    "ankles": [
      0.30680717501685395,
      0.16264888866911792,
      0.021924066231897216
    ]
  },
  "angles": {
    "knee": 94.58341184353766,
    "hip": 52.07128088975767,
    "shoulder": 74.47530491923503,
    "elbow": 7.6610239732187635
  },
  "analysis_scores": {
    "alignment": 0.8502431557798988,
    "balance": 0.9349777227434515,
    "form": 0.7279433312731062,
    "stability": 0.9830754778028127,
    "coordination": 0.9317249625632158,
    "precision": 0.8522317112473718,
    "power": 0.9097274411790232,
    "efficiency": 0.8516012228353983,
    "safety": 0.763931885808395,
    "overall": 0.8205437097704553,
    "shoulder": 0.907945332387514,
    "elbow": 0.7769485188240903,
    "wrist": 0.8441991223776865,
    "hip": 0.7981757891805636,
    "knee": 0.6996962180172535,
    "ankle": 0.6284815185492661,
    "back": 0.7829325067806594,
    "neck": 0.7031929710534249
  },
  "recommendations": {
    "form": "Good form, continue practicing with current technique",
    "alignment": "Good alignment, maintain current technique",
    "stability": "Focus on maintaining proper posture and balance",
    "power": "Good power output, maintain current intensity"
  },
  "safety_considerations": []
}