{
  "power_generation": {
    "explosiveness": 0.9140816814252697,
    "force_transfer": 0.6904547891557645,
    "efficiency": 0.606255302305091
  },
  "technical_metrics": {
    "precision": 0.7425625880734452,
    "consistency": 0.7526238418805857,
    "fluidity": 0.9353810182783264
  },
  "biomechanical_metrics": {
    "joint_loading": 0.9084606276749851,
    "muscle_activation": 0.6043309268267334,
    "energy_efficiency": 0.9203613709688458
  }
}