{
  "key_points": {
    "shoulders": [
      0.009183121291146845,
      0.5777013916564105,
      -0.04148553418706172
    ],
    "elbows": [
      0.07771283411310298,
      0.4640986954075657,
      -0.059121764481177744
    ],
    "wrists": [
      0.23448939437449734,
      0.4207546139926053,
      0.018258866957552106
    ],
    "hips": [
      -0.09824696288302542,
      0.41970899537197004,
      -0.05021157182449503
    ],
    "knees": [
      0.020816953782104852,
      0.20414365765235057,
      0.006032478151572901
    ],
    "ankles": [
      -0.14614279461673924,
      0.15838347916729822,
      -0.016046748939984992
    ]
  },
  "angles": {
    "knee": 50.397833489329784,
    "hip": 85.3460394127988,
    "shoulder": 61.67781030601381,
    "elbow": 124.16648507040586
  },
  "analysis_scores": {
    "alignment": 0.8036660915646016,
    "balance": 0.6424225529566608,
    "form": 0.7642769154162333,
    "stability": 0.9756670410110369,
    "coordination": 0.7835983234689812,
    "precision": 0.6118703612947256,
    "power": 0.6795815566648211,
    "efficiency": 0.8293733783625742,
    "safety": 0.8386724657045774,
    "overall": 0.6746931893428099,
    "shoulder": 0.853613758765138,
    "elbow": 0.6269186058426038,
    "wrist": 0.7968840208301444,
    "hip": 0.8930933115737134,
    "knee": 0.9226807025704789,
    "ankle": 0.8824302904643477,
    "back": 0.7423364673225593,
    "neck": 0.9505965446871187
  },
  "recommendations": {
    "form": "Good form, continue practicing with current technique",
    "alignment": "Good alignment, maintain current technique",
    "stability": "Good stability, continue with current technique",
    "power": "Good power output, maintain current intensity"
  },
  "safety_considerations": [
    "Ensure proper knee alignment to prevent strain",
    "Focus on balance and stability"
  ]
}