{
  "power_generation": {
    "explosiveness": 0.5080730125390662,
    "force_transfer": 0.6925584451138441,
    "efficiency": 0.7077522800936864
  },
  "technical_metrics": {
    "precision": 0.6687606199627074,
    "consistency": 0.5440619813053412,
    "fluidity": 0.8487677297178184
  },
  "biomechanical_metrics": {
    "joint_loading": 0.7818060409031666,
    "muscle_activation": 0.9666219320104383,
    "energy_efficiency": 0.5300594162129575
  }
}