{
  "key_points": {
    "shoulders": [
      0.0027767514127830517,
      0.5929649700944143,
      -0.049379789308998584
    ],
    "elbows": [
      -0.18414005061297745,
      0.5015698969370206,
      0.007576092964978562
    ],
    "wrists": [
      0.09426038537473447,
      0.42830229334916914,
      0.021579696502584594
    ],
    "hips": [
      -0.19801285906810528,
      0.4442314270460542,
      0.07204229888880054
    ],
    "knees": [
      0.06015890505335114,
      0.218028902148164,
      0.0018985721894476393
    ],
    "ankles": [
      -0.31414114126795456,
      0.1330134630148086,
      0.07414591769031537
    ]
  },
  "angles": {
    "knee": 106.5682387237749,
    "hip": 73.8601188645948,
    "shoulder": 74.42406686730385,
    "elbow": 146.11149750727617
  },
  "analysis_scores": {
    "alignment": 0.8022492840157308,
    "balance": 0.7351674320458945,
    "form": 0.8085723057917787,
    "stability": 0.7404967735544528,
    "coordination": 0.7692150571260764,
    "precision": 0.8932723007314942,
    "power": 0.7283336560801684,
    "efficiency": 0.9699772326793871,
    "safety": 0.6834851735659755,
    "overall": 0.9179818336322637,
    "shoulder": 0.8062803981569874,
    "elbow": 0.7281905220418108,
    "wrist": 0.8949883943262537,
    "hip": 0.8568835753029866,
    "knee": 0.6642395411474085,
    "ankle": 0.7669821504156177,
    "back": 0.8186880018451225,
    "neck": 0.733697072148205
  },
  "recommendations": {
    "form": "Good form, continue practicing with current technique",
    "alignment": "Good alignment, maintain current technique",
    "stability": "Good stability, continue with current technique",
    "power": "Consider increasing intensity gradually"
  },
  "safety_considerations": []
}