{
  "power_generation": {
    "explosiveness": 0.6435668245327055,
    "force_transfer": 0.8801977802149789,
    "efficiency": 0.7145683477785034
  },
  "technical_metrics": {
    "precision": 0.8684253303600298,
    "consistency": 0.631524272417491,
    "fluidity": 0.9403928470025371
  },
  "biomechanical_metrics": {
    "joint_loading": 0.5210079765546247,
    "muscle_activation": 0.9493366929000346,
    "energy_efficiency": 0.7845928797143276
  }
}