{
  "key_points": {
    "shoulders": [
      -0.0706978272318827,
      0.5302972981270945,
      -0.05894007659126171
    ],
    "elbows": [
      -0.06844950277041148,
      0.5549336984655744,
      0.007998916136473161
    ],
    "wrists": [
      0.1477777011198772,
      0.4879833449482036,
      0.06347535438738947
    ],
    "hips": [
      0.05977862482222168,
      0.46327556134374975,
      -0.007463318426359472
    ],
    "knees": [
      0.13840204839272346,
      0.26322238196919784,
      0.038639771739483936
    ],
    "ankles": [
      0.2008737476725342,
      0.22042016306503198,
      0.06544564937868455
    ]
  },
  "angles": {
    "knee": 155.0776674538593,
    "hip": 93.88542692876445,
    "shoulder": 36.040614771029595,
    "elbow": 125.4100434075715
  },
  "analysis_scores": {
    "alignment": 0.855031212960496,
    "balance": 0.8753313476421833,
    "form": 0.6756083300083721,
    "stability": 0.7428423475635038,
    "coordination": 0.9641304427257904,
    "precision": 0.8362982071919928,
    "power": 0.8654845458679056,
    "efficiency": 0.8693154295789753,
    "safety": 0.7296333393339987,
    "overall": 0.6661739607968257,
    "shoulder": 0.9330903212615123,
    "elbow": 0.9910740273416283,
    "wrist": 0.8487673298478637,
    "hip": 0.9888684419441932,
    "knee": 0.7134802717298738,
    "ankle": 0.8897339581217878,
    "back": 0.6804871346484097,
    "neck": 0.6215256136055624
  },
  "recommendations": {
    "form": "Focus on maintaining proper joint angles during movement",
    "alignment": "Good alignment, maintain current technique",
    "stability": "Good stability, continue with current technique",
    "power": "Consider increasing intensity gradually"
  },
  "safety_considerations": []
}