{
  "power_generation": {
    "explosiveness": 0.6231280302290509,
    "force_transfer": 0.8174894948740791,
    "efficiency": 0.5991075059318327
  },
  "technical_metrics": {
    "precision": 0.9431175119545001,
    "consistency": 0.9945570406401328,
    "fluidity": 0.5345717227466054
  },
  "biomechanical_metrics": {
    "joint_loading": 0.8873858309596245,
    "muscle_activation": 0.8241373053156934,
    "energy_efficiency": 0.9671097319142141
  }
}