{
  "key_points": {
    "shoulders": [
      -0.08194774414421785,
      0.6284378502758667,
      -0.0030694219017397134
    ],
    "elbows": [
      -0.0640086349960231,
      0.46736967230577353,
      -0.0012263671094705497
    ],
    "wrists": [
      -0.2416913451926294,
      0.4038240986927081,
      -0.09967114017447523
    ],
    "hips": [
      -0.036995558810557716,
      0.4613097971422731,
      -0.062225127363403666
    ],
    "knees": [
      0.28240519847342055,
      0.3691558280758201,
      0.0918595968459068
    ],
    "ankles": [
      0.3492107927177627,
      0.21740265249900437,
      0.07315300577233896
    ]
  },
  "angles": {
    "knee": 22.800395865270026,
    "hip": 82.41567043248328,
    "shoulder": 27.96087174110182,
    "elbow": 53.7117992206682
  },
  "analysis_scores": {
    "alignment": 0.8115548834821713,
    "balance": 0.6783696156298816,
    "form": 0.607904336935146,
    "stability": 0.9094076434318001,
    "coordination": 0.8320732542438918,
    "precision": 0.643869971246977,
    "power": 0.9761880286852418,
    "efficiency": 0.9887956522729112,
    "safety": 0.6616118104366102,
    "overall": 0.9408683918565759,
    "shoulder": 0.739570126994286,
    "elbow": 0.7084709869699258,
    "wrist": 0.8429294123975059,
    "hip": 0.8379787990370755,
    "knee": 0.9040623810306282,
    "ankle": 0.7206336060199247,
    "back": 0.7508891142673642,
    "neck": 0.7780881721798152
  },
  "recommendations": {
    "form": "Good form, continue practicing with current technique",
    "alignment": "Good alignment, maintain current technique",
    "stability": "Good stability, continue with current technique",
    "power": "Consider increasing intensity gradually"
  },
  "safety_considerations": [
    "Focus on proper wrist positioning to prevent strain"
  ]
}