{
  "power_generation": {
    "explosiveness": 0.882826103265492,
    "force_transfer": 0.6556764667707718,
    "efficiency": 0.5010239406089557
  },
  "technical_metrics": {
    "precision": 0.6700435747853941,
    "consistency": 0.6628539604581832,
    "fluidity": 0.8535369752835653
  },
  "biomechanical_metrics": {
    "joint_loading": 0.9983809412375415,
    "muscle_activation": 0.992949578481395,
    "energy_efficiency": 0.6477832343977091
  }
}