{
  "key_points": {
    "shoulders": [
      0.012078427962040561,
      0.6751589882674762,
      -0.09281992973623934
    ],
    "elbows": [
      -0.12302113327897182,
      0.448527614565546,
      -0.01062943601151456
    ],
    "wrists": [
      -0.19295788913809214,
      0.36153983562468694,
      0.07611089606090746
    ],
    "hips": [
      0.10956767661243172,
      0.4918044466706229,
      0.07727708455467794
    ],
    "knees": [
      0.038800182461871946,
      0.3167701424343433,
      -0.08419280179713906
    ],
    "ankles": [
      0.3587035580322153,
      0.2385655963395134,
      -0.01137058878462778
    ]
  },
  "angles": {
    "knee": 77.69391948671405,
    "hip": 107.98526246817353,
    "shoulder": 30.56611145390041,
    "elbow": 68.15019786105309
  },
  "analysis_scores": {
    "alignment": 0.8316051899570038,
    "balance": 0.6295095553558503,
    "form": 0.6529212035636922,
    "stability": 0.9967316463260193,
    "coordination": 0.9436250629018448,
    "precision": 0.7356237322851672,
    "power": 0.9251021221457199,
    "efficiency": 0.7678621272686252,
    "safety": 0.790287629227354,
    "overall": 0.6402614982228457,
    "shoulder": 0.8833679875056581,
    "elbow": 0.8244748721979308,
    "wrist": 0.9570644256048915,
    "hip": 0.8294207235076416,
    "knee": 0.6151524210998751,
    "ankle": 0.7555466095732927,
    "back": 0.8878186367630233,
    "neck": 0.7853444522201132
  },
  "recommendations": {
    "form": "Good form, continue practicing with current technique",
    "alignment": "Work on maintaining symmetrical movement patterns",
    "stability": "Good stability, continue with current technique",
    "power": "Good power output, maintain current intensity"
  },
  "safety_considerations": []
}