{
  "power_generation": {
    "explosiveness": 0.7369400745132583,
    "force_transfer": 0.9688406027212544,
    "efficiency": 0.8883356997350216
  },
  "technical_metrics": {
    "precision": 0.5227469558018774,
    "consistency": 0.5110409479882054,
    "fluidity": 0.6108249095902399
  },
  "biomechanical_metrics": {
    "joint_loading": 0.7355073754156087,
    "muscle_activation": 0.5014212089286624,
    "energy_efficiency": 0.6240420009433789
  }
}