{
  "key_points": {
    "shoulders": [
      -0.04841003038210792,
      0.548746893961175,
      0.09161917445155737
    ],
    "elbows": [
      -0.20939979266686445,
      0.5128910778882891,
      0.04362522598915494
    ],
    "wrists": [
      -0.06251638484592326,
      0.4955522485634926,
      -0.0473142767638598
    ],
    "hips": [
      0.12148727242595642,
      0.3815426610274549,
      0.04021423298957874
    ],
    "knees": [
      -0.02170468598873526,
      0.20059687346750463,
      -0.055758240878719105
    ],
    "ankles": [
      0.19418539884220853,
      0.1463956207511471,
      0.021411895755679478
    ]
  },
  "angles": {
    "knee": 60.50302374284662,
    "hip": 81.61494263339627,
    "shoulder": 80.28319629458576,
    "elbow": 152.37926811542928
  },
  "analysis_scores": {
    "alignment": 0.9172131957757821,
    "balance": 0.6251588211588118,
    "form": 0.7216150140267175,
    "stability": 0.7063007616429652,
    "coordination": 0.6383800382398843,
    "precision": 0.7996354514282675,
    "power": 0.780624628705797,
    "efficiency": 0.700272188231727,
    "safety": 0.7108509860528013,
    "overall": 0.8497817885503147,
    "shoulder": 0.9193162641463902,
    "elbow": 0.7793158766054777,
    "wrist": 0.7205366610150561,
    "hip": 0.8354467491711361,
    "knee": 0.783652001667092,
    "ankle": 0.6522359827066683,
    "back": 0.9657464809753669,
    "neck": 0.8984438204036689
  },
  "recommendations": {
    "form": "Good form, continue practicing with current technique",
    "alignment": "Work on maintaining symmetrical movement patterns",
    "stability": "Good stability, continue with current technique",
    "power": "Good power output, maintain current intensity"
  },
  "safety_considerations": [
    "Focus on proper hip positioning for power generation"
  ]
}