{
  "power_generation": {
    "explosiveness": 0.7026074404803317,
    "force_transfer": 0.872324907750111,
    "efficiency": 0.7130644150798432
  },
  "technical_metrics": {
    "precision": 0.8442815880198988,
    "consistency": 0.8028972676791022,
    "fluidity": 0.755327157131221
  },
  "biomechanical_metrics": {
    "joint_loading": 0.7235180507872138,
    "muscle_activation": 0.7341482609468493,
    "energy_efficiency": 0.7979807919635763
  }
}