{
  "key_points": {
    "shoulders": [
      -0.1988462282960497,
      0.5071189306923768,
      0.033747864186417675
    ],
    "elbows": [
      0.049561120759262,
      0.5632679010011461,
      -0.08279533145244633
    ],
    "wrists": [
      -0.03254443495749709,
      0.4174414524324433,
      0.04946809062141233
    ],
    "hips": [
      0.16222167986021224,
      0.3523987353177938,
      0.06771853524077126
    ],
    "knees": [
      -0.2292567112460032,
      0.22820197983980342,
      -0.026347700404189198
    ],
    "ankles": [
      0.3202589770468195,
      0.15642866846255044,
      0.07621943166749892
    ]
  },
  "angles": {
    "knee": 53.086983898433644,
    "hip": 137.0924558767078,
    "shoulder": 38.140311952649085,
    "elbow": 114.323747507519
  },
  "analysis_scores": {
    "alignment": 0.8699784016380374,
    "balance": 0.7101571796763491,
    "form": 0.6613784445877893,
    "stability": 0.7299697378877632,
    "coordination": 0.8647798709266903,
    "precision": 0.6602933093405501,
    "power": 0.9781048243980104,
    "efficiency": 0.6862622674769314,
    "safety": 0.6645067912119784,
    "overall": 0.806689417628923,
    "shoulder": 0.7802298054990291,
    "elbow": 0.8205315643695568,
    "wrist": 0.7445725206982391,
    "hip": 0.8394636136401072,
    "knee": 0.936275771202174,
    "ankle": 0.609828725292962,
    "back": 0.6117476304880191,
    "neck": 0.6962884438724687
  },
  "recommendations": {
    "form": "Focus on maintaining proper joint angles during movement",
    "alignment": "Good alignment, maintain current technique",
    "stability": "Good stability, continue with current technique",
    "power": "Good power output, maintain current intensity"
  },
  "safety_considerations": []
}