{
  "power_generation": {
    "explosiveness": 0.9036067987464762,
    "force_transfer": 0.6642377159246337,
    "efficiency": 0.7250320001745929
  },
  "technical_metrics": {
    "precision": 0.8624253894734973,
    "consistency": 0.6192817645771573,
    "fluidity": 0.9433361659939075
  },
  "biomechanical_metrics": {
    "joint_loading": 0.8880559804814401,
    "muscle_activation": 0.9050437683794672,
    "energy_efficiency": 0.7489258813680281
  }
}