{
  "key_points": {
    "shoulders": [
      -0.1557024612937258,
      0.5638010883011207,
      -0.08391491338601001
    ],
    "elbows": [
      -0.0971784441578443,
      0.5934362945962632,
      0.07303591060165124
    ],
    "wrists": [
      0.011775136747897208,
      0.3245568781632085,
      -0.04954462049616733
    ],
    "hips": [
      0.01015150517198235,
      0.4182132456611989,
      -0.051278835031713425
    ],
    "knees": [
      -0.2344024944081266,
      0.3317081907982301,
      -0.050123374073630635
    ],
    "ankles": [
      0.02094268797761245,
      0.15247552985206514,
      -0.015317205938517459
    ]
  },
  "angles": {
    "knee": 62.14831937020165,
    "hip": 36.80225088972304,
    "shoulder": 75.11414598919073,
    "elbow": 8.500340380764609
  },
  "analysis_scores": {
    "alignment": 0.859945994985531,
    "balance": 0.9614939551286764,
    "form": 0.8220037591618222,
    "stability": 0.8892163961934823,
    "coordination": 0.7571460916713383,
    "precision": 0.9088804974400684,
    "power": 0.9386802678225183,
    "efficiency": 0.7725765393786754,
    "safety": 0.9124015282250612,
    "overall": 0.7055899380750469,
    "shoulder": 0.8227750672200709,
    "elbow": 0.6572115877052543,
    "wrist": 0.9394398076780637,
    "hip": 0.8601858253102788,
    "knee": 0.8998009802386029,
    "ankle": 0.8266132367501375,
    "back": 0.8702238498689152,
    "neck": 0.9150749342704529
  },
  "recommendations": {
    "form": "Good form, continue practicing with current technique",
    "alignment": "Work on maintaining symmetrical movement patterns",
    "stability": "Focus on maintaining proper posture and balance",
    "power": "Consider increasing intensity gradually"
  },
  "safety_considerations": [
    "Maintain proper hip alignment to prevent injury"
  ]
}