{
  "power_generation": {
    "explosiveness": 0.7894281408491804,
    "force_transfer": 0.9132956618374124,
    "efficiency": 0.7752443038960783
  },
  "technical_metrics": {
    "precision": 0.637984900480884,
    "consistency": 0.664747149361893,
    "fluidity": 0.6060928049054407
  },
  "biomechanical_metrics": {
    "joint_loading": 0.833893281626346,
    "muscle_activation": 0.6650960849923301,
    "energy_efficiency": 0.9265517746581717
  }
}