{
  "key_points": {
    "shoulders": [
      0.14132273996997124,
      0.5756210567774744,
      0.016075163403006604
    ],
    "elbows": [
      0.177159810419468,
      0.5245027562239117,
      -0.061320082498148756
    ],
    "wrists": [
      -0.17980953629192503,
      0.3740382673622305,
      0.09632643943566502
    ],
    "hips": [
      0.16001288592086338,
      0.4203667797937521,
      0.0014179561122175527
    ],
    "knees": [
      0.123479319240962,
      0.37148322790585026,
      -0.028305672218498223
    ],
    "ankles": [
      0.08733537462895802,
      0.1732775339334787,
      0.06038381845510804
    ]
  },
  "angles": {
    "knee": 89.40575389134997,
    "hip": 132.5607376220183,
    "shoulder": 70.89690044910523,
    "elbow": 124.59886217545234
  },
  "analysis_scores": {
    "alignment": 0.7809067168955954,
    "balance": 0.6412249130024029,
    "form": 0.7835813101639515,
    "stability": 0.7982544186056711,
    "coordination": 0.7067306652940688,
    "precision": 0.8323823560944563,
    "power": 0.7637863327997361,
    "efficiency": 0.7828621699860009,
    "safety": 0.7882749881055191,
    "overall": 0.8115775318061567,
    "shoulder": 0.7604238824521279,
    "elbow": 0.847219552089904,
    "wrist": 0.6004743788628318,
    "hip": 0.8548143803808821,
    "knee": 0.9054232414428196,
    "ankle": 0.8281774492801509,
    "back": 0.8021218060543926,
    "neck": 0.9201890309708114
  },
  "recommendations": {
    "form": "Good form, continue practicing with current technique",
    "alignment": "Good alignment, maintain current technique",
    "stability": "Focus on maintaining proper posture and balance",
    "power": "Consider increasing intensity gradually"
  },
  "safety_considerations": []
}