{
  "power_generation": {
    "explosiveness": 0.8809424668305215,
    "force_transfer": 0.9297018883833517,
    "efficiency": 0.5482856032263135
  },
  "technical_metrics": {
    "precision": 0.6526321192320871,
    "consistency": 0.9907183033553947,
    "fluidity": 0.6299631944562345
  },
  "biomechanical_metrics": {
    "joint_loading": 0.5503462451736172,
    "muscle_activation": 0.6390581174621002,
    "energy_efficiency": 0.8827238703031612
  }
}