{
  "key_points": {
    "shoulders": [
      -0.2085371121250455,
      0.6441783026940388,
      0.10410063557571009
    ],
    "elbows": [
      -0.2833218851208794,
      0.4025393331555042,
      0.049967354449896695
    ],
    "wrists": [
      0.4385382344304767,
      0.36989206150353054,
      -0.18755731914797302
    ],
    "hips": [
      0.2603073706224384,
      0.41883756674790146,
      -0.05256433755556339
    ]
  },
  "angles": {
    "shoulder": 38.20980392620342,
    "elbow": 125.27075461363754
  },
  "analysis_scores": {
    "alignment": 0.9506816311723069,
    "balance": 0.8445801107598989,
    "form": 0.9824734082898168,
    "stability": 0.7086074620234424,
    "coordination": 0.6415133552588438,
    "precision": 0.7501718889777199,
    "power": 0.9062849016155967,
    "efficiency": 0.8406196555508598,
    "safety": 0.8345108355422484,
    "overall": 0.9979278868730161,
    "shoulder": 1.0,
    "elbow": 0.8152187582949044,
    "wrist": 0.786930697706604,
    "hip": 0.6942793783153679,
    "knee": 0.6723365477202391,
    "ankle": 0.6037531680106413,
    "back": 0.6173303547901448,
    "neck": 0.6982462963238146
  },
  "recommendations": {
    "form": "Focus on maintaining proper joint angles during movement",
    "alignment": "Good alignment, maintain current technique",
    "stability": "Good stability, continue with current technique",
    "power": "Consider increasing intensity gradually"
  },
  "safety_considerations": []
}