{
  "power_generation": {
    "explosiveness": 0.6647838362223518,
    "force_transfer": 0.8971426952489816,
    "efficiency": 0.8393699228802047
  },
  "technical_metrics": {
    "precision": 0.7316894283973836,
    "consistency": 0.8311603455253221,
    "fluidity": 0.772090358194329
  },
  "biomechanical_metrics": {
    "joint_loading": 0.8056290373123227,
    "muscle_activation": 0.5683849053774637,
    "energy_efficiency": 0.5670429835981344
  }
}