{
  "power_generation": {
    "explosiveness": 0.5135634667756606,
    "force_transfer": 0.9114420760547527,
    "efficiency": 0.623452478003345
  },
  "technical_metrics": {
    "precision": 0.6492028573412665,
    "consistency": 0.6085936299233305,
    "fluidity": 0.9977140531313746
  },
  "biomechanical_metrics": {
    "joint_loading": 0.6399186362205461,
    "muscle_activation": 0.8333953661129071,
    "energy_efficiency": 0.7221037195472115
  }
}