{
  "key_points": {
    "shoulders": [
      0.04462960685696776,
      0.5948219276090004,
      -0.023849305878591173
    ],
    "elbows": [
      0.265516075120837,
      0.40393259994698383,
      -0.01776304033714582
    ],
    "wrists": [
      0.05489830831552717,
      0.437835404476652,
      0.08960115528990362
    ],
    "hips": [
      0.0014214628777006744,
      0.38091157281813437,
      -0.09261115412290535
    ],
    "knees": [
      0.049810701752474595,
      0.2901071907398612,
      0.004808547440712713
    ],
    "ankles": [
      0.02688063637270438,
      0.23602941924607904,
      0.011046115607751997
    ]
  },
  "angles": {
    "knee": 148.15308032545613,
    "hip": 98.63373392107314,
    "shoulder": 44.589317403436596,
    "elbow": 148.19482899296193
  },
  "analysis_scores": {
    "alignment": 0.7233152895106719,
    "balance": 0.9174319814802872,
    "form": 0.8462499818098208,
    "stability": 0.738344799684802,
    "coordination": 0.8489758147453896,
    "precision": 0.8891935358559903,
    "power": 0.652152831087912,
    "efficiency": 0.8785091642819904,
    "safety": 0.8473246679192636,
    "overall": 0.6884745911328408,
    "shoulder": 0.9233345834010745,
    "elbow": 0.9312390494456442,
    "wrist": 0.9429866163137186,
    "hip": 0.8135346912777967,
    "knee": 0.9731351192438709,
    "ankle": 0.9680255857930086,
    "back": 0.7080870116123618,
    "neck": 0.7089244068378387
  },
  "recommendations": {
    "form": "Good form, continue practicing with current technique",
    "alignment": "Good alignment, maintain current technique",
    "stability": "Good stability, continue with current technique",
    "power": "Good power output, maintain current intensity"
  },
  "safety_considerations": []
}