{
  "power_generation": {
    "explosiveness": 0.7978530859418478,
    "force_transfer": 0.9590200419868089,
    "efficiency": 0.9614853116735125
  },
  "technical_metrics": {
    "precision": 0.9659304283421832,
    "consistency": 0.9338310612578429,
    "fluidity": 0.5148030637407575
  },
  "biomechanical_metrics": {
    "joint_loading": 0.8576897547312867,
    "muscle_activation": 0.6853494656349428,
    "energy_efficiency": 0.9451286964953183
  }
}