{
  "key_points": {
    "shoulders": [
      0.1879617076473577,
      0.6571483675293104,
      0.12455962903035411
    ],
    "elbows": [
      0.16122996719753846,
      0.4915562510141908,
      0.12432950084723443
    ],
    "wrists": [
      -0.06721367029527214,
      0.35835164891996235,
      -0.15622368598665257
    ],
    "hips": [
      -0.08141883520992144,
      0.42278821547151146,
      -0.06579830985177801
    ]
  },
  "angles": {
    "shoulder": 43.302795926467454,
    "elbow": 36.4575934811349
  },
  "analysis_scores": {
    "alignment": 0.9552520002689262,
    "balance": 0.8321833853686235,
    "form": 0.6259233183891535,
    "stability": 0.9811650084931801,
    "coordination": 0.8761360122893818,
    "precision": 0.6383552977325735,
    "power": 0.883952875129835,
    "efficiency": 0.9916614440993043,
    "safety": 0.9965143429965402,
    "overall": 0.8712656699925623,
    "shoulder": 1.0,
    "elbow": 1.0,
    "wrist": 1.0,
    "hip": 0.7854310488158168,
    "knee": 0.806256369470864,
    "ankle": 0.8417703541878725,
    "back": 0.9366940979618681,
    "neck": 0.8120653830563651
  },
  "recommendations": {
    "form": "Good form, continue practicing with current technique",
    "alignment": "Good alignment, maintain current technique",
    "stability": "Good stability, continue with current technique",
    "power": "Good power output, maintain current intensity"
  },
  "safety_considerations": []
}