{
  "power_generation": {
    "explosiveness": 0.6107720365930659,
    "force_transfer": 0.9874197661469875,
    "efficiency": 0.7520371670362298
  },
  "technical_metrics": {
    "precision": 0.701391982074549,
    "consistency": 0.7449463730489159,
    "fluidity": 0.5278559955508881
  },
  "biomechanical_metrics": {
    "joint_loading": 0.8078036213929025,
    "muscle_activation": 0.6645500631650741,
    "energy_efficiency": 0.5904995714730488
  }
}