{
  "key_points": {
    "shoulders": [
      -0.10587308127856927,
      0.6914438776841713,
      0.09162083227835643
    ],
    "elbows": [
      0.047445597365489034,
      0.4324266772798523,
      -0.04370021144287999
    ],
    "wrists": [
      0.04861609821366886,
      0.42841496618197705,
      0.06184462494798648
    ],
    "hips": [
      0.002683087111364252,
      0.3393499990663189,
      0.05209549793364504
    ],
    "knees": [
      -0.09473007799677638,
      0.21065771888804233,
      0.05630627931681584
    ],
    "ankles": [
      0.12968362909236453,
      0.10880301216609514,
      0.06380623844866315
    ]
  },
  "angles": {
    "knee": 56.67418866556982,
    "hip": 140.04218720519546,
    "shoulder": 38.87294181875612,
    "elbow": 67.96454006041364
  },
  "analysis_scores": {
    "alignment": 0.8848092391300859,
    "balance": 0.6969932242741188,
    "form": 0.7932856576616842,
    "stability": 0.7495277506720067,
    "coordination": 0.6827966841003679,
    "precision": 0.8965062370102127,
    "power": 0.7308060640498264,
    "efficiency": 0.8129229668293205,
    "safety": 0.7023840500449281,
    "overall": 0.7807582180653807,
    "shoulder": 0.9280558338660034,
    "elbow": 0.6326530133385109,
    "wrist": 0.9666792380288817,
    "hip": 0.8146726225087025,
    "knee": 0.6424958389648087,
    "ankle": 0.723648209702984,
    "back": 0.9531595512756416,
    "neck": 0.7070420819953804
  },
  "recommendations": {
    "form": "Good form, continue practicing with current technique",
    "alignment": "Work on maintaining symmetrical movement patterns",
    "stability": "Good stability, continue with current technique",
    "power": "Good power output, maintain current intensity"
  },
  "safety_considerations": [
    "Ensure proper kick technique to prevent knee injuries"
  ]
}