{
  "power_generation": {
    "explosiveness": 0.5504172324373157,
    "force_transfer": 0.5090550552552393,
    "efficiency": 0.9178817109681344
  },
  "technical_metrics": {
    "precision": 0.6971308970296275,
    "consistency": 0.9565906881006414,
    "fluidity": 0.6966878864958803
  },
  "biomechanical_metrics": {
    "joint_loading": 0.6540313400299457,
    "muscle_activation": 0.7885905695821123,
    "energy_efficiency": 0.7411601500745597
  }
}