{
  "key_points": {
    "shoulders": [
      -0.03272853675269882,
      0.5018391820668375,
      -0.030257967552583212
    ],
    "elbows": [
      -0.06329930803603917,
      0.5112908374809824,
      -0.08008518404316903
    ],
    "wrists": [
      0.07549378062684636,
      0.3262898195785891,
      0.053153891881081605
    ],
    "hips": [
      0.09424845502223411,
      0.31873159903431025,
      0.003565143888431918
    ],
    "knees": [
      -0.26002945987593634,
      0.3061798780581442,
      -0.040766744197148166
    ],
    "ankles": [
      -0.2002668281743473,
      0.20205814413269835,
      -0.027149347476927585
    ]
  },
  "angles": {
    "knee": 58.65658084948159,
    "hip": 91.83927061638548,
    "shoulder": 46.25291205543165,
    "elbow": 40.64463111414048
  },
  "analysis_scores": {
    "alignment": 0.8049504883376005,
    "balance": 0.790598126154662,
    "form": 0.726701441897628,
    "stability": 0.6964145156009904,
    "coordination": 0.9071339883330007,
    "precision": 0.7023761841444929,
    "power": 0.8559763513695022,
    "efficiency": 0.8890651702807937,
    "safety": 0.6483263957964035,
    "overall": 0.7601527792035605,
    "shoulder": 0.9586266818030851,
    "elbow": 0.9713559826098068,
    "wrist": 0.7450767916707257,
    "hip": 0.7632917358228469,
    "knee": 0.6705578979700676,
    "ankle": 0.7345615206099497,
    "back": 0.994948900553815,
    "neck": 0.9912121607528792
  },
  "recommendations": {
    "form": "Focus on maintaining proper joint angles during movement",
    "alignment": "Good alignment, maintain current technique",
    "stability": "Good stability, continue with current technique",
    "power": "Good power output, maintain current intensity"
  },
  "safety_considerations": [
    "Maintain proper hip alignment to prevent injury"
  ]
}