{
  "power_generation": {
    "explosiveness": 0.8907673396728486,
    "force_transfer": 0.8984019077800829,
    "efficiency": 0.6116920400744948
  },
  "technical_metrics": {
    "precision": 0.9782159318631027,
    "consistency": 0.5055151959342847,
    "fluidity": 0.5409649918718427
  },
  "biomechanical_metrics": {
    "joint_loading": 0.6740867962348316,
    "muscle_activation": 0.5572556324339396,
    "energy_efficiency": 0.6609885556044959
  }
}