{
  "key_points": {
    "shoulders": [
      -0.09092965737178225,
      0.5323249953764472,
      0.04757505498994702
    ],
    "elbows": [
      -0.05879851338770392,
      0.4381983175395656,
      -0.010704157799507258
    ],
    "wrists": [
      -0.3140947467783649,
      0.4843586978760292,
      0.04040908558386566
    ],
    "hips": [
      -0.17396534491818139,
      0.46839356389968057,
      -0.05790303399074759
    ],
    "knees": [
      0.10687234800071027,
      0.34226104293287163,
      0.03271412304780197
    ],
    "ankles": [
      0.1927851870999997,
      0.2764215088618019,
      -0.08494305469387704
    ]
  },
  "angles": {
    "knee": 22.47856518792973,
    "hip": 51.71173358824184,
    "shoulder": 44.78970830311787,
    "elbow": 125.31804488261714
  },
  "analysis_scores": {
    "alignment": 0.8761234797884239,
    "balance": 0.7177642436152812,
    "form": 0.9361177291347007,
    "stability": 0.9542857064935748,
    "coordination": 0.8677753161718207,
    "precision": 0.8116732037355585,
    "power": 0.8949823543724096,
    "efficiency": 0.6871433163158893,
    "safety": 0.9683489030695475,
    "overall": 0.8957863648061242,
    "shoulder": 0.8649173621159157,
    "elbow": 0.9340620909961559,
    "wrist": 0.8782605027172148,
    "hip": 0.9072948581805795,
    "knee": 0.646608544453788,
    "ankle": 0.7661436824732737,
    "back": 0.6909039561977035,
    "neck": 0.733668628953143
  },
  "recommendations": {
    "form": "Focus on maintaining proper joint angles during movement",
    "alignment": "Good alignment, maintain current technique",
    "stability": "Good stability, continue with current technique",
    "power": "Good power output, maintain current intensity"
  },
  "safety_considerations": [
    "Maintain proper wrist alignment to prevent strain"
  ]
}