{
  "power_generation": {
    "explosiveness": 0.6372279689244504,
    "force_transfer": 0.8856068337547924,
    "efficiency": 0.7330137210211287
  },
  "technical_metrics": {
    "precision": 0.8197681914636354,
    "consistency": 0.6795397365077904,
    "fluidity": 0.9833441833416736
  },
  "biomechanical_metrics": {
    "joint_loading": 0.8333616528349663,
    "muscle_activation": 0.8757243367049419,
    "energy_efficiency": 0.9386590686571017
  }
}