{
  "key_points": {
    "shoulders": [
      0.04724453101400386,
      0.5202190947118751,
      0.03785528237948704
    ],
    "elbows": [
      0.29103271516898616,
      0.542001045088836,
      -0.04914551880626168
    ],
    "wrists": [
      0.17457073358947262,
      0.49979264647526356,
      0.02611618202708138
    ],
    "hips": [
      -0.0791642960006874,
      0.4238661388504248,
      -0.0538303004595196
    ],
    "knees": [
      0.15391819458107187,
      0.3629224381406865,
      0.09334583668192425
    ],
    "ankles": [
      0.37337703781615106,
      0.18836591698225957,
      0.07166300311839766
    ]
  },
  "angles": {
    "knee": 45.409442015821355,
    "hip": 74.75357250184823,
    "shoulder": 64.28446293853386,
    "elbow": 125.95620627875083
  },
  "analysis_scores": {
    "alignment": 0.6320556552521267,
    "balance": 0.7271861254843188,
    "form": 0.9574506116339919,
    "stability": 0.9569234584403146,
    "coordination": 0.7899119377466695,
    "precision": 0.7717376521634002,
    "power": 0.7939936572641296,
    "efficiency": 0.7392871530264896,
    "safety": 0.84347374573353,
    "overall": 0.872711404620025,
    "shoulder": 0.9642464857848461,
    "elbow": 0.7878820948438928,
    "wrist": 0.9639352493061828,
    "hip": 0.7629024170134445,
    "knee": 0.9400539637095121,
    "ankle": 0.864497885054825,
    "back": 0.9639236548535596,
    "neck": 0.8085134625540777
  },
  "recommendations": {
    "form": "Good form, continue practicing with current technique",
    "alignment": "Good alignment, maintain current technique",
    "stability": "Good stability, continue with current technique",
    "power": "Good power output, maintain current intensity"
  },
  "safety_considerations": [
    "Focus on proper shoulder rotation to prevent swimmer's shoulder",
    "Maintain proper hip alignment to prevent lower back strain",
    "Ensure proper kick technique to prevent knee injuries"
  ]
}