{
  "power_generation": {
    "explosiveness": 0.6146917864510492,
    "force_transfer": 0.5251635393204399,
    "efficiency": 0.624822049461482
  },
  "technical_metrics": {
    "precision": 0.9940899354470802,
    "consistency": 0.6083158315697432,
    "fluidity": 0.7354309746416537
  },
  "biomechanical_metrics": {
    "joint_loading": 0.5070288970578019,
    "muscle_activation": 0.5461187257513535,
    "energy_efficiency": 0.6918041392591538
  }
}