{
  "key_points": {
    "shoulders": [
      -0.04352100183470142,
      0.5180056563626338,
      -0.014939512099433089
    ],
    "elbows": [
      -0.13492181966904684,
      0.4535009455314072,
      -0.09026182787829146
    ],
    "wrists": [
      -0.16512478172323927,
      0.31861069536765757,
      -0.027406460254465387
    ],
    "hips": [
      -0.09311989444951295,
      0.4638986855134888,
      0.06927787985457293
    ],
    "knees": [
      0.2186855736952687,
      0.27909539180229137,
      0.06990885092512644
    ],
    "ankles": [
      0.13321545822458525,
      0.253407174348274,
      -0.06549363798259658
    ]
  },
  "angles": {
    "knee": 56.896306477629196,
    "hip": 83.64863325884956,
    "shoulder": 31.6567892150771,
    "elbow": 96.818868963259
  },
  "analysis_scores": {
    "alignment": 0.7598544590614409,
    "balance": 0.9592283209245364,
    "form": 0.9645662355799607,
    "stability": 0.714073290287986,
    "coordination": 0.6707289195496539,
    "precision": 0.9839588099530276,
    "power": 0.7676747581701295,
    "efficiency": 0.607412164636972,
    "safety": 0.9468429829497766,
    "overall": 0.908267499360139,
    "shoulder": 0.8349325494329679,
    "elbow": 0.742805097304639,
    "wrist": 0.7900757294347621,
    "hip": 0.6671729106038301,
    "knee": 0.8444994523890196,
    "ankle": 0.6835091252406801,
    "back": 0.7239276908146498,
    "neck": 0.7975118228387317
  },
  "recommendations": {
    "form": "Good form, continue practicing with current technique",
    "alignment": "Work on maintaining symmetrical movement patterns",
    "stability": "Focus on maintaining proper posture and balance",
    "power": "Good power output, maintain current intensity"
  },
  "safety_considerations": []
}