{
  "power_generation": {
    "explosiveness": 0.5235877348358857,
    "force_transfer": 0.9733624050124079,
    "efficiency": 0.6746739180213618
  },
  "technical_metrics": {
    "precision": 0.5593316883876379,
    "consistency": 0.8337474108807765,
    "fluidity": 0.7588087280693954
  },
  "biomechanical_metrics": {
    "joint_loading": 0.9407073652657512,
    "muscle_activation": 0.8493908026899167,
    "energy_efficiency": 0.7314494571701581
  }
}