{
  "key_points": {
    "shoulders": [
      -0.03485914386851474,
      0.6915528296216438,
      0.1289393817215037
    ],
    "hips": [
      -0.24784163225209277,
      0.45617525008099097,
      -0.08629907372414283
    ],
    "knees": [
      -0.19396335214372828,
      0.3696988381195817,
      -0.04111535900328142
    ],
    "ankles": [
      0.28744032301555766,
      0.38021349800390447,
      -0.07444468419197331
    ]
  },
  "angles": {
    "knee": 83.48704973061409,
    "hip": 113.0418403047523,
    "shoulder": 67.51435359964582
  },
  "analysis_scores": {
    "alignment": 0.7211757835345739,
    "balance": 0.8890806993891374,
    "form": 0.89148166739743,
    "stability": 0.9198006889781315,
    "coordination": 0.759769726334691,
    "precision": 0.8084950207160997,
    "power": 0.9943130591306774,
    "efficiency": 0.6350032989600156,
    "safety": 0.73312254554665,
    "overall": 0.873812547476955,
    "shoulder": 0.7984190441295058,
    "elbow": 0.8906095052572804,
    "wrist": 0.7943739155735776,
    "hip": 0.7382409991900624,
    "knee": 1.0,
    "ankle": 0.9906419710621035,
    "back": 0.8889629986350052,
    "neck": 0.6461996220539536
  },
  "recommendations": {
    "form": "Good form, continue practicing with current technique",
    "alignment": "Work on maintaining symmetrical movement patterns",
    "stability": "Good stability, continue with current technique",
    "power": "Good power output, maintain current intensity"
  },
  "safety_considerations": []
}