{
  "power_generation": {
    "explosiveness": 0.8615640760797939,
    "force_transfer": 0.9995840188015546,
    "efficiency": 0.9241149611614918
  },
  "technical_metrics": {
    "precision": 0.8704864724855934,
    "consistency": 0.5119811578443896,
    "fluidity": 0.513580801973117
  },
  "biomechanical_metrics": {
    "joint_loading": 0.6610053719262978,
    "muscle_activation": 0.5596472720820219,
    "energy_efficiency": 0.5034512929462192
  }
}