{
  "key_points": {
    "shoulders": [
      -0.13019132016035045,
      0.6695055652007244,
      0.024956021014453156
    ],
    "elbows": [
      0.1134261070616916,
      0.5174015648675497,
      -0.07060613431821142
    ],
    "wrists": [
      -0.006073906862632039,
      0.41411443791886854,
      0.07712806713601753
    ],
    "hips": [
      -0.17528400908402478,
      0.40795786824536273,
      0.01261075719708582
    ],
    "knees": [
      -0.015206790325848929,
      0.23043511447902404,
      -0.009824313735709758
    ],
    "ankles": [
      0.20982883067199565,
      0.21088049334576375,
      0.0891302598148758
    ]
  },
  "angles": {
    "knee": 46.64964932133859,
    "hip": 72.35084272242305,
    "shoulder": 70.08265016948127,
    "elbow": 147.86334357384575
  },
  "analysis_scores": {
    "alignment": 0.6378577654495559,
    "balance": 0.8443810038740602,
    "form": 0.963756331337176,
    "stability": 0.8906355283639414,
    "coordination": 0.8168977527962885,
    "precision": 0.6320987462227009,
    "power": 0.8804146549986727,
    "efficiency": 0.7046665421262721,
    "safety": 0.7664931953290146,
    "overall": 0.6648367556839556,
    "shoulder": 0.9724390920923174,
    "elbow": 0.9298642020087678,
    "wrist": 0.688796244351767,
    "hip": 0.6077183458012031,
    "knee": 0.9214966038849101,
    "ankle": 0.7257238901345046,
    "back": 0.8085456490871886,
    "neck": 0.7145391458699364
  },
  "recommendations": {
    "form": "Good form, continue practicing with current technique",
    "alignment": "Good alignment, maintain current technique",
    "stability": "Good stability, continue with current technique",
    "power": "Good power output, maintain current intensity"
  },
  "safety_considerations": []
}