{
  "power_generation": {
    "explosiveness": 0.9460214556927571,
    "force_transfer": 0.7039449047230424,
    "efficiency": 0.7554079610156952
  },
  "technical_metrics": {
    "precision": 0.9327860939742771,
    "consistency": 0.7417809603274189,
    "fluidity": 0.5759670272853052
  },
  "biomechanical_metrics": {
    "joint_loading": 0.5447671182179337,
    "muscle_activation": 0.7989929274631953,
    "energy_efficiency": 0.7277811504078189
  }
}