{
  "key_points": {
    "shoulders": [
      -0.10262289704157013,
      0.5921968100319173,
      -0.08693359824831688
    ],
    "elbows": [
      0.2546302762354949,
      0.5549492335419692,
      0.0772159398074457
    ],
    "wrists": [
      0.29021851236856866,
      0.4193615493135636,
      0.05940973636888772
    ],
    "hips": [
      -0.04821675469598691,
      0.4466320033236454,
      -0.09322413949042825
    ],
    "knees": [
      -0.08333678554450583,
      0.35113172558750544,
      -0.03325570008547689
    ],
    "ankles": [
      0.22887671313901292,
      0.21032237737591591,
      0.0554912633706624
    ]
  },
  "angles": {
    "knee": 94.48637645916358,
    "hip": 79.19938332477818,
    "shoulder": 59.909226247958074,
    "elbow": 126.85374771822585
  },
  "analysis_scores": {
    "alignment": 0.7800051333581202,
    "balance": 0.6792563275109869,
    "form": 0.6295286303921132,
    "stability": 0.7799628343411008,
    "coordination": 0.7457710396768988,
    "precision": 0.6600487400601128,
    "power": 0.8151471281832191,
    "efficiency": 0.7047845770220937,
    "safety": 0.7233769726969814,
    "overall": 0.6127511999829646,
    "shoulder": 0.8684524977030716,
    "elbow": 0.6970737932793998,
    "wrist": 0.6755150031503654,
    "hip": 0.7225674180041097,
    "knee": 0.9268063962117916,
    "ankle": 0.7154902565460335,
    "back": 0.972067372771605,
    "neck": 0.9169847140214307
  },
  "recommendations": {
    "form": "Focus on maintaining proper joint angles during movement",
    "alignment": "Good alignment, maintain current technique",
    "stability": "Focus on maintaining proper posture and balance",
    "power": "Good power output, maintain current intensity"
  },
  "safety_considerations": []
}