{
  "power_generation": {
    "explosiveness": 0.9545198510653324,
    "force_transfer": 0.584413736541046,
    "efficiency": 0.9136495011622248
  },
  "technical_metrics": {
    "precision": 0.8506667975379667,
    "consistency": 0.6948001733617555,
    "fluidity": 0.552548988481885
  },
  "biomechanical_metrics": {
    "joint_loading": 0.6061717993166358,
    "muscle_activation": 0.9230134919968098,
    "energy_efficiency": 0.7424615096520809
  }
}