{
  "key_points": {
    "shoulders": [
      0.12423881482590138,
      0.5653862967369907,
      0.07226415687943782
    ],
    "elbows": [
      0.16328173020410436,
      0.5719109418175428,
      0.09092936759327766
    ],
    "wrists": [
      0.019171060789376526,
      0.42497288297222474,
      -0.021305976284380218
    ],
    "hips": [
      0.1421121687169386,
      0.3451783222238368,
      -0.08558028785619545
    ],
    "knees": [
      5.5011200824184314e-05,
      0.24853491588087026,
      -0.02596225643923933
    ],
    "ankles": [
      0.05409112822844531,
      0.23365813272728306,
      -0.05891977389731889
    ]
  },
  "angles": {
    "knee": 139.37313371825002,
    "hip": 121.24072464389357,
    "shoulder": 22.755613669372686,
    "elbow": 50.664232837148305
  },
  "analysis_scores": {
    "alignment": 0.6402560684440909,
    "balance": 0.975588137460828,
    "form": 0.9805753730106682,
    "stability": 0.7144526030320514,
    "coordination": 0.6571445233225299,
    "precision": 0.9671746818845118,
    "power": 0.9323475514483379,
    "efficiency": 0.8514873866476551,
    "safety": 0.9390066418422561,
    "overall": 0.6506417395299732,
    "shoulder": 0.8483645022768278,
    "elbow": 0.6861883846970752,
    "wrist": 0.8090525220259448,
    "hip": 0.9079688290462319,
    "knee": 0.7046711886195878,
    "ankle": 0.9788075356879513,
    "back": 0.9452343674500907,
    "neck": 0.7366723876960946
  },
  "recommendations": {
    "form": "Good form, continue practicing with current technique",
    "alignment": "Work on maintaining symmetrical movement patterns",
    "stability": "Focus on maintaining proper posture and balance",
    "power": "Good power output, maintain current intensity"
  },
  "safety_considerations": []
}