{
  "power_generation": {
    "explosiveness": 0.6234433880229833,
    "force_transfer": 0.7650550421289892,
    "efficiency": 0.8224864298692975
  },
  "technical_metrics": {
    "precision": 0.6474926611409209,
    "consistency": 0.8613726149652825,
    "fluidity": 0.8897431015757392
  },
  "biomechanical_metrics": {
    "joint_loading": 0.8794669542902325,
    "muscle_activation": 0.7356260373252455,
    "energy_efficiency": 0.5331253513897629
  }
}