{
  "key_points": {
    "shoulders": [
      -0.15238796894147516,
      0.6571131040436385,
      -0.09498195684772588
    ],
    "elbows": [
      0.264181667122437,
      0.43687712997804945,
      -0.032605093694936846
    ],
    "wrists": [
      0.3578908306985259,
      0.446356687830744,
      0.011881867199863685
    ],
    "hips": [
      0.1001258014389666,
      0.4924530269937709,
      -0.028144686851105633
    ],
    "knees": [
      0.23873423985508685,
      0.22135457245972887,
      -0.07521801670439499
    ],
    "ankles": [
      0.33928560868504487,
      0.1592532642775695,
      0.021300810691193967
    ]
  },
  "angles": {
    "knee": 56.98927609922325,
    "hip": 47.30087850984103,
    "shoulder": 47.52343639786455,
    "elbow": 157.7672489555709
  },
  "analysis_scores": {
    "alignment": 0.9556468582134248,
    "balance": 0.785897347717645,
    "form": 0.9114068356660725,
    "stability": 0.7222891189868789,
    "coordination": 0.7202026828489022,
    "precision": 0.9850705878686835,
    "power": 0.671484482622338,
    "efficiency": 0.7821852150209737,
    "safety": 0.6552660599853283,
    "overall": 0.8338856076301003,
    "shoulder": 0.7972979620359104,
    "elbow": 0.8553391700127767,
    "wrist": 0.7779781983074723,
    "hip": 0.7332188389834605,
    "knee": 0.8556531176752571,
    "ankle": 0.8955642455214545,
    "back": 0.6965519773379036,
    "neck": 0.7790095533517383
  },
  "recommendations": {
    "form": "Good form, continue practicing with current technique",
    "alignment": "Work on maintaining symmetrical movement patterns",
    "stability": "Focus on maintaining proper posture and balance",
    "power": "Good power output, maintain current intensity"
  },
  "safety_considerations": []
}