{
  "key_points": {
    "shoulders": [
      0.14630754021718012,
      0.5399687864622286,
      0.03840630615705892
    ],
    "elbows": [
      -0.17040085145611897,
      0.5909882914286608,
      -0.02746387022900902
    ],
    "wrists": [
      -0.18727778032609185,
      0.40567154802372685,
      -0.07917443696761553
    ],
    "hips": [
      0.05201263078588503,
      0.40709145434384086,
      -0.042113541602158744
    ],
    "knees": [
      -0.037687792356546845,
      0.20241361716804243,
      -0.06696178810655196
    ],
    "ankles": [
      0.3461011012524191,
      0.1190506080097985,
      -0.022499662907646795
    ]
  },
  "angles": {
    "knee": 28.527018272389515,
    "hip": 121.53548524163763,
    "shoulder": 12.739392674644751,
    "elbow": 113.70305149560683
  },
  "analysis_scores": {
    "alignment": 0.6485872388736945,
    "balance": 0.8948620803409766,
    "form": 0.9841598183015645,
    "stability": 0.6818434309328207,
    "coordination": 0.9314657404949009,
    "precision": 0.9087473492150924,
    "power": 0.9501903595677941,
    "efficiency": 0.6407834495991923,
    "safety": 0.852591129815234,
    "overall": 0.7460395593334787,
    "shoulder": 0.7234690933166961,
    "elbow": 0.6193303475846215,
    "wrist": 0.8150539371711114,
    "hip": 0.6779632324634309,
    "knee": 0.9564413371275345,
    "ankle": 0.9085043694422835,
    "back": 0.9368990497415239,
    "neck": 0.7364853909175189
  },
  "recommendations": {
    "form": "Good form, continue practicing with current technique",
    "alignment": "Good alignment, maintain current technique",
    "stability": "Focus on maintaining proper posture and balance",
    "power": "Good power output, maintain current intensity"
  },
  "safety_considerations": [
    "Focus on proper wrist positioning to prevent strain"
  ]
}