{
  "power_generation": {
    "explosiveness": 0.7219404161772411,
    "force_transfer": 0.6169649486229932,
    "efficiency": 0.9185018462962633
  },
  "technical_metrics": {
    "precision": 0.8208070415644191,
    "consistency": 0.6033128017085136,
    "fluidity": 0.8708896053387388
  },
  "biomechanical_metrics": {
    "joint_loading": 0.7496318021540265,
    "muscle_activation": 0.6941071390825908,
    "energy_efficiency": 0.73841279868115
  }
}