{
  "key_points": {
    "shoulders": [
      0.022409826540269323,
      0.6570510115631353,
      -0.07117268808103128
    ],
    "elbows": [
      0.06639112320250334,
      0.5193812979005241,
      -0.009666774343739234
    ],
    "wrists": [
      0.32188627716548934,
      0.46533329478532504,
      0.0745469524093105
    ],
    "hips": [
      0.046041455063183634,
      0.44265759913298414,
      -0.058363523899978925
    ],
    "knees": [
      0.13547409246137432,
      0.20599678107997954,
      0.02424862196718089
    ],
    "ankles": [
      -0.009549924360996331,
      0.24859593170275707,
      -0.044797963185631076
    ]
  },
  "angles": {
    "knee": 115.8757784448482,
    "hip": 82.33159228292105,
    "shoulder": 85.34910687646443,
    "elbow": 135.47995453868165
  },
  "analysis_scores": {
    "alignment": 0.7510471539988255,
    "balance": 0.6218174208057355,
    "form": 0.8043716202070079,
    "stability": 0.8891197951212875,
    "coordination": 0.9912343341967375,
    "precision": 0.940927588007551,
    "power": 0.8650259694058738,
    "efficiency": 0.9767495570699499,
    "safety": 0.9042951928880986,
    "overall": 0.8301950162239605,
    "shoulder": 0.8112226239819336,
    "elbow": 0.759259995451368,
    "wrist": 0.9146603314386565,
    "hip": 0.8468540644689749,
    "knee": 0.9316088830331282,
    "ankle": 0.611117456918943,
    "back": 0.9293188670657837,
    "neck": 0.9049098610188658
  },
  "recommendations": {
    "form": "Good form, continue practicing with current technique",
    "alignment": "Good alignment, maintain current technique",
    "stability": "Good stability, continue with current technique",
    "power": "Consider increasing intensity gradually"
  },
  "safety_considerations": []
}