{
  "power_generation": {
    "explosiveness": 0.9989376125815571,
    "force_transfer": 0.560330527529767,
    "efficiency": 0.553758133156396
  },
  "technical_metrics": {
    "precision": 0.7014295961139891,
    "consistency": 0.5979924292771592,
    "fluidity": 0.8257889156252514
  },
  "biomechanical_metrics": {
    "joint_loading": 0.7191182495728289,
    "muscle_activation": 0.759713470872146,
    "energy_efficiency": 0.8085003020523461
  }
}