{
  "key_points": {
    "shoulders": [
      0.18669338620036224,
      0.5988762596014191,
      0.01317821879485026
    ],
    "elbows": [
      -0.023505277780322464,
      0.5128000962533373,
      -0.09995812164581608
    ],
    "wrists": [
      0.14101352394170485,
      0.31024704948179765,
      0.08655319774350242
    ],
    "hips": [
      -0.025506928468282952,
      0.4706232415621075,
      -0.03470944610593639
    ],
    "knees": [
      0.29043735934472775,
      0.2392811405046668,
      -0.016036513231042743
    ],
    "ankles": [
      -0.08756596888532808,
      0.23567713416595504,
      -0.06902463787291593
    ]
  },
  "angles": {
    "knee": 30.512471821252205,
    "hip": 104.24733092907255,
    "shoulder": 41.0691554448722,
    "elbow": 83.08603613708658
  },
  "analysis_scores": {
    "alignment": 0.8416670853344244,
    "balance": 0.6950390649544627,
    "form": 0.7526884530977237,
    "stability": 0.8563270466605435,
    "coordination": 0.9862423655258334,
    "precision": 0.7706151524899897,
    "power": 0.97728666779908,
    "efficiency": 0.7635914548492431,
    "safety": 0.7164187435211451,
    "overall": 0.613557636689998,
    "shoulder": 0.9178924299709428,
    "elbow": 0.8908565301316311,
    "wrist": 0.6337020436117909,
    "hip": 0.717237280143133,
    "knee": 0.9004755001832094,
    "ankle": 0.8162004575393258,
    "back": 0.6598202320878539,
    "neck": 0.7241038146691438
  },
  "recommendations": {
    "form": "Good form, continue practicing with current technique",
    "alignment": "Good alignment, maintain current technique",
    "stability": "Good stability, continue with current technique",
    "power": "Good power output, maintain current intensity"
  },
  "safety_considerations": []
}