{
  "power_generation": {
    "explosiveness": 0.5012115632187317,
    "force_transfer": 0.8096077896381995,
    "efficiency": 0.6246709359365239
  },
  "technical_metrics": {
    "precision": 0.8485234459627795,
    "consistency": 0.8608999714028989,
    "fluidity": 0.5237397208713697
  },
  "biomechanical_metrics": {
    "joint_loading": 0.8991208329141989,
    "muscle_activation": 0.6037102208796427,
    "energy_efficiency": 0.56902936588729
  }
}