{
  "power_generation": {
    "explosiveness": 0.8546121210225801,
    "force_transfer": 0.9198707123520735,
    "efficiency": 0.6814684879633843
  },
  "technical_metrics": {
    "precision": 0.5870355779874372,
    "consistency": 0.5002324558143026,
    "fluidity": 0.6934037144369734
  },
  "biomechanical_metrics": {
    "joint_loading": 0.5615446772782068,
    "muscle_activation": 0.6810667502760592,
    "energy_efficiency": 0.9800694551739351
  }
}