{
  "key_points": {
    "shoulders": [
      -0.15318303068411,
      0.6796805085682823,
      -0.07692680117288962
    ],
    "elbows": [
      -0.17905556085058505,
      0.44357878201087453,
      0.05728367882446114
    ],
    "wrists": [
      -0.38810481700403837,
      0.3822943046110626,
      0.0048353222545840235
    ],
    "hips": [
      -0.0628792063109018,
      0.47299191260733603,
      -0.07852911292039128
    ],
    "knees": [
      -0.1336358715600985,
      0.3631683992493004,
      0.024333508394634218
    ],
    "ankles": [
      0.06668170808513335,
      0.2380986910966333,
      0.01125086309724685
    ]
  },
  "angles": {
    "knee": 101.38435255764712,
    "hip": 83.22719924080435,
    "shoulder": 42.912707236124604,
    "elbow": 136.7979023327292
  },
  "analysis_scores": {
    "alignment": 0.882589592844307,
    "balance": 0.9586022374737038,
    "form": 0.909482843161738,
    "stability": 0.6814872296634898,
    "coordination": 0.8447627084039201,
    "precision": 0.8548508228326808,
    "power": 0.7156789645691002,
    "efficiency": 0.8793013677021724,
    "safety": 0.8348286452763168,
    "overall": 0.666639436869602,
    "shoulder": 0.7082280917883534,
    "elbow": 0.8057459833367068,
    "wrist": 0.76806902922656,
    "hip": 0.6672588171499932,
    "knee": 0.8423383584427052,
    "ankle": 0.7908270998428412,
    "back": 0.6239199707288664,
    "neck": 0.668168068840509
  },
  "recommendations": {
    "form": "Good form, continue practicing with current technique",
    "alignment": "Work on maintaining symmetrical movement patterns",
    "stability": "Good stability, continue with current technique",
    "power": "Consider increasing intensity gradually"
  },
  "safety_considerations": []
}