{
  "power_generation": {
    "explosiveness": 0.801214384178581,
    "force_transfer": 0.8976687206371241,
    "efficiency": 0.9744192091440848
  },
  "technical_metrics": {
    "precision": 0.9420838219467558,
    "consistency": 0.5217287221685929,
    "fluidity": 0.8373774135569523
  },
  "biomechanical_metrics": {
    "joint_loading": 0.9129991480725262,
    "muscle_activation": 0.7244123733146483,
    "energy_efficiency": 0.6774671007513587
  }
}