{
  "key_points": {
    "shoulders": [
      -0.15478242370698922,
      0.6885684994796942,
      0.09855153201150363
    ],
    "elbows": [
      0.21366541591954796,
      0.4566124271469213,
      -0.016097112884960157
    ],
    "wrists": [
      0.30574857515331766,
      0.4889797637233021,
      0.04933532232085597
    ],
    "hips": [
      0.13006359621343277,
      0.3584227848593816,
      0.001322405905286067
    ],
    "knees": [
      -0.28535981225641965,
      0.29204856537605894,
      -0.0928848461108198
    ],
    "ankles": [
      -0.09344689086977614,
      0.24793025473901179,
      0.02913519234321177
    ]
  },
  "angles": {
    "knee": 118.24958253067402,
    "hip": 88.8219722094221,
    "shoulder": 16.66593443931446,
    "elbow": 119.2100789495635
  },
  "analysis_scores": {
    "alignment": 0.6390848411559266,
    "balance": 0.9761385607258672,
    "form": 0.9083565989504087,
    "stability": 0.9075152791903947,
    "coordination": 0.652176601978056,
    "precision": 0.9718146223256727,
    "power": 0.9799763103024302,
    "efficiency": 0.9034940101124052,
    "safety": 0.7558321742081879,
    "overall": 0.6292385728185788,
    "shoulder": 0.8784816478079941,
    "elbow": 0.7892938853908316,
    "wrist": 0.7857741788036204,
    "hip": 0.9809903715782595,
    "knee": 0.888139358743912,
    "ankle": 0.7468626046441132,
    "back": 0.9393146840467225,
    "neck": 0.6932869752067741
  },
  "recommendations": {
    "form": "Focus on maintaining proper joint angles during movement",
    "alignment": "Good alignment, maintain current technique",
    "stability": "Focus on maintaining proper posture and balance",
    "power": "Consider increasing intensity gradually"
  },
  "safety_considerations": []
}