{
  "power_generation": {
    "explosiveness": 0.9107275463655038,
    "force_transfer": 0.9562668597276021,
    "efficiency": 0.9661810227637158
  },
  "technical_metrics": {
    "precision": 0.5343463599704203,
    "consistency": 0.9339354881026646,
    "fluidity": 0.5553152726127444
  },
  "biomechanical_metrics": {
    "joint_loading": 0.5667154670607197,
    "muscle_activation": 0.5198486851948432,
    "energy_efficiency": 0.5770670525389874
  }
}