{
  "key_points": {
    "shoulders": [
      0.04458184980973581,
      0.5371194217281287,
      0.02793540787123852
    ],
    "elbows": [
      0.02738090052438652,
      0.4996117122476142,
      0.06068430288440965
    ],
    "wrists": [
      -0.10389744067297796,
      0.3057880016841402,
      0.037879322842403085
    ],
    "hips": [
      -0.04994550320788646,
      0.47469865064295136,
      -0.059290545273627406
    ],
    "knees": [
      -0.075174746528854,
      0.21343398509565853,
      0.051055706668193895
    ],
    "ankles": [
      0.2843516176340315,
      0.20988128486528285,
      0.02544848698259508
    ]
  },
  "angles": {
    "knee": 44.25852043788526,
    "hip": 121.70840015553182,
    "shoulder": 25.969739720050494,
    "elbow": 169.55077677096622
  },
  "analysis_scores": {
    "alignment": 0.7534723993258364,
    "balance": 0.836806469128842,
    "form": 0.7027358881471986,
    "stability": 0.6236814654173042,
    "coordination": 0.7293802691974987,
    "precision": 0.6783532716264997,
    "power": 0.9043136013664951,
    "efficiency": 0.6588741114513095,
    "safety": 0.9053503880875563,
    "overall": 0.8271949099284516,
    "shoulder": 0.7009351832804354,
    "elbow": 0.8618368949127714,
    "wrist": 0.813278637141761,
    "hip": 0.6936142101486147,
    "knee": 0.9985217811559973,
    "ankle": 0.7840723840058884,
    "back": 0.8776886834043955,
    "neck": 0.947744300022748
  },
  "recommendations": {
    "form": "Good form, continue practicing with current technique",
    "alignment": "Good alignment, maintain current technique",
    "stability": "Good stability, continue with current technique",
    "power": "Good power output, maintain current intensity"
  },
  "safety_considerations": []
}