{
  "power_generation": {
    "explosiveness": 0.6965205138368646,
    "force_transfer": 0.521603850791821,
    "efficiency": 0.9802838820633153
  },
  "technical_metrics": {
    "precision": 0.7517463926340429,
    "consistency": 0.6213052103353207,
    "fluidity": 0.545280571962476
  },
  "biomechanical_metrics": {
    "joint_loading": 0.5174886809251922,
    "muscle_activation": 0.8836107897735188,
    "energy_efficiency": 0.6305487923254984
  }
}