{
  "key_points": {
    "shoulders": [
      0.14345715101665774,
      0.6320777783855005,
      0.0910805993670245
    ],
    "elbows": [
      -0.2979683492469752,
      0.5524217882684012,
      -0.024171249221959984
    ],
    "wrists": [
      -0.03002926700207259,
      0.47636449901882216,
      0.06787956808683182
    ],
    "hips": [
      -0.08138776843212102,
      0.371882724946072,
      -0.09271203808061773
    ],
    "knees": [
      0.03900296893376759,
      0.3488546082828238,
      0.08464333907054541
    ],
    "ankles": [
      0.205513537108714,
      0.13163482914262442,
      -0.08839619604543301
    ]
  },
  "angles": {
    "knee": 15.79749748615055,
    "hip": 76.53476826473721,
    "shoulder": 13.901006941176703,
    "elbow": 134.38169973025958
  },
  "analysis_scores": {
    "alignment": 0.8311354334092866,
    "balance": 0.7967655841788952,
    "form": 0.9121763217011215,
    "stability": 0.8637127725534701,
    "coordination": 0.9572882807699405,
    "precision": 0.8032132923008629,
    "power": 0.7588958589698269,
    "efficiency": 0.8094042656843337,
    "safety": 0.8307261562995787,
    "overall": 0.7246014508604577,
    "shoulder": 0.6631729159710265,
    "elbow": 0.9945506432207114,
    "wrist": 0.9452004631034087,
    "hip": 0.8768584422630804,
    "knee": 0.7381138281341314,
    "ankle": 0.9087571557350428,
    "back": 0.986030050762876,
    "neck": 0.6478647749057762
  },
  "recommendations": {
    "form": "Good form, continue practicing with current technique",
    "alignment": "Work on maintaining symmetrical movement patterns",
    "stability": "Good stability, continue with current technique",
    "power": "Consider increasing intensity gradually"
  },
  "safety_considerations": []
}