{
  "power_generation": {
    "explosiveness": 0.6365446080856311,
    "force_transfer": 0.7124686839003078,
    "efficiency": 0.6584903416289508
  },
  "technical_metrics": {
    "precision": 0.7464988146731908,
    "consistency": 0.9835901174991883,
    "fluidity": 0.6046509245652272
  },
  "biomechanical_metrics": {
    "joint_loading": 0.9713605350898484,
    "muscle_activation": 0.9854194419878913,
    "energy_efficiency": 0.7572493428428679
  }
}