{
  "key_points": {
    "shoulders": [
      -0.17187777100177268,
      0.6739899868865165,
      0.06218856116731211
    ],
    "elbows": [
      0.04688367961588358,
      0.5529141483180877,
      -0.04138101848666742
    ],
    "wrists": [
      -0.20668562331840976,
      0.3536588848290996,
      0.0412750233333124
    ],
    "hips": [
      0.10057244105821067,
      0.40343965272020726,
      0.055999915043590226
    ],
    "knees": [
      0.16081997148842264,
      0.2333493267569875,
      0.03720816883047612
    ],
    "ankles": [
      -0.08765062034580418,
      0.2239016657902677,
      0.06202016688884884
    ]
  },
  "angles": {
    "knee": 137.88938486999757,
    "hip": 115.41093706841255,
    "shoulder": 18.056006830721884,
    "elbow": 119.89723302121695
  },
  "analysis_scores": {
    "alignment": 0.9200672822516563,
    "balance": 0.8574974308766014,
    "form": 0.6028061097587646,
    "stability": 0.6717876938616272,
    "coordination": 0.9299106453036745,
    "precision": 0.9050451322265733,
    "power": 0.8005032430322702,
    "efficiency": 0.7621499981214188,
    "safety": 0.7248153460464487,
    "overall": 0.665096396305082,
    "shoulder": 0.8413849467918556,
    "elbow": 0.7108012784571046,
    "wrist": 0.717545307190341,
    "hip": 0.882416115483083,
    "knee": 0.8791327343413391,
    "ankle": 0.6806670426999584,
    "back": 0.8337380326380771,
    "neck": 0.8567368536610623
  },
  "recommendations": {
    "form": "Good form, continue practicing with current technique",
    "alignment": "Good alignment, maintain current technique",
    "stability": "Good stability, continue with current technique",
    "power": "Good power output, maintain current intensity"
  },
  "safety_considerations": [
    "Ensure proper hip hinge mechanics"
  ]
}