{
  "power_generation": {
    "explosiveness": 0.7336780475585686,
    "force_transfer": 0.5841477965113007,
    "efficiency": 0.9395039337944848
  },
  "technical_metrics": {
    "precision": 0.6482260086761132,
    "consistency": 0.5780967691899042,
    "fluidity": 0.6202207017972137
  },
  "biomechanical_metrics": {
    "joint_loading": 0.7364700768244625,
    "muscle_activation": 0.7307343810571927,
    "energy_efficiency": 0.637557529650362
  }
}