{
  "key_points": {
    "shoulders": [
      -0.06938002859630316,
      0.5279349937558223,
      -0.041431775495296155
    ],
    "elbows": [
      -0.1789711551856001,
      0.5969494083567499,
      -0.07118563148218603
    ],
    "wrists": [
      -0.07743532697472899,
      0.3240265953285559,
      0.027771340394914634
    ],
    "hips": [
      0.03601339783083163,
      0.32686178884358547,
      0.013973966035358318
    ],
    "knees": [
      0.17007985212633725,
      0.29125111755931027,
      0.026095627257177567
    ],
    "ankles": [
      -0.37588064976439384,
      0.11692788257706098,
      -0.07762966242700547
    ]
  },
  "angles": {
    "knee": 52.60185934411949,
    "hip": 104.66736308115595,
    "shoulder": 25.42129151608501,
    "elbow": 103.1080223181522
  },
  "analysis_scores": {
    "alignment": 0.9125916444191035,
    "balance": 0.7693837574632147,
    "form": 0.9140103699231911,
    "stability": 0.8917900335905218,
    "coordination": 0.7792134693117406,
    "precision": 0.803812733729538,
    "power": 0.6104895252265049,
    "efficiency": 0.8052121314940666,
    "safety": 0.7327788598951908,
    "overall": 0.9815018124149327,
    "shoulder": 0.603317108276192,
    "elbow": 0.9257656620303727,
    "wrist": 0.7112197421602948,
    "hip": 0.734158431102621,
    "knee": 0.8814110513370803,
    "ankle": 0.636600655309678,
    "back": 0.956517229620788,
    "neck": 0.8867716407859917
  },
  "recommendations": {
    "form": "Good form, continue practicing with current technique",
    "alignment": "Work on maintaining symmetrical movement patterns",
    "stability": "Good stability, continue with current technique",
    "power": "Good power output, maintain current intensity"
  },
  "safety_considerations": []
}