{
  "power_generation": {
    "explosiveness": 0.563191351460707,
    "force_transfer": 0.5018572970334482,
    "efficiency": 0.5141137964826614
  },
  "technical_metrics": {
    "precision": 0.8665424140264626,
    "consistency": 0.7285100077486717,
    "fluidity": 0.5056311681435193
  },
  "biomechanical_metrics": {
    "joint_loading": 0.9011785390429708,
    "muscle_activation": 0.6029744538164279,
    "energy_efficiency": 0.5831457554367427
  }
}