{
  "key_points": {
    "shoulders": [
      -0.022732926624040667,
      0.6907846952849135,
      -0.02514156074665004
    ],
    "elbows": [
      0.10675620168448119,
      0.44201580700249365,
      -0.009767415300723975
    ],
    "wrists": [
      -0.2882803340961335,
      0.4390211731555064,
      -0.0008674704045568415
    ],
    "hips": [
      -0.016907795161921285,
      0.38273070090351774,
      -0.06856065973394805
    ],
    "knees": [
      0.2731825695134538,
      0.2487584792114491,
      0.07846339314255338
    ],
    "ankles": [
      -0.2507215070799903,
      0.29687551863434797,
      0.06498811862884399
    ]
  },
  "angles": {
    "knee": 158.09029842554543,
    "hip": 146.53607394405242,
    "shoulder": 41.63201728481086,
    "elbow": 104.0276721091683
  },
  "analysis_scores": {
    "alignment": 0.6414700180549033,
    "balance": 0.7429385784184203,
    "form": 0.8950011056605194,
    "stability": 0.8438464411879746,
    "coordination": 0.774714430913073,
    "precision": 0.9352549961264371,
    "power": 0.8523940124822886,
    "efficiency": 0.932986697497974,
    "safety": 0.9488786087621569,
    "overall": 0.9864505011130428,
    "shoulder": 0.6298708288649617,
    "elbow": 0.9341691187240861,
    "wrist": 0.7864906155988662,
    "hip": 0.7144592204535415,
    "knee": 0.7122532748203452,
    "ankle": 0.645310818477952,
    "back": 0.7994493280075582,
    "neck": 0.8256601645490631
  },
  "recommendations": {
    "form": "Good form, continue practicing with current technique",
    "alignment": "Good alignment, maintain current technique",
    "stability": "Good stability, continue with current technique",
    "power": "Good power output, maintain current intensity"
  },
  "safety_considerations": []
}