{
  "power_generation": {
    "explosiveness": 0.7015688007209728,
    "force_transfer": 0.9623217507742773,
    "efficiency": 0.9432486141604194
  },
  "technical_metrics": {
    "precision": 0.7477693116006927,
    "consistency": 0.5844419900976537,
    "fluidity": 0.98863189869279
  },
  "biomechanical_metrics": {
    "joint_loading": 0.8569167079851455,
    "muscle_activation": 0.8019869615879649,
    "energy_efficiency": 0.6098087888424559
  }
}