{
  "key_points": {
    "shoulders": [
      -0.11122492115381029,
      0.652396200281765,
      -0.061587296526487534
    ],
    "elbows": [
      -0.29254178549296356,
      0.581973879449886,
      0.033520241934635264
    ],
    "wrists": [
      0.005204748281602167,
      0.31088812640667635,
      -0.02003625042643631
    ],
    "hips": [
      0.06377092153503167,
      0.4101365021245561,
      0.0028601565644175847
    ],
    "knees": [
      -0.2030261732718111,
      0.22847468030786133,
      -0.09544711930577265
    ],
    "ankles": [
      -0.3309282738397185,
      0.13745788687580957,
      0.0737419662605662
    ]
  },
  "angles": {
    "knee": 98.05017899892223,
    "hip": 54.31998808981794,
    "shoulder": 63.23351316082648,
    "elbow": 149.0506352896849
  },
  "analysis_scores": {
    "alignment": 0.600421693120603,
    "balance": 0.7025695765644714,
    "form": 0.8812329560348142,
    "stability": 0.8279208695336044,
    "coordination": 0.7825587812015803,
    "precision": 0.9578689310525401,
    "power": 0.88833372051133,
    "efficiency": 0.9994661818889268,
    "safety": 0.6219602134077354,
    "overall": 0.902088068916894,
    "shoulder": 0.7795846537055158,
    "elbow": 0.6009337345501528,
    "wrist": 0.8733280351637707,
    "hip": 0.6332903621218627,
    "knee": 0.8273168046202584,
    "ankle": 0.6606472312690931,
    "back": 0.8247118054265857,
    "neck": 0.8112889895916315
  },
  "recommendations": {
    "form": "Good form, continue practicing with current technique",
    "alignment": "Good alignment, maintain current technique",
    "stability": "Focus on maintaining proper posture and balance",
    "power": "Consider increasing intensity gradually"
  },
  "safety_considerations": []
}