{
  "power_generation": {
    "explosiveness": 0.6005945556738811,
    "force_transfer": 0.5978572527131675,
    "efficiency": 0.9540670433638591
  },
  "technical_metrics": {
    "precision": 0.5262079774793613,
    "consistency": 0.9292383159896465,
    "fluidity": 0.5761502074226413
  },
  "biomechanical_metrics": {
    "joint_loading": 0.9637256496097761,
    "muscle_activation": 0.9696175250219797,
    "energy_efficiency": 0.6261252467923722
  }
}