{
  "key_points": {
    "shoulders": [
      -0.019132865475443378,
      0.6643293605977069,
      0.07598838699169633
    ],
    "elbows": [
      -0.04658750440551179,
      0.4893940082652315,
      -0.0680337695335918
    ],
    "wrists": [
      -0.18000887027907606,
      0.32839396237979523,
      -0.0009388445020300368
    ],
    "hips": [
      -0.12372995839425652,
      0.350110872684102,
      0.07647119857629717
    ],
    "knees": [
      0.2758534678231956,
      0.3923913030823955,
      0.004289151317982159
    ],
    "ankles": [
      -0.25295022479463525,
      0.2819115742112798,
      -0.08145259802846416
    ]
  },
  "angles": {
    "knee": 41.978828116139034,
    "hip": 142.37489664090316,
    "shoulder": 29.152203493527423,
    "elbow": 147.0221392741516
  },
  "analysis_scores": {
    "alignment": 0.870878223733764,
    "balance": 0.7415917485259822,
    "form": 0.6922113463044723,
    "stability": 0.9835159999723314,
    "coordination": 0.7751706228330772,
    "precision": 0.6932743186325894,
    "power": 0.6815245024126798,
    "efficiency": 0.9845000106874695,
    "safety": 0.8381065817462879,
    "overall": 0.6304610013653545,
    "shoulder": 0.739775523006899,
    "elbow": 0.6687009936165123,
    "wrist": 0.604068669541369,
    "hip": 0.6949689190043629,
    "knee": 0.984865645814526,
    "ankle": 0.7117692004059969,
    "back": 0.9727052227531335,
    "neck": 0.6516107551804694
  },
  "recommendations": {
    "form": "Focus on maintaining proper joint angles during movement",
    "alignment": "Good alignment, maintain current technique",
    "stability": "Good stability, continue with current technique",
    "power": "Consider increasing intensity gradually"
  },
  "safety_considerations": [
    "Focus on maintaining proper back alignment to prevent injury"
  ]
}