{
  "power_generation": {
    "explosiveness": 0.6563736389065116,
    "force_transfer": 0.5509767589967229,
    "efficiency": 0.8921134091482547
  },
  "technical_metrics": {
    "precision": 0.838874121465764,
    "consistency": 0.5351534594956895,
    "fluidity": 0.8907179247800936
  },
  "biomechanical_metrics": {
    "joint_loading": 0.8758925255880834,
    "muscle_activation": 0.9911862078329594,
    "energy_efficiency": 0.6010007442715575
  }
}