{
  "key_points": {
    "shoulders": [
      0.18616593036940532,
      0.6677767881210894,
      -0.08033676091926617
    ],
    "elbows": [
      -0.17966032181199604,
      0.48022125098585344,
      0.07524053301888059
    ],
    "wrists": [
      0.0452570514326639,
      0.3799685830655006,
      0.021352591183074615
    ],
    "hips": [
      -0.06450674642904147,
      0.4854077865372547,
      -0.003915354203462049
    ],
    "knees": [
      0.2765664689044484,
      0.20325592075582524,
      0.07633139990547455
    ],
    "ankles": [
      -0.3771676013605135,
      0.14598938314765547,
      0.07444764254798505
    ]
  },
  "angles": {
    "knee": 138.99098407988265,
    "hip": 62.373433405965336,
    "shoulder": 28.955285010164886,
    "elbow": 33.58969481578566
  },
  "analysis_scores": {
    "alignment": 0.7179730055093262,
    "balance": 0.8343523376968148,
    "form": 0.9787445507294931,
    "stability": 0.7237271068947428,
    "coordination": 0.8452883072346546,
    "precision": 0.831738972849838,
    "power": 0.9492428107326016,
    "efficiency": 0.8478796238142189,
    "safety": 0.6052819102505764,
    "overall": 0.7038545968829824,
    "shoulder": 0.6496267559159655,
    "elbow": 0.8138540725973072,
    "wrist": 0.6409051828858364,
    "hip": 0.9717595321037311,
    "knee": 0.7532065257641097,
    "ankle": 0.76598211006744,
    "back": 0.9769976865303162,
    "neck": 0.9279364419816098
  },
  "recommendations": {
    "form": "Good form, continue practicing with current technique",
    "alignment": "Good alignment, maintain current technique",
    "stability": "Good stability, continue with current technique",
    "power": "Good power output, maintain current intensity"
  },
  "safety_considerations": [
    "Maintain proper hip alignment to prevent lower back strain"
  ]
}