{
  "power_generation": {
    "explosiveness": 0.8112312520645238,
    "force_transfer": 0.6899920902681032,
    "efficiency": 0.7329694638033065
  },
  "technical_metrics": {
    "precision": 0.8505033419855275,
    "consistency": 0.991192550989176,
    "fluidity": 0.5166347051250368
  },
  "biomechanical_metrics": {
    "joint_loading": 0.7487588131360476,
    "muscle_activation": 0.5440013631664167,
    "energy_efficiency": 0.9487707519454434
  }
}