{
  "key_points": {
    "shoulders": [
      -0.1579107746714947,
      0.5463587701648743,
      -0.0026781844694494794
    ],
    "elbows": [
      -0.19418805132831846,
      0.4741313001061938,
      0.0840393438856121
    ],
    "wrists": [
      -0.2777924861824894,
      0.30384184751522236,
      0.050245299608875305
    ],
    "hips": [
      -0.04861281984169166,
      0.3509889039189505,
      0.05801685387324235
    ],
    "knees": [
      0.03994663994977443,
      0.3145589273713748,
      -0.09859896848374777
    ],
    "ankles": [
      0.3097724167513983,
      0.2176332377222362,
      -0.09024424652526171
    ]
  },
  "angles": {
    "knee": 25.566337146114403,
    "hip": 140.12611269841094,
    "shoulder": 40.476431277757655,
    "elbow": 151.85397152683566
  },
  "analysis_scores": {
    "alignment": 0.6820111447430908,
    "balance": 0.7803880738577638,
    "form": 0.7806467700341841,
    "stability": 0.7284568726030971,
    "coordination": 0.6436484420235817,
    "precision": 0.7366920137893889,
    "power": 0.67184960444401,
    "efficiency": 0.6102214971334946,
    "safety": 0.9188491296771171,
    "overall": 0.8924291255139387,
    "shoulder": 0.7078283619308559,
    "elbow": 0.744158886240911,
    "wrist": 0.6157598921097373,
    "hip": 0.6371783061516146,
    "knee": 0.697546609172887,
    "ankle": 0.6050013234610084,
    "back": 0.7260300753942841,
    "neck": 0.958530071679027
  },
  "recommendations": {
    "form": "Good form, continue practicing with current technique",
    "alignment": "Good alignment, maintain current technique",
    "stability": "Focus on maintaining proper posture and balance",
    "power": "Consider increasing intensity gradually"
  },
  "safety_considerations": []
}