{
  "power_generation": {
    "explosiveness": 0.973253666042228,
    "force_transfer": 0.5097398676887465,
    "efficiency": 0.5010461316233346
  },
  "technical_metrics": {
    "precision": 0.5859600925075025,
    "consistency": 0.5706635149795809,
    "fluidity": 0.6567482381221077
  },
  "biomechanical_metrics": {
    "joint_loading": 0.7421785890162509,
    "muscle_activation": 0.6874761841011482,
    "energy_efficiency": 0.7715212942146391
  }
}