{
  "key_points": {
    "shoulders": [
      -0.1841572755909589,
      0.5606596572870312,
      0.017379320420211578
    ],
    "elbows": [
      0.02429433377261192,
      0.5521047874897426,
      -0.007177805132086906
    ],
    "wrists": [
      -0.28650746751102263,
      0.40345249721765175,
      0.0805926716392624
    ],
    "hips": [
      -0.14094035328215188,
      0.36967721039672263,
      0.04787889446331789
    ],
    "knees": [
      -0.18936865484523688,
      0.23784073405738698,
      0.05869630469667558
    ],
    "ankles": [
      0.15406540076341246,
      0.21077464915744942,
      0.044280147199108444
    ]
  },
  "angles": {
    "knee": 68.05331193625754,
    "hip": 158.39773805411008,
    "shoulder": 11.978039429101356,
    "elbow": 28.1412928539333
  },
  "analysis_scores": {
    "alignment": 0.9152365384977361,
    "balance": 0.9895343494643141,
    "form": 0.810543716146231,
    "stability": 0.8274787887879843,
    "coordination": 0.7110192801235884,
    "precision": 0.6128058746032425,
    "power": 0.9559777400398157,
    "efficiency": 0.6442988827876975,
    "safety": 0.7954700439397409,
    "overall": 0.8814200334625668,
    "shoulder": 0.6190460107337377,
    "elbow": 0.9725515343918073,
    "wrist": 0.7261355903677982,
    "hip": 0.9096230005547961,
    "knee": 0.6783759453207052,
    "ankle": 0.9752158280409133,
    "back": 0.8120961092706331,
    "neck": 0.717380869529417
  },
  "recommendations": {
    "form": "Good form, continue practicing with current technique",
    "alignment": "Good alignment, maintain current technique",
    "stability": "Focus on maintaining proper posture and balance",
    "power": "Good power output, maintain current intensity"
  },
  "safety_considerations": []
}