{
  "power_generation": {
    "explosiveness": 0.9287732154247199,
    "force_transfer": 0.8134083630219375,
    "efficiency": 0.5243219011061793
  },
  "technical_metrics": {
    "precision": 0.9987531701776506,
    "consistency": 0.6531866732140252,
    "fluidity": 0.696543637588471
  },
  "biomechanical_metrics": {
    "joint_loading": 0.9919634624561864,
    "muscle_activation": 0.7447286715676895,
    "energy_efficiency": 0.9277414036832924
  }
}