{
  "key_points": {
    "shoulders": [
      -0.015891911139710085,
      0.6897172853291094,
      0.004260995475599175
    ],
    "elbows": [
      -0.15277683168521974,
      0.40063318729772107,
      0.026174572244908767
    ],
    "wrists": [
      0.3796823055562013,
      0.35645293431472524,
      -0.0794945906658618
    ],
    "hips": [
      0.12325326859881436,
      0.3328813167313984,
      0.03277750430672638
    ],
    "knees": [
      0.06267710768386475,
      0.2831535161775926,
      0.07005186505789582
    ],
    "ankles": [
      -0.20399195993618627,
      0.13207151894823194,
      0.03374413512389918
    ]
  },
  "angles": {
    "knee": 99.98425658474221,
    "hip": 116.21715904663753,
    "shoulder": 58.827217480869265,
    "elbow": 163.28176299892476
  },
  "analysis_scores": {
    "alignment": 0.6655347188447476,
    "balance": 0.8342198530883185,
    "form": 0.9734565218272222,
    "stability": 0.7926137283305867,
    "coordination": 0.8384677670690383,
    "precision": 0.9371094223492762,
    "power": 0.8976410559081416,
    "efficiency": 0.7730211702930289,
    "safety": 0.8067256448238905,
    "overall": 0.7627725991229998,
    "shoulder": 0.7494407778418252,
    "elbow": 0.9190959108968751,
    "wrist": 0.7090790110178745,
    "hip": 0.8168538266991118,
    "knee": 0.741925271840673,
    "ankle": 0.6255818496251864,
    "back": 0.792120471741939,
    "neck": 0.9100943344208514
  },
  "recommendations": {
    "form": "Good form, continue practicing with current technique",
    "alignment": "Good alignment, maintain current technique",
    "stability": "Good stability, continue with current technique",
    "power": "Good power output, maintain current intensity"
  },
  "safety_considerations": [
    "Maintain proper hip alignment to prevent lower back strain"
  ]
}