{
  "power_generation": {
    "explosiveness": 0.6332364164491384,
    "force_transfer": 0.9011144222675094,
    "efficiency": 0.5892026136262067
  },
  "technical_metrics": {
    "precision": 0.7519432575895139,
    "consistency": 0.7371103786045341,
    "fluidity": 0.5425606331052679
  },
  "biomechanical_metrics": {
    "joint_loading": 0.8953273004146154,
    "muscle_activation": 0.9094510779713001,
    "energy_efficiency": 0.7175324723583405
  }
}