{
  "key_points": {
    "shoulders": [
      -0.10640723079004095,
      0.5251333508852283,
      -0.03308851405154245
    ],
    "elbows": [
      -0.21009188930906936,
      0.5239704517024395,
      0.06606417597884995
    ],
    "wrists": [
      -0.3949617899523512,
      0.38669949559533917,
      0.03158992666120827
    ],
    "hips": [
      -0.0889572624147196,
      0.38280876945017184,
      -0.06248265851418777
    ],
    "knees": [
      0.18085774241276642,
      0.27330764857378315,
      0.0978903347202284
    ],
    "ankles": [
      -0.22842881053155956,
      0.16146625747904614,
      0.06523391209265339
    ]
  },
  "angles": {
    "knee": 34.24092181369154,
    "hip": 48.4039279290337,
    "shoulder": 15.92964131030876,
    "elbow": 126.7678294822199
  },
  "analysis_scores": {
    "alignment": 0.7020409796316609,
    "balance": 0.9129828329616785,
    "form": 0.970158567567304,
    "stability": 0.8521532863099305,
    "coordination": 0.97582119128452,
    "precision": 0.683718721384248,
    "power": 0.9144067189438637,
    "efficiency": 0.6737252656248909,
    "safety": 0.7486958753356354,
    "overall": 0.6123430363930255,
    "shoulder": 0.8676861850634616,
    "elbow": 0.6384902291125812,
    "wrist": 0.8957733250533126,
    "hip": 0.6812177321112861,
    "knee": 0.8112685143992051,
    "ankle": 0.7836439229935214,
    "back": 0.9648226201650487,
    "neck": 0.6053811013004461
  },
  "recommendations": {
    "form": "Good form, continue practicing with current technique",
    "alignment": "Good alignment, maintain current technique",
    "stability": "Good stability, continue with current technique",
    "power": "Consider increasing intensity gradually"
  },
  "safety_considerations": [
    "Focus on proper shoulder mechanics for throwing",
    "Maintain proper hip rotation"
  ]
}