{
  "power_generation": {
    "explosiveness": 0.5425929131687661,
    "force_transfer": 0.5857877264954074,
    "efficiency": 0.8752810203879318
  },
  "technical_metrics": {
    "precision": 0.7656376162883045,
    "consistency": 0.7226946474319709,
    "fluidity": 0.8573439138495926
  },
  "biomechanical_metrics": {
    "joint_loading": 0.6609214367830872,
    "muscle_activation": 0.9367153298797519,
    "energy_efficiency": 0.9655016783961391
  }
}