{
  "key_points": {
    "shoulders": [
      0.007516954916702512,
      0.5458140013362194,
      -0.07971280922971327
    ],
    "elbows": [
      -0.19298202444269894,
      0.4025543320210797,
      -0.025274699584499793
    ],
    "wrists": [
      -0.10761104540136462,
      0.38575042993259057,
      -0.032417604866919095
    ],
    "hips": [
      -0.07490861366974008,
      0.4018440083707706,
      -0.044138222962519104
    ],
    "knees": [
      -0.288597521955886,
      0.25010296898452844,
      -0.01223383971673997
    ],
    "ankles": [
      0.27284760419371434,
      0.11244875886363459,
      0.02121864646468534
    ]
  },
  "angles": {
    "knee": 35.884476733598646,
    "hip": 131.50899702945293,
    "shoulder": 60.11729150630686,
    "elbow": 77.85438887246023
  },
  "analysis_scores": {
    "alignment": 0.7352543736777577,
    "balance": 0.8272498798058985,
    "form": 0.9610611067177979,
    "stability": 0.9092349170001277,
    "coordination": 0.8898374023114664,
    "precision": 0.7473503706788966,
    "power": 0.7830664631564802,
    "efficiency": 0.6228117414079636,
    "safety": 0.774641267568045,
    "overall": 0.6118971020327938,
    "shoulder": 0.9287318144984231,
    "elbow": 0.864513949720205,
    "wrist": 0.6572832574212664,
    "hip": 0.6050411586232852,
    "knee": 0.8269767637101084,
    "ankle": 0.6514758967650577,
    "back": 0.733430967601873,
    "neck": 0.6026972794561912
  },
  "recommendations": {
    "form": "Good form, continue practicing with current technique",
    "alignment": "Good alignment, maintain current technique",
    "stability": "Good stability, continue with current technique",
    "power": "Good power output, maintain current intensity"
  },
  "safety_considerations": []
}