{
  "power_generation": {
    "explosiveness": 0.8920979524165353,
    "force_transfer": 0.6253627455728952,
    "efficiency": 0.8079589640778364
  },
  "technical_metrics": {
    "precision": 0.7544972649273298,
    "consistency": 0.9242063373915437,
    "fluidity": 0.6770666540442691
  },
  "biomechanical_metrics": {
    "joint_loading": 0.9391803925339691,
    "muscle_activation": 0.860465506862501,
    "energy_efficiency": 0.7426124126005
  }
}