{
  "power_generation": {
    "explosiveness": 0.9588363795349082,
    "force_transfer": 0.9230037332424283,
    "efficiency": 0.6309590731888148
  },
  "technical_metrics": {
    "precision": 0.5140108683150546,
    "consistency": 0.8687034346213873,
    "fluidity": 0.7242211475370846
  },
  "biomechanical_metrics": {
    "joint_loading": 0.9025444403052905,
    "muscle_activation": 0.5228594535738263,
    "energy_efficiency": 0.7650334740286326
  }
}