{
  "key_points": {
    "shoulders": [
      -0.0994465447825757,
      0.6989285999722505,
      -0.06127416948357252
    ],
    "elbows": [
      -0.28434312663586414,
      0.5229590833660467,
      0.09667631072881216
    ],
    "wrists": [
      0.3856206967600898,
      0.47739456594524954,
      -0.03410828502135853
    ],
    "hips": [
      0.033206426184590715,
      0.38819292582114073,
      -0.08180900403596798
    ],
    "knees": [
      -0.10985656308186079,
      0.3599682411019497,
      -0.07652387903147287
    ],
    "ankles": [
      0.12511411711286446,
      0.23437315129435307,
      -0.07807516019001857
    ]
  },
  "angles": {
    "knee": 140.74441625386328,
    "hip": 71.5836514908024,
    "shoulder": 74.97774605546937,
    "elbow": 145.50866033075113
  },
  "analysis_scores": {
    "alignment": 0.7283227173417289,
    "balance": 0.7455265344515825,
    "form": 0.6534237270207606,
    "stability": 0.9684603035025321,
    "coordination": 0.9436665222225735,
    "precision": 0.7214060774399969,
    "power": 0.7280704480758595,
    "efficiency": 0.921280718469569,
    "safety": 0.682786852702957,
    "overall": 0.9945341209356012,
    "shoulder": 0.9218299648627283,
    "elbow": 0.6048319714353719,
    "wrist": 0.8691881872956344,
    "hip": 0.9032469854210823,
    "knee": 0.8411160684800059,
    "ankle": 0.9440069880506974,
    "back": 0.7257079096381441,
    "neck": 0.7971064713383303
  },
  "recommendations": {
    "form": "Focus on maintaining proper joint angles during movement",
    "alignment": "Good alignment, maintain current technique",
    "stability": "Good stability, continue with current technique",
    "power": "Good power output, maintain current intensity"
  },
  "safety_considerations": []
}