{
  "power_generation": {
    "explosiveness": 0.6400247426465399,
    "force_transfer": 0.6790018647687099,
    "efficiency": 0.7476338758833171
  },
  "technical_metrics": {
    "precision": 0.6011051679575822,
    "consistency": 0.9292501098702515,
    "fluidity": 0.8564404901447696
  },
  "biomechanical_metrics": {
    "joint_loading": 0.7088148221083901,
    "muscle_activation": 0.9766645088264102,
    "energy_efficiency": 0.8736090894373805
  }
}