{
  "key_points": {
    "shoulders": [
      0.18018892054285718,
      0.5970375219834753,
      0.07182476070258662
    ],
    "elbows": [
      -0.18569628814541622,
      0.570960827376146,
      0.08420226580840687
    ],
    "wrists": [
      -0.12034975150982702,
      0.3332714864569211,
      0.07528533953258076
    ],
    "hips": [
      -0.08328583729292736,
      0.4827984284567204,
      0.0006251098102970226
    ],
    "knees": [
      -0.08202570977838033,
      0.33899590373889915,
      -0.09216969998269715
    ],
    "ankles": [
      -0.07974107362733979,
      0.19040971625074343,
      -0.09499764445942244
    ]
  },
  "angles": {
    "knee": 87.77051706168263,
    "hip": 102.14994151836011,
    "shoulder": 55.955651965022,
    "elbow": 91.20151888979088
  },
  "analysis_scores": {
    "alignment": 0.6197855058744508,
    "balance": 0.7785619957427112,
    "form": 0.8522607889441749,
    "stability": 0.9564511889655934,
    "coordination": 0.8569527081390211,
    "precision": 0.9428142362067921,
    "power": 0.961873616987935,
    "efficiency": 0.6349985218515198,
    "safety": 0.9459537107323195,
    "overall": 0.6634443018959854,
    "shoulder": 0.922326773209356,
    "elbow": 0.7138690544909166,
    "wrist": 0.7298235209078875,
    "hip": 0.9691798475626103,
    "knee": 0.8212074192317734,
    "ankle": 0.8021930110103868,
    "back": 0.8004773755564027,
    "neck": 0.8354917658916438
  },
  "recommendations": {
    "form": "Focus on maintaining proper joint angles during movement",
    "alignment": "Good alignment, maintain current technique",
    "stability": "Focus on maintaining proper posture and balance",
    "power": "Good power output, maintain current intensity"
  },
  "safety_considerations": [
    "Ensure proper ankle positioning to prevent sprains"
  ]
}