{
  "power_generation": {
    "explosiveness": 0.6972656489547324,
    "force_transfer": 0.8388567603312423,
    "efficiency": 0.756117271107873
  },
  "technical_metrics": {
    "precision": 0.8535119619650433,
    "consistency": 0.7028347943120653,
    "fluidity": 0.7989942700398684
  },
  "biomechanical_metrics": {
    "joint_loading": 0.6849017347142375,
    "muscle_activation": 0.9115554022501071,
    "energy_efficiency": 0.8764676247015794
  }
}