{
  "key_points": {
    "shoulders": [
      0.13812510847517323,
      0.5832460326210577,
      -0.010765751322524192
    ],
    "elbows": [
      -0.27758729769075824,
      0.5341532676662062,
      -0.04179581481160941
    ],
    "wrists": [
      0.2147059946249693,
      0.40272692291743645,
      0.018364001789560852
    ],
    "hips": [
      0.19073445873994588,
      0.4664565033885615,
      0.01886455258250319
    ],
    "knees": [
      0.01900266939267553,
      0.2926987942002844,
      -0.05723980986684403
    ],
    "ankles": [
      0.012318933854363057,
      0.2205880166884921,
      -0.07736242150934586
    ]
  },
  "angles": {
    "knee": 100.46877821953427,
    "hip": 133.27322830670644,
    "shoulder": 48.00535574735091,
    "elbow": 55.00088244356402
  },
  "analysis_scores": {
    "alignment": 0.9649232877126263,
    "balance": 0.7238781367204394,
    "form": 0.8166235140782799,
    "stability": 0.9306780799210734,
    "coordination": 0.8522839628352952,
    "precision": 0.9329051803586377,
    "power": 0.9124472169979165,
    "efficiency": 0.6145338428679895,
    "safety": 0.6984436441311814,
    "overall": 0.683070681684152,
    "shoulder": 0.9293182390916926,
    "elbow": 0.6283462069743435,
    "wrist": 0.7574541541873655,
    "hip": 0.9435172844622699,
    "knee": 0.7804650230559067,
    "ankle": 0.8395470318098408,
    "back": 0.8669385081986847,
    "neck": 0.7924827442013656
  },
  "recommendations": {
    "form": "Good form, continue practicing with current technique",
    "alignment": "Work on maintaining symmetrical movement patterns",
    "stability": "Good stability, continue with current technique",
    "power": "Consider increasing intensity gradually"
  },
  "safety_considerations": []
}