{
  "power_generation": {
    "explosiveness": 0.5507766699056028,
    "force_transfer": 0.946635081177559,
    "efficiency": 0.5037062221629623
  },
  "technical_metrics": {
    "precision": 0.614263142151835,
    "consistency": 0.5923813568119597,
    "fluidity": 0.7049987853327477
  },
  "biomechanical_metrics": {
    "joint_loading": 0.5799516185383398,
    "muscle_activation": 0.7328504164376723,
    "energy_efficiency": 0.883622822647848
  }
}