{
  "key_points": {
    "shoulders": [
      -0.04111232318405372,
      0.5379221945083886,
      -0.0022942311549312977
    ],
    "elbows": [
      0.25839870649050817,
      0.5985550840946166,
      -0.06201678032812124
    ],
    "wrists": [
      0.2246793147664945,
      0.44650890899268403,
      0.02914447509815571
    ],
    "hips": [
      0.04137207935678672,
      0.3168948411300368,
      -0.02810581073155527
    ],
    "knees": [
      -0.1040642515493182,
      0.21571293425558685,
      -0.02403033623370665
    ],
    "ankles": [
      0.04043234059566159,
      0.2332844184299018,
      -0.08238609740567922
    ]
  },
  "angles": {
    "knee": 72.63465196966284,
    "hip": 152.17488320591917,
    "shoulder": 25.48738124492768,
    "elbow": 38.98181493382447
  },
  "analysis_scores": {
    "alignment": 0.9186320627369702,
    "balance": 0.9968149316543858,
    "form": 0.835393389050117,
    "stability": 0.7002354640958993,
    "coordination": 0.8569738365421007,
    "precision": 0.6829351382139215,
    "power": 0.6652084594840252,
    "efficiency": 0.6821897793798386,
    "safety": 0.8352703831452937,
    "overall": 0.6345508345860748,
    "shoulder": 0.6571842997565494,
    "elbow": 0.7977028875797465,
    "wrist": 0.8005513669208155,
    "hip": 0.8333666346083926,
    "knee": 0.989047994087576,
    "ankle": 0.9887120203640269,
    "back": 0.6445150328758901,
    "neck": 0.9139994643765265
  },
  "recommendations": {
    "form": "Good form, continue practicing with current technique",
    "alignment": "Work on maintaining symmetrical movement patterns",
    "stability": "Good stability, continue with current technique",
    "power": "Good power output, maintain current intensity"
  },
  "safety_considerations": []
}