{
  "power_generation": {
    "explosiveness": 0.8619294209518833,
    "force_transfer": 0.6802037323736212,
    "efficiency": 0.8005698064208796
  },
  "technical_metrics": {
    "precision": 0.7686330056724138,
    "consistency": 0.7867701324038441,
    "fluidity": 0.8459878532560662
  },
  "biomechanical_metrics": {
    "joint_loading": 0.6670180088110607,
    "muscle_activation": 0.9200811746224454,
    "energy_efficiency": 0.6013873857989006
  }
}