{
  "key_points": {
    "shoulders": [
      -0.1466665067090372,
      0.5633566461287273,
      -0.034737299933338656
    ],
    "elbows": [
      0.2934081521200734,
      0.5153671881753568,
      -0.0610596682082839
    ],
    "wrists": [
      0.1505935279278584,
      0.4145202259558505,
      0.07712527527765953
    ],
    "hips": [
      0.13183971579004922,
      0.3531473108252777,
      0.09805237996680768
    ],
    "knees": [
      0.2840923541827603,
      0.3755185163445075,
      -0.05531352341834439
    ],
    "ankles": [
      0.023008763060064663,
      0.2713328360226913,
      0.05426041937206727
    ]
  },
  "angles": {
    "knee": 50.627578627206184,
    "hip": 55.90493908491114,
    "shoulder": 48.78194889175768,
    "elbow": 151.90491399638753
  },
  "analysis_scores": {
    "alignment": 0.9558974347833923,
    "balance": 0.7803956296231314,
    "form": 0.9956834158491344,
    "stability": 0.8305289060506778,
    "coordination": 0.92874175726175,
    "precision": 0.7969705472001996,
    "power": 0.9167982361608819,
    "efficiency": 0.7329389868465309,
    "safety": 0.7733531989363203,
    "overall": 0.6791192226056969,
    "shoulder": 0.6762559653541493,
    "elbow": 0.7193396786363091,
    "wrist": 0.6241758729994127,
    "hip": 0.9578042974679086,
    "knee": 0.8971645877333005,
    "ankle": 0.7288953543943647,
    "back": 0.9072116065454151,
    "neck": 0.6921663984265068
  },
  "recommendations": {
    "form": "Good form, continue practicing with current technique",
    "alignment": "Work on maintaining symmetrical movement patterns",
    "stability": "Good stability, continue with current technique",
    "power": "Good power output, maintain current intensity"
  },
  "safety_considerations": []
}