{
  "power_generation": {
    "explosiveness": 0.9474597212900093,
    "force_transfer": 0.6834185732251735,
    "efficiency": 0.7854232810861207
  },
  "technical_metrics": {
    "precision": 0.6296017353102215,
    "consistency": 0.572106268761732,
    "fluidity": 0.8584359144563152
  },
  "biomechanical_metrics": {
    "joint_loading": 0.7406265196965747,
    "muscle_activation": 0.7405804262622913,
    "energy_efficiency": 0.6177650728692372
  }
}