{
  "key_points": {
    "shoulders": [
      -0.03247056690714789,
      0.5252452035499,
      -0.07784031491993484
    ],
    "elbows": [
      -0.08227152729618131,
      0.5664701421413979,
      -0.036036955711415436
    ],
    "wrists": [
      0.11639295036968333,
      0.3674919367184168,
      -0.03781596320324079
    ],
    "hips": [
      -0.13993943853782664,
      0.4925185017550234,
      -0.042092512372117086
    ],
    "knees": [
      -0.1686120722386477,
      0.31754566854039235,
      -0.05353132865584512
    ],
    "ankles": [
      0.3326822109505494,
      0.2539099568055354,
      -0.02693249715898907
    ]
  },
  "angles": {
    "knee": 93.38265607223289,
    "hip": 127.08567022455465,
    "shoulder": 40.65521517940616,
    "elbow": 133.8205281339954
  },
  "analysis_scores": {
    "alignment": 0.6349384181335095,
    "balance": 0.7466434776927264,
    "form": 0.8988270192110108,
    "stability": 0.9506098096481609,
    "coordination": 0.7784040604661826,
    "precision": 0.645807065927534,
    "power": 0.7910452922590628,
    "efficiency": 0.6140335011791463,
    "safety": 0.9547471122884081,
    "overall": 0.6875637732302323,
    "shoulder": 0.8289550534488537,
    "elbow": 0.9461028112300534,
    "wrist": 0.7471198577517788,
    "hip": 0.782022263170101,
    "knee": 0.7187610643444248,
    "ankle": 0.9353344269822372,
    "back": 0.7137338401236426,
    "neck": 0.7227479004670295
  },
  "recommendations": {
    "form": "Good form, continue practicing with current technique",
    "alignment": "Good alignment, maintain current technique",
    "stability": "Good stability, continue with current technique",
    "power": "Good power output, maintain current intensity"
  },
  "safety_considerations": []
}