{
  "power_generation": {
    "explosiveness": 0.7717360214411808,
    "force_transfer": 0.8185275503315399,
    "efficiency": 0.7120207491489303
  },
  "technical_metrics": {
    "precision": 0.7678025460690577,
    "consistency": 0.9165942868553199,
    "fluidity": 0.8311560151368527
  },
  "biomechanical_metrics": {
    "joint_loading": 0.5933402117000592,
    "muscle_activation": 0.7204287754758574,
    "energy_efficiency": 0.8317078618239766
  }
}