{
  "key_points": {
    "shoulders": [
      0.0682305327751157,
      0.6314879652619745,
      -0.094584096948643
    ],
    "elbows": [
      -0.18963824913471106,
      0.511208221054049,
      0.03398315819431402
    ],
    "wrists": [
      -0.10622608912523246,
      0.31412787144542004,
      0.022471657668298922
    ],
    "hips": [
      0.05059838833180941,
      0.41282239137601956,
      -0.029591552815304775
    ],
    "knees": [
      -0.2530759293401937,
      0.3210499951272796,
      -0.03855066678561628
    ],
    "ankles": [
      0.39554909317406595,
      0.1192000587054163,
      -0.04721529922549499
    ]
  },
  "angles": {
    "knee": 86.0184357762006,
    "hip": 71.92117194914127,
    "shoulder": 51.48766743669993,
    "elbow": 108.75828168144741
  },
  "analysis_scores": {
    "alignment": 0.8181468880463016,
    "balance": 0.8210754526268481,
    "form": 0.7643691854344414,
    "stability": 0.6196921791082117,
    "coordination": 0.9392877938831502,
    "precision": 0.7132933051969141,
    "power": 0.6675297286085796,
    "efficiency": 0.6975731167639123,
    "safety": 0.932229782844531,
    "overall": 0.97299039891388,
    "shoulder": 0.7151310277533753,
    "elbow": 0.6290456200779472,
    "wrist": 0.8131468733341563,
    "hip": 0.618718147752928,
    "knee": 0.7654153790770719,
    "ankle": 0.838698253880091,
    "back": 0.7398594941075505,
    "neck": 0.916083111191997
  },
  "recommendations": {
    "form": "Good form, continue practicing with current technique",
    "alignment": "Work on maintaining symmetrical movement patterns",
    "stability": "Focus on maintaining proper posture and balance",
    "power": "Consider increasing intensity gradually"
  },
  "safety_considerations": []
}