{
  "power_generation": {
    "explosiveness": 0.6123490135109757,
    "force_transfer": 0.9396634918323075,
    "efficiency": 0.6067477115075512
  },
  "technical_metrics": {
    "precision": 0.6973066646762404,
    "consistency": 0.832260115691295,
    "fluidity": 0.622717246748746
  },
  "biomechanical_metrics": {
    "joint_loading": 0.969108883095068,
    "muscle_activation": 0.9940006437678844,
    "energy_efficiency": 0.5945404491723725
  }
}