{
  "key_points": {
    "shoulders": [
      0.0427158489588611,
      0.5965543172771145,
      0.059951779882591316
    ],
    "elbows": [
      0.28875701628154643,
      0.5084587423966438,
      -0.07861530290277491
    ],
    "wrists": [
      0.3215252742215591,
      0.30626095581736845,
      -0.03370048846569432
    ],
    "hips": [
      0.0013136318929057311,
      0.38749043753916984,
      0.013558302317898632
    ],
    "knees": [
      0.07109976201487084,
      0.29202033359299684,
      0.05531981976048295
    ],
    "ankles": [
      -0.022658028098378857,
      0.15537915191683996,
      -0.03595856885274376
    ]
  },
  "angles": {
    "knee": 97.36432838115444,
    "hip": 72.13471716962286,
    "shoulder": 52.58253642507794,
    "elbow": 114.38877824980511
  },
  "analysis_scores": {
    "alignment": 0.9952994312033883,
    "balance": 0.8468950396933383,
    "form": 0.6008021341107171,
    "stability": 0.8618084325217061,
    "coordination": 0.7397470236961704,
    "precision": 0.6665391280198141,
    "power": 0.9537416789410678,
    "efficiency": 0.7895208995562046,
    "safety": 0.8443408881216072,
    "overall": 0.9666275655717627,
    "shoulder": 0.7628584525334254,
    "elbow": 0.9871572263649119,
    "wrist": 0.8546507394103947,
    "hip": 0.7761111770477498,
    "knee": 0.7662900356916972,
    "ankle": 0.8442211069500735,
    "back": 0.6952771696973128,
    "neck": 0.6033824072558285
  },
  "recommendations": {
    "form": "Good form, continue practicing with current technique",
    "alignment": "Good alignment, maintain current technique",
    "stability": "Good stability, continue with current technique",
    "power": "Consider increasing intensity gradually"
  },
  "safety_considerations": []
}