{
  "power_generation": {
    "explosiveness": 0.9331097495126307,
    "force_transfer": 0.752296414464465,
    "efficiency": 0.986335748917694
  },
  "technical_metrics": {
    "precision": 0.8166393956725038,
    "consistency": 0.8039332200109277,
    "fluidity": 0.8279048820129626
  },
  "biomechanical_metrics": {
    "joint_loading": 0.6968680014834914,
    "muscle_activation": 0.8847587162342145,
    "energy_efficiency": 0.8284439616829317
  }
}