{
  "key_points": {
    "shoulders": [
      -0.05953214844756288,
      0.5806105024197283,
      -0.08750708202052625
    ],
    "elbows": [
      -0.28206372119065126,
      0.5012842907203545,
      0.08448830421200354
    ],
    "wrists": [
      0.06704066665160263,
      0.45182646498408063,
      -0.061350941468813015
    ],
    "hips": [
      0.021662384991827988,
      0.48964924530805987,
      -0.0828528936393923
    ],
    "knees": [
      -0.01823880884264817,
      0.28429849212948566,
      0.07858948775438804
    ],
    "ankles": [
      -0.13278148462568512,
      0.23761103952170368,
      -0.04694440173293422
    ]
  },
  "angles": {
    "knee": 96.30459850748997,
    "hip": 121.93824548653113,
    "shoulder": 14.041157494990951,
    "elbow": 125.31237640791237
  },
  "analysis_scores": {
    "alignment": 0.9099227425082861,
    "balance": 0.9631842593185505,
    "form": 0.8582460727267642,
    "stability": 0.6293792087112884,
    "coordination": 0.736890940437393,
    "precision": 0.6265382821731195,
    "power": 0.6195734866398841,
    "efficiency": 0.6997039597268652,
    "safety": 0.6225390341322624,
    "overall": 0.8532496956596243,
    "shoulder": 0.9932534679662209,
    "elbow": 0.9038019316373165,
    "wrist": 0.6415436649019876,
    "hip": 0.8405070459552715,
    "knee": 0.7665644994072687,
    "ankle": 0.753365530944673,
    "back": 0.9637105412817738,
    "neck": 0.7602681552463906
  },
  "recommendations": {
    "form": "Focus on maintaining proper joint angles during movement",
    "alignment": "Good alignment, maintain current technique",
    "stability": "Focus on maintaining proper posture and balance",
    "power": "Consider increasing intensity gradually"
  },
  "safety_considerations": []
}