{
  "power_generation": {
    "explosiveness": 0.7230891862925118,
    "force_transfer": 0.7675160639714349,
    "efficiency": 0.7411783497256934
  },
  "technical_metrics": {
    "precision": 0.6656092222247045,
    "consistency": 0.5085946179047893,
    "fluidity": 0.9771811687874377
  },
  "biomechanical_metrics": {
    "joint_loading": 0.893579998942106,
    "muscle_activation": 0.7018517834177227,
    "energy_efficiency": 0.9541902038350814
  }
}