{
  "key_points": {
    "shoulders": [
      0.14884554164038893,
      0.6766543148382591,
      0.03093082633034186
    ],
    "elbows": [
      -0.2122815958667193,
      0.44752459128200445,
      -0.019677814506300656
    ],
    "wrists": [
      -0.22215978094153074,
      0.37077115123336146,
      -0.051807967260801904
    ],
    "hips": [
      -0.1938524055719907,
      0.4823451357199774,
      -0.025178849173390777
    ],
    "knees": [
      0.21056773815508228,
      0.20900067446530624,
      -0.02993768514997351
    ],
    "ankles": [
      -0.20171968196495885,
      0.1932290052783805,
      -0.08033044812515384
    ]
  },
  "angles": {
    "knee": 135.51707172423392,
    "hip": 137.91184931974044,
    "shoulder": 14.783804989477499,
    "elbow": 166.30028676451903
  },
  "analysis_scores": {
    "alignment": 0.9587619072581974,
    "balance": 0.6189959027493916,
    "form": 0.6518481059855049,
    "stability": 0.86570259433332,
    "coordination": 0.8012295123360595,
    "precision": 0.7152025659348963,
    "power": 0.715844269165367,
    "efficiency": 0.9089516592100243,
    "safety": 0.9756639534437807,
    "overall": 0.9282481637554187,
    "shoulder": 0.6837529003990747,
    "elbow": 0.8839938394775096,
    "wrist": 0.7404515568757132,
    "hip": 0.6929591857266971,
    "knee": 0.9350456845816965,
    "ankle": 0.9299961284933222,
    "back": 0.6495108393271202,
    "neck": 0.6604567099331257
  },
  "recommendations": {
    "form": "Good form, continue practicing with current technique",
    "alignment": "Good alignment, maintain current technique",
    "stability": "Good stability, continue with current technique",
    "power": "Good power output, maintain current intensity"
  },
  "safety_considerations": []
}