{
  "power_generation": {
    "explosiveness": 0.8827690707166966,
    "force_transfer": 0.8078665100385831,
    "efficiency": 0.8770551196377767
  },
  "technical_metrics": {
    "precision": 0.6507323100202888,
    "consistency": 0.9938213380862556,
    "fluidity": 0.563748404686749
  },
  "biomechanical_metrics": {
    "joint_loading": 0.7831855317319791,
    "muscle_activation": 0.6619181964666557,
    "energy_efficiency": 0.8303810158963539
  }
}