{
  "key_points": {
    "shoulders": [
      -0.10588473535481949,
      0.6469551190589743,
      -0.0753284116067621
    ],
    "hips": [
      0.15363790434049923,
      0.5241960004487949,
      -0.08642186264003832
    ],
    "knees": [
      0.179043775025632,
      0.4119158974488209,
      0.024584737284563535
    ],
    "ankles": [
      0.36946925245138773,
      0.2546388167017832,
      -0.07544042362182438
    ]
  },
  "angles": {
    "knee": 53.937512075555894,
    "hip": 35.64342591334327,
    "shoulder": 26.013295855573666
  },
  "analysis_scores": {
    "alignment": 0.8669900833041543,
    "balance": 0.9541575170862663,
    "form": 0.8722360177348865,
    "stability": 0.67698981104943,
    "coordination": 0.6928888146542749,
    "precision": 0.9310697166492221,
    "power": 0.7060537089093364,
    "efficiency": 0.9502848306940502,
    "safety": 0.724747795515587,
    "overall": 0.8502297511398873,
    "shoulder": 0.9568956234573348,
    "elbow": 0.9965342349304644,
    "wrist": 0.8475769916741123,
    "hip": 0.9526144914460086,
    "knee": 0.9274318104750404,
    "ankle": 1.0,
    "back": 0.8110970887390303,
    "neck": 0.7176494212963849
  },
  "recommendations": {
    "form": "Good form, continue practicing with current technique",
    "alignment": "Good alignment, maintain current technique",
    "stability": "Good stability, continue with current technique",
    "power": "Good power output, maintain current intensity"
  },
  "safety_considerations": []
}