{
  "power_generation": {
    "explosiveness": 0.6988185324271012,
    "force_transfer": 0.8830951935058524,
    "efficiency": 0.8608438807378567
  },
  "technical_metrics": {
    "precision": 0.5894142042882065,
    "consistency": 0.6880055830265864,
    "fluidity": 0.6067215070272964
  },
  "biomechanical_metrics": {
    "joint_loading": 0.939197985032783,
    "muscle_activation": 0.8053685113104881,
    "energy_efficiency": 0.6747930990491107
  }
}