{
  "key_points": {
    "shoulders": [
      -0.17035899400463883,
      0.5443193266467042,
      0.05560384062140453
    ],
    "elbows": [
      -0.14816665518632424,
      0.4000742358034092,
      -0.005956229159494744
    ],
    "wrists": [
      0.005423108032403867,
      0.4701134361049591,
      0.04258813174002435
    ],
    "hips": [
      0.13960125135302542,
      0.48796769114754557,
      -0.09664763718922338
    ],
    "knees": [
      -0.1989303935158495,
      0.3387124852236026,
      -0.08927432723721539
    ],
    "ankles": [
      -0.09900105658992331,
      0.22232681086036926,
      0.08865851809957989
    ]
  },
  "angles": {
    "knee": 130.37590192490586,
    "hip": 141.3290443049312,
    "shoulder": 30.39747574906726,
    "elbow": 68.84095066511239
  },
  "analysis_scores": {
    "alignment": 0.7244546032873151,
    "balance": 0.84878214353766,
    "form": 0.7545400198103247,
    "stability": 0.8573814410550863,
    "coordination": 0.8625432989603028,
    "precision": 0.6271989891319125,
    "power": 0.8878639172522013,
    "efficiency": 0.9575863554069586,
    "safety": 0.9774351053198292,
    "overall": 0.9099788829188854,
    "shoulder": 0.9066737203828725,
    "elbow": 0.9023991543481023,
    "wrist": 0.7210954444150256,
    "hip": 0.6900535197225554,
    "knee": 0.9287925419212781,
    "ankle": 0.6842854108070562,
    "back": 0.9315928296227894,
    "neck": 0.6522083895124637
  },
  "recommendations": {
    "form": "Good form, continue practicing with current technique",
    "alignment": "Work on maintaining symmetrical movement patterns",
    "stability": "Good stability, continue with current technique",
    "power": "Consider increasing intensity gradually"
  },
  "safety_considerations": []
}