{
  "power_generation": {
    "explosiveness": 0.6154551444856149,
    "force_transfer": 0.6725755352430645,
    "efficiency": 0.6486898478592652
  },
  "technical_metrics": {
    "precision": 0.5587391382564489,
    "consistency": 0.5125527587975038,
    "fluidity": 0.722000325193143
  },
  "biomechanical_metrics": {
    "joint_loading": 0.9647735095594601,
    "muscle_activation": 0.8119245541630444,
    "energy_efficiency": 0.6178318521773443
  }
}