{
  "power_generation": {
    "explosiveness": 0.725097266382075,
    "force_transfer": 0.8087599409575651,
    "efficiency": 0.8566360036439673
  },
  "technical_metrics": {
    "precision": 0.9015619063117197,
    "consistency": 0.9608372431861132,
    "fluidity": 0.9648925131345206
  },
  "biomechanical_metrics": {
    "joint_loading": 0.6397222165783326,
    "muscle_activation": 0.8260893751603348,
    "energy_efficiency": 0.516394378591692
  }
}