{
  "key_points": {
    "shoulders": [
      0.01631427714149941,
      0.5978417456906011,
      -0.008672919944197055
    ],
    "elbows": [
      0.09561571849785983,
      0.5134481876731264,
      0.06118259673216281
    ],
    "wrists": [
      -0.3662776443925143,
      0.42800996830875826,
      0.051673379304458894
    ],
    "hips": [
      0.18465264758995703,
      0.4958024656155699,
      0.08305868256825757
    ],
    "knees": [
      -0.2688524169379845,
      0.39609751666951964,
      -0.07526365800383546
    ],
    "ankles": [
      0.04322409294594626,
      0.18568197927356744,
      0.028380365766881493
    ]
  },
  "angles": {
    "knee": 107.84440117224366,
    "hip": 135.9629662845075,
    "shoulder": 5.666017165551999,
    "elbow": 88.4415936540089
  },
  "analysis_scores": {
    "alignment": 0.6051563459601448,
    "balance": 0.7797604428477584,
    "form": 0.8233790221999343,
    "stability": 0.858526823472687,
    "coordination": 0.7217451969110489,
    "precision": 0.8456284474664111,
    "power": 0.9731289863704813,
    "efficiency": 0.6273959619705994,
    "safety": 0.9760144356633774,
    "overall": 0.9079313790339569,
    "shoulder": 0.7612278969830479,
    "elbow": 0.8134246886626769,
    "wrist": 0.834028112922169,
    "hip": 0.905202604511956,
    "knee": 0.8924504171316922,
    "ankle": 0.6018425430151156,
    "back": 0.7151329244516652,
    "neck": 0.8085440877657976
  },
  "recommendations": {
    "form": "Good form, continue practicing with current technique",
    "alignment": "Good alignment, maintain current technique",
    "stability": "Good stability, continue with current technique",
    "power": "Good power output, maintain current intensity"
  },
  "safety_considerations": []
}