{
  "key_points": {
    "shoulders": [
      -0.1322051966814044,
      0.5420081270752986,
      0.017986835350378663
    ],
    "elbows": [
      0.15862856983640744,
      0.41989908882292515,
      0.08759843472381851
    ],
    "wrists": [
      -0.27528749046161916,
      0.38746381269832375,
      0.005716131978317968
    ],
    "hips": [
      0.15456121377964865,
      0.32100877562838387,
      -0.09248749880444868
    ],
    "knees": [
      -0.1006660477916535,
      0.22220305113317015,
      0.052665000102792875
    ],
    "ankles": [
      0.1097013409761004,
      0.2930078408580557,
      0.08683064181342176
    ]
  },
  "angles": {
    "knee": 80.45742003067453,
    "hip": 115.81168303022663,
    "shoulder": 48.639350698150345,
    "elbow": 72.69907947770443
  },
  "analysis_scores": {
    "alignment": 0.8937940278024321,
    "balance": 0.845816263065367,
    "form": 0.8676911426747635,
    "stability": 0.6543844616975769,
    "coordination": 0.7974009900696307,
    "precision": 0.892583904653564,
    "power": 0.7635931459733741,
    "efficiency": 0.7213436407902005,
    "safety": 0.6393919971662825,
    "overall": 0.9874034866827602,
    "shoulder": 0.6269586697566546,
    "elbow": 0.6904278734572796,
    "wrist": 0.8377218050839067,
    "hip": 0.6242438651278651,
    "knee": 0.7908817293434627,
    "ankle": 0.6154376871643453,
    "back": 0.7189680420889945,
    "neck": 0.8561091381571382
  },
  "recommendations": {
    "form": "Good form, continue practicing with current technique",
    "alignment": "Good alignment, maintain current technique",
    "stability": "Focus on maintaining proper posture and balance",
    "power": "Good power output, maintain current intensity"
  },
  "safety_considerations": [
    "Ensure proper bike fit and body alignment"
  ]
}