{
  "power_generation": {
    "explosiveness": 0.7094314097695698,
    "force_transfer": 0.5338287760310718,
    "efficiency": 0.974710275390759
  },
  "technical_metrics": {
    "precision": 0.8350161674500345,
    "consistency": 0.6075213579039859,
    "fluidity": 0.7075008436754531
  },
  "biomechanical_metrics": {
    "joint_loading": 0.7104303752617303,
    "muscle_activation": 0.6315879099379296,
    "energy_efficiency": 0.7438797566855402
  }
}