{
  "key_points": {
    "shoulders": [
      0.15032622244772909,
      0.6496876531020157,
      -0.051264291494247965
    ],
    "elbows": [
      0.16037011576575055,
      0.520008489450682,
      -0.08042353478429345
    ],
    "wrists": [
      -0.35233861398861716,
      0.42016706244064794,
      0.006567718013795812
    ],
    "hips": [
      0.012549302758259884,
      0.32017319414348727,
      -0.0003331538584079585
    ],
    "knees": [
      0.09092902559177563,
      0.26140091806347937,
      0.021250957554140262
    ],
    "ankles": [
      0.11700243599740134,
      0.19326314847739007,
      -0.025230470105924926
    ]
  },
  "angles": {
    "knee": 97.21292891854876,
    "hip": 103.37397205532154,
    "shoulder": 25.62548901696546,
    "elbow": 134.19032889493727
  },
  "analysis_scores": {
    "alignment": 0.8736604947107456,
    "balance": 0.6092471499717196,
    "form": 0.6297574331436527,
    "stability": 0.6935986443065094,
    "coordination": 0.9031130268075133,
    "precision": 0.9095305789698663,
    "power": 0.6922305157955405,
    "efficiency": 0.6475373783008221,
    "safety": 0.8316787061483868,
    "overall": 0.7982947769174829,
    "shoulder": 0.8390775623654784,
    "elbow": 0.908437163064393,
    "wrist": 0.6269647613616823,
    "hip": 0.9687170086053286,
    "knee": 0.6480840884413801,
    "ankle": 0.6602432351583604,
    "back": 0.8031925938410551,
    "neck": 0.8437425545852676
  },
  "recommendations": {
    "form": "Good form, continue practicing with current technique",
    "alignment": "Good alignment, maintain current technique",
    "stability": "Good stability, continue with current technique",
    "power": "Good power output, maintain current intensity"
  },
  "safety_considerations": []
}