{
  "power_generation": {
    "explosiveness": 0.6167733743610773,
    "force_transfer": 0.9708288440572156,
    "efficiency": 0.9892007939313825
  },
  "technical_metrics": {
    "precision": 0.6100038576767823,
    "consistency": 0.9656451984441095,
    "fluidity": 0.6117478034367035
  },
  "biomechanical_metrics": {
    "joint_loading": 0.6102140759949233,
    "muscle_activation": 0.9076121178875656,
    "energy_efficiency": 0.7202064806830591
  }
}