{
  "key_points": {
    "shoulders": [
      -0.07443027985065359,
      0.6568124260861334,
      -0.01371425426747308
    ],
    "elbows": [
      -0.053313443984244785,
      0.46976707864192013,
      0.09093463256442325
    ],
    "wrists": [
      -0.33402608282692603,
      0.4324976705813799,
      0.0112139389522882
    ],
    "hips": [
      -0.14659880445154108,
      0.4209931949319744,
      0.012508391236991392
    ],
    "knees": [
      0.125681999903833,
      0.35076157397604674,
      0.024840084018467004
    ],
    "ankles": [
      0.05448717753622817,
      0.188483479709123,
      0.0506609612569926
    ]
  },
  "angles": {
    "knee": 69.91643383883151,
    "hip": 59.68048850369844,
    "shoulder": 40.24049945043089,
    "elbow": 36.0294017839793
  },
  "analysis_scores": {
    "alignment": 0.7060753054869953,
    "balance": 0.7424005325093784,
    "form": 0.8765894470441209,
    "stability": 0.756198953619664,
    "coordination": 0.855495442717713,
    "precision": 0.8046669641060944,
    "power": 0.9070323891834385,
    "efficiency": 0.6754221417973568,
    "safety": 0.708533988179202,
    "overall": 0.6932421518540756,
    "shoulder": 0.6710552260569972,
    "elbow": 0.8520253512020992,
    "wrist": 0.6018572447525845,
    "hip": 0.9878889060545699,
    "knee": 0.8590806007965157,
    "ankle": 0.7668544301209814,
    "back": 0.737590180729043,
    "neck": 0.7922351780262555
  },
  "recommendations": {
    "form": "Good form, continue practicing with current technique",
    "alignment": "Good alignment, maintain current technique",
    "stability": "Good stability, continue with current technique",
    "power": "Consider increasing intensity gradually"
  },
  "safety_considerations": []
}