{
  "power_generation": {
    "explosiveness": 0.8381672611272311,
    "force_transfer": 0.8986133157896838,
    "efficiency": 0.83689540419151
  },
  "technical_metrics": {
    "precision": 0.5213613871987484,
    "consistency": 0.9155332812168457,
    "fluidity": 0.7713226729533846
  },
  "biomechanical_metrics": {
    "joint_loading": 0.51307485240033,
    "muscle_activation": 0.5859254872746331,
    "energy_efficiency": 0.9481582700435159
  }
}