{
  "key_points": {
    "shoulders": [
      0.17995840502381577,
      0.60686206676209,
      0.08888934383627067
    ],
    "elbows": [
      -0.263890865959079,
      0.5705821985837676,
      0.09703748508337773
    ],
    "wrists": [
      -0.07533584464944215,
      0.37648759655962105,
      0.09484027166501993
    ],
    "hips": [
      -0.11168282001486829,
      0.4669286886712594,
      -0.050619771676564174
    ],
    "knees": [
      -0.18073109394199594,
      0.3784018909405748,
      -0.014778341028897787
    ],
    "ankles": [
      -0.35046821027425157,
      0.12172618943692333,
      -0.03164857372821353
    ]
  },
  "angles": {
    "knee": 35.63410031524804,
    "hip": 101.01798497251754,
    "shoulder": 13.055023928182571,
    "elbow": 161.1575494341054
  },
  "analysis_scores": {
    "alignment": 0.7971038986166277,
    "balance": 0.8625210342866536,
    "form": 0.6085389839017784,
    "stability": 0.7304708060476954,
    "coordination": 0.9218762893962158,
    "precision": 0.6132383539373487,
    "power": 0.8671040483960062,
    "efficiency": 0.7959294429778562,
    "safety": 0.8918489019241607,
    "overall": 0.7326601816659178,
    "shoulder": 0.8540846229949358,
    "elbow": 0.9809617332604774,
    "wrist": 0.8903698782853764,
    "hip": 0.8151214102603275,
    "knee": 0.8494396416222059,
    "ankle": 0.6973133208342712,
    "back": 0.9016033778624716,
    "neck": 0.642594674017572
  },
  "recommendations": {
    "form": "Good form, continue practicing with current technique",
    "alignment": "Good alignment, maintain current technique",
    "stability": "Good stability, continue with current technique",
    "power": "Good power output, maintain current intensity"
  },
  "safety_considerations": []
}