{
  "power_generation": {
    "explosiveness": 0.6130505751105059,
    "force_transfer": 0.6168081581449609,
    "efficiency": 0.6172395845766587
  },
  "technical_metrics": {
    "precision": 0.768147641581198,
    "consistency": 0.7294043554950913,
    "fluidity": 0.997559892101702
  },
  "biomechanical_metrics": {
    "joint_loading": 0.8997501429427879,
    "muscle_activation": 0.8809770278917227,
    "energy_efficiency": 0.906373084758346
  }
}