{
  "key_points": {
    "shoulders": [
      0.04613473353795472,
      0.7533320822213491,
      -0.07140536322521404
    ],
    "hips": [
      -0.15587990141300134,
      0.5897664440030096,
      -0.16773356745480653
    ],
    "knees": [
      0.28756007697047414,
      0.30182973987267625,
      0.04214613866112896
    ],
    "ankles": [
      -0.4770724803972239,
      0.28422592043911993,
      -0.13878823898029538
    ]
  },
  "angles": {
    "knee": 29.6320230392438,
    "hip": 50.452960522561064,
    "shoulder": 58.21144156906122
  },
  "analysis_scores": {
    "alignment": 0.8303945755943675,
    "balance": 0.7734026143425157,
    "form": 0.9605850501682827,
    "stability": 0.7025121234814174,
    "coordination": 0.9338524164890426,
    "precision": 0.8497733171234704,
    "power": 0.8023221188386604,
    "efficiency": 0.9933951989871771,
    "safety": 0.9403393301809252,
    "overall": 0.6663945640238848,
    "shoulder": 0.9899514891662768,
    "elbow": 0.8786103279642776,
    "wrist": 0.7905304771233013,
    "hip": 0.7924312957060725,
    "knee": 0.9248697100010288,
    "ankle": 1.0,
    "back": 0.9729009553567742,
    "neck": 0.9791804242954467
  },
  "recommendations": {
    "form": "Focus on maintaining proper joint angles during movement",
    "alignment": "Good alignment, maintain current technique",
    "stability": "Good stability, continue with current technique",
    "power": "Good power output, maintain current intensity"
  },
  "safety_considerations": []
}