{
  "power_generation": {
    "explosiveness": 0.7839296737482946,
    "force_transfer": 0.9529191021707029,
    "efficiency": 0.7020074116620142
  },
  "technical_metrics": {
    "precision": 0.878913732384281,
    "consistency": 0.9660596250714376,
    "fluidity": 0.9465337779229196
  },
  "biomechanical_metrics": {
    "joint_loading": 0.8087280187361451,
    "muscle_activation": 0.8825595011158323,
    "energy_efficiency": 0.5821184607340903
  }
}