{
  "key_points": {
    "shoulders": [
      -0.03966355799410215,
      0.6968717161921475,
      0.01838060785738932
    ],
    "elbows": [
      -0.155839937916378,
      0.48615367772934315,
      -0.12356096953375979
    ],
    "wrists": [
      0.4164824653620294,
      0.33232344040315165,
      -0.17427318125296543
    ],
    "hips": [
      -0.12524044415605853,
      0.4561896048407703,
      -0.0615335373409244
    ]
  },
  "angles": {
    "shoulder": 37.00355668108091,
    "elbow": 122.14026152364715
  },
  "analysis_scores": {
    "alignment": 0.7603596841339467,
    "balance": 0.6916443231708016,
    "form": 0.9959412220763809,
    "stability": 0.6445577729708938,
    "coordination": 0.8166264706796127,
    "precision": 0.7046116558531618,
    "power": 0.8084518524818064,
    "efficiency": 0.9844929427305801,
    "safety": 0.6177143608791793,
    "overall": 0.8196868037565335,
    "shoulder": 1.0,
    "elbow": 0.8822188533392474,
    "wrist": 0.7910485141829086,
    "hip": 0.8108716356194349,
    "knee": 0.9901561968249704,
    "ankle": 0.9145489175766389,
    "back": 0.774353269327183,
    "neck": 0.8094683811986445
  },
  "recommendations": {
    "form": "Good form, continue practicing with current technique",
    "alignment": "Good alignment, maintain current technique",
    "stability": "Good stability, continue with current technique",
    "power": "Good power output, maintain current intensity"
  },
  "safety_considerations": []
}