{
  "power_generation": {
    "explosiveness": 0.9978839172837705,
    "force_transfer": 0.7000483201274219,
    "efficiency": 0.9504747091746205
  },
  "technical_metrics": {
    "precision": 0.6531835500833167,
    "consistency": 0.5384206962049414,
    "fluidity": 0.9102832328231543
  },
  "biomechanical_metrics": {
    "joint_loading": 0.7758231275031857,
    "muscle_activation": 0.5084026991827586,
    "energy_efficiency": 0.970405333580715
  }
}