{
  "power_generation": {
    "explosiveness": 0.689017599518222,
    "force_transfer": 0.6602083348607503,
    "efficiency": 0.7491910875044221
  },
  "technical_metrics": {
    "precision": 0.6391360434195236,
    "consistency": 0.9730784504709955,
    "fluidity": 0.7153643968154719
  },
  "biomechanical_metrics": {
    "joint_loading": 0.7314787505236285,
    "muscle_activation": 0.6108222107759471,
    "energy_efficiency": 0.6397413678967526
  }
}