{
  "power_generation": {
    "explosiveness": 0.7553106337552773,
    "force_transfer": 0.916675508465481,
    "efficiency": 0.9377458758963215
  },
  "technical_metrics": {
    "precision": 0.7621494285769402,
    "consistency": 0.7916440089125509,
    "fluidity": 0.9519969303364699
  },
  "biomechanical_metrics": {
    "joint_loading": 0.6150741556049923,
    "muscle_activation": 0.6587222707425924,
    "energy_efficiency": 0.7497253816775356
  }
}