{
  "key_points": {
    "shoulders": [
      -0.004310940679380565,
      0.5564958791070682,
      0.04120264920098721
    ],
    "elbows": [
      -0.21637359894727154,
      0.5323463008903879,
      -0.07608749567139093
    ],
    "wrists": [
      -0.043297350913869104,
      0.3355325558443515,
      0.06459444400495934
    ],
    "hips": [
      -0.07049654989630882,
      0.4529578505252971,
      -0.022165966689362035
    ],
    "knees": [
      -0.06840052437491215,
      0.21964405121242603,
      -0.033558832190921886
    ],
    "ankles": [
      0.27896795924816986,
      0.16595707377787497,
      0.04470147471894817
    ]
  },
  "angles": {
    "knee": 56.394801302791855,
    "hip": 131.33033467363592,
    "shoulder": 75.30047044521064,
    "elbow": 95.48676853595995
  },
  "analysis_scores": {
    "alignment": 0.8733763142571739,
    "balance": 0.7413587848622332,
    "form": 0.7891933668144845,
    "stability": 0.627657599830996,
    "coordination": 0.7192599125462267,
    "precision": 0.9801837290804766,
    "power": 0.7094869995963227,
    "efficiency": 0.6955954552613066,
    "safety": 0.7690214831385649,
    "overall": 0.9834862293135583,
    "shoulder": 0.6697705028294307,
    "elbow": 0.615006415466879,
    "wrist": 0.7597178615409262,
    "hip": 0.6175582961676821,
    "knee": 0.7274765180195402,
    "ankle": 0.837097094333857,
    "back": 0.9655018636845005,
    "neck": 0.6967728068356605
  },
  "recommendations": {
    "form": "Good form, continue practicing with current technique",
    "alignment": "Good alignment, maintain current technique",
    "stability": "Good stability, continue with current technique",
    "power": "Good power output, maintain current intensity"
  },
  "safety_considerations": []
}