{
  "power_generation": {
    "explosiveness": 0.5888727261133113,
    "force_transfer": 0.7306592806213558,
    "efficiency": 0.595733986575741
  },
  "technical_metrics": {
    "precision": 0.9869656270577007,
    "consistency": 0.6086780049242431,
    "fluidity": 0.6277995195012585
  },
  "biomechanical_metrics": {
    "joint_loading": 0.6904342971305656,
    "muscle_activation": 0.9815789893683875,
    "energy_efficiency": 0.7860511954483123
  }
}