{
  "key_points": {
    "shoulders": [
      0.1985479879496495,
      0.6215596197383347,
      -0.0228017445237311
    ],
    "elbows": [
      0.08261231018528958,
      0.49519875163101645,
      0.01874228945107606
    ],
    "wrists": [
      -0.016182534670389104,
      0.4469023054122932,
      -0.022295090207818793
    ],
    "hips": [
      0.17232389286286826,
      0.31835484070655373,
      0.029015918805362972
    ],
    "knees": [
      -0.1807324635341977,
      0.302053290184251,
      0.06628572571971411
    ],
    "ankles": [
      -0.25507531243151266,
      0.19714055447048656,
      -0.07427332016273108
    ]
  },
  "angles": {
    "knee": 66.11858881253075,
    "hip": 134.4800126919227,
    "shoulder": 69.24192808527239,
    "elbow": 132.45174418386537
  },
  "analysis_scores": {
    "alignment": 0.850073419891898,
    "balance": 0.940596950314185,
    "form": 0.9884963875168302,
    "stability": 0.8109507994114172,
    "coordination": 0.7104372842820931,
    "precision": 0.8083576998702012,
    "power": 0.7604265229038708,
    "efficiency": 0.8738924071979604,
    "safety": 0.6576813226327043,
    "overall": 0.900537510475465,
    "shoulder": 0.9814282424448273,
    "elbow": 0.9944928137254164,
    "wrist": 0.8859548682654298,
    "hip": 0.7438422499116166,
    "knee": 0.8941635691101648,
    "ankle": 0.8079958848419986,
    "back": 0.6308300121156065,
    "neck": 0.6066278822943674
  },
  "recommendations": {
    "form": "Good form, continue practicing with current technique",
    "alignment": "Good alignment, maintain current technique",
    "stability": "Good stability, continue with current technique",
    "power": "Good power output, maintain current intensity"
  },
  "safety_considerations": []
}