{
  "power_generation": {
    "explosiveness": 0.5940117214829799,
    "force_transfer": 0.9032892715171306,
    "efficiency": 0.9427161765764366
  },
  "technical_metrics": {
    "precision": 0.685584737679293,
    "consistency": 0.9267154636149054,
    "fluidity": 0.579364365776978
  },
  "biomechanical_metrics": {
    "joint_loading": 0.7365293316929746,
    "muscle_activation": 0.9469448770607568,
    "energy_efficiency": 0.7499597602424832
  }
}