{
  "key_points": {
    "shoulders": [
      -0.19554283662449184,
      0.6608141077363517,
      0.012019475461990961
    ],
    "hips": [
      0.09052063546296385,
      0.587003869568228,
      0.04659744279317651
    ],
    "knees": [
      -0.09102057671238434,
      0.4537763146739678,
      -0.09433155209685938
    ],
    "ankles": [
      0.35007092648440286,
      0.24050534312582275,
      -0.03559756114400403
    ]
  },
  "angles": {
    "knee": 44.83847705300831,
    "hip": 114.93740032910306,
    "shoulder": 15.414276915869703
  },
  "analysis_scores": {
    "alignment": 1.0,
    "balance": 0.7631291583053122,
    "form": 0.7623120144603317,
    "stability": 0.8507790518557417,
    "coordination": 0.6954441144916386,
    "precision": 0.6640140337930662,
    "power": 0.7995069634066734,
    "efficiency": 0.7840454383268097,
    "safety": 0.6339713521424448,
    "overall": 0.8033092779364275,
    "shoulder": 0.8297293823633947,
    "elbow": 0.8875082829831773,
    "wrist": 0.6447176169680123,
    "hip": 0.8680449164050582,
    "knee": 0.9279918905150671,
    "ankle": 0.8596250425036905,
    "back": 0.8000835052242571,
    "neck": 0.6418112861456537
  },
  "recommendations": {
    "form": "Good form, continue practicing with current technique",
    "alignment": "Good alignment, maintain current technique",
    "stability": "Good stability, continue with current technique",
    "power": "Good power output, maintain current intensity"
  },
  "safety_considerations": []
}