{
  "power_generation": {
    "explosiveness": 0.9468282536654105,
    "force_transfer": 0.5546216753315939,
    "efficiency": 0.7445310840510135
  },
  "technical_metrics": {
    "precision": 0.9646824879517794,
    "consistency": 0.5757045676919772,
    "fluidity": 0.547075547062966
  },
  "biomechanical_metrics": {
    "joint_loading": 0.9369359420313339,
    "muscle_activation": 0.823280047995484,
    "energy_efficiency": 0.8485270047520599
  }
}