{
  "key_points": {
    "shoulders": [
      -0.12853302278033335,
      0.5271157645001758,
      0.09953117242489423
    ],
    "elbows": [
      -0.00403973555801207,
      0.5457326124199153,
      0.04017480712552393
    ],
    "wrists": [
      -0.14194652149380327,
      0.37532037285044784,
      0.09522175840647493
    ],
    "hips": [
      0.12150787922128187,
      0.366677439939865,
      -0.06186576538491609
    ],
    "knees": [
      -0.19402598273672078,
      0.3351596415958422,
      -0.025186521194669617
    ],
    "ankles": [
      -0.029035309636535167,
      0.2569107213992319,
      0.09480012922754308
    ]
  },
  "angles": {
    "knee": 38.64764346446815,
    "hip": 51.04773817964539,
    "shoulder": 44.69431463814458,
    "elbow": 71.04234348090033
  },
  "analysis_scores": {
    "alignment": 0.6776564286456677,
    "balance": 0.666506392377425,
    "form": 0.9215504805405047,
    "stability": 0.6274196988657524,
    "coordination": 0.8617113930713333,
    "precision": 0.9547416190330122,
    "power": 0.9892274810056955,
    "efficiency": 0.6634386804811953,
    "safety": 0.6752836400116599,
    "overall": 0.7251315244234928,
    "shoulder": 0.8954531434517077,
    "elbow": 0.647088293936073,
    "wrist": 0.945545061343961,
    "hip": 0.804760781995856,
    "knee": 0.9723042098985528,
    "ankle": 0.9777292924861873,
    "back": 0.822184208194057,
    "neck": 0.9965686604350397
  },
  "recommendations": {
    "form": "Focus on maintaining proper joint angles during movement",
    "alignment": "Good alignment, maintain current technique",
    "stability": "Good stability, continue with current technique",
    "power": "Consider increasing intensity gradually"
  },
  "safety_considerations": [
    "Focus on maintaining proper back alignment to prevent injury"
  ]
}