{
  "power_generation": {
    "explosiveness": 0.7894312776544199,
    "force_transfer": 0.8851005586554399,
    "efficiency": 0.6116949280961255
  },
  "technical_metrics": {
    "precision": 0.7203301002365493,
    "consistency": 0.9067603353377764,
    "fluidity": 0.8812267129431126
  },
  "biomechanical_metrics": {
    "joint_loading": 0.9548071415590502,
    "muscle_activation": 0.6307691670348926,
    "energy_efficiency": 0.7400342795718505
  }
}