{
  "key_points": {
    "shoulders": [
      -0.17375956927555955,
      0.6058656280975278,
      -0.05956247142049571
    ],
    "elbows": [
      0.12106718420796692,
      0.473963883053518,
      -0.05603774758254754
    ],
    "wrists": [
      0.35415120219102203,
      0.47731510843377856,
      0.048348726177666446
    ],
    "hips": [
      0.18025693871961646,
      0.40228082293362993,
      0.021414516366766306
    ],
    "knees": [
      0.2287704550389859,
      0.24898911453897438,
      0.004464650787925434
    ],
    "ankles": [
      0.13357849688885903,
      0.14132112411207765,
      0.012872404164600254
    ]
  },
  "angles": {
    "knee": 114.26758971359965,
    "hip": 63.43357213047395,
    "shoulder": 53.88122291254933,
    "elbow": 169.8474966254683
  },
  "analysis_scores": {
    "alignment": 0.6614798332516171,
    "balance": 0.9848910271007383,
    "form": 0.7304920736070132,
    "stability": 0.7955459078376519,
    "coordination": 0.9477689592644497,
    "precision": 0.7651089141092008,
    "power": 0.6486027349935858,
    "efficiency": 0.9365054581513393,
    "safety": 0.8777868523529242,
    "overall": 0.9075879165668861,
    "shoulder": 0.8014690044256938,
    "elbow": 0.8332291877095146,
    "wrist": 0.7927551123451163,
    "hip": 0.7554730710931195,
    "knee": 0.6278847653797048,
    "ankle": 0.6711911624469945,
    "back": 0.7971637396922925,
    "neck": 0.7652005832174671
  },
  "recommendations": {
    "form": "Focus on maintaining proper joint angles during movement",
    "alignment": "Good alignment, maintain current technique",
    "stability": "Good stability, continue with current technique",
    "power": "Consider increasing intensity gradually"
  },
  "safety_considerations": [
    "Focus on proper shoulder positioning for defense"
  ]
}