{
  "power_generation": {
    "explosiveness": 0.9704200055184349,
    "force_transfer": 0.7971549223143756,
    "efficiency": 0.517432091456846
  },
  "technical_metrics": {
    "precision": 0.8087189999725557,
    "consistency": 0.7671228414458646,
    "fluidity": 0.833637857283505
  },
  "biomechanical_metrics": {
    "joint_loading": 0.8112623969772408,
    "muscle_activation": 0.5609185918253736,
    "energy_efficiency": 0.7961201247846681
  }
}