{
  "key_points": {
    "shoulders": [
      0.07063968392454856,
      0.6008865542667999,
      0.06928073797717457
    ],
    "elbows": [
      -0.28503831415811376,
      0.5009658454530805,
      0.08123291520681863
    ],
    "wrists": [
      -0.3537049152635181,
      0.3045447380974592,
      -0.02830193530055329
    ],
    "hips": [
      -0.11680282062182111,
      0.3820023847992275,
      0.0698843133955265
    ],
    "knees": [
      0.06931735737274225,
      0.3722422166500733,
      0.08009429612032065
    ],
    "ankles": [
      0.00557042534568114,
      0.2605330199477315,
      -0.0045199707980997095
    ]
  },
  "angles": {
    "knee": 28.7429746231976,
    "hip": 67.36201711168486,
    "shoulder": 21.025119412591856,
    "elbow": 94.88065112856509
  },
  "analysis_scores": {
    "alignment": 0.6309772876851403,
    "balance": 0.6193485289172241,
    "form": 0.8904661921210497,
    "stability": 0.9610207358542913,
    "coordination": 0.8921538361468808,
    "precision": 0.696364932181861,
    "power": 0.9134877956564382,
    "efficiency": 0.9190152089929685,
    "safety": 0.9732977577974369,
    "overall": 0.698053026260759,
    "shoulder": 0.6963266406332075,
    "elbow": 0.9191554831064712,
    "wrist": 0.8558215727670055,
    "hip": 0.6637654630237787,
    "knee": 0.7431785680179053,
    "ankle": 0.9160833637000654,
    "back": 0.6571527206213003,
    "neck": 0.8647302716119967
  },
  "recommendations": {
    "form": "Good form, continue practicing with current technique",
    "alignment": "Good alignment, maintain current technique",
    "stability": "Good stability, continue with current technique",
    "power": "Good power output, maintain current intensity"
  },
  "safety_considerations": [
    "Focus on proper shoulder mechanics for throwing"
  ]
}