{
  "power_generation": {
    "explosiveness": 0.6183505199861545,
    "force_transfer": 0.7579438182150493,
    "efficiency": 0.5294669241024201
  },
  "technical_metrics": {
    "precision": 0.6785681057168484,
    "consistency": 0.8585094140076659,
    "fluidity": 0.8182597285605941
  },
  "biomechanical_metrics": {
    "joint_loading": 0.6826477894409317,
    "muscle_activation": 0.9809547122853595,
    "energy_efficiency": 0.6188897866968401
  }
}