{
  "key_points": {
    "shoulders": [
      0.056605743142932874,
      0.6882759710740393,
      -0.09848259041450994
    ],
    "elbows": [
      0.0788020122319168,
      0.5352633527099849,
      -0.06690626444834727
    ],
    "wrists": [
      -0.39122811138141184,
      0.3163132901164949,
      0.06713226919857318
    ],
    "hips": [
      -0.18134670165471142,
      0.49682906516699143,
      -0.07558889816836066
    ],
    "knees": [
      -0.2285936621339008,
      0.35831077894197966,
      0.0011432792350002108
    ],
    "ankles": [
      0.26231493237034287,
      0.2780311424764867,
      0.05918430804870364
    ]
  },
  "angles": {
    "knee": 65.32995797349052,
    "hip": 177.08070927616674,
    "shoulder": 20.839894788151263,
    "elbow": 134.13851933200002
  },
  "analysis_scores": {
    "alignment": 0.7626867789378715,
    "balance": 0.6425164089129395,
    "form": 0.6321499796485028,
    "stability": 0.7525334383992759,
    "coordination": 0.8406415767506066,
    "precision": 0.7403078554167535,
    "power": 0.6094600520843748,
    "efficiency": 0.6041535805959662,
    "safety": 0.7325233767829772,
    "overall": 0.7302541158596205,
    "shoulder": 0.8309348863447111,
    "elbow": 0.6012012572119162,
    "wrist": 0.7382901589369958,
    "hip": 0.6976468042953494,
    "knee": 0.6240552928036084,
    "ankle": 0.690919256899421,
    "back": 0.6261335708885944,
    "neck": 0.7035773841734709
  },
  "recommendations": {
    "form": "Focus on maintaining proper joint angles during movement",
    "alignment": "Good alignment, maintain current technique",
    "stability": "Good stability, continue with current technique",
    "power": "Good power output, maintain current intensity"
  },
  "safety_considerations": []
}