{
  "power_generation": {
    "explosiveness": 0.6924883258234475,
    "force_transfer": 0.6526910311158289,
    "efficiency": 0.5072274698944017
  },
  "technical_metrics": {
    "precision": 0.8368068269345513,
    "consistency": 0.9218466536518598,
    "fluidity": 0.6168419637603955
  },
  "biomechanical_metrics": {
    "joint_loading": 0.8849450506881265,
    "muscle_activation": 0.9194668767481873,
    "energy_efficiency": 0.6914900640211079
  }
}