{
  "key_points": {
    "shoulders": [
      -0.01001055972568693,
      0.601858138877326,
      0.031232795233041066
    ],
    "elbows": [
      -0.1757316789829222,
      0.5836420751296725,
      0.08847202924394382
    ],
    "wrists": [
      0.19250753434523638,
      0.4397776184134949,
      0.09712405649973091
    ],
    "hips": [
      -0.06637990892738835,
      0.3197116516295756,
      0.00783782002530313
    ],
    "knees": [
      -0.02791717833382329,
      0.3887268166634407,
      -0.05934831257193878
    ],
    "ankles": [
      -0.2955041804426216,
      0.10247872285447945,
      -0.06656218467089148
    ]
  },
  "angles": {
    "knee": 76.08576799582504,
    "hip": 101.72123027732704,
    "shoulder": 65.98133246153203,
    "elbow": 145.68238865235
  },
  "analysis_scores": {
    "alignment": 0.8398565482288073,
    "balance": 0.9239343034293166,
    "form": 0.6715783553984851,
    "stability": 0.6660468554324122,
    "coordination": 0.7918238589400197,
    "precision": 0.9536210054363781,
    "power": 0.9006381475765524,
    "efficiency": 0.9020193208991814,
    "safety": 0.92793599894662,
    "overall": 0.9175627380026525,
    "shoulder": 0.6028626569626199,
    "elbow": 0.794483566009387,
    "wrist": 0.7179766060073605,
    "hip": 0.8850388560075977,
    "knee": 0.7489323460939874,
    "ankle": 0.7031010915841922,
    "back": 0.7436075752616679,
    "neck": 0.8234029590845658
  },
  "recommendations": {
    "form": "Focus on maintaining proper joint angles during movement",
    "alignment": "Work on maintaining symmetrical movement patterns",
    "stability": "Good stability, continue with current technique",
    "power": "Good power output, maintain current intensity"
  },
  "safety_considerations": [
    "Consider reducing jump height to prevent joint stress"
  ]
}