{
  "power_generation": {
    "explosiveness": 0.5355562826577366,
    "force_transfer": 0.7770229070286048,
    "efficiency": 0.83220479795612
  },
  "technical_metrics": {
    "precision": 0.6781937085263795,
    "consistency": 0.9986170424785743,
    "fluidity": 0.8194909119910518
  },
  "biomechanical_metrics": {
    "joint_loading": 0.5014673367339761,
    "muscle_activation": 0.5405345742583352,
    "energy_efficiency": 0.5957438407788245
  }
}