{
  "key_points": {
    "shoulders": [
      0.11825571992981238,
      0.553477726103305,
      -0.0363760740897426
    ],
    "elbows": [
      0.17988955354011216,
      0.4012118956675796,
      0.06613028270394675
    ],
    "wrists": [
      0.03284807070312884,
      0.34645430158047685,
      -0.02592068707343094
    ],
    "hips": [
      -0.08281845607526189,
      0.31189231804006134,
      0.043747363753199014
    ],
    "knees": [
      0.2742618210702738,
      0.2391128474601647,
      0.09862325719503179
    ],
    "ankles": [
      0.3537928293587419,
      0.1728288836626025,
      -0.06770710685998624
    ]
  },
  "angles": {
    "knee": 59.114254147342784,
    "hip": 83.25261268409999,
    "shoulder": 7.0302079347820765,
    "elbow": 102.82730143516036
  },
  "analysis_scores": {
    "alignment": 0.6254827390058976,
    "balance": 0.8891792538872072,
    "form": 0.8338245871737717,
    "stability": 0.7858526604742142,
    "coordination": 0.643144242962264,
    "precision": 0.9238199470382581,
    "power": 0.8436027132927635,
    "efficiency": 0.8692418718861961,
    "safety": 0.7654016735710172,
    "overall": 0.8277600498680757,
    "shoulder": 0.8920902394095214,
    "elbow": 0.722071469043537,
    "wrist": 0.8677112638873821,
    "hip": 0.8700551643276726,
    "knee": 0.6075387198611816,
    "ankle": 0.8440705516676301,
    "back": 0.9883480659457891,
    "neck": 0.61127696865057
  },
  "recommendations": {
    "form": "Good form, continue practicing with current technique",
    "alignment": "Work on maintaining symmetrical movement patterns",
    "stability": "Good stability, continue with current technique",
    "power": "Good power output, maintain current intensity"
  },
  "safety_considerations": []
}