{
  "key_points": {
    "shoulders": [
      0.012430183568036629,
      0.6233291783918217,
      -0.08009769839530226
    ],
    "hips": [
      0.009070626808970556,
      0.5010363091222173,
      -0.0651691063496996
    ],
    "knees": [
      -0.06200695724256128,
      0.4419341585532191,
      -0.09924482366757843
    ],
    "ankles": [
      -0.30969312402521976,
      0.22788347552111465,
      -0.05726261233215551
    ]
  },
  "angles": {
    "knee": 77.31212199285982,
    "hip": 47.84503146365263,
    "shoulder": 33.339020828433135
  },
  "analysis_scores": {
    "alignment": 0.765589608466802,
    "balance": 1.0,
    "form": 0.7836559184063939,
    "stability": 0.6802080656179419,
    "coordination": 0.815406696812262,
    "precision": 0.8244906362337028,
    "power": 0.7692449166060924,
    "efficiency": 0.8894877506008547,
    "safety": 0.8892612346511757,
    "overall": 0.6852188850764807,
    "shoulder": 0.987469524025398,
    "elbow": 0.9763041967522205,
    "wrist": 0.7803981684906116,
    "hip": 0.9759632048049715,
    "knee": 0.8525320696434602,
    "ankle": 1.0,
    "back": 0.6515222674373133,
    "neck": 0.6630040204783857
  },
  "recommendations": {
    "form": "Good form, continue practicing with current technique",
    "alignment": "Good alignment, maintain current technique",
    "stability": "Good stability, continue with current technique",
    "power": "Good power output, maintain current intensity"
  },
  "safety_considerations": []
}