{
  "power_generation": {
    "explosiveness": 0.6568536632434254,
    "force_transfer": 0.9025286726471857,
    "efficiency": 0.6829397693058579
  },
  "technical_metrics": {
    "precision": 0.7738653632696164,
    "consistency": 0.713724426160915,
    "fluidity": 0.7067662647701498
  },
  "biomechanical_metrics": {
    "joint_loading": 0.7227174006843606,
    "muscle_activation": 0.995182627723536,
    "energy_efficiency": 0.9257353510188571
  }
}