{
  "power_generation": {
    "explosiveness": 0.7410528760931747,
    "force_transfer": 0.5315730784667012,
    "efficiency": 0.861129920348337
  },
  "technical_metrics": {
    "precision": 0.9092050540074696,
    "consistency": 0.6299243750854764,
    "fluidity": 0.6617601291063232
  },
  "biomechanical_metrics": {
    "joint_loading": 0.9570129463489823,
    "muscle_activation": 0.7291557390294805,
    "energy_efficiency": 0.5573710783836916
  }
}