{
  "key_points": {
    "shoulders": [
      0.09595732201570234,
      0.6069494302749698,
      0.07445219998779773
    ],
    "elbows": [
      0.18313750394459372,
      0.4764958990970877,
      0.07301942305340439
    ],
    "wrists": [
      0.24360838984777122,
      0.3689104649377448,
      0.00529736805450369
    ],
    "hips": [
      0.15016223325777228,
      0.3829176948994858,
      -0.006670103667698338
    ],
    "knees": [
      0.13829065413619168,
      0.3474237579433987,
      -0.031575167284473335
    ],
    "ankles": [
      -0.1922889481116693,
      0.10950548526652873,
      0.03667464694305708
    ]
  },
  "angles": {
    "knee": 134.48870479843464,
    "hip": 165.73416900160942,
    "shoulder": 38.6279614729606,
    "elbow": 42.05347860115347
  },
  "analysis_scores": {
    "alignment": 0.6417623663608432,
    "balance": 0.60608616740142,
    "form": 0.8117470761696456,
    "stability": 0.6633934671835767,
    "coordination": 0.6600389810786506,
    "precision": 0.6864382954937385,
    "power": 0.647861563942059,
    "efficiency": 0.6346590288253746,
    "safety": 0.7295235263512745,
    "overall": 0.8099287693526134,
    "shoulder": 0.6411961165372584,
    "elbow": 0.828098120835826,
    "wrist": 0.9352999407752587,
    "hip": 0.7892714024392985,
    "knee": 0.6015856159313161,
    "ankle": 0.7635866550214209,
    "back": 0.9070693024050329,
    "neck": 0.7092848054143523
  },
  "recommendations": {
    "form": "Good form, continue practicing with current technique",
    "alignment": "Good alignment, maintain current technique",
    "stability": "Good stability, continue with current technique",
    "power": "Consider increasing intensity gradually"
  },
  "safety_considerations": [
    "Ensure proper body alignment to prevent falls"
  ]
}