{
  "power_generation": {
    "explosiveness": 0.5150521055402941,
    "force_transfer": 0.7179337970000129,
    "efficiency": 0.9957986944357795
  },
  "technical_metrics": {
    "precision": 0.859945010130396,
    "consistency": 0.8182611027207665,
    "fluidity": 0.9741834753668188
  },
  "biomechanical_metrics": {
    "joint_loading": 0.7309880014730432,
    "muscle_activation": 0.8747630270061314,
    "energy_efficiency": 0.7855436726075997
  }
}