{
  "key_points": {
    "shoulders": [
      0.1449651446419014,
      0.630958233388731,
      0.021307468482075903
    ],
    "elbows": [
      0.00958618894867247,
      0.48084202850362423,
      0.09371189409824085
    ],
    "wrists": [
      0.30764818702335484,
      0.36651171398536064,
      -0.06344424594457616
    ],
    "hips": [
      0.037094116487715795,
      0.3750899201471472,
      -0.003217118888894671
    ],
    "knees": [
      -0.15261736351455615,
      0.28979646600071135,
      0.012008009870782432
    ],
    "ankles": [
      0.22439053150623456,
      0.29539710501012884,
      0.07049778940752943
    ]
  },
  "angles": {
    "knee": 131.40756849589116,
    "hip": 95.47044207473286,
    "shoulder": 25.33123248188186,
    "elbow": 127.17125925780309
  },
  "analysis_scores": {
    "alignment": 0.8777917471546519,
    "balance": 0.991300159811157,
    "form": 0.7091387872126165,
    "stability": 0.9577428064164235,
    "coordination": 0.8856791032051812,
    "precision": 0.724760440580987,
    "power": 0.8200259922152101,
    "efficiency": 0.8472918914734656,
    "safety": 0.685296999559649,
    "overall": 0.8592373815084468,
    "shoulder": 0.8275890249375492,
    "elbow": 0.7047517748102439,
    "wrist": 0.6555787821665313,
    "hip": 0.8934662769982031,
    "knee": 0.6868856421606743,
    "ankle": 0.8053975273022984,
    "back": 0.6889926473151438,
    "neck": 0.7419535176973127
  },
  "recommendations": {
    "form": "Good form, continue practicing with current technique",
    "alignment": "Good alignment, maintain current technique",
    "stability": "Focus on maintaining proper posture and balance",
    "power": "Good power output, maintain current intensity"
  },
  "safety_considerations": [
    "Maintain proper hip positioning to prevent strain"
  ]
}