{
  "power_generation": {
    "explosiveness": 0.5176664384511496,
    "force_transfer": 0.5692997542607617,
    "efficiency": 0.9296620124930399
  },
  "technical_metrics": {
    "precision": 0.7260425736141114,
    "consistency": 0.9651706121744171,
    "fluidity": 0.8204910155295015
  },
  "biomechanical_metrics": {
    "joint_loading": 0.8958707490600322,
    "muscle_activation": 0.930988712993242,
    "energy_efficiency": 0.5536621831802847
  }
}