{
  "key_points": {
    "shoulders": [
      0.07841766535442157,
      0.5884025290682916,
      -0.021550041324585906
    ],
    "elbows": [
      0.11583801684866868,
      0.5336585121737378,
      0.026340779491120514
    ],
    "wrists": [
      0.08697086482441624,
      0.49914901702687625,
      -0.024675271962879303
    ],
    "hips": [
      -0.11360078396337335,
      0.3037348518270321,
      -0.08480642275828049
    ],
    "knees": [
      -0.06877229375673277,
      0.3351630005260202,
      -0.013014763855822745
    ],
    "ankles": [
      0.1028920579577357,
      0.24552857423051733,
      0.03055307514415559
    ]
  },
  "angles": {
    "knee": 38.39491168390948,
    "hip": 63.82374014397674,
    "shoulder": 51.06981610068895,
    "elbow": 74.42177049236143
  },
  "analysis_scores": {
    "alignment": 0.9384477967231841,
    "balance": 0.848712761513197,
    "form": 0.8222293527366467,
    "stability": 0.9945866306556423,
    "coordination": 0.6406324251157763,
    "precision": 0.9203254921880482,
    "power": 0.6674090687946814,
    "efficiency": 0.9490178507528444,
    "safety": 0.657068146844056,
    "overall": 0.9104912564708072,
    "shoulder": 0.752466432810725,
    "elbow": 0.7202775323155703,
    "wrist": 0.7863701604552082,
    "hip": 0.7569519465908502,
    "knee": 0.6979170742399781,
    "ankle": 0.6272656947802088,
    "back": 0.7691300536509752,
    "neck": 0.7633439282893658
  },
  "recommendations": {
    "form": "Good form, continue practicing with current technique",
    "alignment": "Good alignment, maintain current technique",
    "stability": "Good stability, continue with current technique",
    "power": "Good power output, maintain current intensity"
  },
  "safety_considerations": []
}