{
  "power_generation": {
    "explosiveness": 0.6862783348622576,
    "force_transfer": 0.701216963293458,
    "efficiency": 0.5667084694908728
  },
  "technical_metrics": {
    "precision": 0.9983442271055263,
    "consistency": 0.8027807093872403,
    "fluidity": 0.8330026916030733
  },
  "biomechanical_metrics": {
    "joint_loading": 0.541024408974047,
    "muscle_activation": 0.8912792280013431,
    "energy_efficiency": 0.7038303382423838
  }
}