{
  "key_points": {
    "shoulders": [
      -0.1365768692300975,
      0.600356287189059,
      0.04614904347230228
    ],
    "elbows": [
      0.0021463937582711923,
      0.4535085552602078,
      0.005181109472546616
    ],
    "wrists": [
      -0.21141865916026925,
      0.322326145730747,
      0.05124603341912093
    ],
    "hips": [
      0.11492751822594616,
      0.3486877589065587,
      -0.07983330684766261
    ],
    "knees": [
      -0.15584065101201944,
      0.3220290349299998,
      -0.0072948897325609
    ],
    "ankles": [
      0.3692184578871416,
      0.26631558752542184,
      0.055790504938246305
    ]
  },
  "angles": {
    "knee": 37.34258199225332,
    "hip": 36.8213069752467,
    "shoulder": 63.671362215672666,
    "elbow": 40.11595461231321
  },
  "analysis_scores": {
    "alignment": 0.6112081104346662,
    "balance": 0.7373734737077984,
    "form": 0.857223975743121,
    "stability": 0.8635952622091435,
    "coordination": 0.7629660802363736,
    "precision": 0.9525556888126425,
    "power": 0.9559131508827902,
    "efficiency": 0.7566634108470656,
    "safety": 0.8390961004504655,
    "overall": 0.7821268042209856,
    "shoulder": 0.6586711439667633,
    "elbow": 0.7452013111383633,
    "wrist": 0.8308466377968147,
    "hip": 0.9693144091925212,
    "knee": 0.8939558245027304,
    "ankle": 0.9485325204763071,
    "back": 0.6961731930524364,
    "neck": 0.6649944617859612
  },
  "recommendations": {
    "form": "Good form, continue practicing with current technique",
    "alignment": "Good alignment, maintain current technique",
    "stability": "Good stability, continue with current technique",
    "power": "Consider increasing intensity gradually"
  },
  "safety_considerations": []
}