{
  "power_generation": {
    "explosiveness": 0.7288297381038956,
    "force_transfer": 0.6809392037546329,
    "efficiency": 0.8018790326213532
  },
  "technical_metrics": {
    "precision": 0.6898787793643976,
    "consistency": 0.850720407987952,
    "fluidity": 0.5464311428681362
  },
  "biomechanical_metrics": {
    "joint_loading": 0.8327843029595468,
    "muscle_activation": 0.9345687903129707,
    "energy_efficiency": 0.8074403575512675
  }
}