{
  "key_points": {
    "shoulders": [
      0.0734164699024683,
      0.6000176687325266,
      -0.04870726859350116
    ],
    "elbows": [
      0.2878827590558121,
      0.589064678415086,
      0.01128563972637324
    ],
    "wrists": [
      -0.28804066775934967,
      0.3698719615527445,
      0.0008265125988165256
    ],
    "hips": [
      0.029441510999187626,
      0.3197678484614866,
      0.01903024946972423
    ],
    "knees": [
      -0.170444566366331,
      0.3149894184964773,
      -0.06950063678906
    ],
    "ankles": [
      -0.3962117880971467,
      0.12955676894651483,
      -0.0862608715181154
    ]
  },
  "angles": {
    "knee": 116.65811263585199,
    "hip": 75.77408392089762,
    "shoulder": 43.63548937954593,
    "elbow": 75.61441888473227
  },
  "analysis_scores": {
    "alignment": 0.7201600155684178,
    "balance": 0.6350261243494844,
    "form": 0.96337495576728,
    "stability": 0.6441704614002813,
    "coordination": 0.7875626869491843,
    "precision": 0.9077456282616656,
    "power": 0.7555041439216773,
    "efficiency": 0.8989585636887272,
    "safety": 0.6961904324782267,
    "overall": 0.8125481891684248,
    "shoulder": 0.9675950554432742,
    "elbow": 0.8321116622408996,
    "wrist": 0.8428230291322514,
    "hip": 0.6849336473160438,
    "knee": 0.6787416028187863,
    "ankle": 0.8028265408323044,
    "back": 0.871822612705436,
    "neck": 0.9100443694109493
  },
  "recommendations": {
    "form": "Good form, continue practicing with current technique",
    "alignment": "Good alignment, maintain current technique",
    "stability": "Good stability, continue with current technique",
    "power": "Good power output, maintain current intensity"
  },
  "safety_considerations": []
}