{
  "power_generation": {
    "explosiveness": 0.9429785885807296,
    "force_transfer": 0.8576600383246602,
    "efficiency": 0.8168207075886533
  },
  "technical_metrics": {
    "precision": 0.956691542580999,
    "consistency": 0.7896859286004803,
    "fluidity": 0.9387561580770152
  },
  "biomechanical_metrics": {
    "joint_loading": 0.6377855192880924,
    "muscle_activation": 0.8197957877490047,
    "energy_efficiency": 0.8096662308159627
  }
}