{
  "key_points": {
    "shoulders": [
      0.06044971328211085,
      0.6888845935325689,
      -0.0704759969225784
    ],
    "elbows": [
      0.23690656528333703,
      0.5449713280100238,
      -0.06295440672846556
    ],
    "wrists": [
      0.278301179260528,
      0.32780620089061224,
      0.045971416104686
    ],
    "hips": [
      0.19601342044471892,
      0.4227826792333485,
      -0.04772101675666301
    ],
    "knees": [
      0.057846154304845354,
      0.25321766080615526,
      0.008137140903130335
    ],
    "ankles": [
      -0.3798280793311326,
      0.2645415454261958,
      -0.09263438743430173
    ]
  },
  "angles": {
    "knee": 46.825765669596045,
    "hip": 135.05591526946714,
    "shoulder": 66.90886263171757,
    "elbow": 32.006021238498434
  },
  "analysis_scores": {
    "alignment": 0.6272238712951219,
    "balance": 0.6472392455357182,
    "form": 0.653522352355219,
    "stability": 0.883868895511166,
    "coordination": 0.6210386827016069,
    "precision": 0.6011197952607591,
    "power": 0.7798838706283259,
    "efficiency": 0.9116568355212503,
    "safety": 0.931163287367827,
    "overall": 0.964567630295074,
    "shoulder": 0.8375219569611341,
    "elbow": 0.929319766162062,
    "wrist": 0.7826192762285478,
    "hip": 0.8065479373047616,
    "knee": 0.8305310449563965,
    "ankle": 0.8536087478590833,
    "back": 0.974177518599986,
    "neck": 0.9940159597176411
  },
  "recommendations": {
    "form": "Good form, continue practicing with current technique",
    "alignment": "Work on maintaining symmetrical movement patterns",
    "stability": "Focus on maintaining proper posture and balance",
    "power": "Good power output, maintain current intensity"
  },
  "safety_considerations": [
    "Focus on proper shoulder mechanics for power generation"
  ]
}