{
  "power_generation": {
    "explosiveness": 0.8094898188531967,
    "force_transfer": 0.6622604769608391,
    "efficiency": 0.9812489492640051
  },
  "technical_metrics": {
    "precision": 0.935628151389343,
    "consistency": 0.514518827498821,
    "fluidity": 0.8808591432308284
  },
  "biomechanical_metrics": {
    "joint_loading": 0.968539727970777,
    "muscle_activation": 0.5602682669329379,
    "energy_efficiency": 0.971317161815435
  }
}