{
  "key_points": {
    "shoulders": [
      0.028530137618386575,
      0.5252256150341779,
      -0.03269989073405673
    ],
    "elbows": [
      0.25246347659540763,
      0.5502287577981582,
      -0.02724587624958341
    ],
    "wrists": [
      0.10556401063474696,
      0.3597575714418634,
      -0.021447124270829024
    ],
    "hips": [
      -0.0656925110152339,
      0.3222788049626959,
      0.060035873687331764
    ],
    "knees": [
      -0.0694686668620158,
      0.3339574382840174,
      -0.009553613392745075
    ],
    "ankles": [
      -0.3844865962059684,
      0.2125685410289549,
      0.004600962295032568
    ]
  },
  "angles": {
    "knee": 102.28267573536829,
    "hip": 132.07004499714623,
    "shoulder": 15.380841718252993,
    "elbow": 59.945500863764316
  },
  "analysis_scores": {
    "alignment": 0.6721298852400734,
    "balance": 0.9209604876057917,
    "form": 0.7164182434677039,
    "stability": 0.7080633123940663,
    "coordination": 0.9315413778924385,
    "precision": 0.6259394348709014,
    "power": 0.7384473718904245,
    "efficiency": 0.9080434162510591,
    "safety": 0.8505586281786688,
    "overall": 0.6903537518802553,
    "shoulder": 0.6135241068003711,
    "elbow": 0.7162840649208141,
    "wrist": 0.6868350151133632,
    "hip": 0.8342902255654974,
    "knee": 0.8943223218846877,
    "ankle": 0.9387249230120449,
    "back": 0.8941518379576846,
    "neck": 0.7403040814500715
  },
  "recommendations": {
    "form": "Good form, continue practicing with current technique",
    "alignment": "Good alignment, maintain current technique",
    "stability": "Good stability, continue with current technique",
    "power": "Good power output, maintain current intensity"
  },
  "safety_considerations": [
    "Focus on proper knee alignment to prevent overuse injuries"
  ]
}