{
  "power_generation": {
    "explosiveness": 0.8899634054336931,
    "force_transfer": 0.8192472288535898,
    "efficiency": 0.7143838755013987
  },
  "technical_metrics": {
    "precision": 0.5261466626700299,
    "consistency": 0.9409807058155286,
    "fluidity": 0.7384202619911017
  },
  "biomechanical_metrics": {
    "joint_loading": 0.9883871517653735,
    "muscle_activation": 0.6006630122173402,
    "energy_efficiency": 0.7616981128162892
  }
}