{
  "key_points": {
    "shoulders": [
      -0.06111978084630834,
      0.548466874258612,
      -0.008039664564195248
    ],
    "elbows": [
      0.2923350806570372,
      0.5119979798274558,
      0.028837531074635686
    ],
    "wrists": [
      -0.016154210993243878,
      0.36059950087935955,
      0.027196186527334854
    ],
    "hips": [
      -0.12919156015340164,
      0.36269317625830094,
      -0.014220187309556917
    ],
    "knees": [
      0.15630058013310516,
      0.2899381301383039,
      -0.03882701380863163
    ],
    "ankles": [
      -0.2771705063307442,
      0.2018560699092905,
      -0.08240698949600983
    ]
  },
  "angles": {
    "knee": 55.85721660216954,
    "hip": 154.05569152355258,
    "shoulder": 31.294041449789564,
    "elbow": 137.68058909175673
  },
  "analysis_scores": {
    "alignment": 0.7375716477344738,
    "balance": 0.881580938279936,
    "form": 0.8001908153154694,
    "stability": 0.6285594725706429,
    "coordination": 0.935374594857727,
    "precision": 0.6954300203550525,
    "power": 0.6455728012916387,
    "efficiency": 0.7084465991113078,
    "safety": 0.9847318911631066,
    "overall": 0.6905010375320899,
    "shoulder": 0.9914106118445016,
    "elbow": 0.6781432430185791,
    "wrist": 0.6079193788740563,
    "hip": 0.9483000024025554,
    "knee": 0.8614745162942226,
    "ankle": 0.9880069783544103,
    "back": 0.6349740049156036,
    "neck": 0.6796025950229362
  },
  "recommendations": {
    "form": "Good form, continue practicing with current technique",
    "alignment": "Work on maintaining symmetrical movement patterns",
    "stability": "Good stability, continue with current technique",
    "power": "Good power output, maintain current intensity"
  },
  "safety_considerations": []
}