{
  "power_generation": {
    "explosiveness": 0.7938398411232059,
    "force_transfer": 0.9050118506739646,
    "efficiency": 0.8770549431779029
  },
  "technical_metrics": {
    "precision": 0.5364526766077942,
    "consistency": 0.5346024649641892,
    "fluidity": 0.699173706201641
  },
  "biomechanical_metrics": {
    "joint_loading": 0.7492683113691674,
    "muscle_activation": 0.9583658215054505,
    "energy_efficiency": 0.6477065392352979
  }
}