{
  "power_generation": {
    "explosiveness": 0.7425549200018686,
    "force_transfer": 0.9299443975600221,
    "efficiency": 0.8157442771760459
  },
  "technical_metrics": {
    "precision": 0.5890170659179503,
    "consistency": 0.503351552619197,
    "fluidity": 0.6324965207148275
  },
  "biomechanical_metrics": {
    "joint_loading": 0.6150088443357652,
    "muscle_activation": 0.6593030720112131,
    "energy_efficiency": 0.5766703174734149
  }
}