{
  "key_points": {
    "shoulders": [
      0.14616682772459128,
      0.5830456311537562,
      -0.00024524289432655
    ],
    "elbows": [
      0.12159289404577622,
      0.5527710733673787,
      0.07984487951654168
    ],
    "wrists": [
      0.17701970252232746,
      0.32142494464952126,
      -0.008626077003257682
    ],
    "hips": [
      -0.08186540951731885,
      0.4916111538376517,
      0.009612988495881575
    ],
    "knees": [
      -0.024424484807330726,
      0.3486130280183448,
      0.06901493206387568
    ],
    "ankles": [
      0.25108979397766507,
      0.1285695378914532,
      -0.07976766361236343
    ]
  },
  "angles": {
    "knee": 54.379601601466305,
    "hip": 64.22649268679938,
    "shoulder": 17.622475639892716,
    "elbow": 156.2200707226718
  },
  "analysis_scores": {
    "alignment": 0.7051493122585152,
    "balance": 0.9910120686828282,
    "form": 0.9255025304148387,
    "stability": 0.8463265116586944,
    "coordination": 0.6620672295801232,
    "precision": 0.9892845394603087,
    "power": 0.912307008094319,
    "efficiency": 0.711725297030439,
    "safety": 0.788914119650624,
    "overall": 0.6510878970319113,
    "shoulder": 0.9424430280894514,
    "elbow": 0.9069452356372483,
    "wrist": 0.9142801736176641,
    "hip": 0.6552037604194246,
    "knee": 0.6639255440943116,
    "ankle": 0.8759711908711465,
    "back": 0.8308163922633193,
    "neck": 0.7545404375825615
  },
  "recommendations": {
    "form": "Good form, continue practicing with current technique",
    "alignment": "Good alignment, maintain current technique",
    "stability": "Good stability, continue with current technique",
    "power": "Consider increasing intensity gradually"
  },
  "safety_considerations": []
}