{
  "power_generation": {
    "explosiveness": 0.5714999059313131,
    "force_transfer": 0.7094949265671782,
    "efficiency": 0.7019417155326902
  },
  "technical_metrics": {
    "precision": 0.7789269803845342,
    "consistency": 0.8974433740248862,
    "fluidity": 0.5160519084592745
  },
  "biomechanical_metrics": {
    "joint_loading": 0.5280049405726581,
    "muscle_activation": 0.838346829331593,
    "energy_efficiency": 0.7758223006799628
  }
}