{
  "key_points": {
    "shoulders": [
      0.12993756451298133,
      0.5290944975337016,
      -0.07836277072715565
    ],
    "elbows": [
      -0.16855422554858698,
      0.5259707439535221,
      0.039425286042832935
    ],
    "wrists": [
      -0.033935985003519686,
      0.30947982911090494,
      0.01917726587173818
    ],
    "hips": [
      -0.09831054197293643,
      0.4880742255750266,
      0.07832122493669835
    ]
  },
  "angles": {
    "shoulder": 40.13540334570606,
    "elbow": 39.32538674437675
  },
  "analysis_scores": {
    "alignment": 0.82706736690677,
    "balance": 0.7898741797334352,
    "form": 0.6437908262158983,
    "stability": 0.7507201810466352,
    "coordination": 0.732630328373159,
    "precision": 0.9276637601624695,
    "power": 0.6073781256157522,
    "efficiency": 0.8119677277398019,
    "safety": 0.925960906397447,
    "overall": 0.6195341863408094,
    "shoulder": 1.0,
    "elbow": 1.0,
    "wrist": 0.9485243252949147,
    "hip": 0.6541045950755705,
    "knee": 0.936341340510812,
    "ankle": 0.7927576482786403,
    "back": 0.7311098137725558,
    "neck": 0.8079960890973643
  },
  "recommendations": {
    "form": "Good form, continue practicing with current technique",
    "alignment": "Work on maintaining symmetrical movement patterns",
    "stability": "Good stability, continue with current technique",
    "power": "Good power output, maintain current intensity"
  },
  "safety_considerations": []
}