{
  "power_generation": {
    "explosiveness": 0.6566153669514236,
    "force_transfer": 0.5586251345578395,
    "efficiency": 0.6375257499234672
  },
  "technical_metrics": {
    "precision": 0.6930751190002908,
    "consistency": 0.9873523589012498,
    "fluidity": 0.9360619814044586
  },
  "biomechanical_metrics": {
    "joint_loading": 0.8102569651089857,
    "muscle_activation": 0.53997952427195,
    "energy_efficiency": 0.7247411845320788
  }
}