{
  "key_points": {
    "shoulders": [
      0.11666008494235103,
      0.5643837297453012,
      0.07199349373625022
    ],
    "elbows": [
      0.1904975293047979,
      0.5336411331277148,
      -0.001953077059215616
    ],
    "wrists": [
      0.24266848687321496,
      0.3642852861559572,
      -0.040469979444154626
    ],
    "hips": [
      -0.19883410095380505,
      0.32100120344306665,
      0.026590421447187623
    ],
    "knees": [
      0.2829719159632445,
      0.21052263100905438,
      -0.02832705299135277
    ],
    "ankles": [
      0.10351681562210957,
      0.16956686224396855,
      -0.04045015999323159
    ]
  },
  "angles": {
    "knee": 48.28908633797039,
    "hip": 77.85334630440724,
    "shoulder": 47.041212113302926,
    "elbow": 98.14077412669032
  },
  "analysis_scores": {
    "alignment": 0.9758720292011678,
    "balance": 0.7927683780157633,
    "form": 0.7624824824936001,
    "stability": 0.7141593659500718,
    "coordination": 0.7023976283782807,
    "precision": 0.7566563203883612,
    "power": 0.8370551515425118,
    "efficiency": 0.8132757799650985,
    "safety": 0.75232916875118,
    "overall": 0.8872620351317431,
    "shoulder": 0.696387465346049,
    "elbow": 0.8945416725656958,
    "wrist": 0.8651761753030425,
    "hip": 0.9090738911625648,
    "knee": 0.7873680350321917,
    "ankle": 0.7088978284463519,
    "back": 0.7137265503028817,
    "neck": 0.7722271034091238
  },
  "recommendations": {
    "form": "Good form, continue practicing with current technique",
    "alignment": "Good alignment, maintain current technique",
    "stability": "Good stability, continue with current technique",
    "power": "Good power output, maintain current intensity"
  },
  "safety_considerations": []
}