{
  "power_generation": {
    "explosiveness": 0.6513259354300704,
    "force_transfer": 0.9856549013664817,
    "efficiency": 0.7747888469057931
  },
  "technical_metrics": {
    "precision": 0.6115724521409185,
    "consistency": 0.5077938363818597,
    "fluidity": 0.5125509652975817
  },
  "biomechanical_metrics": {
    "joint_loading": 0.7835177544539875,
    "muscle_activation": 0.8354036379072944,
    "energy_efficiency": 0.8803623707968249
  }
}