{
  "key_points": {
    "shoulders": [
      0.04904370313368553,
      0.5526110222905951,
      -0.04806713676080008
    ],
    "elbows": [
      -0.28330331143821724,
      0.5720230432828199,
      -0.015921933322460655
    ],
    "wrists": [
      -0.1949069151923336,
      0.4962043724325309,
      -0.06783918105094078
    ],
    "hips": [
      0.06015172334919899,
      0.35304172918939514,
      -0.035962807129090044
    ],
    "knees": [
      0.14910492743590664,
      0.390191885490698,
      -0.04675535519010559
    ],
    "ankles": [
      0.1161582452214236,
      0.16722827780103358,
      -0.04583374844567772
    ]
  },
  "angles": {
    "knee": 91.20252397177507,
    "hip": 90.1737426314377,
    "shoulder": 11.73067013357311,
    "elbow": 156.68209060079997
  },
  "analysis_scores": {
    "alignment": 0.7848621490597667,
    "balance": 0.9039226262423898,
    "form": 0.8062837520973862,
    "stability": 0.8245738851327138,
    "coordination": 0.9954853672842722,
    "precision": 0.8243498388350077,
    "power": 0.9229296485145804,
    "efficiency": 0.8320664168632715,
    "safety": 0.7580063538915756,
    "overall": 0.793897761612069,
    "shoulder": 0.9682309480463601,
    "elbow": 0.8064089797666998,
    "wrist": 0.6103541932866855,
    "hip": 0.8979308920206203,
    "knee": 0.9353257242476851,
    "ankle": 0.9173186405214004,
    "back": 0.9908320136027866,
    "neck": 0.9230674364182107
  },
  "recommendations": {
    "form": "Focus on maintaining proper joint angles during movement",
    "alignment": "Good alignment, maintain current technique",
    "stability": "Focus on maintaining proper posture and balance",
    "power": "Good power output, maintain current intensity"
  },
  "safety_considerations": []
}