{
  "power_generation": {
    "explosiveness": 0.5998143509687603,
    "force_transfer": 0.5135574467640753,
    "efficiency": 0.8131156663348066
  },
  "technical_metrics": {
    "precision": 0.7011077848453144,
    "consistency": 0.7770636966136529,
    "fluidity": 0.7004857948670239
  },
  "biomechanical_metrics": {
    "joint_loading": 0.5828539592516979,
    "muscle_activation": 0.8958339680786347,
    "energy_efficiency": 0.5865723986470579
  }
}