{
  "power_generation": {
    "explosiveness": 0.8524231758019484,
    "force_transfer": 0.5683932982692039,
    "efficiency": 0.8062344838903223
  },
  "technical_metrics": {
    "precision": 0.9089331042798068,
    "consistency": 0.6821196958959452,
    "fluidity": 0.8568222035750446
  },
  "biomechanical_metrics": {
    "joint_loading": 0.9654275442262051,
    "muscle_activation": 0.9621109595468132,
    "energy_efficiency": 0.9286669472963631
  }
}