{
  "key_points": {
    "shoulders": [
      0.09613211763172796,
      0.6033461210148474,
      -0.05929138703638799
    ],
    "elbows": [
      -0.20495810788320984,
      0.5037999208183405,
      -0.01074289909720183
    ],
    "wrists": [
      -0.23329868100081486,
      0.47284632633352125,
      -0.07081886978553031
    ],
    "hips": [
      -0.03877898175031552,
      0.48600016754009495,
      0.09749141742432443
    ],
    "knees": [
      -0.09089713492126139,
      0.39650943921147186,
      -0.08135741419975394
    ],
    "ankles": [
      0.09595270375327536,
      0.13894166396105687,
      -0.08380914154158879
    ]
  },
  "angles": {
    "knee": 25.12252170288035,
    "hip": 72.74200598687347,
    "shoulder": 11.2837523568364,
    "elbow": 40.772515319103135
  },
  "analysis_scores": {
    "alignment": 0.8263310807828642,
    "balance": 0.7285665760458926,
    "form": 0.6940650514802977,
    "stability": 0.8217030644518567,
    "coordination": 0.6981624274109011,
    "precision": 0.6177989652026664,
    "power": 0.9102640775018149,
    "efficiency": 0.8239782832735885,
    "safety": 0.764834329604944,
    "overall": 0.9168651514467456,
    "shoulder": 0.9282939257344021,
    "elbow": 0.7930979599708992,
    "wrist": 0.9714919692712652,
    "hip": 0.770263436082834,
    "knee": 0.7089211267703905,
    "ankle": 0.9485445670045075,
    "back": 0.6522631716981666,
    "neck": 0.8781214944925554
  },
  "recommendations": {
    "form": "Good form, continue practicing with current technique",
    "alignment": "Good alignment, maintain current technique",
    "stability": "Good stability, continue with current technique",
    "power": "Good power output, maintain current intensity"
  },
  "safety_considerations": [
    "Focus on proper shoulder mechanics during dynamic movements"
  ]
}