{
  "key_points": {
    "shoulders": [
      -0.14478371445995306,
      0.6100744670041522,
      0.0420258085398047
    ],
    "elbows": [
      0.17557141594904652,
      0.5220238377696249,
      -0.01399450761286225
    ],
    "wrists": [
      -0.3596912728950359,
      0.40155104080306997,
      0.050495705217814324
    ],
    "hips": [
      -0.0029309774685970513,
      0.43816717772132985,
      -0.03932376507711344
    ],
    "knees": [
      -0.017576412344677883,
      0.2718134472537769,
      0.08410058411483023
    ],
    "ankles": [
      0.29530871351734045,
      0.11181015666456018,
      0.08246825610069417
    ]
  },
  "angles": {
    "knee": 34.45185439031098,
    "hip": 74.9662481668718,
    "shoulder": 25.707976366605877,
    "elbow": 124.10102581074283
  },
  "analysis_scores": {
    "alignment": 0.7755106150787261,
    "balance": 0.8722151505374609,
    "form": 0.9559525339372485,
    "stability": 0.807967993868022,
    "coordination": 0.8285636935714986,
    "precision": 0.7315629670180663,
    "power": 0.9143792611028232,
    "efficiency": 0.8762551311927569,
    "safety": 0.9357912050838,
    "overall": 0.6036127358674879,
    "shoulder": 0.8805581078389899,
    "elbow": 0.8541349566980568,
    "wrist": 0.6736083281432467,
    "hip": 0.9484898008416444,
    "knee": 0.6726704109430386,
    "ankle": 0.8880736205846496,
    "back": 0.760254140569144,
    "neck": 0.700392386453423
  },
  "recommendations": {
    "form": "Focus on maintaining proper joint angles during movement",
    "alignment": "Work on maintaining symmetrical movement patterns",
    "stability": "Good stability, continue with current technique",
    "power": "Good power output, maintain current intensity"
  },
  "safety_considerations": [
    "Ensure proper wrist positioning to prevent strain"
  ]
}