{
  "power_generation": {
    "explosiveness": 0.9947051558176554,
    "force_transfer": 0.8507207229060811,
    "efficiency": 0.6889638150285622
  },
  "technical_metrics": {
    "precision": 0.7201456833553628,
    "consistency": 0.6925762334025297,
    "fluidity": 0.7066178835810857
  },
  "biomechanical_metrics": {
    "joint_loading": 0.9355207409682678,
    "muscle_activation": 0.533426587210136,
    "energy_efficiency": 0.6789000258334478
  }
}