{
  "key_points": {
    "shoulders": [
      0.06952898548786635,
      0.5737157190234661,
      -0.06583113618244643
    ],
    "elbows": [
      0.010800273809789429,
      0.4054591677137559,
      -0.005967954988842464
    ],
    "wrists": [
      -0.1546758694571901,
      0.3849357551009525,
      0.016992105004456762
    ],
    "hips": [
      0.027540591755378097,
      0.4809824953004972,
      -0.06656096387109783
    ],
    "knees": [
      -0.25636763773215854,
      0.35180749522026633,
      0.05982441398095262
    ],
    "ankles": [
      -0.1897517265488851,
      0.1357460861870631,
      -0.05514183261929149
    ]
  },
  "angles": {
    "knee": 130.8211760269581,
    "hip": 101.87958198643071,
    "shoulder": 51.55671153390417,
    "elbow": 86.8666850969959
  },
  "analysis_scores": {
    "alignment": 0.9669860816249953,
    "balance": 0.8769087537620477,
    "form": 0.8065979939215068,
    "stability": 0.6276115121877691,
    "coordination": 0.6312598541438452,
    "precision": 0.730104246321293,
    "power": 0.9642041035182031,
    "efficiency": 0.9089173142485076,
    "safety": 0.8085091678000129,
    "overall": 0.7412054322439534,
    "shoulder": 0.9738134608011398,
    "elbow": 0.8104671718401156,
    "wrist": 0.6012369018563706,
    "hip": 0.776767092509938,
    "knee": 0.8638879734299689,
    "ankle": 0.7292825130009111,
    "back": 0.8431667815159021,
    "neck": 0.7401695070568236
  },
  "recommendations": {
    "form": "Good form, continue practicing with current technique",
    "alignment": "Work on maintaining symmetrical movement patterns",
    "stability": "Focus on maintaining proper posture and balance",
    "power": "Good power output, maintain current intensity"
  },
  "safety_considerations": [
    "Focus on proper knee alignment to prevent overuse injuries",
    "Maintain proper hip positioning to prevent strain",
    "Ensure proper bike fit and body alignment"
  ]
}