{
  "power_generation": {
    "explosiveness": 0.7290873131962368,
    "force_transfer": 0.5133254006313273,
    "efficiency": 0.6092712184366698
  },
  "technical_metrics": {
    "precision": 0.5930641118493996,
    "consistency": 0.9995124522462007,
    "fluidity": 0.9895775994494349
  },
  "biomechanical_metrics": {
    "joint_loading": 0.7893264148564607,
    "muscle_activation": 0.6478774015858967,
    "energy_efficiency": 0.6980170930934827
  }
}