{
  "key_points": {
    "shoulders": [
      -0.10095319097599408,
      0.639562517256789,
      -0.0982169613702078
    ],
    "elbows": [
      0.18133946809010826,
      0.4443406247743148,
      0.05556036257119443
    ],
    "wrists": [
      -0.03107773861650065,
      0.30866754241356037,
      -0.02718346741488356
    ],
    "hips": [
      -0.15472718215457865,
      0.3579217487991131,
      0.01061331772718263
    ],
    "knees": [
      -0.05853966629617177,
      0.3568447438660908,
      -0.07039208272749208
    ],
    "ankles": [
      -0.27423654126926494,
      0.2278262104813632,
      0.009754587767336204
    ]
  },
  "angles": {
    "knee": 134.9923643836713,
    "hip": 97.12713136677841,
    "shoulder": 29.069201751244073,
    "elbow": 70.88330967169267
  },
  "analysis_scores": {
    "alignment": 0.6753149472918752,
    "balance": 0.6930296280641896,
    "form": 0.8901409970053199,
    "stability": 0.6884794466942499,
    "coordination": 0.8826637513336071,
    "precision": 0.829251446159687,
    "power": 0.9156417765093702,
    "efficiency": 0.7847396144901775,
    "safety": 0.6325882425958537,
    "overall": 0.7029233163428671,
    "shoulder": 0.8353171911332679,
    "elbow": 0.9226009291518287,
    "wrist": 0.7005214806434532,
    "hip": 0.8072382389478574,
    "knee": 0.6983033053272774,
    "ankle": 0.9000613270151682,
    "back": 0.9870558629057652,
    "neck": 0.8573668422259733
  },
  "recommendations": {
    "form": "Focus on maintaining proper joint angles during movement",
    "alignment": "Good alignment, maintain current technique",
    "stability": "Good stability, continue with current technique",
    "power": "Consider increasing intensity gradually"
  },
  "safety_considerations": []
}