{
  "power_generation": {
    "explosiveness": 0.8918831403825073,
    "force_transfer": 0.7945700780241924,
    "efficiency": 0.7447141563079975
  },
  "technical_metrics": {
    "precision": 0.7855834970721765,
    "consistency": 0.5306377326297664,
    "fluidity": 0.6775337934880409
  },
  "biomechanical_metrics": {
    "joint_loading": 0.871539639282217,
    "muscle_activation": 0.865097640871046,
    "energy_efficiency": 0.7324229773002464
  }
}