{
  "key_points": {
    "shoulders": [
      -0.10847303482462252,
      0.5497217129064498,
      -0.0166657776074874
    ],
    "elbows": [
      0.0259367847090472,
      0.5775299267519718,
      0.06569060999025525
    ],
    "wrists": [
      -0.29041007358571846,
      0.32439719257674077,
      0.040137321127862446
    ],
    "hips": [
      -0.1747240978511005,
      0.46500447363640124,
      -0.036694531931534144
    ],
    "knees": [
      0.12626967129502553,
      0.2771894414666601,
      -0.04136118096708912
    ],
    "ankles": [
      -0.388342798114807,
      0.11104545274540296,
      -0.00817147372871227
    ]
  },
  "angles": {
    "knee": 95.63721996156958,
    "hip": 91.93258506464879,
    "shoulder": 41.7096649128036,
    "elbow": 59.17097990294656
  },
  "analysis_scores": {
    "alignment": 0.6648188514781044,
    "balance": 0.7073329101754383,
    "form": 0.9897902198069033,
    "stability": 0.6288258414093194,
    "coordination": 0.7489085295874824,
    "precision": 0.8821952611498884,
    "power": 0.9718747272364002,
    "efficiency": 0.6065935819629177,
    "safety": 0.680426135920515,
    "overall": 0.862073821889374,
    "shoulder": 0.761652235030897,
    "elbow": 0.6675028110432363,
    "wrist": 0.7135254682440462,
    "hip": 0.7313453663002193,
    "knee": 0.6063294991484915,
    "ankle": 0.9358515053254761,
    "back": 0.7516380622225107,
    "neck": 0.6053402971639147
  },
  "recommendations": {
    "form": "Good form, continue practicing with current technique",
    "alignment": "Good alignment, maintain current technique",
    "stability": "Good stability, continue with current technique",
    "power": "Good power output, maintain current intensity"
  },
  "safety_considerations": []
}