{
  "power_generation": {
    "explosiveness": 0.6733681297754941,
    "force_transfer": 0.9829983057322211,
    "efficiency": 0.5304485861083771
  },
  "technical_metrics": {
    "precision": 0.8667535168324458,
    "consistency": 0.559197006982241,
    "fluidity": 0.815337910238758
  },
  "biomechanical_metrics": {
    "joint_loading": 0.6504302390837534,
    "muscle_activation": 0.6878923110206192,
    "energy_efficiency": 0.5836854144772641
  }
}