{
  "key_points": {
    "shoulders": [
      0.14158525669033978,
      0.6682870355174806,
      0.06894473945228288
    ],
    "elbows": [
      0.2881648835355611,
      0.4452638547916383,
      -0.0884313690880127
    ],
    "wrists": [
      0.2635541684183016,
      0.4448648829425732,
      -0.08863636964740225
    ],
    "hips": [
      0.15854444242474858,
      0.3043391265606486,
      0.08929370708898954
    ],
    "knees": [
      0.053023630391688115,
      0.37766030958868385,
      0.0263935629795439
    ],
    "ankles": [
      -0.04307775608600084,
      0.22021965348430506,
      0.020596695702053844
    ]
  },
  "angles": {
    "knee": 60.97195949901987,
    "hip": 74.78180365481049,
    "shoulder": 34.12979048575942,
    "elbow": 79.36183981768755
  },
  "analysis_scores": {
    "alignment": 0.9253901127615852,
    "balance": 0.9000473161041205,
    "form": 0.7370777016850503,
    "stability": 0.7739804413149178,
    "coordination": 0.8118251786701055,
    "precision": 0.8279865945081649,
    "power": 0.7256322464166376,
    "efficiency": 0.6114137450374436,
    "safety": 0.6801272595618846,
    "overall": 0.9969699299219249,
    "shoulder": 0.9471155618976447,
    "elbow": 0.8196736414165091,
    "wrist": 0.970825993133339,
    "hip": 0.9640169083054282,
    "knee": 0.7372492623052134,
    "ankle": 0.8058148943924076,
    "back": 0.7759477690701926,
    "neck": 0.756609211909776
  },
  "recommendations": {
    "form": "Focus on maintaining proper joint angles during movement",
    "alignment": "Good alignment, maintain current technique",
    "stability": "Focus on maintaining proper posture and balance",
    "power": "Good power output, maintain current intensity"
  },
  "safety_considerations": []
}