{
  "power_generation": {
    "explosiveness": 0.8365025156703297,
    "force_transfer": 0.8856904407455684,
    "efficiency": 0.8203597795682849
  },
  "technical_metrics": {
    "precision": 0.7419868474459493,
    "consistency": 0.9231611413704632,
    "fluidity": 0.5493132566196219
  },
  "biomechanical_metrics": {
    "joint_loading": 0.8299685944191342,
    "muscle_activation": 0.5578562568655987,
    "energy_efficiency": 0.5646574937997457
  }
}