{
  "key_points": {
    "shoulders": [
      -0.27912904126564336,
      0.6625077965984026,
      -0.15913062263294397
    ],
    "hips": [
      0.03410468295084329,
      0.44744469317536983,
      -0.19365086662994702
    ],
    "knees": [
      -0.3655268175994981,
      0.40742818993447183,
      0.0003927464425913241
    ],
    "ankles": [
      -0.016496328918154224,
      0.30809986525593436,
      0.09618144598664224
    ]
  },
  "angles": {
    "knee": 47.07464227714566,
    "hip": 74.2787101227219,
    "shoulder": 70.77177669451075
  },
  "analysis_scores": {
    "alignment": 0.7638660767036589,
    "balance": 0.6603449923258619,
    "form": 0.9633746990435881,
    "stability": 0.6416411256187692,
    "coordination": 0.8068573585649155,
    "precision": 0.8763186040549809,
    "power": 0.6195270951761029,
    "efficiency": 0.686127294776123,
    "safety": 0.7471497006947743,
    "overall": 0.8964107413631968,
    "shoulder": 0.7069549444841229,
    "elbow": 0.9641460160671558,
    "wrist": 0.6248814181114807,
    "hip": 0.8572645969680897,
    "knee": 0.7854857067658694,
    "ankle": 0.8847746350872259,
    "back": 0.845073115385495,
    "neck": 0.9723628316318798
  },
  "recommendations": {
    "form": "Good form, continue practicing with current technique",
    "alignment": "Good alignment, maintain current technique",
    "stability": "Focus on maintaining proper posture and balance",
    "power": "Good power output, maintain current intensity"
  },
  "safety_considerations": []
}