{
  "power_generation": {
    "explosiveness": 0.8346994693863448,
    "force_transfer": 0.6265285535913832,
    "efficiency": 0.6898912047294274
  },
  "technical_metrics": {
    "precision": 0.7138806931594612,
    "consistency": 0.538790503031088,
    "fluidity": 0.5407786099613627
  },
  "biomechanical_metrics": {
    "joint_loading": 0.7823286033996799,
    "muscle_activation": 0.9218682203216422,
    "energy_efficiency": 0.6500009458725376
  }
}