{
  "key_points": {
    "shoulders": [
      0.07420621929170573,
      0.5700871651576623,
      0.04767552549748319
    ],
    "elbows": [
      0.11492125242383655,
      0.5618207735345618,
      -0.04906868126196684
    ],
    "wrists": [
      0.3880761562196725,
      0.40610564645847025,
      -0.05981593861887549
    ],
    "hips": [
      -0.10367425923795609,
      0.33783405355659957,
      -0.023330280049091767
    ],
    "knees": [
      0.12199084758626033,
      0.37717168994239747,
      -0.06286320762334319
    ],
    "ankles": [
      0.3227125690745488,
      0.23552607910378748,
      0.058143009499253884
    ]
  },
  "angles": {
    "knee": 141.25283267966,
    "hip": 167.4582218862036,
    "shoulder": 24.943118839884725,
    "elbow": 156.16444989677112
  },
  "analysis_scores": {
    "alignment": 0.6740935018242274,
    "balance": 0.9963762947029831,
    "form": 0.8285344970070556,
    "stability": 0.8742291312351389,
    "coordination": 0.9898328359934196,
    "precision": 0.7536859946065775,
    "power": 0.6621963638242877,
    "efficiency": 0.858379424504111,
    "safety": 0.7846601535501774,
    "overall": 0.6624652258774419,
    "shoulder": 0.861677861210133,
    "elbow": 0.8412910733475107,
    "wrist": 0.8868523342354859,
    "hip": 0.6602160004312988,
    "knee": 0.6290754288215771,
    "ankle": 0.8439863687783392,
    "back": 0.9945787229933926,
    "neck": 0.9267000205023159
  },
  "recommendations": {
    "form": "Focus on maintaining proper joint angles during movement",
    "alignment": "Good alignment, maintain current technique",
    "stability": "Focus on maintaining proper posture and balance",
    "power": "Good power output, maintain current intensity"
  },
  "safety_considerations": []
}