{
  "power_generation": {
    "explosiveness": 0.5344371011044442,
    "force_transfer": 0.9041251326216587,
    "efficiency": 0.5350104885127713
  },
  "technical_metrics": {
    "precision": 0.5372450848988528,
    "consistency": 0.9470158467677785,
    "fluidity": 0.7847641384805046
  },
  "biomechanical_metrics": {
    "joint_loading": 0.6851163318156291,
    "muscle_activation": 0.9382753796513597,
    "energy_efficiency": 0.5391365712929457
  }
}