{
  "key_points": {
    "shoulders": [
      -0.03101388773291819,
      0.5965639018600152,
      0.008700261279383392
    ],
    "elbows": [
      -0.028006128584099177,
      0.41918238716117323,
      -0.07050276297802943
    ],
    "wrists": [
      0.03491037573588229,
      0.3779696106037352,
      0.08734358675045772
    ],
    "hips": [
      0.1299836199608329,
      0.43486842601171993,
      0.09520657801993906
    ],
    "knees": [
      0.17296769224819952,
      0.36828283215844226,
      -0.07438068489107107
    ],
    "ankles": [
      0.20898275788500764,
      0.16388737430237837,
      0.02445136581940069
    ]
  },
  "angles": {
    "knee": 125.10083713869038,
    "hip": 86.90349214888877,
    "shoulder": 36.69307038005186,
    "elbow": 121.8966163651656
  },
  "analysis_scores": {
    "alignment": 0.8125481934389961,
    "balance": 0.6747727324519818,
    "form": 0.7142937079700249,
    "stability": 0.7545345365275772,
    "coordination": 0.8027834617767234,
    "precision": 0.69868399360443,
    "power": 0.76950921941106,
    "efficiency": 0.6987864678764762,
    "safety": 0.8137725765969465,
    "overall": 0.9563178423825733,
    "shoulder": 0.9805321143998734,
    "elbow": 0.8565240404247905,
    "wrist": 0.9116125828359536,
    "hip": 0.8246522102847004,
    "knee": 0.7735284033728553,
    "ankle": 0.8177581719269352,
    "back": 0.7231123027437029,
    "neck": 0.8560305396142747
  },
  "recommendations": {
    "form": "Good form, continue practicing with current technique",
    "alignment": "Work on maintaining symmetrical movement patterns",
    "stability": "Focus on maintaining proper posture and balance",
    "power": "Good power output, maintain current intensity"
  },
  "safety_considerations": []
}