{
  "power_generation": {
    "explosiveness": 0.6781262540774706,
    "force_transfer": 0.8020108172891822,
    "efficiency": 0.8822295153436237
  },
  "technical_metrics": {
    "precision": 0.5996028698372708,
    "consistency": 0.8938295427131255,
    "fluidity": 0.708555179986233
  },
  "biomechanical_metrics": {
    "joint_loading": 0.8004225742762214,
    "muscle_activation": 0.9618016181926845,
    "energy_efficiency": 0.5627980449068253
  }
}