{
  "key_points": {
    "shoulders": [
      -0.025474001224165654,
      0.5537225932573767,
      0.02728802768748345
    ],
    "elbows": [
      -0.25607053252110545,
      0.527965635791811,
      -0.007245002805700548
    ],
    "wrists": [
      -0.3710562087413416,
      0.38199112925006573,
      0.031058570905775185
    ],
    "hips": [
      -0.07520532648329313,
      0.3286794281860808,
      0.047377426538081774
    ],
    "knees": [
      0.09063070885019864,
      0.2660714852308237,
      0.04921169492714175
    ],
    "ankles": [
      -0.3447670140601282,
      0.17116136193743026,
      -0.04974732560527211
    ]
  },
  "angles": {
    "knee": 91.70719132974386,
    "hip": 126.70296422062131,
    "shoulder": 44.12333309668383,
    "elbow": 123.97428784557695
  },
  "analysis_scores": {
    "alignment": 0.7683523611505197,
    "balance": 0.8751323149118637,
    "form": 0.8391186576492603,
    "stability": 0.8123311317690154,
    "coordination": 0.9058999088700942,
    "precision": 0.68381690535431,
    "power": 0.9848611233200114,
    "efficiency": 0.8344325575666769,
    "safety": 0.6590180590809706,
    "overall": 0.809272093164761,
    "shoulder": 0.9086193584220289,
    "elbow": 0.7419821035986149,
    "wrist": 0.947061238482283,
    "hip": 0.6969194736774242,
    "knee": 0.8139221761378954,
    "ankle": 0.6957860502319038,
    "back": 0.9381842467929348,
    "neck": 0.7302058989938334
  },
  "recommendations": {
    "form": "Focus on maintaining proper joint angles during movement",
    "alignment": "Good alignment, maintain current technique",
    "stability": "Good stability, continue with current technique",
    "power": "Good power output, maintain current intensity"
  },
  "safety_considerations": []
}