{
  "power_generation": {
    "explosiveness": 0.608248086810531,
    "force_transfer": 0.8085190807789633,
    "efficiency": 0.6834013685020097
  },
  "technical_metrics": {
    "precision": 0.8907748569808798,
    "consistency": 0.6055293110617717,
    "fluidity": 0.8207671627941415
  },
  "biomechanical_metrics": {
    "joint_loading": 0.5506863859503488,
    "muscle_activation": 0.5413258857389001,
    "energy_efficiency": 0.7298879725200065
  }
}