{
  "key_points": {
    "shoulders": [
      0.12298882556887286,
      0.590281268315177,
      -0.033080886380200014
    ],
    "elbows": [
      0.15327993808157636,
      0.4915030377200343,
      -0.029761533675627727
    ],
    "wrists": [
      -0.2755897156977969,
      0.408752290668239,
      -0.06420255707969888
    ],
    "hips": [
      -0.10462234206549614,
      0.33722583471517126,
      0.06407836666162711
    ],
    "knees": [
      -0.2397735369534918,
      0.36717789735352624,
      -0.03919155279288425
    ],
    "ankles": [
      -0.18587256773831964,
      0.10189694877733205,
      0.06611831333780716
    ]
  },
  "angles": {
    "knee": 44.16954382935355,
    "hip": 124.95450335335427,
    "shoulder": 34.52959434745395,
    "elbow": 13.651681053288181
  },
  "analysis_scores": {
    "alignment": 0.6825231647303363,
    "balance": 0.723347025167976,
    "form": 0.7864173182501237,
    "stability": 0.9545159364774292,
    "coordination": 0.6257677722625873,
    "precision": 0.8308498563650503,
    "power": 0.8737521750709343,
    "efficiency": 0.9231899866265804,
    "safety": 0.9704537466302705,
    "overall": 0.6659942710036018,
    "shoulder": 0.7867229944564322,
    "elbow": 0.6418290617486961,
    "wrist": 0.8612243589807318,
    "hip": 0.865528423619645,
    "knee": 0.8776223133708867,
    "ankle": 0.7749854673387724,
    "back": 0.8086962531945597,
    "neck": 0.6035486498936725
  },
  "recommendations": {
    "form": "Good form, continue practicing with current technique",
    "alignment": "Good alignment, maintain current technique",
    "stability": "Good stability, continue with current technique",
    "power": "Good power output, maintain current intensity"
  },
  "safety_considerations": []
}