{
  "power_generation": {
    "explosiveness": 0.9116569140318074,
    "force_transfer": 0.6792805481612898,
    "efficiency": 0.5287037406765823
  },
  "technical_metrics": {
    "precision": 0.6680971154676619,
    "consistency": 0.7486521538608375,
    "fluidity": 0.9534563442965095
  },
  "biomechanical_metrics": {
    "joint_loading": 0.6329596581942287,
    "muscle_activation": 0.7332078432783428,
    "energy_efficiency": 0.8309716059297466
  }
}