{
  "key_points": {
    "shoulders": [
      -0.03249271420328209,
      0.5925225003633913,
      0.09964051711332195
    ],
    "elbows": [
      -0.2977113703743773,
      0.5729997401498241,
      0.02908199322284072
    ],
    "wrists": [
      -0.21387031940804402,
      0.45377392476758094,
      -0.0728080383511543
    ],
    "hips": [
      -0.019598019240895048,
      0.3883779163575492,
      0.09152669489728019
    ],
    "knees": [
      -0.04563736181496941,
      0.23867755042774255,
      0.007433783133072774
    ],
    "ankles": [
      0.2782301414154952,
      0.24937411275408652,
      0.02353112278862375
    ]
  },
  "angles": {
    "knee": 104.58209783928976,
    "hip": 99.83572684157691,
    "shoulder": 31.538351910202294,
    "elbow": 98.7824235743921
  },
  "analysis_scores": {
    "alignment": 0.6687808334611206,
    "balance": 0.9324466391733058,
    "form": 0.9660557419393099,
    "stability": 0.7838321505544635,
    "coordination": 0.8014695948210264,
    "precision": 0.9585969999053511,
    "power": 0.7945973805570209,
    "efficiency": 0.8188292957163245,
    "safety": 0.8561120885309046,
    "overall": 0.6150465751784872,
    "shoulder": 0.6484445300313527,
    "elbow": 0.8907835631018661,
    "wrist": 0.8506226770472334,
    "hip": 0.788191611720721,
    "knee": 0.935389637480797,
    "ankle": 0.672449872224151,
    "back": 0.891312661504391,
    "neck": 0.8124548192579687
  },
  "recommendations": {
    "form": "Good form, continue practicing with current technique",
    "alignment": "Good alignment, maintain current technique",
    "stability": "Good stability, continue with current technique",
    "power": "Consider increasing intensity gradually"
  },
  "safety_considerations": []
}