{
  "power_generation": {
    "explosiveness": 0.6536333749895744,
    "force_transfer": 0.7170818827552818,
    "efficiency": 0.9517154649715664
  },
  "technical_metrics": {
    "precision": 0.5108253024188225,
    "consistency": 0.8990204992304791,
    "fluidity": 0.9899250408603479
  },
  "biomechanical_metrics": {
    "joint_loading": 0.6150403186444264,
    "muscle_activation": 0.617415629621485,
    "energy_efficiency": 0.9637655870907129
  }
}