{
  "key_points": {
    "shoulders": [
      -0.19417368261700607,
      0.6820354556743073,
      0.06784763785385955
    ],
    "elbows": [
      0.04288939417107951,
      0.5821720106978675,
      -0.09494735675576765
    ],
    "wrists": [
      -0.10397727458009581,
      0.3707413267567398,
      0.08748425454601105
    ],
    "hips": [
      -0.01198348281917494,
      0.338176365614952,
      -0.01911792296360615
    ],
    "knees": [
      -0.10856767012570726,
      0.34720295547740887,
      0.05646066935531771
    ],
    "ankles": [
      0.20232307899645519,
      0.1327729061792887,
      -0.03237505715166203
    ]
  },
  "angles": {
    "knee": 82.44398389490286,
    "hip": 69.04391613933831,
    "shoulder": 39.17951466629252,
    "elbow": 148.97759030662394
  },
  "analysis_scores": {
    "alignment": 0.7401536714577133,
    "balance": 0.6413491966960837,
    "form": 0.8460956303978762,
    "stability": 0.6713669514239554,
    "coordination": 0.7293189664801074,
    "precision": 0.6489396181376021,
    "power": 0.9896588143812002,
    "efficiency": 0.9311879343905513,
    "safety": 0.6589959533928386,
    "overall": 0.8675283702748284,
    "shoulder": 0.8468155318566177,
    "elbow": 0.9792821534592787,
    "wrist": 0.6889206381662973,
    "hip": 0.9928345905523032,
    "knee": 0.8318223974592336,
    "ankle": 0.7233918503283641,
    "back": 0.9278072921257571,
    "neck": 0.7482344586014286
  },
  "recommendations": {
    "form": "Focus on maintaining proper joint angles during movement",
    "alignment": "Good alignment, maintain current technique",
    "stability": "Good stability, continue with current technique",
    "power": "Good power output, maintain current intensity"
  },
  "safety_considerations": []
}