{
  "power_generation": {
    "explosiveness": 0.6532159345890518,
    "force_transfer": 0.9112071941380795,
    "efficiency": 0.6881119427226368
  },
  "technical_metrics": {
    "precision": 0.9763799577898724,
    "consistency": 0.7446111712296013,
    "fluidity": 0.9430205199997179
  },
  "biomechanical_metrics": {
    "joint_loading": 0.5260980139761662,
    "muscle_activation": 0.8556291573342976,
    "energy_efficiency": 0.7453701867079083
  }
}