{
  "power_generation": {
    "explosiveness": 0.7551909586042969,
    "force_transfer": 0.5484064246159182,
    "efficiency": 0.5546257611235977
  },
  "technical_metrics": {
    "precision": 0.6827340736916876,
    "consistency": 0.7945665824656231,
    "fluidity": 0.8718650648478996
  },
  "biomechanical_metrics": {
    "joint_loading": 0.7381850147189624,
    "muscle_activation": 0.8623068680584647,
    "energy_efficiency": 0.8383509491267339
  }
}