{
  "key_points": {
    "shoulders": [
      0.15254692743974158,
      0.5418917819805115,
      -0.07860633918273624
    ],
    "elbows": [
      0.23275799306496353,
      0.43568871099046946,
      -0.07606366182144651
    ],
    "wrists": [
      0.2388168453556161,
      0.3923956498728498,
      0.09079231888266431
    ],
    "hips": [
      -0.12816044208808514,
      0.44051127417027613,
      0.02090870343157951
    ],
    "knees": [
      -0.08886340441651178,
      0.3803703752631909,
      -0.05276525829915446
    ],
    "ankles": [
      -0.29930229417216214,
      0.11252346461483215,
      -0.06494401193841032
    ]
  },
  "angles": {
    "knee": 96.29557963188157,
    "hip": 103.19504905116958,
    "shoulder": 60.71852315177386,
    "elbow": 20.138982514838403
  },
  "analysis_scores": {
    "alignment": 0.6731071267303999,
    "balance": 0.615910191729504,
    "form": 0.9187583483167341,
    "stability": 0.8710741823576627,
    "coordination": 0.8153802253560699,
    "precision": 0.914627072254658,
    "power": 0.9770025778473694,
    "efficiency": 0.9522798624236045,
    "safety": 0.6343364515986455,
    "overall": 0.8146134067192883,
    "shoulder": 0.6121868436243719,
    "elbow": 0.851921306792923,
    "wrist": 0.9712218514760433,
    "hip": 0.9910954079281862,
    "knee": 0.6672427988688255,
    "ankle": 0.8927508059368958,
    "back": 0.8301885868798184,
    "neck": 0.9878295738734028
  },
  "recommendations": {
    "form": "Good form, continue practicing with current technique",
    "alignment": "Work on maintaining symmetrical movement patterns",
    "stability": "Good stability, continue with current technique",
    "power": "Consider increasing intensity gradually"
  },
  "safety_considerations": []
}