{
  "power_generation": {
    "explosiveness": 0.8452971721547073,
    "force_transfer": 0.6912785700376142,
    "efficiency": 0.931487552839679
  },
  "technical_metrics": {
    "precision": 0.6866756989165739,
    "consistency": 0.7065881763574564,
    "fluidity": 0.8152878835220363
  },
  "biomechanical_metrics": {
    "joint_loading": 0.9704140056921045,
    "muscle_activation": 0.934806617331466,
    "energy_efficiency": 0.7708385632469685
  }
}