{
  "key_points": {
    "shoulders": [
      0.01360506994218294,
      0.6726940737386506,
      0.07061421776905275
    ],
    "elbows": [
      0.2791524097707538,
      0.5038115292869638,
      -0.005324636711126679
    ],
    "wrists": [
      0.3163661719817331,
      0.4336939074457435,
      -0.009677650727507509
    ],
    "hips": [
      -0.0014165728844993952,
      0.342356199824289,
      -0.04527974306434073
    ],
    "knees": [
      -0.09585386668467169,
      0.2294215047528625,
      0.007373023417596977
    ],
    "ankles": [
      -0.1280968067295324,
      0.25873757177498646,
      -0.09992185935567395
    ]
  },
  "angles": {
    "knee": 49.482211238811104,
    "hip": 121.06150024069665,
    "shoulder": 61.20130616417602,
    "elbow": 122.96814617216648
  },
  "analysis_scores": {
    "alignment": 0.7124508047811715,
    "balance": 0.900379925280216,
    "form": 0.9705264372165842,
    "stability": 0.8248753667458223,
    "coordination": 0.7102535699080643,
    "precision": 0.7406584020755357,
    "power": 0.8737516034925801,
    "efficiency": 0.9880745395947717,
    "safety": 0.7877541670266202,
    "overall": 0.8293572742149738,
    "shoulder": 0.9256619050422793,
    "elbow": 0.8074872395006976,
    "wrist": 0.6635354508747525,
    "hip": 0.7327627913076569,
    "knee": 0.7051651806798555,
    "ankle": 0.9948827916549386,
    "back": 0.9295682198159892,
    "neck": 0.7612856417109373
  },
  "recommendations": {
    "form": "Focus on maintaining proper joint angles during movement",
    "alignment": "Good alignment, maintain current technique",
    "stability": "Good stability, continue with current technique",
    "power": "Good power output, maintain current intensity"
  },
  "safety_considerations": []
}