{
  "power_generation": {
    "explosiveness": 0.7077123751677313,
    "force_transfer": 0.921749973987298,
    "efficiency": 0.5256222430674132
  },
  "technical_metrics": {
    "precision": 0.7279416124915399,
    "consistency": 0.8771305273686385,
    "fluidity": 0.6259775265518079
  },
  "biomechanical_metrics": {
    "joint_loading": 0.8131575663703812,
    "muscle_activation": 0.5995754841821939,
    "energy_efficiency": 0.6148642989411477
  }
}