{
  "key_points": {
    "shoulders": [
      -0.04830327442702065,
      0.6892811844310548,
      0.004107902304964162
    ],
    "elbows": [
      0.20241438068388157,
      0.5971897310134082,
      0.09071828598285164
    ],
    "wrists": [
      0.36498930067192636,
      0.41794702784464405,
      0.03089815071863722
    ],
    "hips": [
      -0.10655730612395753,
      0.33179646898961307,
      -0.035616337862529185
    ],
    "knees": [
      -4.466976604683426e-05,
      0.30097122459702197,
      -0.057868237821077376
    ],
    "ankles": [
      0.35223090285683845,
      0.17509044580999358,
      -0.04691283135682205
    ]
  },
  "angles": {
    "knee": 46.5094542966286,
    "hip": 107.15731803642039,
    "shoulder": 40.791447834852455,
    "elbow": 42.66988236122269
  },
  "analysis_scores": {
    "alignment": 0.9044696877709621,
    "balance": 0.7644447104304545,
    "form": 0.7738856127074256,
    "stability": 0.8656527710100367,
    "coordination": 0.7598263089435288,
    "precision": 0.8987997225556742,
    "power": 0.6589075567247488,
    "efficiency": 0.6120942382475582,
    "safety": 0.7054108058849895,
    "overall": 0.7846396760829487,
    "shoulder": 0.9631615467058141,
    "elbow": 0.6575458823011131,
    "wrist": 0.9069280649790943,
    "hip": 0.9178376772242265,
    "knee": 0.9806616329045899,
    "ankle": 0.6668206421117959,
    "back": 0.8425302004163977,
    "neck": 0.6910145720080323
  },
  "recommendations": {
    "form": "Good form, continue practicing with current technique",
    "alignment": "Good alignment, maintain current technique",
    "stability": "Focus on maintaining proper posture and balance",
    "power": "Good power output, maintain current intensity"
  },
  "safety_considerations": []
}