{
  "power_generation": {
    "explosiveness": 0.963105909880006,
    "force_transfer": 0.7613061788233728,
    "efficiency": 0.8137599921348111
  },
  "technical_metrics": {
    "precision": 0.6972439811405489,
    "consistency": 0.6921049150250529,
    "fluidity": 0.8041736120407386
  },
  "biomechanical_metrics": {
    "joint_loading": 0.7939534793462395,
    "muscle_activation": 0.6608183788210109,
    "energy_efficiency": 0.8734273776985609
  }
}