{
  "key_points": {
    "shoulders": [
      -0.13409052346321984,
      0.6475024726219247,
      0.04110225885810076
    ],
    "elbows": [
      0.08136983037701856,
      0.42569418795451996,
      0.06448697427125949
    ],
    "wrists": [
      0.3420925370397504,
      0.3775955847485534,
      -0.04941824364957166
    ],
    "hips": [
      0.17027839670388162,
      0.3172918258891267,
      0.08230461565987149
    ],
    "knees": [
      0.22493134918545338,
      0.37628483235851656,
      0.06137047946782101
    ],
    "ankles": [
      0.16295773545510417,
      0.2693803069786094,
      0.03069416119429086
    ]
  },
  "angles": {
    "knee": 69.69844641918148,
    "hip": 127.58844820773861,
    "shoulder": 16.813252829165208,
    "elbow": 67.74600679735497
  },
  "analysis_scores": {
    "alignment": 0.7813229816481281,
    "balance": 0.9594538846011094,
    "form": 0.792536548816072,
    "stability": 0.9257053744888113,
    "coordination": 0.7990593369222221,
    "precision": 0.9086889267669803,
    "power": 0.791824758613994,
    "efficiency": 0.9713479554850881,
    "safety": 0.9227041899017858,
    "overall": 0.91492360195522,
    "shoulder": 0.8233970885877444,
    "elbow": 0.7676777160521423,
    "wrist": 0.8750537655908744,
    "hip": 0.6115258820678691,
    "knee": 0.744055744601198,
    "ankle": 0.8694200055108778,
    "back": 0.8281014630616219,
    "neck": 0.8439276315733157
  },
  "recommendations": {
    "form": "Focus on maintaining proper joint angles during movement",
    "alignment": "Work on maintaining symmetrical movement patterns",
    "stability": "Good stability, continue with current technique",
    "power": "Good power output, maintain current intensity"
  },
  "safety_considerations": []
}