{
  "key_points": {
    "shoulders": [
      -0.05716106054820816,
      0.604234309437919,
      -0.08992414877513329
    ],
    "elbows": [
      -0.02785086319864205,
      0.5295725669643261,
      0.018553447765394027
    ],
    "wrists": [
      -0.3148333436284565,
      0.36160520782639055,
      0.022081705581764782
    ],
    "hips": [
      -0.03754324734197781,
      0.44852285450439283,
      0.07003971642495713
    ],
    "knees": [
      -0.04281189230722371,
      0.29831151566868147,
      0.020867728522109497
    ],
    "ankles": [
      -0.29255840236522845,
      0.24646568758730247,
      0.04981487660023673
    ]
  },
  "angles": {
    "knee": 159.47678795964165,
    "hip": 90.78528311613525,
    "shoulder": 79.23687329815851,
    "elbow": 173.18063532157768
  },
  "analysis_scores": {
    "alignment": 0.823046092667587,
    "balance": 0.9120878768439419,
    "form": 0.7632898310514051,
    "stability": 0.8975653560014338,
    "coordination": 0.7489594876590878,
    "precision": 0.9012865501598649,
    "power": 0.8461961868515013,
    "efficiency": 0.6860094843003215,
    "safety": 0.858157298525148,
    "overall": 0.7591822512250176,
    "shoulder": 0.6963059465923698,
    "elbow": 0.7090812877122447,
    "wrist": 0.7290090228798717,
    "hip": 0.6109853914981048,
    "knee": 0.6448754206466648,
    "ankle": 0.838113346670373,
    "back": 0.9169685375249272,
    "neck": 0.7721630983260618
  },
  "recommendations": {
    "form": "Good form, continue practicing with current technique",
    "alignment": "Good alignment, maintain current technique",
    "stability": "Good stability, continue with current technique",
    "power": "Good power output, maintain current intensity"
  },
  "safety_considerations": []
}