{
  "power_generation": {
    "explosiveness": 0.8080094570876672,
    "force_transfer": 0.6789491857741629,
    "efficiency": 0.7530592289063831
  },
  "technical_metrics": {
    "precision": 0.6891395372886506,
    "consistency": 0.629220771688448,
    "fluidity": 0.5324885187025815
  },
  "biomechanical_metrics": {
    "joint_loading": 0.8775259559727717,
    "muscle_activation": 0.6317167362117717,
    "energy_efficiency": 0.823668963736722
  }
}