{
  "key_points": {
    "shoulders": [
      -0.08926749791259031,
      0.6416946604868811,
      0.08373094294388092
    ],
    "elbows": [
      -0.2939040267295075,
      0.4213396786556921,
      -0.01858700697973452
    ],
    "wrists": [
      0.28294753210404233,
      0.41790328311151664,
      0.09931261685549034
    ],
    "hips": [
      0.1618613190005429,
      0.400273568294646,
      0.08274562003391431
    ],
    "knees": [
      0.23727497552989635,
      0.2044490278557839,
      0.05203701224483159
    ],
    "ankles": [
      -0.06873149825200525,
      0.11742437128865663,
      0.08210266701526689
    ]
  },
  "angles": {
    "knee": 78.97131601928345,
    "hip": 108.99979193504466,
    "shoulder": 65.55237764496589,
    "elbow": 134.55572642243857
  },
  "analysis_scores": {
    "alignment": 0.6900270962728559,
    "balance": 0.6296251084407845,
    "form": 0.931586920901338,
    "stability": 0.7713496242625392,
    "coordination": 0.6979275491801433,
    "precision": 0.8784407270920853,
    "power": 0.966901161930606,
    "efficiency": 0.893300169956175,
    "safety": 0.6826720050647416,
    "overall": 0.8598963055435165,
    "shoulder": 0.7800255206053346,
    "elbow": 0.9852962121826501,
    "wrist": 0.7711305758024484,
    "hip": 0.7983875968499642,
    "knee": 0.6822881319379157,
    "ankle": 0.6640188990255556,
    "back": 0.7006684940218589,
    "neck": 0.8238830757283655
  },
  "recommendations": {
    "form": "Good form, continue practicing with current technique",
    "alignment": "Good alignment, maintain current technique",
    "stability": "Focus on maintaining proper posture and balance",
    "power": "Good power output, maintain current intensity"
  },
  "safety_considerations": []
}