{
  "power_generation": {
    "explosiveness": 0.6566527140959859,
    "force_transfer": 0.5532656932859306,
    "efficiency": 0.6313115034011232
  },
  "technical_metrics": {
    "precision": 0.9503646907960771,
    "consistency": 0.7796584769149684,
    "fluidity": 0.5751462900386105
  },
  "biomechanical_metrics": {
    "joint_loading": 0.6372596881021062,
    "muscle_activation": 0.6650584979484343,
    "energy_efficiency": 0.510252861801666
  }
}