{
  "key_points": {
    "shoulders": [
      -0.0917469362530007,
      0.5898293015674388,
      -0.03333064630954756
    ],
    "elbows": [
      0.007848785054377305,
      0.5891313825117891,
      -0.051401624586897725
    ],
    "wrists": [
      0.3868118054603996,
      0.4748450068238318,
      -0.05300177240497128
    ],
    "hips": [
      -0.15071283071540878,
      0.31243146932959803,
      -0.028368712440293667
    ],
    "knees": [
      0.12243416295132259,
      0.21537085051735091,
      0.0025334665195164002
    ],
    "ankles": [
      0.1061542194730527,
      0.22098257907214588,
      -0.001422476056388719
    ]
  },
  "angles": {
    "knee": 44.04787289237052,
    "hip": 95.750151319695,
    "shoulder": 49.93222736656722,
    "elbow": 140.7681291994846
  },
  "analysis_scores": {
    "alignment": 0.6521939697165404,
    "balance": 0.9865670712620203,
    "form": 0.9501320527615481,
    "stability": 0.6884616907061698,
    "coordination": 0.8525474421994299,
    "precision": 0.8277169266820259,
    "power": 0.7407083538191442,
    "efficiency": 0.6770369689959291,
    "safety": 0.7975523921877122,
    "overall": 0.7422785358932729,
    "shoulder": 0.662354383768022,
    "elbow": 0.9433655781368153,
    "wrist": 0.714440597314902,
    "hip": 0.8851468115475634,
    "knee": 0.6773615890783977,
    "ankle": 0.9504655593473164,
    "back": 0.6986105407218646,
    "neck": 0.8782538853482889
  },
  "recommendations": {
    "form": "Good form, continue practicing with current technique",
    "alignment": "Work on maintaining symmetrical movement patterns",
    "stability": "Good stability, continue with current technique",
    "power": "Good power output, maintain current intensity"
  },
  "safety_considerations": []
}