{
  "power_generation": {
    "explosiveness": 0.808215794732914,
    "force_transfer": 0.9722741234002876,
    "efficiency": 0.6340388514729093
  },
  "technical_metrics": {
    "precision": 0.5095154044101844,
    "consistency": 0.9006010833611496,
    "fluidity": 0.9382313935142323
  },
  "biomechanical_metrics": {
    "joint_loading": 0.9683861817585662,
    "muscle_activation": 0.6016138328258391,
    "energy_efficiency": 0.9563007083497826
  }
}