{
  "key_points": {
    "shoulders": [
      0.024377513401256712,
      0.666521176446376,
      -0.007465951398777787
    ],
    "elbows": [
      0.041449270616583545,
      0.4806630641377856,
      0.012450867012252911
    ],
    "wrists": [
      0.3855210572838318,
      0.47083659462936767,
      0.008457504135410951
    ],
    "hips": [
      -0.09470451765107604,
      0.4667664847398305,
      0.037855502191368684
    ],
    "knees": [
      -0.2682318670637146,
      0.3159094621870155,
      0.07732951455532261
    ],
    "ankles": [
      -0.23953535372651447,
      0.2663110761954007,
      -0.07985144748639993
    ]
  },
  "angles": {
    "knee": 55.57045475895655,
    "hip": 109.79192739956513,
    "shoulder": 13.806087411016218,
    "elbow": 142.2438096707375
  },
  "analysis_scores": {
    "alignment": 0.6648665146245683,
    "balance": 0.8866673225453616,
    "form": 0.9418914605136577,
    "stability": 0.9375417637203322,
    "coordination": 0.925724974548249,
    "precision": 0.9924802412760899,
    "power": 0.8654158993173799,
    "efficiency": 0.6223477283680475,
    "safety": 0.7081090411149128,
    "overall": 0.703803016377402,
    "shoulder": 0.9192022642012554,
    "elbow": 0.9776620703730264,
    "wrist": 0.9331607369711937,
    "hip": 0.8080378172698469,
    "knee": 0.7364623567467115,
    "ankle": 0.7467807406100317,
    "back": 0.6430686871003275,
    "neck": 0.7590981947744522
  },
  "recommendations": {
    "form": "Good form, continue practicing with current technique",
    "alignment": "Good alignment, maintain current technique",
    "stability": "Good stability, continue with current technique",
    "power": "Consider increasing intensity gradually"
  },
  "safety_considerations": [
    "Ensure proper body alignment to prevent injury"
  ]
}