{
  "power_generation": {
    "explosiveness": 0.6850551852230269,
    "force_transfer": 0.8121358138059311,
    "efficiency": 0.9548669784130246
  },
  "technical_metrics": {
    "precision": 0.9432196305373628,
    "consistency": 0.6470046772416218,
    "fluidity": 0.6380048805950584
  },
  "biomechanical_metrics": {
    "joint_loading": 0.5239395822324225,
    "muscle_activation": 0.7615703016760287,
    "energy_efficiency": 0.7856198640359854
  }
}