{
  "key_points": {
    "shoulders": [
      -0.04561129189233876,
      0.6995718000386051,
      0.027675526901264125
    ],
    "elbows": [
      -0.2847876805488071,
      0.5443850943554465,
      -0.026219698573953565
    ],
    "wrists": [
      -0.025740005637624797,
      0.4053609258734032,
      -0.0413650544864342
    ],
    "hips": [
      -0.1623391301043768,
      0.38745873200542824,
      -0.07706836434047322
    ],
    "knees": [
      0.01887333497590571,
      0.2358993623508516,
      -0.04469515330177052
    ],
    "ankles": [
      0.3651906279563236,
      0.17943913224205196,
      -0.033785354119574396
    ]
  },
  "angles": {
    "knee": 31.268762555697652,
    "hip": 91.38352763112674,
    "shoulder": 2.917578540651284,
    "elbow": 100.47636016010054
  },
  "analysis_scores": {
    "alignment": 0.8455706228009588,
    "balance": 0.7379347285481146,
    "form": 0.7715522871408215,
    "stability": 0.8551889569696629,
    "coordination": 0.9286228949496975,
    "precision": 0.7845361095163254,
    "power": 0.7726934347172166,
    "efficiency": 0.8542748904011646,
    "safety": 0.9546524709836728,
    "overall": 0.7170192094549264,
    "shoulder": 0.6055009512587776,
    "elbow": 0.8839173784848822,
    "wrist": 0.7895710063710799,
    "hip": 0.8519496794370485,
    "knee": 0.7857384079492024,
    "ankle": 0.860591681104805,
    "back": 0.781128253993149,
    "neck": 0.6793815173380154
  },
  "recommendations": {
    "form": "Good form, continue practicing with current technique",
    "alignment": "Good alignment, maintain current technique",
    "stability": "Focus on maintaining proper posture and balance",
    "power": "Consider increasing intensity gradually"
  },
  "safety_considerations": []
}