{
  "power_generation": {
    "explosiveness": 0.789470760138796,
    "force_transfer": 0.8106393582942348,
    "efficiency": 0.5466234255072651
  },
  "technical_metrics": {
    "precision": 0.7824038012492811,
    "consistency": 0.5503448487224158,
    "fluidity": 0.6149667674840381
  },
  "biomechanical_metrics": {
    "joint_loading": 0.509810722444864,
    "muscle_activation": 0.5014287607495307,
    "energy_efficiency": 0.7339265186418308
  }
}