{
  "key_points": {
    "shoulders": [
      0.06687746490143931,
      0.5999284130744328,
      -0.08129012231540117
    ],
    "elbows": [
      0.22963225914879642,
      0.40991964354544275,
      -0.09335421533463113
    ],
    "wrists": [
      0.2885716266340451,
      0.3691595504843617,
      -0.05763913359384403
    ],
    "hips": [
      -0.19264563319804281,
      0.46141224163587224,
      0.07936601384424888
    ],
    "knees": [
      0.012206786765375066,
      0.23383672309708708,
      -0.04193419281615565
    ],
    "ankles": [
      -0.139775635801404,
      0.22164456004230748,
      -0.009385961960596781
    ]
  },
  "angles": {
    "knee": 115.92314230635482,
    "hip": 74.0494852324482,
    "shoulder": 38.62713940928499,
    "elbow": 35.57361227718294
  },
  "analysis_scores": {
    "alignment": 0.7650844787756987,
    "balance": 0.6304516905264589,
    "form": 0.9748609992441978,
    "stability": 0.9912018497257088,
    "coordination": 0.8212541664372022,
    "precision": 0.9799285145291242,
    "power": 0.7262017102018983,
    "efficiency": 0.6342996647408615,
    "safety": 0.9243176740535157,
    "overall": 0.8713300694966346,
    "shoulder": 0.6104409650179067,
    "elbow": 0.825256236056746,
    "wrist": 0.670460212439537,
    "hip": 0.6977201370386248,
    "knee": 0.765085379723933,
    "ankle": 0.8714658777538082,
    "back": 0.796298554018319,
    "neck": 0.8718523256972464
  },
  "recommendations": {
    "form": "Good form, continue practicing with current technique",
    "alignment": "Good alignment, maintain current technique",
    "stability": "Good stability, continue with current technique",
    "power": "Good power output, maintain current intensity"
  },
  "safety_considerations": []
}