{
  "power_generation": {
    "explosiveness": 0.5381166983079129,
    "force_transfer": 0.7741077457911067,
    "efficiency": 0.7719696655253023
  },
  "technical_metrics": {
    "precision": 0.9809637592225675,
    "consistency": 0.6196615324459225,
    "fluidity": 0.5525207030363601
  },
  "biomechanical_metrics": {
    "joint_loading": 0.8871431936676606,
    "muscle_activation": 0.9965355855436746,
    "energy_efficiency": 0.6189066022217745
  }
}