{
  "key_points": {
    "shoulders": [
      -0.011820853264482956,
      0.711290110835989,
      0.08656470251415727
    ],
    "hips": [
      -0.25461577674440933,
      0.5846024926765854,
      -0.08549661160622866
    ],
    "knees": [
      0.4259436115467189,
      0.4188206908002439,
      0.13359747257737364
    ],
    "ankles": [
      -0.5342176457479247,
      0.3879810766451879,
      -0.0015583910913567478
    ]
  },
  "angles": {
    "knee": 13.340762230215743,
    "hip": 33.75997501120033,
    "shoulder": 70.45469501677672
  },
  "analysis_scores": {
    "alignment": 0.9835812159707764,
    "balance": 0.7196807194668492,
    "form": 0.8827617472369738,
    "stability": 0.8269535606086735,
    "coordination": 0.7759587681203377,
    "precision": 0.712081002956115,
    "power": 0.8835410468344693,
    "efficiency": 0.8953915752674637,
    "safety": 0.9629507467426082,
    "overall": 0.8773074989466987,
    "shoulder": 0.9106988445068513,
    "elbow": 0.9746778940347938,
    "wrist": 0.7468927333797982,
    "hip": 0.9401469006390908,
    "knee": 0.8685356916148811,
    "ankle": 0.9726167612970045,
    "back": 0.9642082041949915,
    "neck": 0.6243740364529817
  },
  "recommendations": {
    "form": "Focus on maintaining proper joint angles during movement",
    "alignment": "Good alignment, maintain current technique",
    "stability": "Good stability, continue with current technique",
    "power": "Consider increasing intensity gradually"
  },
  "safety_considerations": []
}