{
  "power_generation": {
    "explosiveness": 0.8941206054251049,
    "force_transfer": 0.8732601734359724,
    "efficiency": 0.8775594757520764
  },
  "technical_metrics": {
    "precision": 0.6261705340599253,
    "consistency": 0.6419468441316698,
    "fluidity": 0.8646198071000738
  },
  "biomechanical_metrics": {
    "joint_loading": 0.8476079602068181,
    "muscle_activation": 0.6429298176519259,
    "energy_efficiency": 0.8229441147654141
  }
}