{
  "key_points": {
    "shoulders": [
      0.06822114473344543,
      0.5137308744438397,
      -0.03071984920984959
    ],
    "elbows": [
      -0.09619421939872688,
      0.48633382363632915,
      -0.028395459927002584
    ],
    "wrists": [
      -0.2245915534667721,
      0.34468502743624063,
      0.08388373606467714
    ],
    "hips": [
      0.019170739634674694,
      0.351339362197357,
      0.039380095660260656
    ],
    "knees": [
      -0.24791556227771902,
      0.3056757454752845,
      -0.09207609047419452
    ],
    "ankles": [
      0.22907514065918988,
      0.14623138872025337,
      -0.040179660492842766
    ]
  },
  "angles": {
    "knee": 29.433118536576917,
    "hip": 87.41322844642748,
    "shoulder": 22.25448796635292,
    "elbow": 112.88371812962194
  },
  "analysis_scores": {
    "alignment": 0.744451923865295,
    "balance": 0.755116843825133,
    "form": 0.8762672543405271,
    "stability": 0.9637130232178253,
    "coordination": 0.9216588372595863,
    "precision": 0.6634958636186711,
    "power": 0.7748064256075393,
    "efficiency": 0.9000040952902261,
    "safety": 0.8084510332990273,
    "overall": 0.8002793815457214,
    "shoulder": 0.8132133625257965,
    "elbow": 0.9199032806824423,
    "wrist": 0.8418284785142243,
    "hip": 0.6516737122896412,
    "knee": 0.8169051089691169,
    "ankle": 0.8325141841737886,
    "back": 0.6808259418539818,
    "neck": 0.6572299653028864
  },
  "recommendations": {
    "form": "Good form, continue practicing with current technique",
    "alignment": "Good alignment, maintain current technique",
    "stability": "Good stability, continue with current technique",
    "power": "Good power output, maintain current intensity"
  },
  "safety_considerations": []
}