{
  "power_generation": {
    "explosiveness": 0.6468187280686882,
    "force_transfer": 0.716991604717926,
    "efficiency": 0.9552762644369552
  },
  "technical_metrics": {
    "precision": 0.7910253353088137,
    "consistency": 0.5149987806490886,
    "fluidity": 0.5824427373589693
  },
  "biomechanical_metrics": {
    "joint_loading": 0.9774326233825659,
    "muscle_activation": 0.9671918264447356,
    "energy_efficiency": 0.6717014781057331
  }
}