{
  "key_points": {
    "shoulders": [
      0.14221884698686799,
      0.6566001469093643,
      -0.030407510125845444
    ],
    "elbows": [
      0.23711724267431472,
      0.4875774583903622,
      0.0764070055433351
    ],
    "wrists": [
      0.20070587518969973,
      0.36150412352044653,
      0.03344219023748457
    ],
    "hips": [
      -0.10263438675825563,
      0.49527072669872496,
      -0.0927291132756353
    ],
    "knees": [
      -0.13922245697449565,
      0.3188256057584878,
      0.09558009852549096
    ],
    "ankles": [
      -0.3863491571393105,
      0.1714570120119707,
      0.05201405897380568
    ]
  },
  "angles": {
    "knee": 124.31581723684614,
    "hip": 80.26607316705596,
    "shoulder": 42.918456842372855,
    "elbow": 82.70807649354542
  },
  "analysis_scores": {
    "alignment": 0.7796067458435763,
    "balance": 0.9305587334384107,
    "form": 0.958064899004777,
    "stability": 0.7355308755268994,
    "coordination": 0.9158003863654477,
    "precision": 0.6128429450150354,
    "power": 0.8386319092490644,
    "efficiency": 0.6160618853586163,
    "safety": 0.8698971164863514,
    "overall": 0.9012256124070033,
    "shoulder": 0.9292245216759105,
    "elbow": 0.8060155948592086,
    "wrist": 0.6564238210138235,
    "hip": 0.8752217011631449,
    "knee": 0.8225672281973005,
    "ankle": 0.6314776204713118,
    "back": 0.9646645120825358,
    "neck": 0.7522862015081114
  },
  "recommendations": {
    "form": "Good form, continue practicing with current technique",
    "alignment": "Good alignment, maintain current technique",
    "stability": "Focus on maintaining proper posture and balance",
    "power": "Consider increasing intensity gradually"
  },
  "safety_considerations": []
}