{
  "power_generation": {
    "explosiveness": 0.8218398436845691,
    "force_transfer": 0.7326914093326671,
    "efficiency": 0.5697045281496702
  },
  "technical_metrics": {
    "precision": 0.5351510143612492,
    "consistency": 0.718789756923499,
    "fluidity": 0.6709713062022169
  },
  "biomechanical_metrics": {
    "joint_loading": 0.8432223816551028,
    "muscle_activation": 0.6142408172793423,
    "energy_efficiency": 0.7018699774111109
  }
}