{
  "key_points": {
    "shoulders": [
      -0.18154593835393038,
      0.5836878300738627,
      -0.027689908526477555
    ],
    "elbows": [
      0.01524170425797633,
      0.4138800222810256,
      -0.07213945942906741
    ],
    "wrists": [
      -0.21881598941699903,
      0.35026224195043026,
      0.033073902175048187
    ],
    "hips": [
      0.11183729152914734,
      0.395625349308786,
      0.06550682413423589
    ],
    "knees": [
      -0.181717914523437,
      0.37969153088160007,
      -0.049695656099173126
    ],
    "ankles": [
      0.21716871571979002,
      0.23548934691341766,
      0.08585904285577248
    ]
  },
  "angles": {
    "knee": 54.74926470155213,
    "hip": 61.94765344410399,
    "shoulder": 56.62282781528053,
    "elbow": 101.88964985510609
  },
  "analysis_scores": {
    "alignment": 0.8256552323130206,
    "balance": 0.6575554738214431,
    "form": 0.9773555645307928,
    "stability": 0.8077596996434346,
    "coordination": 0.6647316076223143,
    "precision": 0.8682141395908485,
    "power": 0.7649001140148194,
    "efficiency": 0.7043083062039273,
    "safety": 0.6078899342031542,
    "overall": 0.9321739775350052,
    "shoulder": 0.8467956261726537,
    "elbow": 0.6276875876423577,
    "wrist": 0.8202433156475536,
    "hip": 0.95895981146516,
    "knee": 0.6543532947024902,
    "ankle": 0.6810139892313158,
    "back": 0.7096976749545051,
    "neck": 0.9081363414258493
  },
  "recommendations": {
    "form": "Good form, continue practicing with current technique",
    "alignment": "Good alignment, maintain current technique",
    "stability": "Good stability, continue with current technique",
    "power": "Good power output, maintain current intensity"
  },
  "safety_considerations": [
    "Focus on proper knee alignment to prevent overuse injuries",
    "Maintain proper hip positioning to prevent strain"
  ]
}