{
  "power_generation": {
    "explosiveness": 0.8433450284198409,
    "force_transfer": 0.8142266516338774,
    "efficiency": 0.7956434602651548
  },
  "technical_metrics": {
    "precision": 0.6946944771917961,
    "consistency": 0.6712966870605162,
    "fluidity": 0.9590787389413717
  },
  "biomechanical_metrics": {
    "joint_loading": 0.5990511180354465,
    "muscle_activation": 0.8263619815977284,
    "energy_efficiency": 0.8036839516835463
  }
}