{
  "key_points": {
    "shoulders": [
      0.12698211362882644,
      0.5972339311437773,
      0.0908230137883968
    ],
    "elbows": [
      0.2862494268935423,
      0.41290400075605493,
      -0.023025560155905553
    ],
    "wrists": [
      -0.030600155244097205,
      0.3089156733794766,
      0.04658721746825137
    ],
    "hips": [
      -0.02209326717154919,
      0.4371229166666208,
      -0.03815888299448089
    ],
    "knees": [
      -0.26513313019838963,
      0.3613541502235456,
      -0.0035788907488345234
    ],
    "ankles": [
      0.29938112990781607,
      0.12615014205375014,
      -0.051699610942773915
    ]
  },
  "angles": {
    "knee": 19.907340343847203,
    "hip": 141.48447107561276,
    "shoulder": 54.656585280693974,
    "elbow": 150.60262863473204
  },
  "analysis_scores": {
    "alignment": 0.8826781834986032,
    "balance": 0.7798066249688946,
    "form": 0.6649328594683593,
    "stability": 0.8014051597371123,
    "coordination": 0.8326394747790893,
    "precision": 0.7070161380254252,
    "power": 0.7642298298745975,
    "efficiency": 0.7497654935727205,
    "safety": 0.8355352975550796,
    "overall": 0.6858326246206705,
    "shoulder": 0.8288795256131212,
    "elbow": 0.933407312220264,
    "wrist": 0.6106989299551127,
    "hip": 0.7137687042380504,
    "knee": 0.921977402970658,
    "ankle": 0.6356813535510136,
    "back": 0.6541355273412444,
    "neck": 0.7111767975934705
  },
  "recommendations": {
    "form": "Focus on maintaining proper joint angles during movement",
    "alignment": "Work on maintaining symmetrical movement patterns",
    "stability": "Good stability, continue with current technique",
    "power": "Good power output, maintain current intensity"
  },
  "safety_considerations": []
}