{
  "power_generation": {
    "explosiveness": 0.7684670847865906,
    "force_transfer": 0.8596133081246127,
    "efficiency": 0.5625742785207104
  },
  "technical_metrics": {
    "precision": 0.7445218671798857,
    "consistency": 0.7317227348315446,
    "fluidity": 0.8098607029625612
  },
  "biomechanical_metrics": {
    "joint_loading": 0.6982408213551602,
    "muscle_activation": 0.5596121473795442,
    "energy_efficiency": 0.911561584403006
  }
}