{
  "key_points": {
    "shoulders": [
      0.09894993768983007,
      0.6638016643282438,
      0.09590229959101648
    ],
    "elbows": [
      0.288026024918481,
      0.47268829675509644,
      -0.0328908506790373
    ],
    "wrists": [
      -0.3715371552086182,
      0.31108612323626805,
      -0.09330802109506327
    ],
    "hips": [
      0.14331318457039044,
      0.32245587973777845,
      -0.08597499893913776
    ],
    "knees": [
      0.12605733681828057,
      0.25459214863770085,
      0.06391180386609024
    ],
    "ankles": [
      0.08499370749623214,
      0.2530030915434061,
      -0.043439039853339904
    ]
  },
  "angles": {
    "knee": 124.80786337998671,
    "hip": 78.07083670491133,
    "shoulder": 31.83854602292717,
    "elbow": 103.0382506020604
  },
  "analysis_scores": {
    "alignment": 0.6694415857589047,
    "balance": 0.7455574314034439,
    "form": 0.8307033391776809,
    "stability": 0.626824904698318,
    "coordination": 0.7294958435866815,
    "precision": 0.962403591852774,
    "power": 0.7446938205742637,
    "efficiency": 0.7068616910720017,
    "safety": 0.9708923278894921,
    "overall": 0.9738536229096567,
    "shoulder": 0.7900326265186978,
    "elbow": 0.7143761653824225,
    "wrist": 0.6121262110397564,
    "hip": 0.6576752113452102,
    "knee": 0.8992290612901578,
    "ankle": 0.7324022007057246,
    "back": 0.7551358106087181,
    "neck": 0.9464002289098751
  },
  "recommendations": {
    "form": "Good form, continue practicing with current technique",
    "alignment": "Good alignment, maintain current technique",
    "stability": "Good stability, continue with current technique",
    "power": "Good power output, maintain current intensity"
  },
  "safety_considerations": []
}