{
  "power_generation": {
    "explosiveness": 0.7629203435043703,
    "force_transfer": 0.5884333775906071,
    "efficiency": 0.9667515735019334
  },
  "technical_metrics": {
    "precision": 0.6240381924280368,
    "consistency": 0.6548666872838799,
    "fluidity": 0.6521237286119972
  },
  "biomechanical_metrics": {
    "joint_loading": 0.7017783770021706,
    "muscle_activation": 0.91190728348103,
    "energy_efficiency": 0.7746286122892703
  }
}