{
  "key_points": {
    "shoulders": [
      -0.16414193260006235,
      0.5131428002935337,
      0.08584812011604254
    ],
    "elbows": [
      -0.10517633103110682,
      0.4972935792164077,
      0.010300065243102757
    ],
    "wrists": [
      -0.3208357798591222,
      0.4357804379680804,
      -0.06315260363202321
    ],
    "hips": [
      0.1287333447318701,
      0.3874598574341902,
      0.034604685071220165
    ],
    "knees": [
      -0.04918612656986282,
      0.23145568092726698,
      -0.02153834429715347
    ],
    "ankles": [
      0.1240448369025251,
      0.19841058176140441,
      0.001673280357695317
    ]
  },
  "angles": {
    "knee": 41.68669227145574,
    "hip": 122.15954844182914,
    "shoulder": 15.151416990660893,
    "elbow": 160.41838160752562
  },
  "analysis_scores": {
    "alignment": 0.858459224599323,
    "balance": 0.9111886072806183,
    "form": 0.629342958095827,
    "stability": 0.6790877546499141,
    "coordination": 0.9241008706647708,
    "precision": 0.9905780452901393,
    "power": 0.9907929147726265,
    "efficiency": 0.9032493854001944,
    "safety": 0.6250640190948994,
    "overall": 0.9630835132106758,
    "shoulder": 0.922135794163471,
    "elbow": 0.6783713159159802,
    "wrist": 0.6309566742482072,
    "hip": 0.6003300677106677,
    "knee": 0.8838811813828852,
    "ankle": 0.7473999366122589,
    "back": 0.8549025463377207,
    "neck": 0.9524947380187365
  },
  "recommendations": {
    "form": "Good form, continue practicing with current technique",
    "alignment": "Work on maintaining symmetrical movement patterns",
    "stability": "Focus on maintaining proper posture and balance",
    "power": "Consider increasing intensity gradually"
  },
  "safety_considerations": [
    "Ensure proper wrist positioning"
  ]
}