{
  "power_generation": {
    "explosiveness": 0.90790785844529,
    "force_transfer": 0.669354339268585,
    "efficiency": 0.6184719149379394
  },
  "technical_metrics": {
    "precision": 0.8955922628465944,
    "consistency": 0.8622888179255528,
    "fluidity": 0.981917063413889
  },
  "biomechanical_metrics": {
    "joint_loading": 0.7870130688683992,
    "muscle_activation": 0.9965048862099246,
    "energy_efficiency": 0.9925968265279399
  }
}