{
  "key_points": {
    "shoulders": [
      -0.16548701690213274,
      0.5068144922302257,
      -0.007941363342518604
    ],
    "elbows": [
      -0.1526404181054928,
      0.4000868590259658,
      0.008847307685638198
    ],
    "wrists": [
      0.2730715858069511,
      0.4966488121373125,
      0.02951427661562328
    ],
    "hips": [
      0.1099524248267027,
      0.38288568356541747,
      -0.04295684122453017
    ],
    "knees": [
      -0.19506655059906186,
      0.2566263765270774,
      -0.042584381679123706
    ],
    "ankles": [
      0.012433903519005862,
      0.11831859514459715,
      -0.04830608910806105
    ]
  },
  "angles": {
    "knee": 45.34655813645124,
    "hip": 76.99211726838867,
    "shoulder": 24.105794683301724,
    "elbow": 62.35646837386143
  },
  "analysis_scores": {
    "alignment": 0.9951848458147259,
    "balance": 0.7684551180578002,
    "form": 0.8922315760396349,
    "stability": 0.7867699215451588,
    "coordination": 0.9929250561367461,
    "precision": 0.7436567519293553,
    "power": 0.9773910128702286,
    "efficiency": 0.8109106339559147,
    "safety": 0.7903878535761684,
    "overall": 0.7266660157073753,
    "shoulder": 0.9431097720525725,
    "elbow": 0.9900635736597961,
    "wrist": 0.8159685618225335,
    "hip": 0.8056695034740265,
    "knee": 0.6673971338415451,
    "ankle": 0.8892873590074764,
    "back": 0.8202474495722346,
    "neck": 0.9511202754359958
  },
  "recommendations": {
    "form": "Good form, continue practicing with current technique",
    "alignment": "Good alignment, maintain current technique",
    "stability": "Good stability, continue with current technique",
    "power": "Consider increasing intensity gradually"
  },
  "safety_considerations": []
}