{
  "power_generation": {
    "explosiveness": 0.5178490475896385,
    "force_transfer": 0.6820507539024119,
    "efficiency": 0.7518818231277375
  },
  "technical_metrics": {
    "precision": 0.8884450646747827,
    "consistency": 0.8843103612279754,
    "fluidity": 0.8994072029996724
  },
  "biomechanical_metrics": {
    "joint_loading": 0.7442809822212746,
    "muscle_activation": 0.6904968416729917,
    "energy_efficiency": 0.5633065089862044
  }
}