{
  "key_points": {
    "shoulders": [
      0.03059810577590455,
      0.6824528704529189,
      -0.06892965396353351
    ],
    "elbows": [
      -0.007627382452487841,
      0.4081849860509397,
      -0.012022909166111512
    ],
    "wrists": [
      -0.2589654341063805,
      0.4240482989766964,
      0.005060051421728079
    ],
    "hips": [
      -0.05779152942075791,
      0.3143516978314473,
      -0.06796845931785028
    ],
    "knees": [
      0.03783403462794471,
      0.2535631150349469,
      0.08570733776020598
    ],
    "ankles": [
      0.3165089836944709,
      0.2938313117372913,
      0.08100793513323823
    ]
  },
  "angles": {
    "knee": 118.3533145846455,
    "hip": 95.30826603331298,
    "shoulder": 11.388407793493718,
    "elbow": 16.736135856114863
  },
  "analysis_scores": {
    "alignment": 0.906400695645095,
    "balance": 0.754630674064269,
    "form": 0.8776513618344024,
    "stability": 0.9984727249272061,
    "coordination": 0.8681758481058734,
    "precision": 0.887585864074826,
    "power": 0.9761681581605356,
    "efficiency": 0.8013656326511207,
    "safety": 0.9254232388823906,
    "overall": 0.8345960956094383,
    "shoulder": 0.7957809557019215,
    "elbow": 0.9306840059222432,
    "wrist": 0.7662049938030449,
    "hip": 0.9571130215561539,
    "knee": 0.9095028381123781,
    "ankle": 0.6054341751840822,
    "back": 0.6012541739072462,
    "neck": 0.9831023491522586
  },
  "recommendations": {
    "form": "Focus on maintaining proper joint angles during movement",
    "alignment": "Work on maintaining symmetrical movement patterns",
    "stability": "Focus on maintaining proper posture and balance",
    "power": "Consider increasing intensity gradually"
  },
  "safety_considerations": []
}