{
  "power_generation": {
    "explosiveness": 0.9018920870196842,
    "force_transfer": 0.8856580013801572,
    "efficiency": 0.6700600771414915
  },
  "technical_metrics": {
    "precision": 0.6695118796841342,
    "consistency": 0.7359922736192255,
    "fluidity": 0.8090582477706197
  },
  "biomechanical_metrics": {
    "joint_loading": 0.7762343358254415,
    "muscle_activation": 0.5254887679466309,
    "energy_efficiency": 0.7629305854287525
  }
}