{
  "key_points": {
    "shoulders": [
      0.18902869433263897,
      0.596480603092644,
      0.047687390861354206
    ],
    "elbows": [
      -0.01917259897521345,
      0.5668997292869209,
      0.07886367297349278
    ],
    "wrists": [
      -0.156029377794758,
      0.4690976167863413,
      -0.03241782930984925
    ],
    "hips": [
      0.1934419364625407,
      0.3159740008374325,
      0.08672253485082212
    ],
    "knees": [
      -0.15235478974317815,
      0.2981984143603197,
      0.0569432941414951
    ],
    "ankles": [
      -0.08435053504863632,
      0.2982776769354507,
      -0.034911181125972954
    ]
  },
  "angles": {
    "knee": 118.57822052993177,
    "hip": 26.408201578742528,
    "shoulder": 56.82691328476969,
    "elbow": 172.7718698079379
  },
  "analysis_scores": {
    "alignment": 0.8266815754979926,
    "balance": 0.660996034651544,
    "form": 0.9569932864729569,
    "stability": 0.8416839784344747,
    "coordination": 0.9229787485262644,
    "precision": 0.8617275507958513,
    "power": 0.7843981049815254,
    "efficiency": 0.8689463457826425,
    "safety": 0.9097058058550896,
    "overall": 0.9613481621291249,
    "shoulder": 0.898762387703421,
    "elbow": 0.8101840957872322,
    "wrist": 0.8221500277801465,
    "hip": 0.9431500190476441,
    "knee": 0.9077440205662552,
    "ankle": 0.8541646717403537,
    "back": 0.705005369807999,
    "neck": 0.8469699371614122
  },
  "recommendations": {
    "form": "Focus on maintaining proper joint angles during movement",
    "alignment": "Work on maintaining symmetrical movement patterns",
    "stability": "Good stability, continue with current technique",
    "power": "Good power output, maintain current intensity"
  },
  "safety_considerations": [
    "Maintain proper elbow alignment to prevent hyperextension"
  ]
}