{
  "power_generation": {
    "explosiveness": 0.5793952870762646,
    "force_transfer": 0.502681194653571,
    "efficiency": 0.8024488072371561
  },
  "technical_metrics": {
    "precision": 0.8261391983916819,
    "consistency": 0.6195154157481029,
    "fluidity": 0.9114639458902186
  },
  "biomechanical_metrics": {
    "joint_loading": 0.5751471309741554,
    "muscle_activation": 0.5345150703525499,
    "energy_efficiency": 0.9466243094927633
  }
}