{
  "key_points": {
    "shoulders": [
      -0.12227564100134077,
      0.6920471509773138,
      0.010225788156776924
    ],
    "elbows": [
      -0.11425612874366944,
      0.5490320968804785,
      0.07457619750705438
    ],
    "wrists": [
      0.10355492173973757,
      0.3259918757736036,
      0.09883877455204268
    ],
    "hips": [
      0.176870513026394,
      0.37013129207159845,
      0.060216697682021786
    ],
    "knees": [
      -0.17253946143346213,
      0.2612703749562295,
      0.024240388410530486
    ],
    "ankles": [
      -0.20065304993705474,
      0.2832404014456754,
      -0.003314824195404076
    ]
  },
  "angles": {
    "knee": 122.8136233329916,
    "hip": 96.84937015539653,
    "shoulder": 47.22116382700139,
    "elbow": 108.84324716711396
  },
  "analysis_scores": {
    "alignment": 0.9698833615830217,
    "balance": 0.7197056410883951,
    "form": 0.8770529934367242,
    "stability": 0.7988794351600521,
    "coordination": 0.6754327557816573,
    "precision": 0.7160291152751437,
    "power": 0.9510720772420731,
    "efficiency": 0.7616226440534428,
    "safety": 0.733841079412981,
    "overall": 0.8401256704182798,
    "shoulder": 0.9185909484749195,
    "elbow": 0.8840872469236907,
    "wrist": 0.7108996619088725,
    "hip": 0.9220469814894762,
    "knee": 0.6870746002120172,
    "ankle": 0.8067926425500372,
    "back": 0.6807001773706037,
    "neck": 0.6672863684497944
  },
  "recommendations": {
    "form": "Good form, continue practicing with current technique",
    "alignment": "Good alignment, maintain current technique",
    "stability": "Good stability, continue with current technique",
    "power": "Consider increasing intensity gradually"
  },
  "safety_considerations": []
}