{
  "power_generation": {
    "explosiveness": 0.5470914781526361,
    "force_transfer": 0.7288121625539101,
    "efficiency": 0.6955813325934701
  },
  "technical_metrics": {
    "precision": 0.8481493632490493,
    "consistency": 0.888368691302291,
    "fluidity": 0.5899303389523183
  },
  "biomechanical_metrics": {
    "joint_loading": 0.9704386212361756,
    "muscle_activation": 0.9352432482339795,
    "energy_efficiency": 0.8995546034156434
  }
}