{
  "key_points": {
    "shoulders": [
      -0.145997584419699,
      0.6047555052616949,
      -0.006533949777662945
    ],
    "elbows": [
      0.24776595148144803,
      0.574458503888155,
      0.02214531378794242
    ],
    "wrists": [
      -0.13938395423730582,
      0.4123158725346451,
      0.028750599335017946
    ],
    "hips": [
      -0.032053004715848266,
      0.30435865582411975,
      0.05517351824155381
    ],
    "knees": [
      -0.1299855774060518,
      0.33294210544261194,
      0.001606856973675394
    ],
    "ankles": [
      0.18777705069043094,
      0.21565457530738458,
      0.06176562841246905
    ]
  },
  "angles": {
    "knee": 103.79331295973759,
    "hip": 118.04406946360528,
    "shoulder": 58.408820235862414,
    "elbow": 24.430506334646104
  },
  "analysis_scores": {
    "alignment": 0.6817795836384325,
    "balance": 0.6470487268813613,
    "form": 0.8973865342952414,
    "stability": 0.7837612758465458,
    "coordination": 0.8893620765283788,
    "precision": 0.7711787759568564,
    "power": 0.9700817718916738,
    "efficiency": 0.9168889430000706,
    "safety": 0.6401010434975191,
    "overall": 0.7097492665888803,
    "shoulder": 0.6832110179889732,
    "elbow": 0.6298438526891423,
    "wrist": 0.7298776138847317,
    "hip": 0.8301156637654378,
    "knee": 0.8023423078208793,
    "ankle": 0.7032769043585196,
    "back": 0.8200000835704558,
    "neck": 0.9919904476960437
  },
  "recommendations": {
    "form": "Good form, continue practicing with current technique",
    "alignment": "Good alignment, maintain current technique",
    "stability": "Good stability, continue with current technique",
    "power": "Consider increasing intensity gradually"
  },
  "safety_considerations": []
}