{
  "power_generation": {
    "explosiveness": 0.8890376898994748,
    "force_transfer": 0.8161571611394389,
    "efficiency": 0.9301964578361321
  },
  "technical_metrics": {
    "precision": 0.6903493358082655,
    "consistency": 0.775802764615626,
    "fluidity": 0.6295645050749796
  },
  "biomechanical_metrics": {
    "joint_loading": 0.6191465157109028,
    "muscle_activation": 0.6329952106544796,
    "energy_efficiency": 0.9157153198478765
  }
}