{
  "key_points": {
    "shoulders": [
      -0.14900818698970422,
      0.6712617833959753,
      -0.04226976861289353
    ],
    "elbows": [
      0.16712625063576003,
      0.48077406821508856,
      0.1364937616382298
    ],
    "wrists": [
      0.1618281468793118,
      0.30679997931862024,
      0.09211065040325239
    ],
    "hips": [
      0.08922806643812631,
      0.37242603272975083,
      0.0835922300771107
    ]
  },
  "angles": {
    "shoulder": 49.781790584914546,
    "elbow": 168.67240644705598
  },
  "analysis_scores": {
    "alignment": 0.706826482240567,
    "balance": 0.6375424070652658,
    "form": 0.9882141301684575,
    "stability": 0.6071480614456475,
    "coordination": 0.6826400832143729,
    "precision": 0.9377818155084978,
    "power": 0.9627203110609635,
    "efficiency": 0.7762696300028128,
    "safety": 0.8221361324781253,
    "overall": 0.9591084062433547,
    "shoulder": 0.7270382285001349,
    "elbow": 0.8754342551192748,
    "wrist": 0.8831942125619714,
    "hip": 0.6294247059951482,
    "knee": 0.8337892273514129,
    "ankle": 0.6104228769141411,
    "back": 0.8891115737332915,
    "neck": 0.8447854147850067
  },
  "recommendations": {
    "form": "Focus on maintaining proper joint angles during movement",
    "alignment": "Good alignment, maintain current technique",
    "stability": "Good stability, continue with current technique",
    "power": "Consider increasing intensity gradually"
  },
  "safety_considerations": []
}