{
  "power_generation": {
    "explosiveness": 0.6889008517881827,
    "force_transfer": 0.7264063198872608,
    "efficiency": 0.8564434350442004
  },
  "technical_metrics": {
    "precision": 0.8238981469232773,
    "consistency": 0.8016797976354038,
    "fluidity": 0.762780285341027
  },
  "biomechanical_metrics": {
    "joint_loading": 0.8660606041980157,
    "muscle_activation": 0.7423033868286858,
    "energy_efficiency": 0.8109884503886331
  }
}