{
  "key_points": {
    "shoulders": [
      0.04147798240001696,
      0.5759857403698916,
      0.09460633342827784
    ],
    "elbows": [
      0.2033709228888228,
      0.4183681136765496,
      -0.027333199883045764
    ],
    "wrists": [
      -0.12480683360880501,
      0.4235210317108985,
      -0.05115168851064331
    ],
    "hips": [
      -0.02029530214266767,
      0.4362300015558669,
      -0.08962532501429038
    ],
    "knees": [
      0.28636697918851367,
      0.23083629197622246,
      -0.03486068622246566
    ],
    "ankles": [
      -0.39463365194202116,
      0.17340132432504202,
      -0.048704369895779025
    ]
  },
  "angles": {
    "knee": 18.35522829101633,
    "hip": 129.08940551297573,
    "shoulder": 32.45276442764305,
    "elbow": 128.5643177791893
  },
  "analysis_scores": {
    "alignment": 0.938250898789821,
    "balance": 0.6158744678610458,
    "form": 0.7504317879463601,
    "stability": 0.963444017388585,
    "coordination": 0.8160527952679149,
    "precision": 0.6004525437744331,
    "power": 0.9942521510082931,
    "efficiency": 0.7047203146423952,
    "safety": 0.8190827582883478,
    "overall": 0.9436195585371958,
    "shoulder": 0.828787927938258,
    "elbow": 0.9869326379466709,
    "wrist": 0.6871000521512719,
    "hip": 0.8959916471074175,
    "knee": 0.8678853831586759,
    "ankle": 0.9340871223847728,
    "back": 0.6863620343175212,
    "neck": 0.6251320494338426
  },
  "recommendations": {
    "form": "Good form, continue practicing with current technique",
    "alignment": "Good alignment, maintain current technique",
    "stability": "Good stability, continue with current technique",
    "power": "Good power output, maintain current intensity"
  },
  "safety_considerations": [
    "Focus on proper shoulder rotation to prevent swimmer's shoulder"
  ]
}