{
  "power_generation": {
    "explosiveness": 0.6566548119849068,
    "force_transfer": 0.572623760107934,
    "efficiency": 0.8230285387157079
  },
  "technical_metrics": {
    "precision": 0.7941806848285838,
    "consistency": 0.8714453790842713,
    "fluidity": 0.6361097445161441
  },
  "biomechanical_metrics": {
    "joint_loading": 0.8997394866317362,
    "muscle_activation": 0.7198001331843609,
    "energy_efficiency": 0.6261971477720105
  }
}