{
  "key_points": {
    "shoulders": [
      -0.013857163161793778,
      0.5901991305207777,
      0.0616570732579331
    ],
    "elbows": [
      0.1528361874448988,
      0.5429583671007637,
      -0.031936007612849024
    ],
    "wrists": [
      -0.35989407580132415,
      0.4615244568651019,
      -0.087696282478899
    ],
    "hips": [
      -0.06429260731849226,
      0.372713188983296,
      0.09478845882495762
    ],
    "knees": [
      -0.15004637456225997,
      0.3322590016955099,
      -0.08401889111984324
    ],
    "ankles": [
      -0.2932707775286536,
      0.18225277582095809,
      -0.0012658009113225843
    ]
  },
  "angles": {
    "knee": 38.952193856903534,
    "hip": 102.25277135017352,
    "shoulder": 23.718780603131865,
    "elbow": 82.08473397298978
  },
  "analysis_scores": {
    "alignment": 0.8835458363150396,
    "balance": 0.7989482746941766,
    "form": 0.709998994051019,
    "stability": 0.6020763184846303,
    "coordination": 0.7922221683883439,
    "precision": 0.7529269190267326,
    "power": 0.9020597894824617,
    "efficiency": 0.7517792490674156,
    "safety": 0.6486241938091699,
    "overall": 0.7156747336434106,
    "shoulder": 0.8974060220760331,
    "elbow": 0.9256361007476607,
    "wrist": 0.9143654614892828,
    "hip": 0.7061964818256674,
    "knee": 0.9136552910730567,
    "ankle": 0.7406887567133726,
    "back": 0.8092261693564938,
    "neck": 0.8030818478465445
  },
  "recommendations": {
    "form": "Good form, continue practicing with current technique",
    "alignment": "Good alignment, maintain current technique",
    "stability": "Good stability, continue with current technique",
    "power": "Good power output, maintain current intensity"
  },
  "safety_considerations": []
}