{
  "power_generation": {
    "explosiveness": 0.982584468092534,
    "force_transfer": 0.8039456139527827,
    "efficiency": 0.6839713078762297
  },
  "technical_metrics": {
    "precision": 0.5170669373170109,
    "consistency": 0.5249403416185652,
    "fluidity": 0.8418139530245898
  },
  "biomechanical_metrics": {
    "joint_loading": 0.9332302808167148,
    "muscle_activation": 0.8845472453702214,
    "energy_efficiency": 0.5003040215591147
  }
}