{
  "key_points": {
    "shoulders": [
      -0.19424819708893715,
      0.6714040144417062,
      0.08257351821556522
    ],
    "elbows": [
      0.18427891062537655,
      0.54516969232534,
      0.09983510587820119
    ],
    "wrists": [
      -0.12330784188519123,
      0.4337266497799246,
      0.008082524395954985
    ],
    "hips": [
      -0.11737288778928133,
      0.37004337802382975,
      0.041706000639554375
    ],
    "knees": [
      -0.12504971560357833,
      0.3726883100437178,
      0.010950106820732566
    ],
    "ankles": [
      0.06030918172554489,
      0.15337718803036224,
      -0.05946378722196999
    ]
  },
  "angles": {
    "knee": 84.36061457074693,
    "hip": 57.17355964024151,
    "shoulder": 32.64075242975254,
    "elbow": 77.16607123036626
  },
  "analysis_scores": {
    "alignment": 0.9842366337105882,
    "balance": 0.9393865332135541,
    "form": 0.6780217540193888,
    "stability": 0.9126682280079086,
    "coordination": 0.9115639884921816,
    "precision": 0.9556770408422759,
    "power": 0.6968817655955646,
    "efficiency": 0.928948291025226,
    "safety": 0.9905145020101482,
    "overall": 0.8933421265317962,
    "shoulder": 0.6672430441603604,
    "elbow": 0.9349101173848331,
    "wrist": 0.8921356058615406,
    "hip": 0.9412191447439385,
    "knee": 0.8891659220359156,
    "ankle": 0.6720501204897674,
    "back": 0.8624299617817612,
    "neck": 0.8396888627712158
  },
  "recommendations": {
    "form": "Good form, continue practicing with current technique",
    "alignment": "Good alignment, maintain current technique",
    "stability": "Good stability, continue with current technique",
    "power": "Consider increasing intensity gradually"
  },
  "safety_considerations": [
    "Maintain proper hip alignment to prevent lower back strain"
  ]
}