{
  "power_generation": {
    "explosiveness": 0.9339510147198378,
    "force_transfer": 0.5052407085467223,
    "efficiency": 0.7150366166207194
  },
  "technical_metrics": {
    "precision": 0.5122412177322706,
    "consistency": 0.9204279074491447,
    "fluidity": 0.923886587551914
  },
  "biomechanical_metrics": {
    "joint_loading": 0.5418106800282347,
    "muscle_activation": 0.7028137919264797,
    "energy_efficiency": 0.7893190544168996
  }
}