{
  "power_generation": {
    "explosiveness": 0.7814522549171807,
    "force_transfer": 0.614678033979277,
    "efficiency": 0.6127490103718871
  },
  "technical_metrics": {
    "precision": 0.6035597557367531,
    "consistency": 0.7307421935751559,
    "fluidity": 0.5062744593892698
  },
  "biomechanical_metrics": {
    "joint_loading": 0.8576289452168311,
    "muscle_activation": 0.8317531007139658,
    "energy_efficiency": 0.810723914137745
  }
}