{
  "key_points": {
    "shoulders": [
      -0.06354658145573808,
      0.5293981420313024,
      -0.0830066896413701
    ],
    "elbows": [
      -0.2746555675750435,
      0.5167178892161715,
      0.0916266054488988
    ],
    "wrists": [
      0.2691686100159443,
      0.4341689446719784,
      -0.04950639732814286
    ],
    "hips": [
      -0.03171588561269409,
      0.431181229582565,
      -0.046374127866245285
    ],
    "knees": [
      -0.04721673884031968,
      0.2741686734229784,
      0.009176355143133197
    ],
    "ankles": [
      -0.22723017220488276,
      0.2589093481155791,
      -0.09425683797611568
    ]
  },
  "angles": {
    "knee": 38.077788836130644,
    "hip": 145.19585928204836,
    "shoulder": 68.81365498563463,
    "elbow": 86.25844262526819
  },
  "analysis_scores": {
    "alignment": 0.9212989223204257,
    "balance": 0.6720146109532908,
    "form": 0.9059315161236788,
    "stability": 0.7234030432668596,
    "coordination": 0.6359591731290521,
    "precision": 0.9675068371202424,
    "power": 0.7681853218197341,
    "efficiency": 0.61058258267656,
    "safety": 0.9989522068568617,
    "overall": 0.9512340310307984,
    "shoulder": 0.6359308191929085,
    "elbow": 0.751389809635037,
    "wrist": 0.6516143511068982,
    "hip": 0.9977224900911119,
    "knee": 0.7479056649715915,
    "ankle": 0.660255560943869,
    "back": 0.8998782976824082,
    "neck": 0.7559189700756477
  },
  "recommendations": {
    "form": "Good form, continue practicing with current technique",
    "alignment": "Good alignment, maintain current technique",
    "stability": "Good stability, continue with current technique",
    "power": "Good power output, maintain current intensity"
  },
  "safety_considerations": []
}