{
  "power_generation": {
    "explosiveness": 0.6027233355240962,
    "force_transfer": 0.6365429843741794,
    "efficiency": 0.7959707296992142
  },
  "technical_metrics": {
    "precision": 0.6945396384123101,
    "consistency": 0.6258511303960324,
    "fluidity": 0.8858747475510151
  },
  "biomechanical_metrics": {
    "joint_loading": 0.9913055657707248,
    "muscle_activation": 0.8390858415850815,
    "energy_efficiency": 0.5274187956049203
  }
}