{
  "key_points": {
    "shoulders": [
      0.06580137445301149,
      0.6115614944704952,
      0.014662825485548342
    ],
    "elbows": [
      -0.017594006583563193,
      0.42950883039778326,
      0.014152923740951603
    ],
    "wrists": [
      0.16262245314721646,
      0.348934622160716,
      -0.04366366762439531
    ],
    "hips": [
      -0.014997790530238614,
      0.32364774538668317,
      -0.06384325148440335
    ],
    "knees": [
      -0.12363020670019093,
      0.3399059522189378,
      0.048934401729501364
    ],
    "ankles": [
      -0.17873201899582292,
      0.1484020358917171,
      -0.07834560288339734
    ]
  },
  "angles": {
    "knee": 68.84851756861588,
    "hip": 170.2136107148447,
    "shoulder": 40.33494133112607,
    "elbow": 27.19300215483838
  },
  "analysis_scores": {
    "alignment": 0.790966720835057,
    "balance": 0.8597104671543474,
    "form": 0.9696964293058143,
    "stability": 0.9609188715073665,
    "coordination": 0.6542793332372158,
    "precision": 0.7142319291896003,
    "power": 0.6214789953882671,
    "efficiency": 0.6259442721673899,
    "safety": 0.7788841696138322,
    "overall": 0.8169944387052094,
    "shoulder": 0.8483606292962521,
    "elbow": 0.8817338569169327,
    "wrist": 0.6546661974279823,
    "hip": 0.9965930765659177,
    "knee": 0.8415118536204326,
    "ankle": 0.6777325184166808,
    "back": 0.7153673709749858,
    "neck": 0.8533779567188791
  },
  "recommendations": {
    "form": "Focus on maintaining proper joint angles during movement",
    "alignment": "Good alignment, maintain current technique",
    "stability": "Good stability, continue with current technique",
    "power": "Good power output, maintain current intensity"
  },
  "safety_considerations": []
}