{
  "power_generation": {
    "explosiveness": 0.6833748691247092,
    "force_transfer": 0.7782769993479327,
    "efficiency": 0.9445835114271762
  },
  "technical_metrics": {
    "precision": 0.5878693236977539,
    "consistency": 0.5859620633296889,
    "fluidity": 0.853768175683021
  },
  "biomechanical_metrics": {
    "joint_loading": 0.9092706650984037,
    "muscle_activation": 0.8198958402008846,
    "energy_efficiency": 0.5943439953897343
  }
}