{
  "key_points": {
    "shoulders": [
      -0.07859657585126789,
      0.6640956089359691,
      -0.04128490114010737
    ],
    "elbows": [
      -0.27259332855261653,
      0.40427089040329034,
      -0.08671720086157442
    ],
    "wrists": [
      -0.34266866844021077,
      0.4492749565208346,
      0.07409322284778852
    ],
    "hips": [
      -0.18226353319225558,
      0.3174438199044873,
      -0.0816311286078288
    ],
    "knees": [
      -0.16199760499515395,
      0.2886846158227337,
      0.04700879554065923
    ],
    "ankles": [
      -0.21925749305306852,
      0.2571480961439554,
      0.056537982871398273
    ]
  },
  "angles": {
    "knee": 157.10804808605516,
    "hip": 58.36358288863801,
    "shoulder": 71.64110478724744,
    "elbow": 43.78700187015066
  },
  "analysis_scores": {
    "alignment": 0.6162452011224261,
    "balance": 0.7695589646774856,
    "form": 0.737541922915143,
    "stability": 0.8795790230774403,
    "coordination": 0.8249542728838906,
    "precision": 0.6496964897140469,
    "power": 0.6472397637419903,
    "efficiency": 0.9133831014218032,
    "safety": 0.6446710711940703,
    "overall": 0.8695976104068444,
    "shoulder": 0.6457802577972243,
    "elbow": 0.9641985151418977,
    "wrist": 0.6732467484418546,
    "hip": 0.7166495232264077,
    "knee": 0.612461649194551,
    "ankle": 0.6680688390399458,
    "back": 0.9377630111284232,
    "neck": 0.8581130104530899
  },
  "recommendations": {
    "form": "Good form, continue practicing with current technique",
    "alignment": "Work on maintaining symmetrical movement patterns",
    "stability": "Focus on maintaining proper posture and balance",
    "power": "Consider increasing intensity gradually"
  },
  "safety_considerations": [
    "Focus on proper shoulder mechanics to prevent rotator cuff injuries"
  ]
}