{
  "power_generation": {
    "explosiveness": 0.9552568023286258,
    "force_transfer": 0.5590046878246521,
    "efficiency": 0.9177113555885084
  },
  "technical_metrics": {
    "precision": 0.8344131988915182,
    "consistency": 0.6335567583436864,
    "fluidity": 0.8381632339964523
  },
  "biomechanical_metrics": {
    "joint_loading": 0.6515238717808584,
    "muscle_activation": 0.8433532269157293,
    "energy_efficiency": 0.7068326694070135
  }
}