{
  "key_points": {
    "shoulders": [
      -0.19045521808786603,
      0.5434265497383735,
      0.056400617820076965
    ],
    "elbows": [
      0.03714639035156603,
      0.47319976671029823,
      -0.03670328188808525
    ],
    "wrists": [
      0.1480210078675931,
      0.45150756077258375,
      -0.02260561851410045
    ],
    "hips": [
      -0.1686525285734113,
      0.30827706904323443,
      0.01572088435810455
    ],
    "knees": [
      0.00499305436637576,
      0.3417156353517192,
      -0.06911992831605787
    ],
    "ankles": [
      -0.2367372502437969,
      0.2687618309112199,
      -0.043939945007778425
    ]
  },
  "angles": {
    "knee": 92.83043129083408,
    "hip": 107.64296559226787,
    "shoulder": 74.84313815718201,
    "elbow": 115.5873814188571
  },
  "analysis_scores": {
    "alignment": 0.6848991920972827,
    "balance": 0.6818625024839124,
    "form": 0.9047136008810616,
    "stability": 0.9880941469022835,
    "coordination": 0.6085103720149364,
    "precision": 0.7123509783075115,
    "power": 0.9739649852206842,
    "efficiency": 0.6996783910894524,
    "safety": 0.8203559104587017,
    "overall": 0.9201280975974065,
    "shoulder": 0.969811149694553,
    "elbow": 0.6727172924405908,
    "wrist": 0.8382933928099305,
    "hip": 0.8630185809894149,
    "knee": 0.7277325677513073,
    "ankle": 0.9611390416960368,
    "back": 0.6176426466862354,
    "neck": 0.9495769562086462
  },
  "recommendations": {
    "form": "Good form, continue practicing with current technique",
    "alignment": "Good alignment, maintain current technique",
    "stability": "Good stability, continue with current technique",
    "power": "Good power output, maintain current intensity"
  },
  "safety_considerations": []
}