{
  "key_points": {
    "shoulders": [
      0.18628113932596785,
      0.555874861081548,
      -0.18528131034123266
    ],
    "elbows": [
      -0.1392996214371402,
      0.5213071234550385,
      0.15375099721875174
    ],
    "wrists": [
      0.011332843831798223,
      0.3688253490636019,
      -0.18064152062052377
    ],
    "hips": [
      0.13680834183906182,
      0.47658286759430063,
      0.06298878877489422
    ]
  },
  "angles": {
    "shoulder": 47.88311346805484,
    "elbow": 112.93233320569938
  },
  "analysis_scores": {
    "alignment": 0.7699329911571584,
    "balance": 0.825528741675579,
    "form": 0.7417085396581142,
    "stability": 0.9233114980037315,
    "coordination": 0.6047348522725619,
    "precision": 0.6462390192180584,
    "power": 0.9446446694665225,
    "efficiency": 0.6123101516533783,
    "safety": 0.747065291315614,
    "overall": 0.7561109733089497,
    "shoulder": 0.7451221205442762,
    "elbow": 1.0,
    "wrist": 1.0,
    "hip": 0.8315293510479287,
    "knee": 0.6989269562275512,
    "ankle": 0.6245017360438294,
    "back": 0.6873327637930918,
    "neck": 0.916729677672914
  },
  "recommendations": {
    "form": "Good form, continue practicing with current technique",
    "alignment": "Good alignment, maintain current technique",
    "stability": "Focus on maintaining proper posture and balance",
    "power": "Good power output, maintain current intensity"
  },
  "safety_considerations": []
}