{
  "power_generation": {
    "explosiveness": 0.7656881140325944,
    "force_transfer": 0.5931054392576101,
    "efficiency": 0.7958915435976699
  },
  "technical_metrics": {
    "precision": 0.572206803893295,
    "consistency": 0.55085342050539,
    "fluidity": 0.9839903060813306
  },
  "biomechanical_metrics": {
    "joint_loading": 0.8331395722336288,
    "muscle_activation": 0.8091938913713007,
    "energy_efficiency": 0.6633354704181934
  }
}