{
  "key_points": {
    "shoulders": [
      0.12084066284754141,
      0.5025055552269971,
      -0.051112238076891026
    ],
    "elbows": [
      0.049273324128120355,
      0.43978031589700173,
      0.07275363095926649
    ],
    "wrists": [
      -0.2655982764559015,
      0.3760252479577469,
      0.011231266212608434
    ],
    "hips": [
      0.046102144291466585,
      0.3667162704342333,
      0.08315484637152301
    ],
    "knees": [
      -0.24891037141543276,
      0.3149670349099944,
      0.02975446944753113
    ],
    "ankles": [
      0.24594413016761607,
      0.17891456751068724,
      0.0017829918430443542
    ]
  },
  "angles": {
    "knee": 21.901495787389308,
    "hip": 48.510980602407194,
    "shoulder": 34.443210956193944,
    "elbow": 154.536467927565
  },
  "analysis_scores": {
    "alignment": 0.7336522120676392,
    "balance": 0.6000512712257203,
    "form": 0.9473041395997767,
    "stability": 0.8021217464354811,
    "coordination": 0.7902656222404166,
    "precision": 0.6978759579275015,
    "power": 0.6334255034894364,
    "efficiency": 0.6267709920941966,
    "safety": 0.6795384892709415,
    "overall": 0.7460284736084517,
    "shoulder": 0.6043226241115699,
    "elbow": 0.9899351239991313,
    "wrist": 0.6961384970094422,
    "hip": 0.7157876529103189,
    "knee": 0.7551935321054591,
    "ankle": 0.8818052972539202,
    "back": 0.6817614654402737,
    "neck": 0.7707354016116317
  },
  "recommendations": {
    "form": "Good form, continue practicing with current technique",
    "alignment": "Good alignment, maintain current technique",
    "stability": "Good stability, continue with current technique",
    "power": "Good power output, maintain current intensity"
  },
  "safety_considerations": []
}