{
  "power_generation": {
    "explosiveness": 0.98534752839436,
    "force_transfer": 0.68786944493615,
    "efficiency": 0.6627875705053211
  },
  "technical_metrics": {
    "precision": 0.5430833567454729,
    "consistency": 0.6977776339708006,
    "fluidity": 0.695515718051702
  },
  "biomechanical_metrics": {
    "joint_loading": 0.6227877103181414,
    "muscle_activation": 0.9506838931703766,
    "energy_efficiency": 0.7878753593126607
  }
}