{
  "key_points": {
    "shoulders": [
      -0.14988589908623015,
      0.6699399279853256,
      -0.09064398365012707
    ],
    "elbows": [
      0.2955107511823761,
      0.550756929230884,
      -0.09636722799350866
    ],
    "wrists": [
      0.21380762546847243,
      0.30603373533011663,
      0.0012128102341507213
    ],
    "hips": [
      -0.08413690315435773,
      0.37164643074656906,
      -0.014872420316461368
    ],
    "knees": [
      0.23477533304933823,
      0.3440353392128428,
      0.044589637847410074
    ],
    "ankles": [
      -0.17411962454219926,
      0.19508932223842346,
      0.04222408843586889
    ]
  },
  "angles": {
    "knee": 133.30547574919402,
    "hip": 56.565255633169706,
    "shoulder": 67.3426440734506,
    "elbow": 17.591710364345882
  },
  "analysis_scores": {
    "alignment": 0.9206039490912802,
    "balance": 0.921762582986987,
    "form": 0.9078096336869768,
    "stability": 0.6676311186220715,
    "coordination": 0.8679337176263295,
    "precision": 0.7966965654842728,
    "power": 0.6245955217637044,
    "efficiency": 0.7525489462561586,
    "safety": 0.7364161849666562,
    "overall": 0.9139664258856051,
    "shoulder": 0.692950530105364,
    "elbow": 0.9600036689382125,
    "wrist": 0.6437879843555664,
    "hip": 0.6956085731494945,
    "knee": 0.6386972766614146,
    "ankle": 0.6151876693592097,
    "back": 0.9334101587829583,
    "neck": 0.6714079774147789
  },
  "recommendations": {
    "form": "Good form, continue practicing with current technique",
    "alignment": "Good alignment, maintain current technique",
    "stability": "Good stability, continue with current technique",
    "power": "Good power output, maintain current intensity"
  },
  "safety_considerations": []
}