{
  "power_generation": {
    "explosiveness": 0.6238381493663445,
    "force_transfer": 0.5543221657240089,
    "efficiency": 0.8380234125267367
  },
  "technical_metrics": {
    "precision": 0.7149808882415393,
    "consistency": 0.990933140441296,
    "fluidity": 0.5662513977786525
  },
  "biomechanical_metrics": {
    "joint_loading": 0.7941225425779042,
    "muscle_activation": 0.859694886107065,
    "energy_efficiency": 0.6127539921638784
  }
}