{
  "key_points": {
    "shoulders": [
      -0.14321838713800894,
      0.570909941419459,
      0.08888995780962236
    ],
    "elbows": [
      -0.14412280251068849,
      0.4686686968610644,
      0.05360723171627091
    ],
    "wrists": [
      0.07363119050117017,
      0.3057832886903949,
      -0.031255793213807934
    ],
    "hips": [
      0.028739533798857714,
      0.3932806704457654,
      0.02774387370666273
    ],
    "knees": [
      -0.16302134017397743,
      0.2697939827111772,
      0.05840674043191632
    ],
    "ankles": [
      -0.21732615103746122,
      0.2409320045791226,
      -0.021992512043679607
    ]
  },
  "angles": {
    "knee": 42.679777920935315,
    "hip": 97.21164284951266,
    "shoulder": 25.875077621905202,
    "elbow": 73.07330241923366
  },
  "analysis_scores": {
    "alignment": 0.66722785588754,
    "balance": 0.6595638446588533,
    "form": 0.8564274499408057,
    "stability": 0.6324190451282269,
    "coordination": 0.6439436138243023,
    "precision": 0.8899356184644682,
    "power": 0.6937191856041505,
    "efficiency": 0.7333708640404806,
    "safety": 0.9944501305014651,
    "overall": 0.8376321627356622,
    "shoulder": 0.6491516375086833,
    "elbow": 0.7625730884719195,
    "wrist": 0.7309972850605665,
    "hip": 0.8032139069943656,
    "knee": 0.7915206148558799,
    "ankle": 0.6310884940227921,
    "back": 0.6583599556838752,
    "neck": 0.9850618004596664
  },
  "recommendations": {
    "form": "Good form, continue practicing with current technique",
    "alignment": "Good alignment, maintain current technique",
    "stability": "Good stability, continue with current technique",
    "power": "Good power output, maintain current intensity"
  },
  "safety_considerations": []
}