{
  "power_generation": {
    "explosiveness": 0.6883189609648739,
    "force_transfer": 0.6388439775368033,
    "efficiency": 0.9811843919892653
  },
  "technical_metrics": {
    "precision": 0.6614047628562207,
    "consistency": 0.8968455923322323,
    "fluidity": 0.9301902280146532
  },
  "biomechanical_metrics": {
    "joint_loading": 0.7118312056861952,
    "muscle_activation": 0.5028383616811591,
    "energy_efficiency": 0.5035509664196711
  }
}