{
  "key_points": {
    "shoulders": [
      -0.07332603623678119,
      0.6003849127849913,
      -0.03302998328172038
    ],
    "elbows": [
      -0.279206518244087,
      0.40911951765009646,
      0.0772070945758053
    ],
    "wrists": [
      0.25619654041155004,
      0.41201756980454046,
      -0.09397081113425915
    ],
    "hips": [
      -0.08005479972811985,
      0.40345289930719813,
      0.04566780772547116
    ],
    "knees": [
      -0.1984554222547063,
      0.38789190978414123,
      -0.08325591515768133
    ],
    "ankles": [
      0.033163905260026216,
      0.2794558398921929,
      0.08672167534278877
    ]
  },
  "angles": {
    "knee": 19.864544937863613,
    "hip": 32.82040630849841,
    "shoulder": 60.08509828055096,
    "elbow": 144.7988116052828
  },
  "analysis_scores": {
    "alignment": 0.7956706589742805,
    "balance": 0.6440314733599959,
    "form": 0.6992114506359298,
    "stability": 0.8118491127040647,
    "coordination": 0.9503829225883573,
    "precision": 0.6014576833715473,
    "power": 0.8047751955146225,
    "efficiency": 0.9339086441811574,
    "safety": 0.8211388497523525,
    "overall": 0.7409743419473507,
    "shoulder": 0.7903506784270281,
    "elbow": 0.9826739711530619,
    "wrist": 0.7369077696548709,
    "hip": 0.8247375166773068,
    "knee": 0.6749407250596564,
    "ankle": 0.9856196078070004,
    "back": 0.9616793079666015,
    "neck": 0.9483097471897436
  },
  "recommendations": {
    "form": "Good form, continue practicing with current technique",
    "alignment": "Work on maintaining symmetrical movement patterns",
    "stability": "Good stability, continue with current technique",
    "power": "Good power output, maintain current intensity"
  },
  "safety_considerations": []
}