{
  "power_generation": {
    "explosiveness": 0.7347291502933484,
    "force_transfer": 0.7152404962660444,
    "efficiency": 0.7357256225830429
  },
  "technical_metrics": {
    "precision": 0.9747037521823272,
    "consistency": 0.9598488704754576,
    "fluidity": 0.6549504474992239
  },
  "biomechanical_metrics": {
    "joint_loading": 0.5563316887154424,
    "muscle_activation": 0.8868262974638312,
    "energy_efficiency": 0.8767850304016278
  }
}