{
  "key_points": {
    "shoulders": [
      -0.12049987887118374,
      0.6886413333883872,
      -0.09396286416444088
    ],
    "elbows": [
      -0.13369387729535684,
      0.5945100332765735,
      -0.048279205702858596
    ],
    "wrists": [
      0.18124219242164175,
      0.30581043633384425,
      0.09336833156192148
    ],
    "hips": [
      0.13460807130025548,
      0.38393959361702723,
      0.09580150069778254
    ],
    "knees": [
      0.014253146797567062,
      0.3451021861460447,
      0.010812682883006117
    ],
    "ankles": [
      0.10011169544221254,
      0.2802296247865228,
      0.07391675712680809
    ]
  },
  "angles": {
    "knee": 75.1152587752173,
    "hip": 91.8637565235642,
    "shoulder": 50.54242552791436,
    "elbow": 82.96324732357431
  },
  "analysis_scores": {
    "alignment": 0.9212257122156029,
    "balance": 0.9432075690582307,
    "form": 0.8792845788126525,
    "stability": 0.8611938567821693,
    "coordination": 0.781155396032428,
    "precision": 0.8235369546787707,
    "power": 0.8541281676321111,
    "efficiency": 0.9369369664629237,
    "safety": 0.7081374093815002,
    "overall": 0.9763081427760568,
    "shoulder": 0.7636083248437946,
    "elbow": 0.8711190529015498,
    "wrist": 0.9290122407990606,
    "hip": 0.7369894159830456,
    "knee": 0.6915598840497831,
    "ankle": 0.9587590301316666,
    "back": 0.8202611122711067,
    "neck": 0.9156686529804092
  },
  "recommendations": {
    "form": "Focus on maintaining proper joint angles during movement",
    "alignment": "Work on maintaining symmetrical movement patterns",
    "stability": "Focus on maintaining proper posture and balance",
    "power": "Good power output, maintain current intensity"
  },
  "safety_considerations": []
}