{
  "power_generation": {
    "explosiveness": 0.9418449542998237,
    "force_transfer": 0.9985542993508107,
    "efficiency": 0.603934995195776
  },
  "technical_metrics": {
    "precision": 0.8167596368844876,
    "consistency": 0.9548605805023305,
    "fluidity": 0.5639801366824562
  },
  "biomechanical_metrics": {
    "joint_loading": 0.8867618303347524,
    "muscle_activation": 0.7097312264741558,
    "energy_efficiency": 0.9458063787499966
  }
}