{
  "key_points": {
    "shoulders": [
      0.11485383017710299,
      0.6431772975177983,
      -0.09320846503600343
    ],
    "elbows": [
      -0.16190528384803926,
      0.5603795967643913,
      -0.01446928141569355
    ],
    "wrists": [
      -0.30719525758701344,
      0.48499144219458296,
      0.007477095976840958
    ],
    "hips": [
      0.17456968056937366,
      0.30898902005091733,
      0.04717308624575883
    ],
    "knees": [
      0.11557717597687622,
      0.2640821815080431,
      0.07091649568229194
    ],
    "ankles": [
      -0.024706566489876458,
      0.2024716370041889,
      -0.07524653558426847
    ]
  },
  "angles": {
    "knee": 134.89681837383574,
    "hip": 106.08874191878498,
    "shoulder": 25.132016227412194,
    "elbow": 145.11080750675342
  },
  "analysis_scores": {
    "alignment": 0.767248041647558,
    "balance": 0.6120163096444782,
    "form": 0.6872466942089906,
    "stability": 0.9924686744629717,
    "coordination": 0.9292253972109097,
    "precision": 0.6755837263130692,
    "power": 0.6271214605863044,
    "efficiency": 0.9391374512590169,
    "safety": 0.8817397935472728,
    "overall": 0.8822404520558924,
    "shoulder": 0.9786118894657347,
    "elbow": 0.6659424219502631,
    "wrist": 0.6668894884753118,
    "hip": 0.9674240789256554,
    "knee": 0.6962361941071906,
    "ankle": 0.8774234113278185,
    "back": 0.6121091972754168,
    "neck": 0.9409877389905021
  },
  "recommendations": {
    "form": "Good form, continue practicing with current technique",
    "alignment": "Good alignment, maintain current technique",
    "stability": "Focus on maintaining proper posture and balance",
    "power": "Consider increasing intensity gradually"
  },
  "safety_considerations": []
}