{
  "power_generation": {
    "explosiveness": 0.8507390294860286,
    "force_transfer": 0.6989289765918167,
    "efficiency": 0.5836290633826684
  },
  "technical_metrics": {
    "precision": 0.9573546001639186,
    "consistency": 0.9565307828463212,
    "fluidity": 0.5715832394483313
  },
  "biomechanical_metrics": {
    "joint_loading": 0.5873780031133901,
    "muscle_activation": 0.7770722444607892,
    "energy_efficiency": 0.5338787234316995
  }
}