{
  "key_points": {
    "shoulders": [
      0.19389215592350567,
      0.5412399814961817,
      0.0036397884883398596
    ],
    "elbows": [
      -0.00917990037000116,
      0.47239553597170447,
      -0.023854573978352
    ],
    "wrists": [
      -0.3421828872570536,
      0.3211894859183156,
      0.052774304005060946
    ],
    "hips": [
      0.11181118471412871,
      0.47708070495462873,
      -0.04142683520246815
    ],
    "knees": [
      -0.20404845952453038,
      0.3804022294426707,
      -0.04020246362762434
    ],
    "ankles": [
      0.233030430384354,
      0.24681965212952428,
      -0.09524864463996037
    ]
  },
  "angles": {
    "knee": 55.38011827185549,
    "hip": 114.596106046452,
    "shoulder": 24.860341149937252,
    "elbow": 124.93859716419416
  },
  "analysis_scores": {
    "alignment": 0.8241893544919037,
    "balance": 0.6059612364241465,
    "form": 0.6683345732479622,
    "stability": 0.885176431105741,
    "coordination": 0.8452889643494839,
    "precision": 0.7058360086263128,
    "power": 0.7021454576110708,
    "efficiency": 0.8301237685260077,
    "safety": 0.9084042835602117,
    "overall": 0.9935486819708993,
    "shoulder": 0.9979974121268067,
    "elbow": 0.9610676324814955,
    "wrist": 0.6899012321270572,
    "hip": 0.9886344694375865,
    "knee": 0.6254822339668785,
    "ankle": 0.929334876171058,
    "back": 0.9778620000770073,
    "neck": 0.9081909706905301
  },
  "recommendations": {
    "form": "Focus on maintaining proper joint angles during movement",
    "alignment": "Good alignment, maintain current technique",
    "stability": "Good stability, continue with current technique",
    "power": "Good power output, maintain current intensity"
  },
  "safety_considerations": []
}