{
  "power_generation": {
    "explosiveness": 0.9440984330988482,
    "force_transfer": 0.9877149033319272,
    "efficiency": 0.8753499385563097
  },
  "technical_metrics": {
    "precision": 0.6744790101397015,
    "consistency": 0.9076262435399272,
    "fluidity": 0.6866695134984832
  },
  "biomechanical_metrics": {
    "joint_loading": 0.8856150608866218,
    "muscle_activation": 0.7567341919172654,
    "energy_efficiency": 0.897165601797506
  }
}