{
  "key_points": {
    "shoulders": [
      0.02016720141066894,
      0.6849192372427174,
      0.06619780138813067
    ],
    "elbows": [
      0.11472648541053154,
      0.4628232209247755,
      0.04969374113922137
    ],
    "wrists": [
      0.3393813323694317,
      0.4116222517193372,
      -0.07168628769177357
    ],
    "hips": [
      -0.0865278765084525,
      0.3293859870821095,
      0.0841888181414959
    ],
    "knees": [
      -0.12007837177870617,
      0.34576391238737436,
      0.09380687129181228
    ],
    "ankles": [
      -0.1928222214063686,
      0.10501927423626567,
      -0.04909201110865145
    ]
  },
  "angles": {
    "knee": 66.1023892830121,
    "hip": 81.89710812086761,
    "shoulder": 57.65791622432259,
    "elbow": 110.0086832270556
  },
  "analysis_scores": {
    "alignment": 0.6132980614032363,
    "balance": 0.683355188678087,
    "form": 0.9877547433923649,
    "stability": 0.7669958108371067,
    "coordination": 0.8182139485015837,
    "precision": 0.9212651222705822,
    "power": 0.7367138360065336,
    "efficiency": 0.8216013251294142,
    "safety": 0.9152191389619888,
    "overall": 0.7794122741975318,
    "shoulder": 0.956347117606055,
    "elbow": 0.7325463616698982,
    "wrist": 0.9921056833561425,
    "hip": 0.6442165763327993,
    "knee": 0.7181542235835229,
    "ankle": 0.691725061036801,
    "back": 0.6747191737894336,
    "neck": 0.6783284307528212
  },
  "recommendations": {
    "form": "Good form, continue practicing with current technique",
    "alignment": "Good alignment, maintain current technique",
    "stability": "Good stability, continue with current technique",
    "power": "Consider increasing intensity gradually"
  },
  "safety_considerations": []
}