{
  "power_generation": {
    "explosiveness": 0.9782413268393411,
    "force_transfer": 0.8325968639977732,
    "efficiency": 0.7323995077174199
  },
  "technical_metrics": {
    "precision": 0.8930920925849757,
    "consistency": 0.9747411031094226,
    "fluidity": 0.9600445405213959
  },
  "biomechanical_metrics": {
    "joint_loading": 0.683952334579327,
    "muscle_activation": 0.6998574524472819,
    "energy_efficiency": 0.8467212457044303
  }
}