{
  "key_points": {
    "shoulders": [
      0.04617783221119193,
      0.7098876543476564,
      -0.09532378625905813
    ],
    "hips": [
      0.059489587132691646,
      0.4234719056405027,
      0.044547096459063074
    ],
    "knees": [
      -0.3337037863844796,
      0.4508301828347944,
      -0.0905788487920241
    ],
    "ankles": [
      0.06308719982413447,
      0.21145279972197445,
      -0.07198557498237648
    ]
  },
  "angles": {
    "knee": 93.98872940365214,
    "hip": 63.33432568269375,
    "shoulder": 81.94756145034948
  },
  "analysis_scores": {
    "alignment": 0.6764810074500208,
    "balance": 0.7223293965625557,
    "form": 0.6242689890861699,
    "stability": 0.9762817809232041,
    "coordination": 0.893424324269557,
    "precision": 0.7684015587106048,
    "power": 0.710785500811713,
    "efficiency": 0.7513085115280671,
    "safety": 0.7633916455539215,
    "overall": 0.7809829847703464,
    "shoulder": 0.6342584487818785,
    "elbow": 0.619073648529221,
    "wrist": 0.9687600310234218,
    "hip": 0.9688171107192436,
    "knee": 0.8060339179454091,
    "ankle": 1.0,
    "back": 0.6382617723604608,
    "neck": 0.8753434942223337
  },
  "recommendations": {
    "form": "Good form, continue practicing with current technique",
    "alignment": "Good alignment, maintain current technique",
    "stability": "Good stability, continue with current technique",
    "power": "Consider increasing intensity gradually"
  },
  "safety_considerations": []
}