{
  "power_generation": {
    "explosiveness": 0.6918488584447137,
    "force_transfer": 0.7367670831520063,
    "efficiency": 0.8675539034585911
  },
  "technical_metrics": {
    "precision": 0.7229453393186223,
    "consistency": 0.6399466592183767,
    "fluidity": 0.6253033080778929
  },
  "biomechanical_metrics": {
    "joint_loading": 0.5732367288684069,
    "muscle_activation": 0.9201279976938856,
    "energy_efficiency": 0.5904792905153351
  }
}