{
  "key_points": {
    "shoulders": [
      0.00027814199487194435,
      0.6353632401796967,
      0.07233361253694029
    ],
    "elbows": [
      0.04932295300112571,
      0.46325251898199216,
      0.07719043670499615
    ],
    "wrists": [
      -0.1021371567471917,
      0.3172450237632211,
      0.01151155790148066
    ],
    "hips": [
      0.15707903670292267,
      0.342119405709998,
      0.09412818773030493
    ],
    "knees": [
      -0.0056864771788806,
      0.3390643012966308,
      -0.0983938412927648
    ],
    "ankles": [
      0.3429840667432823,
      0.1786228639714711,
      0.009555812870116157
    ]
  },
  "angles": {
    "knee": 53.496393271573275,
    "hip": 78.97199526871422,
    "shoulder": 50.65082682873732,
    "elbow": 135.4553586647752
  },
  "analysis_scores": {
    "alignment": 0.6631503591776488,
    "balance": 0.8862775959153546,
    "form": 0.8046745981442944,
    "stability": 0.6482082382233999,
    "coordination": 0.7850095237876504,
    "precision": 0.6520302924523514,
    "power": 0.9154988283718752,
    "efficiency": 0.6618283465339314,
    "safety": 0.7353806324330794,
    "overall": 0.8614884406614756,
    "shoulder": 0.6005235460741576,
    "elbow": 0.7175240086693401,
    "wrist": 0.8876109588789751,
    "hip": 0.8896928402954838,
    "knee": 0.9338285727971392,
    "ankle": 0.7343000960797457,
    "back": 0.7492224864439685,
    "neck": 0.6502391648659218
  },
  "recommendations": {
    "form": "Good form, continue practicing with current technique",
    "alignment": "Good alignment, maintain current technique",
    "stability": "Good stability, continue with current technique",
    "power": "Good power output, maintain current intensity"
  },
  "safety_considerations": []
}