{
  "power_generation": {
    "explosiveness": 0.5285609077948561,
    "force_transfer": 0.6841657582753118,
    "efficiency": 0.552453712882813
  },
  "technical_metrics": {
    "precision": 0.9802255449427353,
    "consistency": 0.8267321096421352,
    "fluidity": 0.6689211170752026
  },
  "biomechanical_metrics": {
    "joint_loading": 0.7695986848294347,
    "muscle_activation": 0.9739454912930505,
    "energy_efficiency": 0.8363455380037904
  }
}