{
  "key_points": {
    "shoulders": [
      0.16619509213349803,
      0.5434033503764674,
      -0.009465810972426714
    ],
    "elbows": [
      0.19527614036656993,
      0.4265535010070324,
      0.08892591679455583
    ],
    "wrists": [
      -0.13447495252998776,
      0.4906301744663548,
      0.04595261156364866
    ],
    "hips": [
      -0.03339920631170212,
      0.42638349839757067,
      0.008608181014791924
    ],
    "knees": [
      0.08880078581982864,
      0.33971758224506704,
      -0.08658587002351206
    ],
    "ankles": [
      0.13217432780126603,
      0.16899501221750804,
      0.03468301243579697
    ]
  },
  "angles": {
    "knee": 80.06992155612872,
    "hip": 54.86369517787255,
    "shoulder": 48.515512001223165,
    "elbow": 77.5967938660594
  },
  "analysis_scores": {
    "alignment": 0.9508620032139022,
    "balance": 0.9948446486801147,
    "form": 0.6358541322666822,
    "stability": 0.78922743974875,
    "coordination": 0.6710282211972171,
    "precision": 0.6515435121553301,
    "power": 0.9131500829938493,
    "efficiency": 0.8603323259423079,
    "safety": 0.9011525420806167,
    "overall": 0.9902130992041264,
    "shoulder": 0.8677048785466159,
    "elbow": 0.7447697249326081,
    "wrist": 0.8267642129094105,
    "hip": 0.8442337004798941,
    "knee": 0.8417319536683405,
    "ankle": 0.7770271830632411,
    "back": 0.7155330301661591,
    "neck": 0.7129365125204975
  },
  "recommendations": {
    "form": "Good form, continue practicing with current technique",
    "alignment": "Good alignment, maintain current technique",
    "stability": "Good stability, continue with current technique",
    "power": "Good power output, maintain current intensity"
  },
  "safety_considerations": []
}