{
  "power_generation": {
    "explosiveness": 0.6675720327814106,
    "force_transfer": 0.8534481443132729,
    "efficiency": 0.9980949714245013
  },
  "technical_metrics": {
    "precision": 0.7433242590899773,
    "consistency": 0.6225409615201292,
    "fluidity": 0.7411580659130074
  },
  "biomechanical_metrics": {
    "joint_loading": 0.918156558535376,
    "muscle_activation": 0.8759485792582145,
    "energy_efficiency": 0.615921939515861
  }
}