{
  "key_points": {
    "shoulders": [
      -0.14436034689903077,
      0.6758251568046705,
      -0.02739489200416323
    ],
    "elbows": [
      0.26456351815532514,
      0.5599610091128205,
      0.08395437082873022
    ],
    "wrists": [
      -0.29456982411960486,
      0.43887580392329817,
      -0.07345989998694216
    ],
    "hips": [
      -0.03297432616535603,
      0.33048195598204916,
      0.05622974333724859
    ],
    "knees": [
      0.15971532355157703,
      0.39411165986610175,
      0.05304112206475187
    ],
    "ankles": [
      -0.13420768429288915,
      0.24231694800091863,
      0.053446988916217325
    ]
  },
  "angles": {
    "knee": 17.16463341469292,
    "hip": 78.23577326904545,
    "shoulder": 36.80118531721164,
    "elbow": 130.93690656328027
  },
  "analysis_scores": {
    "alignment": 0.7484217392882065,
    "balance": 0.9756831704686233,
    "form": 0.8120415288995461,
    "stability": 0.9447414178259468,
    "coordination": 0.8313837931542756,
    "precision": 0.8101779005675888,
    "power": 0.7489358207056074,
    "efficiency": 0.8785871970521728,
    "safety": 0.6502865769677112,
    "overall": 0.6522833513105015,
    "shoulder": 0.9811668660708552,
    "elbow": 0.6300846038456199,
    "wrist": 0.7345787297090853,
    "hip": 0.9300515254813647,
    "knee": 0.9121869458760546,
    "ankle": 0.9530168530665372,
    "back": 0.9496021268958633,
    "neck": 0.7482134622963089
  },
  "recommendations": {
    "form": "Focus on maintaining proper joint angles during movement",
    "alignment": "Good alignment, maintain current technique",
    "stability": "Good stability, continue with current technique",
    "power": "Good power output, maintain current intensity"
  },
  "safety_considerations": []
}