{
  "power_generation": {
    "explosiveness": 0.5411824447316185,
    "force_transfer": 0.8462078608045511,
    "efficiency": 0.9972936767057502
  },
  "technical_metrics": {
    "precision": 0.614016267844911,
    "consistency": 0.8478853302090352,
    "fluidity": 0.957143379912389
  },
  "biomechanical_metrics": {
    "joint_loading": 0.6252510675675931,
    "muscle_activation": 0.9444725353278661,
    "energy_efficiency": 0.8743835914170275
  }
}