{
  "key_points": {
    "shoulders": [
      -0.12946254602645949,
      0.6705602143350433,
      0.010080557442359736
    ],
    "elbows": [
      -0.2159326151533682,
      0.5731898487541522,
      0.04057656409258245
    ],
    "wrists": [
      0.34527548586824997,
      0.3231416052514304,
      0.0832135837522899
    ],
    "hips": [
      -0.17030492652897739,
      0.35312995839106553,
      -0.06149074678611848
    ],
    "knees": [
      -0.2484509454306031,
      0.2854258936621785,
      0.041936079374304824
    ],
    "ankles": [
      -0.09619303520697298,
      0.2683792256779037,
      -0.07309779748650097
    ]
  },
  "angles": {
    "knee": 47.37435968951342,
    "hip": 102.31455615405542,
    "shoulder": 39.28169844567359,
    "elbow": 29.376305531218286
  },
  "analysis_scores": {
    "alignment": 0.8465380982737551,
    "balance": 0.9381682279105219,
    "form": 0.6948728866682488,
    "stability": 0.6995473086992332,
    "coordination": 0.8129794838874014,
    "precision": 0.9659605586322059,
    "power": 0.9457147354393152,
    "efficiency": 0.6424835929834077,
    "safety": 0.6207558437419812,
    "overall": 0.8468482280018508,
    "shoulder": 0.9101850760835161,
    "elbow": 0.8406672005799423,
    "wrist": 0.6939098972909024,
    "hip": 0.7934685496077777,
    "knee": 0.9329459468925178,
    "ankle": 0.756919735382451,
    "back": 0.759764902829086,
    "neck": 0.9953304228381612
  },
  "recommendations": {
    "form": "Good form, continue practicing with current technique",
    "alignment": "Good alignment, maintain current technique",
    "stability": "Good stability, continue with current technique",
    "power": "Good power output, maintain current intensity"
  },
  "safety_considerations": []
}