{
  "power_generation": {
    "explosiveness": 0.7279381372522047,
    "force_transfer": 0.5886148520604835,
    "efficiency": 0.9190268610376496
  },
  "technical_metrics": {
    "precision": 0.7288450708005262,
    "consistency": 0.7986855141785848,
    "fluidity": 0.9786664993932388
  },
  "biomechanical_metrics": {
    "joint_loading": 0.6892864843524109,
    "muscle_activation": 0.5805665713088304,
    "energy_efficiency": 0.8585493459644664
  }
}