{
  "key_points": {
    "shoulders": [
      -0.1780335865824666,
      0.6038542800187632,
      -0.0608046391087405
    ],
    "elbows": [
      -0.1669828702692105,
      0.44028370845543346,
      0.08713248732998566
    ],
    "wrists": [
      -0.250964284525195,
      0.34163755890392494,
      0.005884858756738234
    ],
    "hips": [
      0.16425237869877685,
      0.33279555116981624,
      0.060747176564201366
    ],
    "knees": [
      -0.21447967442064042,
      0.3558684859469635,
      0.012818808155825187
    ],
    "ankles": [
      0.3471573911824041,
      0.28703226911049473,
      0.0801806896544403
    ]
  },
  "angles": {
    "knee": 44.97687742030873,
    "hip": 117.02880828002735,
    "shoulder": 11.987369265557957,
    "elbow": 109.64331718479998
  },
  "analysis_scores": {
    "alignment": 0.9488416410805252,
    "balance": 0.8204857558523275,
    "form": 0.6479543212481,
    "stability": 0.8206863104637676,
    "coordination": 0.9056367902934624,
    "precision": 0.6775993337420355,
    "power": 0.6161142311616201,
    "efficiency": 0.8182065182092167,
    "safety": 0.935464672922137,
    "overall": 0.8960933960462367,
    "shoulder": 0.9223874718907401,
    "elbow": 0.8485330355207867,
    "wrist": 0.6835358770757367,
    "hip": 0.7098989770249502,
    "knee": 0.9638323829255964,
    "ankle": 0.6895426155836852,
    "back": 0.7247906478362953,
    "neck": 0.6719752908058643
  },
  "recommendations": {
    "form": "Focus on maintaining proper joint angles during movement",
    "alignment": "Good alignment, maintain current technique",
    "stability": "Good stability, continue with current technique",
    "power": "Consider increasing intensity gradually"
  },
  "safety_considerations": []
}