{
  "power_generation": {
    "explosiveness": 0.5795952988790568,
    "force_transfer": 0.828018005981789,
    "efficiency": 0.5457773505194535
  },
  "technical_metrics": {
    "precision": 0.6364902938962896,
    "consistency": 0.9278920501760545,
    "fluidity": 0.7400485906994485
  },
  "biomechanical_metrics": {
    "joint_loading": 0.9964455813100945,
    "muscle_activation": 0.8321414872819994,
    "energy_efficiency": 0.7919431286475205
  }
}