{
  "key_points": {
    "shoulders": [
      0.032371679240687706,
      0.5397552988415839,
      -0.01924562028692474
    ],
    "elbows": [
      -0.21350663517063018,
      0.412113344758688,
      -0.01250034429186378
    ],
    "wrists": [
      0.12111395666258695,
      0.3266901992532009,
      -0.0730177886242591
    ],
    "hips": [
      0.006446391043111482,
      0.4044180593059299,
      -0.0627036732303677
    ],
    "knees": [
      0.23207359921427145,
      0.20357271728521767,
      -0.09537893355790109
    ],
    "ankles": [
      -0.06378871496638405,
      0.2920019077826511,
      -0.03078150595528721
    ]
  },
  "angles": {
    "knee": 100.69110834753376,
    "hip": 58.51893957391546,
    "shoulder": 55.56665580416305,
    "elbow": 71.61822174964696
  },
  "analysis_scores": {
    "alignment": 0.8122961920000054,
    "balance": 0.6618294023945485,
    "form": 0.7945551780149347,
    "stability": 0.6053037286666539,
    "coordination": 0.982922748314763,
    "precision": 0.8252062608158289,
    "power": 0.6355692413283139,
    "efficiency": 0.9637633491690079,
    "safety": 0.9699489675537896,
    "overall": 0.7242693108679386,
    "shoulder": 0.7986757228117863,
    "elbow": 0.8308715367633138,
    "wrist": 0.7364868606170188,
    "hip": 0.9992321022248896,
    "knee": 0.9635928371751574,
    "ankle": 0.98573611133701,
    "back": 0.6319575729629199,
    "neck": 0.971671285962028
  },
  "recommendations": {
    "form": "Good form, continue practicing with current technique",
    "alignment": "Good alignment, maintain current technique",
    "stability": "Good stability, continue with current technique",
    "power": "Good power output, maintain current intensity"
  },
  "safety_considerations": []
}