{
  "power_generation": {
    "explosiveness": 0.7966492872609522,
    "force_transfer": 0.7082632058849768,
    "efficiency": 0.8076411422528722
  },
  "technical_metrics": {
    "precision": 0.6294019328153666,
    "consistency": 0.986203663279974,
    "fluidity": 0.8596649531316771
  },
  "biomechanical_metrics": {
    "joint_loading": 0.9784627636342428,
    "muscle_activation": 0.7540570937130893,
    "energy_efficiency": 0.9018677527330372
  }
}