{
  "key_points": {
    "shoulders": [
      0.07012875229859639,
      0.6060923961926854,
      0.012744405371921896
    ],
    "elbows": [
      -0.1507182113943791,
      0.49662079541061643,
      -0.008611521722909132
    ],
    "wrists": [
      0.20089131280490247,
      0.4971020451187495,
      -0.004727610656489523
    ],
    "hips": [
      -0.06298408595291663,
      0.4177106826923341,
      -0.058882287362175184
    ],
    "knees": [
      0.16839043074154608,
      0.2532558297084862,
      0.009704293980579787
    ],
    "ankles": [
      0.2648685954114106,
      0.22326531328373167,
      -0.005359760065997365
    ]
  },
  "angles": {
    "knee": 88.48994744182856,
    "hip": 75.40819763775286,
    "shoulder": 17.26662524146236,
    "elbow": 84.6761870225437
  },
  "analysis_scores": {
    "alignment": 0.6813710045263649,
    "balance": 0.788886513408238,
    "form": 0.805850650005308,
    "stability": 0.8477501472136084,
    "coordination": 0.6509409872341716,
    "precision": 0.606038284725295,
    "power": 0.6201730660992723,
    "efficiency": 0.7969365873117622,
    "safety": 0.7073313215148966,
    "overall": 0.629493249780061,
    "shoulder": 0.694007769344803,
    "elbow": 0.6747183854405352,
    "wrist": 0.972628554190309,
    "hip": 0.6559742733966705,
    "knee": 0.7402816988747708,
    "ankle": 0.7853647165771449,
    "back": 0.9141825493709406,
    "neck": 0.9867304987747683
  },
  "recommendations": {
    "form": "Good form, continue practicing with current technique",
    "alignment": "Good alignment, maintain current technique",
    "stability": "Good stability, continue with current technique",
    "power": "Good power output, maintain current intensity"
  },
  "safety_considerations": []
}