{
  "power_generation": {
    "explosiveness": 0.6472021248410159,
    "force_transfer": 0.8907322053358214,
    "efficiency": 0.8443786632466495
  },
  "technical_metrics": {
    "precision": 0.5834593012126253,
    "consistency": 0.5472095519515414,
    "fluidity": 0.5587577314132853
  },
  "biomechanical_metrics": {
    "joint_loading": 0.5259066922180761,
    "muscle_activation": 0.7483355020732645,
    "energy_efficiency": 0.9923709872606048
  }
}