{
  "key_points": {
    "shoulders": [
      0.16139765970228565,
      0.6806328712219321,
      -0.003489346262473131
    ],
    "elbows": [
      -0.2035441111447978,
      0.4570138796249182,
      -0.009671742318613424
    ],
    "wrists": [
      0.1910538119315116,
      0.37374568007126274,
      0.059750539798352736
    ],
    "hips": [
      -0.013162798052056057,
      0.426484788548257,
      0.059386596753220305
    ],
    "knees": [
      -0.11001067466960238,
      0.3811732794212467,
      0.02350249839889848
    ],
    "ankles": [
      -0.3672520948777884,
      0.1712717489045801,
      0.034593388938403635
    ]
  },
  "angles": {
    "knee": 52.51015884354447,
    "hip": 125.56353068317006,
    "shoulder": 30.28655931663072,
    "elbow": 121.05640590173067
  },
  "analysis_scores": {
    "alignment": 0.9366101081478558,
    "balance": 0.811351030402736,
    "form": 0.8048346559478845,
    "stability": 0.7806920827904483,
    "coordination": 0.8113675184677598,
    "precision": 0.7682146048446048,
    "power": 0.7195415117088901,
    "efficiency": 0.7066286552615628,
    "safety": 0.9071472142940831,
    "overall": 0.9685076203397911,
    "shoulder": 0.906159317654533,
    "elbow": 0.9434252666796688,
    "wrist": 0.6764596200197497,
    "hip": 0.8522023298421109,
    "knee": 0.9077119546417391,
    "ankle": 0.6107990031408627,
    "back": 0.824041595792228,
    "neck": 0.956075487831299
  },
  "recommendations": {
    "form": "Good form, continue practicing with current technique",
    "alignment": "Good alignment, maintain current technique",
    "stability": "Good stability, continue with current technique",
    "power": "Good power output, maintain current intensity"
  },
  "safety_considerations": [
    "Maintain proper hip control to prevent injury"
  ]
}