{
  "key_points": {
    "shoulders": [
      0.18749437271156538,
      0.6246955382323681,
      -0.04350505732286228
    ],
    "elbows": [
      -0.04378953689072851,
      0.5306945391695295,
      0.01256630988827638
    ],
    "wrists": [
      -0.2481985279269905,
      0.30408892642758595,
      -0.03232271094501314
    ],
    "hips": [
      0.011328849423439091,
      0.3285318846740349,
      -0.0772794019173311
    ],
    "knees": [
      -0.20927137707200388,
      0.30185461639369954,
      0.021882159827800354
    ],
    "ankles": [
      0.1038170376022366,
      0.1103719514571991,
      0.0937911339421986
    ]
  },
  "angles": {
    "knee": 16.26393705333321,
    "hip": 46.58806737734272,
    "shoulder": 46.849194401098366,
    "elbow": 125.03341604915757
  },
  "analysis_scores": {
    "alignment": 0.7806341803364215,
    "balance": 0.7810786722775017,
    "form": 0.7814084860839522,
    "stability": 0.9378131434557606,
    "coordination": 0.9857266258075571,
    "precision": 0.8309413809813285,
    "power": 0.8410409325610751,
    "efficiency": 0.8935992026041477,
    "safety": 0.7381028207620958,
    "overall": 0.7521068373104196,
    "shoulder": 0.9873993631269761,
    "elbow": 0.9153497685978406,
    "wrist": 0.9320842077758614,
    "hip": 0.6519345624254502,
    "knee": 0.9690622744349056,
    "ankle": 0.845545826841364,
    "back": 0.6888353485551587,
    "neck": 0.9040595256959985
  },
  "recommendations": {
    "form": "Good form, continue practicing with current technique",
    "alignment": "Good alignment, maintain current technique",
    "stability": "Focus on maintaining proper posture and balance",
    "power": "Good power output, maintain current intensity"
  },
  "safety_considerations": [
    "Ensure proper shoulder engagement to prevent impingement"
  ]
}