{
  "power_generation": {
    "explosiveness": 0.7179296040012857,
    "force_transfer": 0.842916041805328,
    "efficiency": 0.7111580440117842
  },
  "technical_metrics": {
    "precision": 0.5448940671808935,
    "consistency": 0.6079576707230303,
    "fluidity": 0.7152510982375607
  },
  "biomechanical_metrics": {
    "joint_loading": 0.6909406429336401,
    "muscle_activation": 0.723324409390831,
    "energy_efficiency": 0.9275174058474907
  }
}