{
  "key_points": {
    "shoulders": [
      0.08344166735071423,
      0.5475721545527296,
      0.07132069191359944
    ],
    "elbows": [
      -0.1830192431741514,
      0.5517278082378658,
      0.0410928304946834
    ],
    "wrists": [
      -0.29002283162937276,
      0.35123979764764857,
      -0.07973492212376501
    ],
    "hips": [
      -0.18279637727096404,
      0.3814293541060097,
      -0.0657918294475119
    ],
    "knees": [
      0.1878164874932295,
      0.24896370752092148,
      -0.04521790095063856
    ],
    "ankles": [
      0.025243400720706688,
      0.17035888874201782,
      -0.08772135918174773
    ]
  },
  "angles": {
    "knee": 38.637263178752725,
    "hip": 95.32657653831707,
    "shoulder": 14.956267019954392,
    "elbow": 119.78498802649744
  },
  "analysis_scores": {
    "alignment": 0.8000109556965832,
    "balance": 0.6398219120268386,
    "form": 0.7072303884565193,
    "stability": 0.900499060464949,
    "coordination": 0.7257480487900063,
    "precision": 0.915650926350503,
    "power": 0.8385945481272623,
    "efficiency": 0.975249276897928,
    "safety": 0.9217437521441445,
    "overall": 0.9786178267026681,
    "shoulder": 0.9818100604647337,
    "elbow": 0.671067721966072,
    "wrist": 0.6857817696379969,
    "hip": 0.6869832448134977,
    "knee": 0.9016179900627757,
    "ankle": 0.8703018558011884,
    "back": 0.9331500248568771,
    "neck": 0.7281511147750703
  },
  "recommendations": {
    "form": "Focus on maintaining proper joint angles during movement",
    "alignment": "Good alignment, maintain current technique",
    "stability": "Good stability, continue with current technique",
    "power": "Good power output, maintain current intensity"
  },
  "safety_considerations": []
}