{
  "power_generation": {
    "explosiveness": 0.6801944784405116,
    "force_transfer": 0.9273830490084677,
    "efficiency": 0.557767599594096
  },
  "technical_metrics": {
    "precision": 0.5398475638731505,
    "consistency": 0.7448847044456008,
    "fluidity": 0.6489149533545026
  },
  "biomechanical_metrics": {
    "joint_loading": 0.8649514664240057,
    "muscle_activation": 0.7974643560712584,
    "energy_efficiency": 0.5231859410411179
  }
}