{
  "key_points": {
    "shoulders": [
      0.14658619035071213,
      0.6153002604104044,
      -0.020095817385357928
    ],
    "elbows": [
      0.1698081396783877,
      0.5412329679881698,
      0.02091303540305263
    ],
    "wrists": [
      -0.28999190117779494,
      0.49364193664314804,
      0.04896427371451606
    ],
    "hips": [
      -0.09274898861214448,
      0.33625013347476584,
      -0.051151588566820366
    ],
    "knees": [
      -0.04512758111324472,
      0.38625182315782813,
      -0.07806408682629587
    ],
    "ankles": [
      -0.028241609129651735,
      0.24977052752062076,
      -0.09039813387313356
    ]
  },
  "angles": {
    "knee": 47.94069957707494,
    "hip": 80.41756676768982,
    "shoulder": 50.97446238887921,
    "elbow": 167.14135153155064
  },
  "analysis_scores": {
    "alignment": 0.7323371639428684,
    "balance": 0.7180597421601098,
    "form": 0.7368096577033024,
    "stability": 0.9826193704803852,
    "coordination": 0.8861725185541054,
    "precision": 0.7454327315048422,
    "power": 0.7374612691375133,
    "efficiency": 0.9267014013833775,
    "safety": 0.7728384494177065,
    "overall": 0.9845692672260984,
    "shoulder": 0.7949708097065151,
    "elbow": 0.9480870688191974,
    "wrist": 0.6396621254031958,
    "hip": 0.7083750481265884,
    "knee": 0.81878324691035,
    "ankle": 0.7454881676464326,
    "back": 0.8682715022597163,
    "neck": 0.9073975284567857
  },
  "recommendations": {
    "form": "Focus on maintaining proper joint angles during movement",
    "alignment": "Good alignment, maintain current technique",
    "stability": "Good stability, continue with current technique",
    "power": "Good power output, maintain current intensity"
  },
  "safety_considerations": []
}