{
  "power_generation": {
    "explosiveness": 0.5508008324067062,
    "force_transfer": 0.6331110490275145,
    "efficiency": 0.8390408074862106
  },
  "technical_metrics": {
    "precision": 0.5590801546035076,
    "consistency": 0.9944897376063557,
    "fluidity": 0.9703984678704674
  },
  "biomechanical_metrics": {
    "joint_loading": 0.7493855057606484,
    "muscle_activation": 0.9991877992618137,
    "energy_efficiency": 0.6930402419174173
  }
}