{
  "key_points": {
    "shoulders": [
      0.1878957675182597,
      0.6484265296774672,
      0.013252222704704386
    ],
    "elbows": [
      0.05195806410064863,
      0.5076415514026327,
      -0.04546458974868346
    ],
    "wrists": [
      -0.21313052926725354,
      0.49627481291264464,
      -0.014149047206348617
    ],
    "hips": [
      0.07298783861864083,
      0.38640549922059453,
      0.08740700885939334
    ],
    "knees": [
      -0.04830535804679237,
      0.33017803444719496,
      0.07172793568636654
    ],
    "ankles": [
      0.3643652432865947,
      0.12166068456300916,
      -0.09116557906388621
    ]
  },
  "angles": {
    "knee": 44.96219415213117,
    "hip": 113.71413654091876,
    "shoulder": 29.046030872984637,
    "elbow": 155.26101833989642
  },
  "analysis_scores": {
    "alignment": 0.8742254353334116,
    "balance": 0.6070892610785199,
    "form": 0.9215679283345365,
    "stability": 0.6364233279628897,
    "coordination": 0.9574032856028962,
    "precision": 0.9491829740414403,
    "power": 0.825960285660839,
    "efficiency": 0.7439260917744345,
    "safety": 0.803298268452567,
    "overall": 0.7111565530849093,
    "shoulder": 0.6995457165025758,
    "elbow": 0.8003980634000827,
    "wrist": 0.7321414062613506,
    "hip": 0.7748314407745267,
    "knee": 0.7327854465729704,
    "ankle": 0.9427664578007653,
    "back": 0.6110962921198085,
    "neck": 0.8601956547961929
  },
  "recommendations": {
    "form": "Good form, continue practicing with current technique",
    "alignment": "Work on maintaining symmetrical movement patterns",
    "stability": "Good stability, continue with current technique",
    "power": "Good power output, maintain current intensity"
  },
  "safety_considerations": [
    "Maintain proper hip control to prevent injury"
  ]
}