{
  "power_generation": {
    "explosiveness": 0.7764434638372921,
    "force_transfer": 0.5563981361607637,
    "efficiency": 0.9758433655026602
  },
  "technical_metrics": {
    "precision": 0.7437625580962233,
    "consistency": 0.5768691150566014,
    "fluidity": 0.7769906561906752
  },
  "biomechanical_metrics": {
    "joint_loading": 0.8782659628782701,
    "muscle_activation": 0.5576910326193787,
    "energy_efficiency": 0.6766113618273061
  }
}