{
  "key_points": {
    "shoulders": [
      -0.15429754063167814,
      0.6527006896956645,
      -0.0342567752731634
    ],
    "elbows": [
      0.27704491038732487,
      0.5356276784376419,
      -0.024773075897173924
    ],
    "wrists": [
      -0.31059069654473703,
      0.4414362390510619,
      -0.01402120164242901
    ],
    "hips": [
      0.05150665468959581,
      0.3532419177265716,
      0.07180893523707768
    ],
    "knees": [
      0.07218364619189199,
      0.29212503782635624,
      0.08977434249070448
    ],
    "ankles": [
      0.04539032421995037,
      0.2680964058772568,
      0.0007241876516410201
    ]
  },
  "angles": {
    "knee": 91.13292255845664,
    "hip": 47.033589931471994,
    "shoulder": 29.955076740393373,
    "elbow": 82.28463823931847
  },
  "analysis_scores": {
    "alignment": 0.9433880994354741,
    "balance": 0.9240372410535902,
    "form": 0.7173246051988093,
    "stability": 0.9690963475028267,
    "coordination": 0.8570471382129177,
    "precision": 0.9588640784731509,
    "power": 0.8349944416782464,
    "efficiency": 0.8306694036861421,
    "safety": 0.9199205947856814,
    "overall": 0.7165760868812228,
    "shoulder": 0.7244639579836915,
    "elbow": 0.615593535882056,
    "wrist": 0.8917030553087539,
    "hip": 0.7621233705934914,
    "knee": 0.9858553807513906,
    "ankle": 0.648275487162667,
    "back": 0.6304762646427998,
    "neck": 0.949466063315656
  },
  "recommendations": {
    "form": "Good form, continue practicing with current technique",
    "alignment": "Good alignment, maintain current technique",
    "stability": "Good stability, continue with current technique",
    "power": "Good power output, maintain current intensity"
  },
  "safety_considerations": [
    "Focus on proper running form to prevent overuse injuries"
  ]
}