{
  "power_generation": {
    "explosiveness": 0.6568266684054274,
    "force_transfer": 0.5560071930759232,
    "efficiency": 0.9978248202407791
  },
  "technical_metrics": {
    "precision": 0.6687757039782369,
    "consistency": 0.9582636659062498,
    "fluidity": 0.6528651557757352
  },
  "biomechanical_metrics": {
    "joint_loading": 0.984735234380107,
    "muscle_activation": 0.5944948158829801,
    "energy_efficiency": 0.6929128814452825
  }
}