{
  "key_points": {
    "shoulders": [
      0.05111174051691203,
      0.6486893451831949,
      -0.03909137501879592
    ],
    "elbows": [
      0.045984358667133574,
      0.5173454053225701,
      0.006356709146132913
    ],
    "wrists": [
      0.04649955779793513,
      0.4132897199800827,
      0.0027483626677585055
    ],
    "hips": [
      -0.06770108515191353,
      0.34068646563102833,
      0.06317922574125456
    ],
    "knees": [
      -0.04331230232039568,
      0.2308914689006335,
      0.009521073372422889
    ],
    "ankles": [
      -0.27303886026533986,
      0.18297026218533108,
      0.08117446566902706
    ]
  },
  "angles": {
    "knee": 29.730683352778538,
    "hip": 79.27782635795772,
    "shoulder": 32.354816056933444,
    "elbow": 47.04342928432971
  },
  "analysis_scores": {
    "alignment": 0.9452933775984333,
    "balance": 0.6464528087368268,
    "form": 0.8758667553976834,
    "stability": 0.7623211901489728,
    "coordination": 0.9975904447398563,
    "precision": 0.77678864180857,
    "power": 0.949379950231591,
    "efficiency": 0.792618395775001,
    "safety": 0.6167878407742818,
    "overall": 0.7323607594378883,
    "shoulder": 0.6005336655189947,
    "elbow": 0.7234087415362255,
    "wrist": 0.9328786246978611,
    "hip": 0.8539508773620548,
    "knee": 0.8649130848332082,
    "ankle": 0.8400765560234588,
    "back": 0.6672084775555885,
    "neck": 0.6205884770330293
  },
  "recommendations": {
    "form": "Good form, continue practicing with current technique",
    "alignment": "Good alignment, maintain current technique",
    "stability": "Good stability, continue with current technique",
    "power": "Good power output, maintain current intensity"
  },
  "safety_considerations": []
}