{
  "power_generation": {
    "explosiveness": 0.6907626831569742,
    "force_transfer": 0.872424582410619,
    "efficiency": 0.522750089085348
  },
  "technical_metrics": {
    "precision": 0.6552022421616739,
    "consistency": 0.9295144584167082,
    "fluidity": 0.7350775836383284
  },
  "biomechanical_metrics": {
    "joint_loading": 0.5072193552084624,
    "muscle_activation": 0.5885435956480775,
    "energy_efficiency": 0.6560267520989397
  }
}