{
  "key_points": {
    "shoulders": [
      -0.15959352287773756,
      0.5627166429451868,
      0.05416565235430279
    ],
    "elbows": [
      -0.15602624415443198,
      0.5741748306898129,
      0.04206747853904974
    ],
    "wrists": [
      -0.034043029316077944,
      0.3880565880028031,
      0.013235344002196836
    ],
    "hips": [
      -0.1705821826009978,
      0.48386718067568074,
      0.0095094977020896
    ],
    "knees": [
      -0.07717845770972673,
      0.32681526723274723,
      0.020743062344454735
    ],
    "ankles": [
      0.22355574241365817,
      0.16760621945110873,
      -0.05056678258715739
    ]
  },
  "angles": {
    "knee": 114.4868084188286,
    "hip": 102.52798112905108,
    "shoulder": 57.37350812590118,
    "elbow": 81.96369816892427
  },
  "analysis_scores": {
    "alignment": 0.6673551339712913,
    "balance": 0.7383493187968477,
    "form": 0.8044034995710615,
    "stability": 0.9017451423547369,
    "coordination": 0.8500876363328882,
    "precision": 0.9671404305369938,
    "power": 0.6768189648693929,
    "efficiency": 0.8138539694833158,
    "safety": 0.8919100799227702,
    "overall": 0.9124306342049818,
    "shoulder": 0.6961122769584088,
    "elbow": 0.854785052478114,
    "wrist": 0.9757696721979193,
    "hip": 0.6336685891681729,
    "knee": 0.8291014283429644,
    "ankle": 0.6831319508135321,
    "back": 0.9214613645713474,
    "neck": 0.7796572977196737
  },
  "recommendations": {
    "form": "Good form, continue practicing with current technique",
    "alignment": "Good alignment, maintain current technique",
    "stability": "Good stability, continue with current technique",
    "power": "Consider increasing intensity gradually"
  },
  "safety_considerations": []
}