{
  "power_generation": {
    "explosiveness": 0.7246306542317096,
    "force_transfer": 0.6531060700947491,
    "efficiency": 0.8374944449732087
  },
  "technical_metrics": {
    "precision": 0.8122060243186214,
    "consistency": 0.5356504758108311,
    "fluidity": 0.5205104378028786
  },
  "biomechanical_metrics": {
    "joint_loading": 0.6775353774888067,
    "muscle_activation": 0.6794812643545299,
    "energy_efficiency": 0.8240002400114304
  }
}