{
  "key_points": {
    "shoulders": [
      -0.19513155635515345,
      0.541030176935858,
      0.010355031315552224
    ],
    "elbows": [
      -0.21513067682703962,
      0.5483808760734667,
      -0.045407218992511766
    ],
    "wrists": [
      -0.17204883335215362,
      0.36355886310522273,
      -0.048862224656347736
    ],
    "hips": [
      0.13655354258248703,
      0.3743846874550684,
      0.08925031762443236
    ],
    "knees": [
      -0.02612007582521042,
      0.31161766216503484,
      0.07688248905229597
    ],
    "ankles": [
      0.34944555077154005,
      0.27207182757406,
      0.07111195449815094
    ]
  },
  "angles": {
    "knee": 37.2113950185504,
    "hip": 159.9850334081283,
    "shoulder": 50.590118896741174,
    "elbow": 132.71199916724595
  },
  "analysis_scores": {
    "alignment": 0.8742237000465833,
    "balance": 0.7674560564784779,
    "form": 0.8737190458561863,
    "stability": 0.9850441227583354,
    "coordination": 0.961225937188392,
    "precision": 0.9675825082424729,
    "power": 0.9379913560246597,
    "efficiency": 0.8044388304969842,
    "safety": 0.981672542770744,
    "overall": 0.789918858363503,
    "shoulder": 0.7085417935893515,
    "elbow": 0.7365233627625056,
    "wrist": 0.7409891355218432,
    "hip": 0.7778115869970452,
    "knee": 0.935208558158264,
    "ankle": 0.9543275628779646,
    "back": 0.8804673861696976,
    "neck": 0.8218332726861931
  },
  "recommendations": {
    "form": "Good form, continue practicing with current technique",
    "alignment": "Good alignment, maintain current technique",
    "stability": "Focus on maintaining proper posture and balance",
    "power": "Good power output, maintain current intensity"
  },
  "safety_considerations": [
    "Maintain proper hip control to prevent injury",
    "Work on body tension and control"
  ]
}