{
  "power_generation": {
    "explosiveness": 0.7148157937939641,
    "force_transfer": 0.8795989223081142,
    "efficiency": 0.7691920037792195
  },
  "technical_metrics": {
    "precision": 0.5753102816862345,
    "consistency": 0.6432103060422147,
    "fluidity": 0.9537376658125053
  },
  "biomechanical_metrics": {
    "joint_loading": 0.7502576847356128,
    "muscle_activation": 0.8070468022095301,
    "energy_efficiency": 0.9291779556653137
  }
}