{
  "key_points": {
    "shoulders": [
      -0.09682729447590709,
      0.6412392251350454,
      0.0930765774074008
    ],
    "elbows": [
      0.06478455688509521,
      0.5624144905041305,
      -0.0443819199029077
    ],
    "wrists": [
      0.14445873922214336,
      0.36328425726387564,
      -0.03616052018349529
    ],
    "hips": [
      -0.11135346761391754,
      0.32601823933065743,
      0.022189581163187186
    ],
    "knees": [
      0.07198922236791128,
      0.3228787873404896,
      0.08447673871823944
    ],
    "ankles": [
      -0.10210049772434887,
      0.1498796782004862,
      0.04263071722714887
    ]
  },
  "angles": {
    "knee": 116.72202697408028,
    "hip": 158.10462906884808,
    "shoulder": 47.76638885657421,
    "elbow": 12.129290592477144
  },
  "analysis_scores": {
    "alignment": 0.9617604786882,
    "balance": 0.7536935195222734,
    "form": 0.6896540301506104,
    "stability": 0.6735585068424776,
    "coordination": 0.712323211200923,
    "precision": 0.6346359047521849,
    "power": 0.9727526780495914,
    "efficiency": 0.6573216591689046,
    "safety": 0.8875412893882335,
    "overall": 0.9614942078816066,
    "shoulder": 0.977699888050014,
    "elbow": 0.7476657730339866,
    "wrist": 0.6101020881219064,
    "hip": 0.8137370076898987,
    "knee": 0.9961349413854326,
    "ankle": 0.6181558068555216,
    "back": 0.8515508079716675,
    "neck": 0.868844059529494
  },
  "recommendations": {
    "form": "Good form, continue practicing with current technique",
    "alignment": "Good alignment, maintain current technique",
    "stability": "Focus on maintaining proper posture and balance",
    "power": "Good power output, maintain current intensity"
  },
  "safety_considerations": []
}