{
  "power_generation": {
    "explosiveness": 0.9132313287581686,
    "force_transfer": 0.9914514976692141,
    "efficiency": 0.726257517544023
  },
  "technical_metrics": {
    "precision": 0.6477015358898209,
    "consistency": 0.7948697434673724,
    "fluidity": 0.8913349451153709
  },
  "biomechanical_metrics": {
    "joint_loading": 0.8744973650964024,
    "muscle_activation": 0.981387483494502,
    "energy_efficiency": 0.5595947555105364
  }
}