{
  "key_points": {
    "shoulders": [
      -0.1158921860272006,
      0.5195135792643023,
      -0.0366882465022214
    ],
    "elbows": [
      -0.00013553846863878505,
      0.41325620109764727,
      0.0017244078326520001
    ],
    "wrists": [
      0.020405383188813686,
      0.3087057672669555,
      0.035892439178781654
    ],
    "hips": [
      0.16590940267790488,
      0.37994215544426013,
      -0.013379989356231345
    ],
    "knees": [
      0.11337050253644348,
      0.34384753059669004,
      0.028159831525414847
    ],
    "ankles": [
      0.00784873462625002,
      0.27157046727986744,
      0.09972015195236356
    ]
  },
  "angles": {
    "knee": 118.4088594590672,
    "hip": 41.88988656952958,
    "shoulder": 41.212760735910365,
    "elbow": 120.37262639616368
  },
  "analysis_scores": {
    "alignment": 0.6702673558630801,
    "balance": 0.731728321356633,
    "form": 0.9860069000310313,
    "stability": 0.9852170064584092,
    "coordination": 0.7673736934436985,
    "precision": 0.759617509936539,
    "power": 0.8169649357108321,
    "efficiency": 0.63216994123963,
    "safety": 0.7659996534575789,
    "overall": 0.6030429888256928,
    "shoulder": 0.9458256639647463,
    "elbow": 0.7521472724895882,
    "wrist": 0.9935547185391556,
    "hip": 0.6311451754576539,
    "knee": 0.6305765023849913,
    "ankle": 0.6772842861558807,
    "back": 0.678613344733246,
    "neck": 0.6582535693783282
  },
  "recommendations": {
    "form": "Good form, continue practicing with current technique",
    "alignment": "Good alignment, maintain current technique",
    "stability": "Focus on maintaining proper posture and balance",
    "power": "Consider increasing intensity gradually"
  },
  "safety_considerations": []
}