{
  "power_generation": {
    "explosiveness": 0.6654435159350591,
    "force_transfer": 0.5835040876016617,
    "efficiency": 0.6580431954638853
  },
  "technical_metrics": {
    "precision": 0.5623855305692722,
    "consistency": 0.7217413380202422,
    "fluidity": 0.956937310028058
  },
  "biomechanical_metrics": {
    "joint_loading": 0.9488044952585353,
    "muscle_activation": 0.6384123452858534,
    "energy_efficiency": 0.9714309834418247
  }
}