{
  "key_points": {
    "shoulders": [
      0.11452508935760547,
      0.5335130170224605,
      -0.02310502649368243
    ],
    "elbows": [
      -0.27009199773562154,
      0.45804241607351825,
      0.07015660315707531
    ],
    "wrists": [
      0.36603067615147944,
      0.41690721512869355,
      -0.07976480390321694
    ],
    "hips": [
      -0.053615414773886455,
      0.3632688804114077,
      -0.09640621791868142
    ],
    "knees": [
      0.0754834426619283,
      0.2576127678005951,
      -0.042572404774857756
    ],
    "ankles": [
      0.367043412724782,
      0.23545140805171205,
      -0.02641811926671947
    ]
  },
  "angles": {
    "knee": 107.8740147200781,
    "hip": 116.73344167026346,
    "shoulder": 44.1024708537655,
    "elbow": 125.92727877679383
  },
  "analysis_scores": {
    "alignment": 0.7161664204052164,
    "balance": 0.8874560531429414,
    "form": 0.6035476609872752,
    "stability": 0.7104512318674702,
    "coordination": 0.6807292905517389,
    "precision": 0.6453584702057755,
    "power": 0.8309004110101814,
    "efficiency": 0.6440289339310546,
    "safety": 0.8297724624315865,
    "overall": 0.8676370632102273,
    "shoulder": 0.9788124319623603,
    "elbow": 0.9476881826719771,
    "wrist": 0.6123858549369033,
    "hip": 0.7473745421528104,
    "knee": 0.7480893158015729,
    "ankle": 0.782131040898677,
    "back": 0.7186018223356417,
    "neck": 0.7074812552902496
  },
  "recommendations": {
    "form": "Good form, continue practicing with current technique",
    "alignment": "Good alignment, maintain current technique",
    "stability": "Good stability, continue with current technique",
    "power": "Good power output, maintain current intensity"
  },
  "safety_considerations": []
}