{
  "power_generation": {
    "explosiveness": 0.9846058804921183,
    "force_transfer": 0.9135464344852202,
    "efficiency": 0.8894455212393999
  },
  "technical_metrics": {
    "precision": 0.5973663235333369,
    "consistency": 0.5034052150235445,
    "fluidity": 0.8585143532485799
  },
  "biomechanical_metrics": {
    "joint_loading": 0.7043827195774652,
    "muscle_activation": 0.9414804396307235,
    "energy_efficiency": 0.5475635222292963
  }
}