{
  "key_points": {
    "shoulders": [
      0.05258247399323135,
      0.5362635516910221,
      -0.00348712291485849
    ],
    "elbows": [
      0.25747081355830675,
      0.5174260957854195,
      0.009471113388369395
    ],
    "wrists": [
      0.2432507191617339,
      0.3663025062533597,
      -0.066398655067839
    ],
    "hips": [
      0.022392873415455622,
      0.4269602837677565,
      0.029466293368048346
    ],
    "knees": [
      -0.20698705905589682,
      0.2741517547874187,
      -0.028105246794662114
    ],
    "ankles": [
      0.06784046490314799,
      0.25916370780328024,
      0.07001593548502055
    ]
  },
  "angles": {
    "knee": 26.798835400572713,
    "hip": 82.34112284164034,
    "shoulder": 28.570183499288675,
    "elbow": 58.03653368049701
  },
  "analysis_scores": {
    "alignment": 0.9364985451844793,
    "balance": 0.8666682469454471,
    "form": 0.6706452628354239,
    "stability": 0.8540592365734647,
    "coordination": 0.7242954978629587,
    "precision": 0.9383109264687521,
    "power": 0.6634228419934357,
    "efficiency": 0.8664219838434235,
    "safety": 0.8453758177679626,
    "overall": 0.8869295470999763,
    "shoulder": 0.7690460393968539,
    "elbow": 0.7159815394630878,
    "wrist": 0.8634129367633019,
    "hip": 0.8094048080511427,
    "knee": 0.6943388691343988,
    "ankle": 0.8839867691844401,
    "back": 0.8250224488887128,
    "neck": 0.8677433799452459
  },
  "recommendations": {
    "form": "Focus on maintaining proper joint angles during movement",
    "alignment": "Good alignment, maintain current technique",
    "stability": "Good stability, continue with current technique",
    "power": "Good power output, maintain current intensity"
  },
  "safety_considerations": [
    "Ensure proper hip hinge mechanics"
  ]
}