{
  "power_generation": {
    "explosiveness": 0.9840109328568357,
    "force_transfer": 0.9566291666410379,
    "efficiency": 0.9830228395237047
  },
  "technical_metrics": {
    "precision": 0.8147037702932406,
    "consistency": 0.6949593770565807,
    "fluidity": 0.5621747444315903
  },
  "biomechanical_metrics": {
    "joint_loading": 0.9322714426232734,
    "muscle_activation": 0.6699474198404722,
    "energy_efficiency": 0.6853207964663712
  }
}