{
  "key_points": {
    "shoulders": [
      0.11006578976226727,
      0.6515500849499937,
      0.012043138898526484
    ],
    "elbows": [
      0.035157325777244675,
      0.432287889755271,
      -0.06324786674124899
    ],
    "wrists": [
      -0.12012088199070803,
      0.3396789082176598,
      -0.05670802341560197
    ],
    "hips": [
      -0.006426973399069225,
      0.3498093971868201,
      -0.045918996242422044
    ],
    "knees": [
      0.2593969432544459,
      0.26985518013919607,
      0.09647410320577188
    ],
    "ankles": [
      -0.39363933004401713,
      0.19710657450188315,
      -0.044314777286643015
    ]
  },
  "angles": {
    "knee": 71.37218326659037,
    "hip": 94.5120569323805,
    "shoulder": 25.78939227797038,
    "elbow": 75.00371692385535
  },
  "analysis_scores": {
    "alignment": 0.9032133438097592,
    "balance": 0.8655854933551507,
    "form": 0.6786935018489563,
    "stability": 0.7388692401098731,
    "coordination": 0.8216286276571569,
    "precision": 0.8423844465610342,
    "power": 0.9357813730554398,
    "efficiency": 0.8780325264424147,
    "safety": 0.9927313045771051,
    "overall": 0.872427748302162,
    "shoulder": 0.6451520749032335,
    "elbow": 0.691870704374632,
    "wrist": 0.8185015808923854,
    "hip": 0.7892310416334527,
    "knee": 0.601040496142544,
    "ankle": 0.9922119208893961,
    "back": 0.7002671238341918,
    "neck": 0.7854194056413222
  },
  "recommendations": {
    "form": "Focus on maintaining proper joint angles during movement",
    "alignment": "Work on maintaining symmetrical movement patterns",
    "stability": "Focus on maintaining proper posture and balance",
    "power": "Good power output, maintain current intensity"
  },
  "safety_considerations": []
}