{
  "power_generation": {
    "explosiveness": 0.5722745041240493,
    "force_transfer": 0.7881246545675319,
    "efficiency": 0.6074331393953357
  },
  "technical_metrics": {
    "precision": 0.9554132759444958,
    "consistency": 0.5320392198568703,
    "fluidity": 0.7588584296878249
  },
  "biomechanical_metrics": {
    "joint_loading": 0.6252356610030168,
    "muscle_activation": 0.9806955621664872,
    "energy_efficiency": 0.6966077822849197
  }
}