{
  "key_points": {
    "shoulders": [
      -0.0015592090212479537,
      0.5424949978811486,
      0.0738269379310495
    ],
    "elbows": [
      -0.06726176821141772,
      0.5736163164093979,
      -0.03932257314787102
    ],
    "wrists": [
      0.07808649795350531,
      0.4147932271092324,
      0.14250116847433175
    ],
    "hips": [
      -0.13194677566854462,
      0.4980549827937056,
      -0.19836253948651117
    ]
  },
  "angles": {
    "shoulder": 49.17164551654678,
    "elbow": 120.24937908324289
  },
  "analysis_scores": {
    "alignment": 0.9111966952078709,
    "balance": 0.7725428204116276,
    "form": 0.6513913318424572,
    "stability": 0.8870718265166426,
    "coordination": 0.9067550661053201,
    "precision": 0.7797549055270749,
    "power": 0.6717574993671355,
    "efficiency": 0.9436575281173009,
    "safety": 0.8141300872360285,
    "overall": 0.686339325041784,
    "shoulder": 0.8781364774021387,
    "elbow": 1.0,
    "wrist": 1.0,
    "hip": 0.9528160465585445,
    "knee": 0.8409235250998108,
    "ankle": 0.9696872589128599,
    "back": 0.6002022886777927,
    "neck": 0.9805342260978751
  },
  "recommendations": {
    "form": "Good form, continue practicing with current technique",
    "alignment": "Good alignment, maintain current technique",
    "stability": "Good stability, continue with current technique",
    "power": "Good power output, maintain current intensity"
  },
  "safety_considerations": []
}