{
  "power_generation": {
    "explosiveness": 0.7505225274737315,
    "force_transfer": 0.9047307439668761,
    "efficiency": 0.8946348398226649
  },
  "technical_metrics": {
    "precision": 0.5091035355861543,
    "consistency": 0.6727387034931658,
    "fluidity": 0.5722895428446084
  },
  "biomechanical_metrics": {
    "joint_loading": 0.500045084491059,
    "muscle_activation": 0.5005174347174803,
    "energy_efficiency": 0.6311214297681556
  }
}