{
  "key_points": {
    "shoulders": [
      0.10020414966538227,
      0.5899908710590394,
      0.0913938120549175
    ],
    "elbows": [
      -0.24319041810130315,
      0.5669418745884669,
      -0.07436037918642852
    ],
    "wrists": [
      -0.0016883630724626175,
      0.4390302045474754,
      -0.04224698768510709
    ],
    "hips": [
      0.0614214041680019,
      0.3576225069068933,
      -0.09457991051468506
    ],
    "knees": [
      -0.25164895983939095,
      0.3355232147931729,
      -0.05424034378250031
    ],
    "ankles": [
      0.18011568861539806,
      0.285028859630453,
      0.049333162133034514
    ]
  },
  "angles": {
    "knee": 119.8919864019248,
    "hip": 139.04363969902874,
    "shoulder": 18.782425554605926,
    "elbow": 103.60165736391171
  },
  "analysis_scores": {
    "alignment": 0.6022943218086136,
    "balance": 0.8040028387072155,
    "form": 0.8309385487678693,
    "stability": 0.6358555630612216,
    "coordination": 0.7865427529293275,
    "precision": 0.9345478585843241,
    "power": 0.6548762466451805,
    "efficiency": 0.9921625056664704,
    "safety": 0.6349440253950918,
    "overall": 0.9448426974768215,
    "shoulder": 0.6972176103303611,
    "elbow": 0.7131268942868558,
    "wrist": 0.6958299318848582,
    "hip": 0.7811848076282275,
    "knee": 0.6966534840969891,
    "ankle": 0.6399232265708344,
    "back": 0.8447387643956886,
    "neck": 0.6141935443380907
  },
  "recommendations": {
    "form": "Good form, continue practicing with current technique",
    "alignment": "Good alignment, maintain current technique",
    "stability": "Focus on maintaining proper posture and balance",
    "power": "Good power output, maintain current intensity"
  },
  "safety_considerations": []
}