{
  "power_generation": {
    "explosiveness": 0.6945714352904464,
    "force_transfer": 0.939290797974857,
    "efficiency": 0.5000267566583241
  },
  "technical_metrics": {
    "precision": 0.820647531720345,
    "consistency": 0.8321632179435547,
    "fluidity": 0.9234363669259944
  },
  "biomechanical_metrics": {
    "joint_loading": 0.6287953741972199,
    "muscle_activation": 0.9366042949991897,
    "energy_efficiency": 0.6093794163786022
  }
}