{
  "key_points": {
    "shoulders": [
      -0.06981111991868102,
      0.5207042171761312,
      -0.1423354493140282
    ],
    "elbows": [
      -0.2619564424056744,
      0.5477206329763371,
      -0.17762595049287955
    ],
    "wrists": [
      -0.1492713957019305,
      0.34379137299849316,
      -0.11760505951630816
    ],
    "hips": [
      -0.04633708562160388,
      0.4834175830444515,
      0.11283096358553929
    ]
  },
  "angles": {
    "shoulder": 60.887643397344405,
    "elbow": 142.47662816284182
  },
  "analysis_scores": {
    "alignment": 0.8856722995809148,
    "balance": 0.675972224364004,
    "form": 0.694048070443007,
    "stability": 0.8316935128255377,
    "coordination": 0.6541409893855166,
    "precision": 0.7675781041966501,
    "power": 0.7642358330563225,
    "efficiency": 0.7367489432027753,
    "safety": 0.614448369840086,
    "overall": 0.9186287501084349,
    "shoulder": 1.0,
    "elbow": 1.0,
    "wrist": 0.7591580238713663,
    "hip": 0.6532147942185708,
    "knee": 0.7723467894933692,
    "ankle": 0.8233021133587628,
    "back": 0.8082697803809428,
    "neck": 0.8311762594930442
  },
  "recommendations": {
    "form": "Focus on maintaining proper joint angles during movement",
    "alignment": "Work on maintaining symmetrical movement patterns",
    "stability": "Good stability, continue with current technique",
    "power": "Consider increasing intensity gradually"
  },
  "safety_considerations": []
}