{
  "power_generation": {
    "explosiveness": 0.8366174898773353,
    "force_transfer": 0.6328126765735543,
    "efficiency": 0.598976245582382
  },
  "technical_metrics": {
    "precision": 0.7752966668418642,
    "consistency": 0.7734360137195093,
    "fluidity": 0.8702185869557699
  },
  "biomechanical_metrics": {
    "joint_loading": 0.9115724997075443,
    "muscle_activation": 0.763279897467044,
    "energy_efficiency": 0.6100125209046465
  }
}