{
  "key_points": {
    "shoulders": [
      -0.04235159170761538,
      0.5742042169902809,
      0.04774531252549488
    ],
    "elbows": [
      0.05503016037060182,
      0.5499842815433285,
      0.07272993482156528
    ],
    "wrists": [
      0.3774843931104517,
      0.4433038400244722,
      -0.02022692392175715
    ],
    "hips": [
      -0.021987297229015323,
      0.39701749253379476,
      0.09174504458599478
    ],
    "knees": [
      0.2908661900128125,
      0.31789877627515284,
      -0.0090013545643014
    ],
    "ankles": [
      -0.0002199539277628615,
      0.17541458772707516,
      0.05910758442579819
    ]
  },
  "angles": {
    "knee": 66.84115918301802,
    "hip": 126.08875244011905,
    "shoulder": 22.92408407406593,
    "elbow": 89.47745045655772
  },
  "analysis_scores": {
    "alignment": 0.9207221154997272,
    "balance": 0.9156083185837177,
    "form": 0.7332101985586434,
    "stability": 0.9481748841109661,
    "coordination": 0.7528433575178273,
    "precision": 0.9204984836967018,
    "power": 0.9378039569223818,
    "efficiency": 0.8121241187939473,
    "safety": 0.6173649836248474,
    "overall": 0.8805189687919707,
    "shoulder": 0.9576730746972324,
    "elbow": 0.9328103936442329,
    "wrist": 0.8606883324449099,
    "hip": 0.8333967269171101,
    "knee": 0.7502079341278884,
    "ankle": 0.6885934664636721,
    "back": 0.6936536460885643,
    "neck": 0.8609629411207147
  },
  "recommendations": {
    "form": "Focus on maintaining proper joint angles during movement",
    "alignment": "Work on maintaining symmetrical movement patterns",
    "stability": "Focus on maintaining proper posture and balance",
    "power": "Good power output, maintain current intensity"
  },
  "safety_considerations": [
    "Focus on proper knee alignment during jumps and turns"
  ]
}