{
  "power_generation": {
    "explosiveness": 0.6740037829888348,
    "force_transfer": 0.8849424513855497,
    "efficiency": 0.8653355584795583
  },
  "technical_metrics": {
    "precision": 0.6255349370369125,
    "consistency": 0.8780082080086786,
    "fluidity": 0.5761577025118187
  },
  "biomechanical_metrics": {
    "joint_loading": 0.6680353862781199,
    "muscle_activation": 0.5650219697655254,
    "energy_efficiency": 0.8482032705828422
  }
}