{
  "power_generation": {
    "explosiveness": 0.8470038159889102,
    "force_transfer": 0.5073945930676409,
    "efficiency": 0.6422672316512787
  },
  "technical_metrics": {
    "precision": 0.5573235825147334,
    "consistency": 0.5507184603773982,
    "fluidity": 0.6267085054979309
  },
  "biomechanical_metrics": {
    "joint_loading": 0.9028573301907088,
    "muscle_activation": 0.8780368644469346,
    "energy_efficiency": 0.7031732944066285
  }
}