{
  "key_points": {
    "shoulders": [
      -0.15485577601820497,
      0.6982476533619637,
      0.08384684114869667
    ],
    "elbows": [
      0.10822747442020109,
      0.5526325636111299,
      -0.003567746032077851
    ],
    "wrists": [
      -0.18953694441159163,
      0.38302300910213344,
      0.05098950343787745
    ],
    "hips": [
      0.08008708130417153,
      0.4028677952326521,
      -0.08571426570498536
    ],
    "knees": [
      0.12649166071831175,
      0.3405248481053036,
      0.06387214994878623
    ],
    "ankles": [
      -0.1234885592690293,
      0.13643202072849506,
      0.021285530390751567
    ]
  },
  "angles": {
    "knee": 59.88529783081801,
    "hip": 150.44617499917345,
    "shoulder": 16.035755507110192,
    "elbow": 35.27042793463606
  },
  "analysis_scores": {
    "alignment": 0.9863479307176395,
    "balance": 0.8624965398843221,
    "form": 0.6489125204405831,
    "stability": 0.8080352238718286,
    "coordination": 0.9038439387761465,
    "precision": 0.7655605701362717,
    "power": 0.6896747876597782,
    "efficiency": 0.851427038304869,
    "safety": 0.7212985225806005,
    "overall": 0.8494771628455451,
    "shoulder": 0.921780112531934,
    "elbow": 0.8493994483275495,
    "wrist": 0.6512629556572926,
    "hip": 0.9247694743047762,
    "knee": 0.7601802936246489,
    "ankle": 0.969067037959642,
    "back": 0.6530284032830121,
    "neck": 0.9186486940787608
  },
  "recommendations": {
    "form": "Focus on maintaining proper joint angles during movement",
    "alignment": "Work on maintaining symmetrical movement patterns",
    "stability": "Good stability, continue with current technique",
    "power": "Good power output, maintain current intensity"
  },
  "safety_considerations": [
    "Ensure proper body alignment during throw"
  ]
}