{
  "power_generation": {
    "explosiveness": 0.7064563143623136,
    "force_transfer": 0.9602291017983531,
    "efficiency": 0.768056221728866
  },
  "technical_metrics": {
    "precision": 0.7348274404887882,
    "consistency": 0.6015103384967387,
    "fluidity": 0.6537015402058787
  },
  "biomechanical_metrics": {
    "joint_loading": 0.7347094891926407,
    "muscle_activation": 0.7194612221245882,
    "energy_efficiency": 0.5785917196346851
  }
}