{
  "key_points": {
    "shoulders": [
      -0.08085037177370875,
      0.6261460048218213,
      -0.007218767033547541
    ],
    "elbows": [
      0.17768615677526517,
      0.4358266438352339,
      0.05483982846449462
    ],
    "wrists": [
      -0.279291189039089,
      0.48998817746355205,
      -0.04459812153869061
    ],
    "hips": [
      0.06576508313337842,
      0.48223494254736704,
      -0.07605661163790266
    ],
    "knees": [
      0.11079642136956924,
      0.3316268599311235,
      0.03065705006479555
    ],
    "ankles": [
      -0.28347645992599446,
      0.2830466095663224,
      -0.09780155147700076
    ]
  },
  "angles": {
    "knee": 103.26855430336344,
    "hip": 81.09151154253026,
    "shoulder": 61.178514925170205,
    "elbow": 127.52685576330886
  },
  "analysis_scores": {
    "alignment": 0.9058825114886875,
    "balance": 0.7682320154016522,
    "form": 0.7495354813212394,
    "stability": 0.9133702445051216,
    "coordination": 0.6407716362342581,
    "precision": 0.9210666370691188,
    "power": 0.874408274839157,
    "efficiency": 0.7608402037152355,
    "safety": 0.7695953634419243,
    "overall": 0.6046015418409513,
    "shoulder": 0.6454111175114426,
    "elbow": 0.9876899007191963,
    "wrist": 0.660090241973815,
    "hip": 0.737508279502113,
    "knee": 0.6071901022397322,
    "ankle": 0.8302038407376984,
    "back": 0.67864505440742,
    "neck": 0.7916690679877414
  },
  "recommendations": {
    "form": "Good form, continue practicing with current technique",
    "alignment": "Good alignment, maintain current technique",
    "stability": "Good stability, continue with current technique",
    "power": "Good power output, maintain current intensity"
  },
  "safety_considerations": [
    "Focus on maintaining proper back alignment to prevent injury"
  ]
}