{
  "power_generation": {
    "explosiveness": 0.505770843501993,
    "force_transfer": 0.7951060420932157,
    "efficiency": 0.6545811899113259
  },
  "technical_metrics": {
    "precision": 0.8327097418721723,
    "consistency": 0.5081375547799493,
    "fluidity": 0.6352847313700137
  },
  "biomechanical_metrics": {
    "joint_loading": 0.6916948116204347,
    "muscle_activation": 0.6248732470242421,
    "energy_efficiency": 0.5238090285258101
  }
}