{
  "key_points": {
    "shoulders": [
      -0.0402103716891094,
      0.6175713857739369,
      0.07658379755391975
    ],
    "elbows": [
      0.020070060914063048,
      0.4107682275767585,
      -0.07973334282146488
    ],
    "wrists": [
      0.20295273759699384,
      0.3021853661868719,
      0.0744972171541147
    ],
    "hips": [
      0.1066094065403943,
      0.4028100804266723,
      0.08202037767781672
    ],
    "knees": [
      0.13095227784938462,
      0.3797656349328343,
      0.0735946964611553
    ],
    "ankles": [
      0.23730695161285076,
      0.1553495379190168,
      -0.07613388638151704
    ]
  },
  "angles": {
    "knee": 90.48752599330207,
    "hip": 74.41817229251576,
    "shoulder": 84.96330419200982,
    "elbow": 149.25239351913666
  },
  "analysis_scores": {
    "alignment": 0.6005289725293889,
    "balance": 0.922988977006479,
    "form": 0.7321133418303314,
    "stability": 0.8724708112878475,
    "coordination": 0.7417500548179737,
    "precision": 0.9744733514408902,
    "power": 0.8447531704190978,
    "efficiency": 0.6176495208662017,
    "safety": 0.7778236200801759,
    "overall": 0.6867394820798965,
    "shoulder": 0.7942467969278029,
    "elbow": 0.9733422966790106,
    "wrist": 0.9596944096320474,
    "hip": 0.8344005429426016,
    "knee": 0.9691439618502108,
    "ankle": 0.7536752675333422,
    "back": 0.942654190393223,
    "neck": 0.7227388743369402
  },
  "recommendations": {
    "form": "Focus on maintaining proper joint angles during movement",
    "alignment": "Good alignment, maintain current technique",
    "stability": "Good stability, continue with current technique",
    "power": "Good power output, maintain current intensity"
  },
  "safety_considerations": [
    "Maintain proper elbow flexion to prevent hyperextension"
  ]
}