{
  "power_generation": {
    "explosiveness": 0.9119234944730887,
    "force_transfer": 0.7418780243432103,
    "efficiency": 0.7773692540020105
  },
  "technical_metrics": {
    "precision": 0.9937338120570701,
    "consistency": 0.7804497168556652,
    "fluidity": 0.855475249386545
  },
  "biomechanical_metrics": {
    "joint_loading": 0.8696194448975686,
    "muscle_activation": 0.9768785607752992,
    "energy_efficiency": 0.7734829254984117
  }
}