{
  "key_points": {
    "shoulders": [
      -0.0107771138820969,
      0.5552462607783477,
      -0.03638423686153791
    ],
    "elbows": [
      0.06402179439267114,
      0.486143990204876,
      -0.02860446078855712
    ],
    "wrists": [
      0.13614237929873751,
      0.3887475704488075,
      -0.043388525972371174
    ],
    "hips": [
      0.10593871641616065,
      0.41881740820558694,
      -0.043495313138840835
    ],
    "knees": [
      0.18096843901093979,
      0.34315505080875686,
      0.08249467190077009
    ],
    "ankles": [
      -0.02549890819647127,
      0.11823845593160776,
      0.054596789007612
    ]
  },
  "angles": {
    "knee": 161.81170307729528,
    "hip": 72.61750619408879,
    "shoulder": 70.14132666180399,
    "elbow": 65.5681429898915
  },
  "analysis_scores": {
    "alignment": 0.6269501892880516,
    "balance": 0.7654955990587538,
    "form": 0.8610231439373428,
    "stability": 0.835385611170108,
    "coordination": 0.6715817380962342,
    "precision": 0.8154417570016781,
    "power": 0.6185893485463794,
    "efficiency": 0.892647937284492,
    "safety": 0.637814245120068,
    "overall": 0.899987717949646,
    "shoulder": 0.9218489969035952,
    "elbow": 0.9087384971143263,
    "wrist": 0.9859817385847517,
    "hip": 0.7346935669980829,
    "knee": 0.6621757247504588,
    "ankle": 0.9983609493710093,
    "back": 0.6817259738595742,
    "neck": 0.602913685623367
  },
  "recommendations": {
    "form": "Good form, continue practicing with current technique",
    "alignment": "Work on maintaining symmetrical movement patterns",
    "stability": "Focus on maintaining proper posture and balance",
    "power": "Good power output, maintain current intensity"
  },
  "safety_considerations": []
}