{
  "power_generation": {
    "explosiveness": 0.6207733415156265,
    "force_transfer": 0.7527120867426157,
    "efficiency": 0.5424743901891562
  },
  "technical_metrics": {
    "precision": 0.5506052512446555,
    "consistency": 0.8849056166577831,
    "fluidity": 0.7268539978435706
  },
  "biomechanical_metrics": {
    "joint_loading": 0.587366070612558,
    "muscle_activation": 0.9388951957581188,
    "energy_efficiency": 0.9345448609543591
  }
}