{
  "key_points": {
    "shoulders": [
      -0.057689028991783936,
      0.6764212737014234,
      0.029039369566267487
    ],
    "elbows": [
      0.24647206220953372,
      0.5979466137019657,
      0.09989196365649805
    ],
    "wrists": [
      -0.37943248535505536,
      0.4051578147523199,
      0.018506245749272218
    ],
    "hips": [
      -0.1780956503718293,
      0.41957064757350204,
      -0.03713066406326926
    ],
    "knees": [
      0.07070474632636425,
      0.25094964542789516,
      -0.05631367910716012
    ],
    "ankles": [
      -0.03520936584576556,
      0.18334489553734146,
      -0.011049705558128231
    ]
  },
  "angles": {
    "knee": 73.79542557529805,
    "hip": 144.18949964654908,
    "shoulder": 23.957726383113396,
    "elbow": 141.413644906766
  },
  "analysis_scores": {
    "alignment": 0.7301781898763959,
    "balance": 0.806958284367515,
    "form": 0.7305815584859565,
    "stability": 0.852754878099025,
    "coordination": 0.8034292415412045,
    "precision": 0.8220565002552829,
    "power": 0.8918543557848901,
    "efficiency": 0.7023728084122655,
    "safety": 0.6629860375359206,
    "overall": 0.867255486922585,
    "shoulder": 0.7694661270253131,
    "elbow": 0.9238594792418956,
    "wrist": 0.6698759835604561,
    "hip": 0.6969400892757536,
    "knee": 0.8803300021780955,
    "ankle": 0.6706476197118746,
    "back": 0.7200021834562308,
    "neck": 0.8883570122023077
  },
  "recommendations": {
    "form": "Good form, continue practicing with current technique",
    "alignment": "Good alignment, maintain current technique",
    "stability": "Good stability, continue with current technique",
    "power": "Good power output, maintain current intensity"
  },
  "safety_considerations": []
}