{
  "power_generation": {
    "explosiveness": 0.7959198539332495,
    "force_transfer": 0.708447306610136,
    "efficiency": 0.8935339118255012
  },
  "technical_metrics": {
    "precision": 0.8129342173594782,
    "consistency": 0.7384774452916625,
    "fluidity": 0.9214079013524505
  },
  "biomechanical_metrics": {
    "joint_loading": 0.6646811727251207,
    "muscle_activation": 0.5521150713710778,
    "energy_efficiency": 0.9115134568048913
  }
}