{
  "key_points": {
    "shoulders": [
      -0.17950309725703148,
      0.5233766333650781,
      0.07983526308030173
    ],
    "elbows": [
      -0.2872927545878162,
      0.5605026997250192,
      -0.060314264048788126
    ],
    "wrists": [
      -0.20520409393365624,
      0.34584996200311346,
      0.0012084607606563935
    ],
    "hips": [
      -0.19024683855926391,
      0.34510641085981053,
      0.07233396842470033
    ],
    "knees": [
      0.06455384430585032,
      0.3166149379556011,
      -0.05085066297435892
    ],
    "ankles": [
      0.3407240222909167,
      0.2862055447211117,
      0.012059798653408671
    ]
  },
  "angles": {
    "knee": 116.40555378911638,
    "hip": 109.67370976013844,
    "shoulder": 13.258939734204723,
    "elbow": 47.84939485792654
  },
  "analysis_scores": {
    "alignment": 0.8656003332381899,
    "balance": 0.820979369258865,
    "form": 0.7831259440799467,
    "stability": 0.7955876930400556,
    "coordination": 0.7740935487080988,
    "precision": 0.8214628165912158,
    "power": 0.680684919973946,
    "efficiency": 0.6901287022110834,
    "safety": 0.9899394520202033,
    "overall": 0.7573855011355315,
    "shoulder": 0.685851452913462,
    "elbow": 0.7187731537207432,
    "wrist": 0.9730248764308953,
    "hip": 0.767593061237726,
    "knee": 0.8506153795963116,
    "ankle": 0.7952764876498742,
    "back": 0.6915482053120899,
    "neck": 0.909764858029962
  },
  "recommendations": {
    "form": "Good form, continue practicing with current technique",
    "alignment": "Good alignment, maintain current technique",
    "stability": "Good stability, continue with current technique",
    "power": "Good power output, maintain current intensity"
  },
  "safety_considerations": [
    "Focus on proper shoulder stability to prevent shoulder injuries",
    "Maintain proper wrist alignment to prevent wrist sprains",
    "Ensure proper body alignment to prevent falls"
  ]
}