{
  "power_generation": {
    "explosiveness": 0.9540917923022214,
    "force_transfer": 0.8166368666235921,
    "efficiency": 0.9821458084080357
  },
  "technical_metrics": {
    "precision": 0.6385983497623974,
    "consistency": 0.9303853257130598,
    "fluidity": 0.930551072752973
  },
  "biomechanical_metrics": {
    "joint_loading": 0.8981492784466357,
    "muscle_activation": 0.8546377020908605,
    "energy_efficiency": 0.8792584566392392
  }
}