{
  "key_points": {
    "shoulders": [
      -0.16510648849836077,
      0.6030937433208695,
      -0.03147713892504189
    ],
    "elbows": [
      -0.2251678509919723,
      0.4919219539395747,
      0.027943397406876597
    ],
    "wrists": [
      -0.24336196034794436,
      0.3257018912199,
      0.008741328670480789
    ],
    "hips": [
      -0.07333735899491453,
      0.44629288003198697,
      0.06507938032073907
    ],
    "knees": [
      -0.22761386350382304,
      0.24004535292493936,
      -0.05394287384561658
    ],
    "ankles": [
      0.197246870599314,
      0.23803332437703306,
      -0.021723779877700647
    ]
  },
  "angles": {
    "knee": 120.31237677677156,
    "hip": 72.27434308047434,
    "shoulder": 36.97324067128018,
    "elbow": 89.0451074612906
  },
  "analysis_scores": {
    "alignment": 0.759050025595924,
    "balance": 0.9384850108415141,
    "form": 0.9230310475446861,
    "stability": 0.7653476891396818,
    "coordination": 0.8893015426804969,
    "precision": 0.6290860017220637,
    "power": 0.6212971281109054,
    "efficiency": 0.9739946297846671,
    "safety": 0.8789251205089574,
    "overall": 0.7413276551336553,
    "shoulder": 0.6380405432175675,
    "elbow": 0.9863741839754359,
    "wrist": 0.9738204642575425,
    "hip": 0.9703281968346742,
    "knee": 0.8926133941955514,
    "ankle": 0.9891357890951609,
    "back": 0.680837677705458,
    "neck": 0.6523586859341736
  },
  "recommendations": {
    "form": "Good form, continue practicing with current technique",
    "alignment": "Work on maintaining symmetrical movement patterns",
    "stability": "Good stability, continue with current technique",
    "power": "Good power output, maintain current intensity"
  },
  "safety_considerations": []
}