{
  "power_generation": {
    "explosiveness": 0.697042631600555,
    "force_transfer": 0.6124042321614561,
    "efficiency": 0.913971352942606
  },
  "technical_metrics": {
    "precision": 0.7342920660390774,
    "consistency": 0.69994437681608,
    "fluidity": 0.7204961745099976
  },
  "biomechanical_metrics": {
    "joint_loading": 0.9841675995576042,
    "muscle_activation": 0.5014645860820677,
    "energy_efficiency": 0.8675508246762522
  }
}