{
  "key_points": {
    "shoulders": [
      0.19965872763462877,
      0.5215946804958824,
      0.07462263860485863
    ],
    "elbows": [
      0.2833164631260849,
      0.44577775060101077,
      -0.07120120883175585
    ],
    "wrists": [
      -0.005370930892100223,
      0.3743678221570564,
      0.054485970253191296
    ],
    "hips": [
      0.06328118666980326,
      0.412145442356472,
      0.011576631887379701
    ],
    "knees": [
      -0.0978385768355376,
      0.24660966858321778,
      0.09576886358105921
    ],
    "ankles": [
      0.008441542468593799,
      0.157094493887732,
      -0.023513119640682298
    ]
  },
  "angles": {
    "knee": 82.20922546998602,
    "hip": 117.89832917309805,
    "shoulder": 28.410287300410772,
    "elbow": 120.69742920474651
  },
  "analysis_scores": {
    "alignment": 0.8331271737955127,
    "balance": 0.9376846036393716,
    "form": 0.7353882952932961,
    "stability": 0.6752359372191481,
    "coordination": 0.7817350306007429,
    "precision": 0.8862116168795795,
    "power": 0.8295407443253765,
    "efficiency": 0.9840867024157416,
    "safety": 0.6332936569616139,
    "overall": 0.7560288364874626,
    "shoulder": 0.7892614753106902,
    "elbow": 0.9697776164796718,
    "wrist": 0.645488917367992,
    "hip": 0.942351132268234,
    "knee": 0.8056113536064272,
    "ankle": 0.6244219054608123,
    "back": 0.8272432724697661,
    "neck": 0.6468893198066952
  },
  "recommendations": {
    "form": "Focus on maintaining proper joint angles during movement",
    "alignment": "Good alignment, maintain current technique",
    "stability": "Focus on maintaining proper posture and balance",
    "power": "Good power output, maintain current intensity"
  },
  "safety_considerations": [
    "Focus on maintaining proper back alignment to prevent injury"
  ]
}