{
  "power_generation": {
    "explosiveness": 0.5567771911282854,
    "force_transfer": 0.7383915707558666,
    "efficiency": 0.7405743866923636
  },
  "technical_metrics": {
    "precision": 0.8096662105889026,
    "consistency": 0.5192619447064415,
    "fluidity": 0.6283265236416531
  },
  "biomechanical_metrics": {
    "joint_loading": 0.5597152709210063,
    "muscle_activation": 0.9667935046045405,
    "energy_efficiency": 0.8925771399031882
  }
}