{
  "key_points": {
    "shoulders": [
      -0.05375631952940804,
      0.6168292663020397,
      -0.004012986279139416
    ],
    "elbows": [
      0.12306561953581563,
      0.4389612770713181,
      -0.013621662908002777
    ],
    "wrists": [
      -0.3956514918313159,
      0.4621174917872764,
      0.04622041326094145
    ],
    "hips": [
      -0.001285754920443749,
      0.4240232673236547,
      -0.022445778428758764
    ],
    "knees": [
      -0.27959384987521346,
      0.2529538349301161,
      0.0918826435779237
    ],
    "ankles": [
      -0.0814020934448837,
      0.11347369202926977,
      0.007052208466521909
    ]
  },
  "angles": {
    "knee": 40.031727146120566,
    "hip": 76.77911210223095,
    "shoulder": 49.93529798126186,
    "elbow": 24.360258431622082
  },
  "analysis_scores": {
    "alignment": 0.735626111427674,
    "balance": 0.9978247379402269,
    "form": 0.7358287460057163,
    "stability": 0.6400430075071579,
    "coordination": 0.8453766966965971,
    "precision": 0.9847854039168706,
    "power": 0.7393489775272525,
    "efficiency": 0.8178391021386473,
    "safety": 0.7801907383895037,
    "overall": 0.6062230466551665,
    "shoulder": 0.687060538819929,
    "elbow": 0.9200365547536564,
    "wrist": 0.6657659112135594,
    "hip": 0.9934625154845069,
    "knee": 0.8121721250268688,
    "ankle": 0.7779463715988482,
    "back": 0.7280853520862499,
    "neck": 0.9262896852419242
  },
  "recommendations": {
    "form": "Good form, continue practicing with current technique",
    "alignment": "Work on maintaining symmetrical movement patterns",
    "stability": "Good stability, continue with current technique",
    "power": "Good power output, maintain current intensity"
  },
  "safety_considerations": []
}