{
  "power_generation": {
    "explosiveness": 0.6190430286836756,
    "force_transfer": 0.5039464168577232,
    "efficiency": 0.9837157856127225
  },
  "technical_metrics": {
    "precision": 0.7663273221243538,
    "consistency": 0.7944245606498571,
    "fluidity": 0.9045419607850795
  },
  "biomechanical_metrics": {
    "joint_loading": 0.571039029981212,
    "muscle_activation": 0.7972090390497215,
    "energy_efficiency": 0.5939492873613075
  }
}