{
  "key_points": {
    "shoulders": [
      -0.15753437290838496,
      0.682950476610779,
      0.07687889225035272
    ],
    "elbows": [
      -0.2252067337051813,
      0.5958286863529944,
      0.013163060768022872
    ],
    "wrists": [
      -0.27778892692882046,
      0.3689808713421229,
      0.045108341337536884
    ],
    "hips": [
      0.1893833573077578,
      0.3178526604091139,
      0.011007796032806882
    ],
    "knees": [
      -0.1105829233008428,
      0.24649315457872858,
      0.060804666748587616
    ],
    "ankles": [
      -0.13058649492182328,
      0.1087878496243135,
      0.03091955477915831
    ]
  },
  "angles": {
    "knee": 56.47565420894619,
    "hip": 64.44644876500976,
    "shoulder": 62.907960688399974,
    "elbow": 92.35442723880321
  },
  "analysis_scores": {
    "alignment": 0.8362326860712592,
    "balance": 0.8734897991038721,
    "form": 0.7214331262506636,
    "stability": 0.759180899249514,
    "coordination": 0.6210010909390771,
    "precision": 0.9721163674637828,
    "power": 0.7871488561750744,
    "efficiency": 0.8271402078294121,
    "safety": 0.7977620865117682,
    "overall": 0.7615876232209451,
    "shoulder": 0.7078875012003687,
    "elbow": 0.9175100833992434,
    "wrist": 0.9418905147276124,
    "hip": 0.867108719328731,
    "knee": 0.9249418397422849,
    "ankle": 0.6045673074722236,
    "back": 0.8642058103869005,
    "neck": 0.7608689998691184
  },
  "recommendations": {
    "form": "Good form, continue practicing with current technique",
    "alignment": "Good alignment, maintain current technique",
    "stability": "Focus on maintaining proper posture and balance",
    "power": "Good power output, maintain current intensity"
  },
  "safety_considerations": [
    "Focus on proper wrist positioning to prevent strain"
  ]
}