{
  "key_points": {
    "shoulders": [
      -0.1762977424844433,
      0.5543615475730723,
      0.06662738398564771
    ],
    "elbows": [
      -0.1651434733286511,
      0.5574930311360736,
      -0.010793554901155161
    ],
    "wrists": [
      -0.2688788507798912,
      0.3857358158425186,
      -0.018820109591886625
    ],
    "hips": [
      -0.026857974629426407,
      0.37500336052795763,
      0.09711948224518616
    ],
    "knees": [
      0.0013832210950148749,
      0.24536926426542321,
      0.08232073899086523
    ],
    "ankles": [
      0.1566330329151746,
      0.2976138614057333,
      0.03795517823036826
    ]
  },
  "angles": {
    "knee": 26.104734427726115,
    "hip": 122.87427741347568,
    "shoulder": 19.180077158757122,
    "elbow": 95.91477967257106
  },
  "analysis_scores": {
    "alignment": 0.6305805391802459,
    "balance": 0.7960157115345852,
    "form": 0.999514169385143,
    "stability": 0.6244363008656435,
    "coordination": 0.9732096530641712,
    "precision": 0.7648403461580204,
    "power": 0.8426673573864105,
    "efficiency": 0.7281278918727602,
    "safety": 0.6788322600436312,
    "overall": 0.717466340407522,
    "shoulder": 0.7859955022024142,
    "elbow": 0.6309259306636,
    "wrist": 0.6236199982448942,
    "hip": 0.8470924159738382,
    "knee": 0.9913998784564527,
    "ankle": 0.806924066045778,
    "back": 0.7572710184102674,
    "neck": 0.8129549392398745
  },
  "recommendations": {
    "form": "Good form, continue practicing with current technique",
    "alignment": "Good alignment, maintain current technique",
    "stability": "Good stability, continue with current technique",
    "power": "Consider increasing intensity gradually"
  },
  "safety_considerations": []
}