{
  "power_generation": {
    "explosiveness": 0.7703696120387722,
    "force_transfer": 0.6517306187016977,
    "efficiency": 0.7578041085146072
  },
  "technical_metrics": {
    "precision": 0.82266850022089,
    "consistency": 0.5677222711525436,
    "fluidity": 0.6376227742683751
  },
  "biomechanical_metrics": {
    "joint_loading": 0.6468395294880257,
    "muscle_activation": 0.6550361947263279,
    "energy_efficiency": 0.9719712362414226
  }
}