{
  "key_points": {
    "shoulders": [
      0.10682478446623284,
      0.5290213683058638,
      0.07970331713023301
    ],
    "elbows": [
      0.2884553402988294,
      0.43964229396231413,
      -0.06758152661121315
    ],
    "wrists": [
      -0.3263327534971141,
      0.34495295983205226,
      0.08325752792112884
    ],
    "hips": [
      0.016701250902985354,
      0.46492543947166265,
      -0.07433321613882855
    ],
    "knees": [
      0.15368863754148204,
      0.29835810366768534,
      -0.01909405305423066
    ],
    "ankles": [
      0.22346690122941182,
      0.12872251078242003,
      -0.035708778843805175
    ]
  },
  "angles": {
    "knee": 137.45453074577398,
    "hip": 83.5758232152244,
    "shoulder": 71.72679176436378,
    "elbow": 90.05501773923437
  },
  "analysis_scores": {
    "alignment": 0.8376771912149539,
    "balance": 0.8755635511817095,
    "form": 0.9880241713483982,
    "stability": 0.7907127268107091,
    "coordination": 0.70459597817481,
    "precision": 0.9959628312159294,
    "power": 0.8511903207678109,
    "efficiency": 0.9071799133709658,
    "safety": 0.9544109633401471,
    "overall": 0.8480991374241619,
    "shoulder": 0.6799327121638694,
    "elbow": 0.8185745895092764,
    "wrist": 0.669113184210665,
    "hip": 0.9314478076717981,
    "knee": 0.816206985319217,
    "ankle": 0.974529390890052,
    "back": 0.7821210151267519,
    "neck": 0.8278933544364288
  },
  "recommendations": {
    "form": "Good form, continue practicing with current technique",
    "alignment": "Good alignment, maintain current technique",
    "stability": "Focus on maintaining proper posture and balance",
    "power": "Good power output, maintain current intensity"
  },
  "safety_considerations": []
}