{
  "power_generation": {
    "explosiveness": 0.5520632870767628,
    "force_transfer": 0.6489064555236268,
    "efficiency": 0.9428463676761798
  },
  "technical_metrics": {
    "precision": 0.7970177558244109,
    "consistency": 0.7053454816932477,
    "fluidity": 0.951566035224819
  },
  "biomechanical_metrics": {
    "joint_loading": 0.7550764092011236,
    "muscle_activation": 0.7530662803163909,
    "energy_efficiency": 0.6813723533580078
  }
}