{
  "key_points": {
    "shoulders": [
      -0.11850635094344342,
      0.5629579134573209,
      -0.07606941110364383
    ],
    "elbows": [
      0.2941388317817993,
      0.5525814060148951,
      -0.09403817921373475
    ],
    "wrists": [
      -0.04733884725251969,
      0.36018856302688473,
      -0.0043389246639313345
    ],
    "hips": [
      -0.06202807409831529,
      0.44786953965883536,
      0.08459566367414342
    ],
    "knees": [
      0.05167038690993159,
      0.2602870741442342,
      0.042242200291929766
    ],
    "ankles": [
      -0.27827050248661084,
      0.10540573919988712,
      0.03509603423294852
    ]
  },
  "angles": {
    "knee": 147.52058638344863,
    "hip": 72.85151231189558,
    "shoulder": 59.56968763798842,
    "elbow": 124.5244382915104
  },
  "analysis_scores": {
    "alignment": 0.8685000893486363,
    "balance": 0.8117526822784646,
    "form": 0.7954899079841407,
    "stability": 0.6763663197045997,
    "coordination": 0.848084980566303,
    "precision": 0.8664417790918266,
    "power": 0.6022963351881313,
    "efficiency": 0.9416776696448523,
    "safety": 0.6996075657994864,
    "overall": 0.6628559447189611,
    "shoulder": 0.8803301590877377,
    "elbow": 0.7998995322470862,
    "wrist": 0.7202832545229554,
    "hip": 0.9597856653399646,
    "knee": 0.8291288260225114,
    "ankle": 0.7685852442820621,
    "back": 0.9525959125156741,
    "neck": 0.630103905148636
  },
  "recommendations": {
    "form": "Good form, continue practicing with current technique",
    "alignment": "Good alignment, maintain current technique",
    "stability": "Good stability, continue with current technique",
    "power": "Good power output, maintain current intensity"
  },
  "safety_considerations": []
}