{
  "power_generation": {
    "explosiveness": 0.9552807267146334,
    "force_transfer": 0.6410137348343113,
    "efficiency": 0.9808928491087678
  },
  "technical_metrics": {
    "precision": 0.7929982731909154,
    "consistency": 0.7555044605246224,
    "fluidity": 0.6070828146772694
  },
  "biomechanical_metrics": {
    "joint_loading": 0.5414115526559611,
    "muscle_activation": 0.9870129081162509,
    "energy_efficiency": 0.5435578258073142
  }
}