{
  "key_points": {
    "shoulders": [
      -0.040212943505793186,
      0.6114942504617736,
      0.017648337145748386
    ],
    "elbows": [
      0.11334862411913688,
      0.5903984196402028,
      -0.04940462544932092
    ],
    "wrists": [
      -0.18438302748101237,
      0.31460541455467467,
      -0.06763689811678036
    ],
    "hips": [
      0.10599064737695996,
      0.41535424439445195,
      0.05932711709571911
    ],
    "knees": [
      0.15852076818022082,
      0.3356970413813458,
      0.001490890591963015
    ],
    "ankles": [
      -0.3160629952250855,
      0.23158646858001547,
      0.04970887728154208
    ]
  },
  "angles": {
    "knee": 52.09086415212287,
    "hip": 107.93043625991265,
    "shoulder": 12.09584573573772,
    "elbow": 105.89654558013711
  },
  "analysis_scores": {
    "alignment": 0.9006927509152612,
    "balance": 0.7127535014306597,
    "form": 0.6261332193285469,
    "stability": 0.8868575496773842,
    "coordination": 0.8233679358572951,
    "precision": 0.7696421082016297,
    "power": 0.7270861737035736,
    "efficiency": 0.666284803954141,
    "safety": 0.896696874978842,
    "overall": 0.9916590425818899,
    "shoulder": 0.9109025371675074,
    "elbow": 0.7913889713065494,
    "wrist": 0.7479080354907438,
    "hip": 0.8894681976240549,
    "knee": 0.6965522423436978,
    "ankle": 0.9148778129107851,
    "back": 0.7989980014187865,
    "neck": 0.6839977383358833
  },
  "recommendations": {
    "form": "Good form, continue practicing with current technique",
    "alignment": "Work on maintaining symmetrical movement patterns",
    "stability": "Good stability, continue with current technique",
    "power": "Good power output, maintain current intensity"
  },
  "safety_considerations": []
}