{
  "power_generation": {
    "explosiveness": 0.5127545833375495,
    "force_transfer": 0.5609459076710404,
    "efficiency": 0.9910841926256808
  },
  "technical_metrics": {
    "precision": 0.5139318729623321,
    "consistency": 0.6098327016874378,
    "fluidity": 0.851528145905246
  },
  "biomechanical_metrics": {
    "joint_loading": 0.776561460655617,
    "muscle_activation": 0.7618446373623561,
    "energy_efficiency": 0.6123518862869777
  }
}