{
  "key_points": {
    "shoulders": [
      -0.077115754858642,
      0.5912621927834186,
      -0.17972610749774443
    ],
    "elbows": [
      0.13179101933308934,
      0.46253252380547233,
      -0.08047067619224163
    ],
    "wrists": [
      -0.2757895518362604,
      0.39282544913651424,
      -0.16230988596331192
    ],
    "hips": [
      -0.22143128974497228,
      0.4878374769674221,
      -0.18320034057865292
    ]
  },
  "angles": {
    "shoulder": 20.42642427722355,
    "elbow": 152.12399464801533
  },
  "analysis_scores": {
    "alignment": 0.6179852465141097,
    "balance": 0.761712769202461,
    "form": 0.92826684096968,
    "stability": 0.7995870076149861,
    "coordination": 0.7584335044879567,
    "precision": 0.6117618205530123,
    "power": 0.9398057461940539,
    "efficiency": 0.7757621220464972,
    "safety": 0.685200418698566,
    "overall": 0.6553472018087999,
    "shoulder": 1.0,
    "elbow": 0.7211418545787717,
    "wrist": 1.0,
    "hip": 0.9616050911034185,
    "knee": 0.9250317311717088,
    "ankle": 0.9818875582975239,
    "back": 0.6061064579935752,
    "neck": 0.8502112790454053
  },
  "recommendations": {
    "form": "Good form, continue practicing with current technique",
    "alignment": "Work on maintaining symmetrical movement patterns",
    "stability": "Good stability, continue with current technique",
    "power": "Good power output, maintain current intensity"
  },
  "safety_considerations": []
}