{
  "power_generation": {
    "explosiveness": 0.7843266462214007,
    "force_transfer": 0.9315779855707084,
    "efficiency": 0.535767496725368
  },
  "technical_metrics": {
    "precision": 0.655874577562317,
    "consistency": 0.9050744431764651,
    "fluidity": 0.8330435395810925
  },
  "biomechanical_metrics": {
    "joint_loading": 0.6851407404549243,
    "muscle_activation": 0.6231657090344771,
    "energy_efficiency": 0.6638973932893389
  }
}