{
  "key_points": {
    "shoulders": [
      -0.002389579371507994,
      0.6592384808472703,
      -0.09889989788051051
    ],
    "elbows": [
      -0.21315845435580266,
      0.41753773013723666,
      0.092944103266728
    ],
    "wrists": [
      -0.3257100614618058,
      0.4135142112677222,
      0.09734079918726665
    ],
    "hips": [
      0.16066570219996495,
      0.33237988410842273,
      -0.039888797512499165
    ],
    "knees": [
      0.05138057526420575,
      0.39968428173620496,
      0.04635207740844721
    ],
    "ankles": [
      0.24817801788431204,
      0.13773919189261438,
      -0.022498843698602305
    ]
  },
  "angles": {
    "knee": 111.03288449737202,
    "hip": 42.264117216598144,
    "shoulder": 63.93504508035308,
    "elbow": 110.9067260630384
  },
  "analysis_scores": {
    "alignment": 0.9703055612127323,
    "balance": 0.8025641558930472,
    "form": 0.6524658684523335,
    "stability": 0.6052930134914646,
    "coordination": 0.9426502034541964,
    "precision": 0.7794588158384634,
    "power": 0.6186064340107907,
    "efficiency": 0.672538196588905,
    "safety": 0.9397914850414631,
    "overall": 0.7173669270628241,
    "shoulder": 0.6648304093150803,
    "elbow": 0.9221693083324048,
    "wrist": 0.9008048764204903,
    "hip": 0.7366932993855743,
    "knee": 0.9826856947535925,
    "ankle": 0.6619575346722856,
    "back": 0.6866319115833488,
    "neck": 0.674092473492705
  },
  "recommendations": {
    "form": "Good form, continue practicing with current technique",
    "alignment": "Good alignment, maintain current technique",
    "stability": "Good stability, continue with current technique",
    "power": "Good power output, maintain current intensity"
  },
  "safety_considerations": [
    "Focus on proper shoulder mechanics for accurate passing",
    "Maintain proper wrist alignment for ball control"
  ]
}