{
  "power_generation": {
    "explosiveness": 0.8501654941520702,
    "force_transfer": 0.9248292452321523,
    "efficiency": 0.9213849318377761
  },
  "technical_metrics": {
    "precision": 0.880233181135919,
    "consistency": 0.6594195635254185,
    "fluidity": 0.5645212451656766
  },
  "biomechanical_metrics": {
    "joint_loading": 0.9116091472276364,
    "muscle_activation": 0.6816365512651859,
    "energy_efficiency": 0.9118752180128911
  }
}