{
  "key_points": {
    "shoulders": [
      0.0870859178846401,
      0.6107407078573861,
      0.015869039700331558
    ],
    "elbows": [
      0.13794483408157615,
      0.43105630937685385,
      -0.03145021448105105
    ],
    "wrists": [
      -0.0982562606129106,
      0.36997629555000733,
      -0.08411548321529183
    ],
    "hips": [
      0.02385672111778714,
      0.336822141646071,
      -0.0975677552346131
    ],
    "knees": [
      -0.2246924654139566,
      0.31199236271239195,
      0.014901125456461231
    ],
    "ankles": [
      -0.30833967037562005,
      0.2663735737880568,
      -0.09643643362510897
    ]
  },
  "angles": {
    "knee": 87.99079395929003,
    "hip": 83.89209845891618,
    "shoulder": 52.2199591860503,
    "elbow": 162.218288001155
  },
  "analysis_scores": {
    "alignment": 0.760652912622047,
    "balance": 0.8761904279861427,
    "form": 0.7570203883712927,
    "stability": 0.8523052784379105,
    "coordination": 0.6311865011873125,
    "precision": 0.7113393999745605,
    "power": 0.8024574508418385,
    "efficiency": 0.6330903358803188,
    "safety": 0.72700533324716,
    "overall": 0.8896193150202276,
    "shoulder": 0.8969631845134162,
    "elbow": 0.664059109722179,
    "wrist": 0.6140424806416719,
    "hip": 0.9851779809769,
    "knee": 0.6493315063441528,
    "ankle": 0.8222891870066382,
    "back": 0.9993164317759121,
    "neck": 0.6242173467691461
  },
  "recommendations": {
    "form": "Good form, continue practicing with current technique",
    "alignment": "Good alignment, maintain current technique",
    "stability": "Good stability, continue with current technique",
    "power": "Good power output, maintain current intensity"
  },
  "safety_considerations": []
}