{
  "key_points": {
    "shoulders": [
      0.15525791219947638,
      0.535175137433747,
      0.06653645775291425
    ],
    "elbows": [
      -0.13521552381884522,
      0.5167509333571739,
      0.06952418659249701
    ],
    "wrists": [
      -0.1883381948429368,
      0.3785831460047072,
      0.012096837507297148
    ],
    "hips": [
      0.09157820077327261,
      0.39651585675268375,
      0.054759892092819035
    ],
    "knees": [
      0.04541961998782329,
      0.37354358420480466,
      0.027192263268789818
    ],
    "ankles": [
      -0.07508200986034436,
      0.2897955939139273,
      0.0924158192199179
    ]
  },
  "angles": {
    "knee": 74.80639433991229,
    "hip": 128.8044051861769,
    "shoulder": 22.813573566410646,
    "elbow": 70.10163241179788
  },
  "analysis_scores": {
    "alignment": 0.7239715747213287,
    "balance": 0.9117482335083709,
    "form": 0.8151811147692946,
    "stability": 0.6343876623892709,
    "coordination": 0.7735614572453011,
    "precision": 0.918276278300625,
    "power": 0.6266879466413983,
    "efficiency": 0.659430677941366,
    "safety": 0.9308319123055206,
    "overall": 0.6235520205772632,
    "shoulder": 0.7562885345838287,
    "elbow": 0.9031196931179097,
    "wrist": 0.6355163314140375,
    "hip": 0.7454466972285829,
    "knee": 0.7488153531837581,
    "ankle": 0.9530618657588469,
    "back": 0.7777961012890948,
    "neck": 0.8810337934369736
  },
  "recommendations": {
    "form": "Focus on maintaining proper joint angles during movement",
    "alignment": "Good alignment, maintain current technique",
    "stability": "Good stability, continue with current technique",
    "power": "Good power output, maintain current intensity"
  },
  "safety_considerations": [
    "Focus on maintaining proper back alignment during takedowns",
    "Maintain proper hip positioning for stability",
    "Ensure proper knee alignment to prevent injury"
  ]
}