{
  "power_generation": {
    "explosiveness": 0.9951190076215783,
    "force_transfer": 0.8945499073671319,
    "efficiency": 0.6913012733350417
  },
  "technical_metrics": {
    "precision": 0.5410926757910565,
    "consistency": 0.7208349925172197,
    "fluidity": 0.6318462477695159
  },
  "biomechanical_metrics": {
    "joint_loading": 0.818151631139765,
    "muscle_activation": 0.7899361382573706,
    "energy_efficiency": 0.6832399701423568
  }
}