{
  "key_points": {
    "shoulders": [
      -0.1956077049229765,
      0.5072438857570414,
      0.03739268015118555
    ],
    "elbows": [
      0.26993488007229266,
      0.44240888975742104,
      0.007949197301708136
    ],
    "wrists": [
      0.06603061835683155,
      0.45796808046918946,
      0.0683693042910446
    ],
    "hips": [
      -0.080638795485726,
      0.3554268886026535,
      -0.09965778012947063
    ],
    "knees": [
      0.2897423474297655,
      0.2634628727171673,
      0.05339133662029022
    ],
    "ankles": [
      -0.3738135650526438,
      0.2587550166260817,
      -0.004483254099609299
    ]
  },
  "angles": {
    "knee": 104.8082898801527,
    "hip": 173.00384057539833,
    "shoulder": 8.934901059104014,
    "elbow": 82.13848238452148
  },
  "analysis_scores": {
    "alignment": 0.9903265309691618,
    "balance": 0.6304575369543851,
    "form": 0.6052521611592743,
    "stability": 0.7437374916176885,
    "coordination": 0.9659577119467179,
    "precision": 0.6290797452560477,
    "power": 0.6349154075999138,
    "efficiency": 0.9059827665816009,
    "safety": 0.9092470540646354,
    "overall": 0.7150506590573344,
    "shoulder": 0.8870247369648779,
    "elbow": 0.9037680883593844,
    "wrist": 0.8779953620402763,
    "hip": 0.6744988646204236,
    "knee": 0.6116885301853607,
    "ankle": 0.6645323174318629,
    "back": 0.8052507887018879,
    "neck": 0.7561141975166562
  },
  "recommendations": {
    "form": "Good form, continue practicing with current technique",
    "alignment": "Work on maintaining symmetrical movement patterns",
    "stability": "Good stability, continue with current technique",
    "power": "Good power output, maintain current intensity"
  },
  "safety_considerations": []
}