{
  "power_generation": {
    "explosiveness": 0.9056212147271208,
    "force_transfer": 0.544029303393144,
    "efficiency": 0.686422054753705
  },
  "technical_metrics": {
    "precision": 0.5851602960567308,
    "consistency": 0.8074597927040978,
    "fluidity": 0.8583756407661746
  },
  "biomechanical_metrics": {
    "joint_loading": 0.785361926549788,
    "muscle_activation": 0.9640599470536755,
    "energy_efficiency": 0.7905406086005009
  }
}