{
  "key_points": {
    "shoulders": [
      -0.1683653784824265,
      0.585892140788502,
      0.05564751968350559
    ],
    "elbows": [
      0.01903647869236902,
      0.5239635355396063,
      -0.014505648607383126
    ],
    "wrists": [
      0.20492858604007624,
      0.4560516893989782,
      -0.0005815076165600619
    ],
    "hips": [
      -0.18646232689672845,
      0.4743193664202274,
      -0.05809441876890571
    ],
    "knees": [
      -0.12088465936800655,
      0.3742967345187912,
      0.0008428490613787976
    ],
    "ankles": [
      -0.3318396225068866,
      0.2206829021092252,
      -0.0834493566602239
    ]
  },
  "angles": {
    "knee": 125.21887729521464,
    "hip": 87.53881258962004,
    "shoulder": 31.756818271083926,
    "elbow": 74.07132381057896
  },
  "analysis_scores": {
    "alignment": 0.9881672405577531,
    "balance": 0.9380068314672905,
    "form": 0.9345304959489057,
    "stability": 0.7677654726526754,
    "coordination": 0.8456055246086042,
    "precision": 0.8401458409059905,
    "power": 0.6908090644472354,
    "efficiency": 0.7870764248952762,
    "safety": 0.7402455064795797,
    "overall": 0.7169800695584776,
    "shoulder": 0.9300630678185878,
    "elbow": 0.7321704905515171,
    "wrist": 0.9972401048040873,
    "hip": 0.8530963067952502,
    "knee": 0.8891605976432118,
    "ankle": 0.6081289009419986,
    "back": 0.6463920616500204,
    "neck": 0.9920112324053556
  },
  "recommendations": {
    "form": "Good form, continue practicing with current technique",
    "alignment": "Good alignment, maintain current technique",
    "stability": "Good stability, continue with current technique",
    "power": "Good power output, maintain current intensity"
  },
  "safety_considerations": [
    "Work on balance and stability to prevent falls"
  ]
}