{
  "power_generation": {
    "explosiveness": 0.7595615550885905,
    "force_transfer": 0.9724858883864181,
    "efficiency": 0.9426679320800901
  },
  "technical_metrics": {
    "precision": 0.7827219350428534,
    "consistency": 0.7825501043500149,
    "fluidity": 0.7140479667847858
  },
  "biomechanical_metrics": {
    "joint_loading": 0.9280343253882781,
    "muscle_activation": 0.7253908293045697,
    "energy_efficiency": 0.7965856417336872
  }
}