{
  "key_points": {
    "shoulders": [
      -0.12274902095825935,
      0.6356879989941959,
      0.07598603677555629
    ],
    "elbows": [
      0.13474684080430838,
      0.45767606970754526,
      0.05420478767914416
    ],
    "wrists": [
      -0.12186340671627666,
      0.4950212878105147,
      0.03816035983852745
    ],
    "hips": [
      0.1303177185410071,
      0.3303500757770986,
      -0.08581684634988757
    ],
    "knees": [
      0.07710068593905933,
      0.3697739791142299,
      -0.09620996417033184
    ],
    "ankles": [
      0.1139174185006111,
      0.18919336721520627,
      0.008953570934129434
    ]
  },
  "angles": {
    "knee": 96.00900303404461,
    "hip": 38.053261692970224,
    "shoulder": 68.41448930252325,
    "elbow": 166.21410626454048
  },
  "analysis_scores": {
    "alignment": 0.7930331210667129,
    "balance": 0.9167839739872004,
    "form": 0.8607340404676702,
    "stability": 0.7508798673146125,
    "coordination": 0.926838534731308,
    "precision": 0.6295947874302236,
    "power": 0.888773842611422,
    "efficiency": 0.9313246240664361,
    "safety": 0.9612660351428208,
    "overall": 0.9218551575009463,
    "shoulder": 0.9335435466806343,
    "elbow": 0.8412371336079434,
    "wrist": 0.9767985642223853,
    "hip": 0.8106579569683212,
    "knee": 0.8494950692210754,
    "ankle": 0.6713212295124477,
    "back": 0.9704714093062278,
    "neck": 0.7306217596773165
  },
  "recommendations": {
    "form": "Good form, continue practicing with current technique",
    "alignment": "Good alignment, maintain current technique",
    "stability": "Good stability, continue with current technique",
    "power": "Good power output, maintain current intensity"
  },
  "safety_considerations": []
}