{
  "power_generation": {
    "explosiveness": 0.5173543935894109,
    "force_transfer": 0.5900308036722852,
    "efficiency": 0.6754917334752413
  },
  "technical_metrics": {
    "precision": 0.5814283927892511,
    "consistency": 0.899074606206482,
    "fluidity": 0.5840990260926725
  },
  "biomechanical_metrics": {
    "joint_loading": 0.6344708158549425,
    "muscle_activation": 0.938071352480804,
    "energy_efficiency": 0.8230950874680011
  }
}