{
  "key_points": {
    "shoulders": [
      0.15547508520711223,
      0.6573654021890931,
      -0.08129225787199586
    ],
    "elbows": [
      -0.26265045327103326,
      0.43453303161919016,
      -0.052714518273755444
    ],
    "wrists": [
      0.21631389294931502,
      0.4842583829801477,
      0.05747687672725721
    ],
    "hips": [
      0.06985312345849459,
      0.3442053785100002,
      0.09670566249625165
    ],
    "knees": [
      -0.2544327165848937,
      0.2952344170699091,
      -0.030388777533754643
    ],
    "ankles": [
      -0.25171521251749707,
      0.23381845109499302,
      -0.023356638933456547
    ]
  },
  "angles": {
    "knee": 54.0300163811174,
    "hip": 90.8657978238868,
    "shoulder": 32.8760265928831,
    "elbow": 140.30868219796267
  },
  "analysis_scores": {
    "alignment": 0.9522310037230857,
    "balance": 0.8347066640914924,
    "form": 0.9408826698349518,
    "stability": 0.990660085404508,
    "coordination": 0.8452150824514665,
    "precision": 0.8818473800287756,
    "power": 0.7190141988918012,
    "efficiency": 0.8024022820148367,
    "safety": 0.938573337935038,
    "overall": 0.8834300831607562,
    "shoulder": 0.9952619752004499,
    "elbow": 0.6704925314198186,
    "wrist": 0.8971693391280917,
    "hip": 0.6644593615981745,
    "knee": 0.6309222598045703,
    "ankle": 0.8389779950383709,
    "back": 0.6999633859075542,
    "neck": 0.9543344815530459
  },
  "recommendations": {
    "form": "Focus on maintaining proper joint angles during movement",
    "alignment": "Good alignment, maintain current technique",
    "stability": "Good stability, continue with current technique",
    "power": "Good power output, maintain current intensity"
  },
  "safety_considerations": []
}