{
  "power_generation": {
    "explosiveness": 0.7600805685405965,
    "force_transfer": 0.5496882354244028,
    "efficiency": 0.9167319194824328
  },
  "technical_metrics": {
    "precision": 0.8062897980890629,
    "consistency": 0.5533854368217901,
    "fluidity": 0.6748575311241753
  },
  "biomechanical_metrics": {
    "joint_loading": 0.7394329763676426,
    "muscle_activation": 0.7795618549648897,
    "energy_efficiency": 0.526480929998586
  }
}