{
  "key_points": {
    "shoulders": [
      0.05587443690037219,
      0.5111449587351,
      0.0003955737621344768
    ],
    "elbows": [
      0.04389707281741717,
      0.47668018721288113,
      0.023228899970674788
    ],
    "wrists": [
      -0.0794653757700517,
      0.36968100145758265,
      0.05235960899425418
    ],
    "hips": [
      -0.07923249061928145,
      0.40140899334138197,
      0.05137785462566977
    ],
    "knees": [
      -0.09852514404327586,
      0.3200048200301795,
      0.0749923101894657
    ],
    "ankles": [
      -0.11859135649988861,
      0.20364765131694745,
      0.01944031221819542
    ]
  },
  "angles": {
    "knee": 26.97785059193109,
    "hip": 112.49315306983667,
    "shoulder": 9.466119741988818,
    "elbow": 73.07558095104739
  },
  "analysis_scores": {
    "alignment": 0.7395302042049471,
    "balance": 0.9773414043943054,
    "form": 0.9302967154639306,
    "stability": 0.656455941486538,
    "coordination": 0.8682184599014211,
    "precision": 0.8172603832095069,
    "power": 0.9199854093636781,
    "efficiency": 0.966742251819288,
    "safety": 0.921361367759129,
    "overall": 0.8625303482314244,
    "shoulder": 0.8886426445186422,
    "elbow": 0.7667140929804541,
    "wrist": 0.6362617278388988,
    "hip": 0.6970390373723896,
    "knee": 0.9217507605234401,
    "ankle": 0.6971518366665004,
    "back": 0.9647402822399768,
    "neck": 0.9811639292957182
  },
  "recommendations": {
    "form": "Good form, continue practicing with current technique",
    "alignment": "Work on maintaining symmetrical movement patterns",
    "stability": "Focus on maintaining proper posture and balance",
    "power": "Consider increasing intensity gradually"
  },
  "safety_considerations": []
}