{
  "power_generation": {
    "explosiveness": 0.9228243326002811,
    "force_transfer": 0.68379993876691,
    "efficiency": 0.8986615450139517
  },
  "technical_metrics": {
    "precision": 0.8770855977688705,
    "consistency": 0.9756521291480872,
    "fluidity": 0.9465077297791121
  },
  "biomechanical_metrics": {
    "joint_loading": 0.7257934446706527,
    "muscle_activation": 0.650689844641755,
    "energy_efficiency": 0.5905592629671614
  }
}