{
  "key_points": {
    "shoulders": [
      -0.02466565179945776,
      0.5820185144822202,
      -0.06686616971006323
    ],
    "elbows": [
      0.19374500761059427,
      0.5073262411910403,
      0.0737653611635454
    ],
    "wrists": [
      0.021154421439427806,
      0.4575321410456512,
      -0.05739122939280337
    ],
    "hips": [
      -0.0036670244567941768,
      0.4543750682941037,
      -0.07632620124192742
    ],
    "knees": [
      0.26777436639149416,
      0.26760537626266784,
      0.009587970838541168
    ],
    "ankles": [
      0.2506386818700932,
      0.25490800002113423,
      -0.02967123175837119
    ]
  },
  "angles": {
    "knee": 36.087049937529365,
    "hip": 76.0057140602655,
    "shoulder": 44.013957437844375,
    "elbow": 130.70830871123016
  },
  "analysis_scores": {
    "alignment": 0.9876863424544489,
    "balance": 0.8209540757045115,
    "form": 0.6140898900103928,
    "stability": 0.6672167543171733,
    "coordination": 0.7209768236741106,
    "precision": 0.8889307558774684,
    "power": 0.9982335068023813,
    "efficiency": 0.7638753467225675,
    "safety": 0.8548487850424279,
    "overall": 0.795416019557454,
    "shoulder": 0.9903997444390629,
    "elbow": 0.8919092628621343,
    "wrist": 0.689973344869564,
    "hip": 0.989208919932866,
    "knee": 0.6567741876422281,
    "ankle": 0.9749311570037087,
    "back": 0.7039610502348759,
    "neck": 0.688195536022047
  },
  "recommendations": {
    "form": "Good form, continue practicing with current technique",
    "alignment": "Good alignment, maintain current technique",
    "stability": "Good stability, continue with current technique",
    "power": "Good power output, maintain current intensity"
  },
  "safety_considerations": [
    "Focus on proper hip positioning to prevent strain",
    "Maintain proper knee alignment to prevent injury"
  ]
}