{
  "power_generation": {
    "explosiveness": 0.5542416254730012,
    "force_transfer": 0.7126476988024613,
    "efficiency": 0.6636407770521079
  },
  "technical_metrics": {
    "precision": 0.5132273676348773,
    "consistency": 0.87182783464267,
    "fluidity": 0.5851986438380548
  },
  "biomechanical_metrics": {
    "joint_loading": 0.8568043435650731,
    "muscle_activation": 0.9673300467084629,
    "energy_efficiency": 0.8698004587029848
  }
}