{
  "key_points": {
    "shoulders": [
      -0.10269711216574129,
      0.6127733452569901,
      0.02248875184017224
    ],
    "hips": [
      0.24116666574253176,
      0.5480240883833549,
      -0.18017164133600616
    ],
    "knees": [
      0.4388085514601696,
      0.33394516398911167,
      -0.022586390951809004
    ],
    "ankles": [
      -0.13181328944427878,
      0.26321078973229173,
      0.07335830761315759
    ]
  },
  "angles": {
    "knee": 59.67583958871496,
    "hip": 20.37679374908658,
    "shoulder": 82.13514420240512
  },
  "analysis_scores": {
    "alignment": 0.7673986798676774,
    "balance": 0.8110423389215197,
    "form": 0.6036357960351538,
    "stability": 0.6479859251804662,
    "coordination": 0.8545680051824507,
    "precision": 0.785564882398694,
    "power": 0.8649983165756187,
    "efficiency": 0.6732775234763949,
    "safety": 0.7512938560210558,
    "overall": 0.8091067993649819,
    "shoulder": 0.8266432040304088,
    "elbow": 0.6797065798979931,
    "wrist": 0.6849951053308563,
    "hip": 1.0,
    "knee": 1.0,
    "ankle": 1.0,
    "back": 0.7453453249263883,
    "neck": 0.9590591295863086
  },
  "recommendations": {
    "form": "Good form, continue practicing with current technique",
    "alignment": "Good alignment, maintain current technique",
    "stability": "Good stability, continue with current technique",
    "power": "Good power output, maintain current intensity"
  },
  "safety_considerations": []
}