{
  "power_generation": {
    "explosiveness": 0.70343731781114,
    "force_transfer": 0.7012294542798561,
    "efficiency": 0.5488494064983116
  },
  "technical_metrics": {
    "precision": 0.8906868403035405,
    "consistency": 0.7497513654628395,
    "fluidity": 0.8389633926959502
  },
  "biomechanical_metrics": {
    "joint_loading": 0.6268599479622252,
    "muscle_activation": 0.6880746605645258,
    "energy_efficiency": 0.999421041962512
  }
}