{
  "key_points": {
    "shoulders": [
      -0.1468320553613597,
      0.5180416864492733,
      -0.09460083962374073
    ],
    "elbows": [
      -0.0591296267462898,
      0.5804820516230436,
      -0.02457286341937444
    ],
    "wrists": [
      0.2532903132394948,
      0.4141804692860835,
      -0.08685815186152074
    ],
    "hips": [
      0.13920490095401922,
      0.3534638965229446,
      0.0581570768126235
    ],
    "knees": [
      -2.358740221503064e-05,
      0.2293625990737156,
      0.06836536189964429
    ],
    "ankles": [
      -0.3520650608275195,
      0.26964088417101173,
      0.026112555323901138
    ]
  },
  "angles": {
    "knee": 93.38608245030846,
    "hip": 134.26104009900465,
    "shoulder": 31.853726214726255,
    "elbow": 81.04611493888032
  },
  "analysis_scores": {
    "alignment": 0.7077548391415979,
    "balance": 0.8493204356211681,
    "form": 0.8053289477040037,
    "stability": 0.9917525016322576,
    "coordination": 0.9037274825434355,
    "precision": 0.9426829608034604,
    "power": 0.7252348092636764,
    "efficiency": 0.9178927916372716,
    "safety": 0.9195610530661156,
    "overall": 0.7426296428681952,
    "shoulder": 0.6981576005881889,
    "elbow": 0.6302183458328973,
    "wrist": 0.6408572988452658,
    "hip": 0.8669850674159914,
    "knee": 0.9056118713937021,
    "ankle": 0.7262552480055615,
    "back": 0.9250793598803678,
    "neck": 0.8742593901230091
  },
  "recommendations": {
    "form": "Good form, continue practicing with current technique",
    "alignment": "Good alignment, maintain current technique",
    "stability": "Focus on maintaining proper posture and balance",
    "power": "Consider increasing intensity gradually"
  },
  "safety_considerations": [
    "Maintain proper hip rotation",
    "Ensure proper body alignment during throw"
  ]
}