{
  "power_generation": {
    "explosiveness": 0.7048199009080854,
    "force_transfer": 0.9066174233362034,
    "efficiency": 0.6558453682131765
  },
  "technical_metrics": {
    "precision": 0.9633114360059969,
    "consistency": 0.9920396557903243,
    "fluidity": 0.8872069165437442
  },
  "biomechanical_metrics": {
    "joint_loading": 0.7787068327919895,
    "muscle_activation": 0.8898134247080491,
    "energy_efficiency": 0.58515654616762
  }
}