{
  "key_points": {
    "shoulders": [
      0.18041078709727726,
      0.6925998752414545,
      -0.056987138453072864
    ],
    "elbows": [
      -0.07925400284718137,
      0.49714515595603853,
      -0.014769463209213948
    ],
    "wrists": [
      0.10999906307094176,
      0.42551559805646966,
      -0.08837284097908416
    ],
    "hips": [
      0.0844508480259068,
      0.4103500681674175,
      -0.011827704901373817
    ],
    "knees": [
      0.10099426223471109,
      0.21196326805881902,
      -0.08694016204618378
    ],
    "ankles": [
      -0.20548489287557406,
      0.2857409695980093,
      -0.07161679684582285
    ]
  },
  "angles": {
    "knee": 113.84782543242548,
    "hip": 51.70880261925517,
    "shoulder": 26.320403381913213,
    "elbow": 118.65399226304501
  },
  "analysis_scores": {
    "alignment": 0.7696191046179063,
    "balance": 0.7570932761897974,
    "form": 0.7567280725950554,
    "stability": 0.8647855598251727,
    "coordination": 0.8918127929080557,
    "precision": 0.9906645467413893,
    "power": 0.8115051624531676,
    "efficiency": 0.9767412975220436,
    "safety": 0.9526376432346915,
    "overall": 0.7978352568089788,
    "shoulder": 0.9673356446352546,
    "elbow": 0.9220507196834103,
    "wrist": 0.6075922284074222,
    "hip": 0.7498517005023871,
    "knee": 0.7890216138104191,
    "ankle": 0.6494470439194836,
    "back": 0.8305905885224709,
    "neck": 0.6966185145712444
  },
  "recommendations": {
    "form": "Good form, continue practicing with current technique",
    "alignment": "Good alignment, maintain current technique",
    "stability": "Good stability, continue with current technique",
    "power": "Consider increasing intensity gradually"
  },
  "safety_considerations": []
}