{
  "power_generation": {
    "explosiveness": 0.668439539943519,
    "force_transfer": 0.8549595648269439,
    "efficiency": 0.8561822278130037
  },
  "technical_metrics": {
    "precision": 0.86905372547323,
    "consistency": 0.9794173108958281,
    "fluidity": 0.6475904255221765
  },
  "biomechanical_metrics": {
    "joint_loading": 0.5762050337306573,
    "muscle_activation": 0.6782821952957052,
    "energy_efficiency": 0.6225979993421988
  }
}