{
  "key_points": {
    "shoulders": [
      -0.01978867722116534,
      0.5125495242709818,
      -0.06297151677801421
    ],
    "elbows": [
      0.14882485076179558,
      0.4505073644730055,
      0.06680811683496929
    ],
    "wrists": [
      0.23578245750758675,
      0.4338986014729377,
      0.02359828184743276
    ],
    "hips": [
      -0.003848317067230267,
      0.44260095098615326,
      0.07847227665151266
    ],
    "knees": [
      -0.05019824257888822,
      0.20285035591095515,
      -0.03063640685414444
    ],
    "ankles": [
      -0.32998868137501314,
      0.138546918943505,
      -0.038431565353060006
    ]
  },
  "angles": {
    "knee": 85.47441438389568,
    "hip": 98.3372195832681,
    "shoulder": 54.60029383539243,
    "elbow": 131.31005824644495
  },
  "analysis_scores": {
    "alignment": 0.8688925500582592,
    "balance": 0.8835257801713572,
    "form": 0.6596776335473589,
    "stability": 0.8967983722803071,
    "coordination": 0.8481232481926984,
    "precision": 0.8828998916916457,
    "power": 0.6377607447109612,
    "efficiency": 0.9672166311133972,
    "safety": 0.6839304838459207,
    "overall": 0.8546486186169702,
    "shoulder": 0.6608396142525899,
    "elbow": 0.7008719206296716,
    "wrist": 0.7877790372616316,
    "hip": 0.6170241524089398,
    "knee": 0.6379658430214471,
    "ankle": 0.9471137555447384,
    "back": 0.932047672301758,
    "neck": 0.6609555119464395
  },
  "recommendations": {
    "form": "Focus on maintaining proper joint angles during movement",
    "alignment": "Good alignment, maintain current technique",
    "stability": "Good stability, continue with current technique",
    "power": "Consider increasing intensity gradually"
  },
  "safety_considerations": [
    "Work on balance and stability"
  ]
}