{
  "power_generation": {
    "explosiveness": 0.7487490790318345,
    "force_transfer": 0.6739030654357737,
    "efficiency": 0.6430299404626156
  },
  "technical_metrics": {
    "precision": 0.683615751442846,
    "consistency": 0.9345849176206539,
    "fluidity": 0.514807531339176
  },
  "biomechanical_metrics": {
    "joint_loading": 0.571307679786651,
    "muscle_activation": 0.7160050433290654,
    "energy_efficiency": 0.9762159160630783
  }
}