{
  "key_points": {
    "shoulders": [
      -0.06372187819783265,
      0.5524491331753844,
      0.08313025631290832
    ],
    "elbows": [
      0.07018446117302224,
      0.46562641928360743,
      0.035737368721853624
    ],
    "wrists": [
      -0.2823306419484432,
      0.482062075385317,
      -0.060322324235621054
    ],
    "hips": [
      -0.13223163769980556,
      0.41916545168771746,
      0.014332186878555128
    ],
    "knees": [
      0.004319419319053774,
      0.32572067703598945,
      0.07051721623420362
    ],
    "ankles": [
      -0.3372611125863998,
      0.1755334848573872,
      -0.06415214153074669
    ]
  },
  "angles": {
    "knee": 100.19848856701792,
    "hip": 101.13984244195036,
    "shoulder": 16.108798351728197,
    "elbow": 127.14858449317396
  },
  "analysis_scores": {
    "alignment": 0.8073986919305528,
    "balance": 0.8853692687750099,
    "form": 0.7458981791917818,
    "stability": 0.6898267216937577,
    "coordination": 0.6021339307742545,
    "precision": 0.8405635880764665,
    "power": 0.618505431588363,
    "efficiency": 0.909532796212538,
    "safety": 0.6371986665940838,
    "overall": 0.7569707525717332,
    "shoulder": 0.9596189158748069,
    "elbow": 0.79733932803973,
    "wrist": 0.6020578760051338,
    "hip": 0.6655911292540988,
    "knee": 0.9768091361269625,
    "ankle": 0.7776744128692817,
    "back": 0.9572844316207647,
    "neck": 0.9952322606498895
  },
  "recommendations": {
    "form": "Good form, continue practicing with current technique",
    "alignment": "Work on maintaining symmetrical movement patterns",
    "stability": "Good stability, continue with current technique",
    "power": "Consider increasing intensity gradually"
  },
  "safety_considerations": []
}