{
  "power_generation": {
    "explosiveness": 0.9264002495793324,
    "force_transfer": 0.6793047777445781,
    "efficiency": 0.782475986049667
  },
  "technical_metrics": {
    "precision": 0.833844817475758,
    "consistency": 0.8117800599989189,
    "fluidity": 0.5693894480802042
  },
  "biomechanical_metrics": {
    "joint_loading": 0.7460561272568716,
    "muscle_activation": 0.7434570764694299,
    "energy_efficiency": 0.7265526882589142
  }
}