{
  "key_points": {
    "shoulders": [
      -0.03264070019347062,
      0.6140354445708018,
      -0.04084048250822636
    ],
    "elbows": [
      -0.25565857841225037,
      0.5077687080223255,
      -0.022688255868859655
    ],
    "wrists": [
      -0.06630846123877915,
      0.49259266561707155,
      0.06951656576969262
    ],
    "hips": [
      -0.19654219479214247,
      0.30481092543563254,
      -0.05239252308295317
    ],
    "knees": [
      -0.1359220560896171,
      0.2303410976456558,
      0.0738887233661468
    ],
    "ankles": [
      -0.06330733813240308,
      0.1985289045674744,
      -0.044012095159331244
    ]
  },
  "angles": {
    "knee": 91.94511041563592,
    "hip": 80.47642286961592,
    "shoulder": 72.78783443779892,
    "elbow": 92.72257692962111
  },
  "analysis_scores": {
    "alignment": 0.8598027059146423,
    "balance": 0.8531740714640426,
    "form": 0.6951888579220687,
    "stability": 0.752344230096412,
    "coordination": 0.9214506020653044,
    "precision": 0.9211418914597057,
    "power": 0.6703364469456441,
    "efficiency": 0.6826177089398274,
    "safety": 0.7768069239378902,
    "overall": 0.9518855060182596,
    "shoulder": 0.7387941828276026,
    "elbow": 0.6726336630780814,
    "wrist": 0.8542613038084499,
    "hip": 0.6089433039175907,
    "knee": 0.723523798037353,
    "ankle": 0.6990874821986702,
    "back": 0.9246841413013176,
    "neck": 0.9211348579977179
  },
  "recommendations": {
    "form": "Focus on maintaining proper joint angles during movement",
    "alignment": "Good alignment, maintain current technique",
    "stability": "Focus on maintaining proper posture and balance",
    "power": "Good power output, maintain current intensity"
  },
  "safety_considerations": [
    "Maintain proper knee alignment to prevent injury",
    "Ensure proper ankle positioning to prevent sprains"
  ]
}