{
  "power_generation": {
    "explosiveness": 0.7391956461147269,
    "force_transfer": 0.6391706864673249,
    "efficiency": 0.6749693134754313
  },
  "technical_metrics": {
    "precision": 0.9105234538560356,
    "consistency": 0.6129094835806628,
    "fluidity": 0.7096364246282474
  },
  "biomechanical_metrics": {
    "joint_loading": 0.6015011372688206,
    "muscle_activation": 0.7627226221980882,
    "energy_efficiency": 0.6634643991675888
  }
}