{
  "key_points": {
    "shoulders": [
      0.06493571485441957,
      0.6331364537711366,
      0.043145700137013826
    ],
    "elbows": [
      -0.25851050652956714,
      0.4792626837890691,
      0.028385691687949688
    ],
    "wrists": [
      0.007775797129606965,
      0.43894565301741806,
      -0.003965389921656598
    ],
    "hips": [
      0.15327253639584976,
      0.394571088538156,
      -0.07749220068570484
    ],
    "knees": [
      -0.15829499564830105,
      0.2702124846266224,
      -0.09004178659805312
    ],
    "ankles": [
      -0.2830543698226815,
      0.2788860607920258,
      -0.05697234991397857
    ]
  },
  "angles": {
    "knee": 34.15790031467378,
    "hip": 70.15500652896148,
    "shoulder": 48.75616477353659,
    "elbow": 154.97521819347708
  },
  "analysis_scores": {
    "alignment": 0.8959415932730154,
    "balance": 0.8963135434297363,
    "form": 0.7913311397927072,
    "stability": 0.9851106463339159,
    "coordination": 0.6786395597148589,
    "precision": 0.9836607693238733,
    "power": 0.6916801949559298,
    "efficiency": 0.7889392798111472,
    "safety": 0.6217630211077324,
    "overall": 0.9042360016472298,
    "shoulder": 0.9442298538366083,
    "elbow": 0.7052944791540798,
    "wrist": 0.9658044338641847,
    "hip": 0.8061890400770866,
    "knee": 0.7906892656212334,
    "ankle": 0.7520254737596843,
    "back": 0.6707458904850986,
    "neck": 0.9909196732302696
  },
  "recommendations": {
    "form": "Good form, continue practicing with current technique",
    "alignment": "Good alignment, maintain current technique",
    "stability": "Good stability, continue with current technique",
    "power": "Consider increasing intensity gradually"
  },
  "safety_considerations": []
}