{
  "key_points": {
    "shoulders": [
      -0.12058367192543229,
      0.56756051594,
      -0.08300936259572574
    ],
    "elbows": [
      -0.016415901625841556,
      0.5038560132133495,
      -0.05069619391855582
    ],
    "wrists": [
      0.26831044103650536,
      0.4791791296232315,
      -0.019703203979370726
    ],
    "hips": [
      -0.04895222627302154,
      0.4732119023294339,
      -0.00010202013470897442
    ],
    "knees": [
      0.04749741553450304,
      0.34496471326604855,
      -0.033060987000471595
    ],
    "ankles": [
      -0.16740418593624248,
      0.1955420306716094,
      -0.09377826657487152
    ]
  },
  "angles": {
    "knee": 162.50485526464746,
    "hip": 118.55580604186684,
    "shoulder": 22.876668362039243,
    "elbow": 34.07314676842342
  },
  "analysis_scores": {
    "alignment": 0.6956332666819481,
    "balance": 0.736080199399523,
    "form": 0.6208912789222311,
    "stability": 0.8592431288916094,
    "coordination": 0.7777554975060694,
    "precision": 0.7824869318545296,
    "power": 0.9561409563434367,
    "efficiency": 0.9726063730422003,
    "safety": 0.8657066976969741,
    "overall": 0.8340960730383293,
    "shoulder": 0.9793184210626389,
    "elbow": 0.9414191549019085,
    "wrist": 0.8761074694744955,
    "hip": 0.9188720071687297,
    "knee": 0.6514374069080119,
    "ankle": 0.925997075043826,
    "back": 0.732462127819541,
    "neck": 0.7836630425468539
  },
  "recommendations": {
    "form": "Good form, continue practicing with current technique",
    "alignment": "Work on maintaining symmetrical movement patterns",
    "stability": "Good stability, continue with current technique",
    "power": "Good power output, maintain current intensity"
  },
  "safety_considerations": []
}