{
  "power_generation": {
    "explosiveness": 0.5310962681419129,
    "force_transfer": 0.5766629514167976,
    "efficiency": 0.5134212884328876
  },
  "technical_metrics": {
    "precision": 0.9664663146420956,
    "consistency": 0.7488695967505324,
    "fluidity": 0.6708758150775121
  },
  "biomechanical_metrics": {
    "joint_loading": 0.5568849422933073,
    "muscle_activation": 0.6731575720079137,
    "energy_efficiency": 0.755120023011298
  }
}