{
  "key_points": {
    "shoulders": [
      0.19520382915640422,
      0.5385111084338652,
      -0.04829796723975317
    ],
    "elbows": [
      0.2233832073428515,
      0.5136842303608756,
      0.06669420767575082
    ],
    "wrists": [
      0.3439173775708396,
      0.42651397840622424,
      0.068031312475586
    ],
    "hips": [
      0.056194598371342885,
      0.4080978670532984,
      0.03300500395531292
    ],
    "knees": [
      0.009425063606325557,
      0.39969765626964415,
      0.07746501529789324
    ],
    "ankles": [
      -0.2841009819724815,
      0.28882859770468317,
      0.07127759512416601
    ]
  },
  "angles": {
    "knee": 54.10481442501165,
    "hip": 100.7262491171448,
    "shoulder": 71.91967554142617,
    "elbow": 113.80414553776144
  },
  "analysis_scores": {
    "alignment": 0.9070947963407033,
    "balance": 0.7179707776400258,
    "form": 0.9207791563558413,
    "stability": 0.9042571204362566,
    "coordination": 0.975597584754644,
    "precision": 0.7549150136732499,
    "power": 0.7226559995572901,
    "efficiency": 0.6334855127736249,
    "safety": 0.7253060632022874,
    "overall": 0.6946401828990588,
    "shoulder": 0.875985471921632,
    "elbow": 0.9058301037576925,
    "wrist": 0.9874912426042607,
    "hip": 0.8126258609719899,
    "knee": 0.7038581193227131,
    "ankle": 0.8361831871173002,
    "back": 0.8855938161892987,
    "neck": 0.7003408987892553
  },
  "recommendations": {
    "form": "Good form, continue practicing with current technique",
    "alignment": "Good alignment, maintain current technique",
    "stability": "Good stability, continue with current technique",
    "power": "Consider increasing intensity gradually"
  },
  "safety_considerations": [
    "Ensure proper shoulder engagement to prevent impingement"
  ]
}