{
  "power_generation": {
    "explosiveness": 0.765178173215965,
    "force_transfer": 0.9187931544456738,
    "efficiency": 0.5532659690939683
  },
  "technical_metrics": {
    "precision": 0.7810054097668202,
    "consistency": 0.6004505216476137,
    "fluidity": 0.80112010774291
  },
  "biomechanical_metrics": {
    "joint_loading": 0.8844635834116795,
    "muscle_activation": 0.5855335420614352,
    "energy_efficiency": 0.9347152836325029
  }
}