{
  "key_points": {
    "shoulders": [
      0.13083975110515494,
      0.6785807153644072,
      0.08257763968269602
    ],
    "elbows": [
      -0.16238322912885847,
      0.44131152697012255,
      0.07046582758316713
    ],
    "wrists": [
      0.3660153803379378,
      0.43655187615050506,
      -0.05898430233234651
    ],
    "hips": [
      0.12667170207540485,
      0.46789867154015297,
      -0.060239792233648594
    ],
    "knees": [
      -0.2556124837876093,
      0.26833577435577183,
      -0.025588475822885925
    ],
    "ankles": [
      0.001151471132699533,
      0.21864342919198304,
      0.011762850190413607
    ]
  },
  "angles": {
    "knee": 65.24984646538391,
    "hip": 114.55519654544287,
    "shoulder": 6.334057543926158,
    "elbow": 106.00045252370485
  },
  "analysis_scores": {
    "alignment": 0.9004005720779665,
    "balance": 0.9045317392044089,
    "form": 0.85763962186526,
    "stability": 0.6985809324187401,
    "coordination": 0.6774621400696895,
    "precision": 0.6025884544113171,
    "power": 0.6987689013077101,
    "efficiency": 0.7726511638110877,
    "safety": 0.7472218599912352,
    "overall": 0.7010854329495365,
    "shoulder": 0.7176777704323221,
    "elbow": 0.7797710785932388,
    "wrist": 0.957735194445126,
    "hip": 0.6979814189916487,
    "knee": 0.7611009301927765,
    "ankle": 0.8647436738549189,
    "back": 0.7953609016983996,
    "neck": 0.895051919332116
  },
  "recommendations": {
    "form": "Good form, continue practicing with current technique",
    "alignment": "Good alignment, maintain current technique",
    "stability": "Good stability, continue with current technique",
    "power": "Good power output, maintain current intensity"
  },
  "safety_considerations": []
}