{
  "power_generation": {
    "explosiveness": 0.5220824421556595,
    "force_transfer": 0.7552238973597543,
    "efficiency": 0.6103839369049837
  },
  "technical_metrics": {
    "precision": 0.8805828344733276,
    "consistency": 0.9407497583728712,
    "fluidity": 0.5607920896689551
  },
  "biomechanical_metrics": {
    "joint_loading": 0.8828778137492174,
    "muscle_activation": 0.5130278274699618,
    "energy_efficiency": 0.6110614561192947
  }
}