{
  "key_points": {
    "shoulders": [
      -0.008405568585842266,
      0.5473973537594179,
      -0.087917954277231
    ],
    "elbows": [
      -0.20495373030159802,
      0.4706582399722281,
      -0.07492878848729843
    ],
    "wrists": [
      0.29747504062607477,
      0.3612030031833328,
      -0.042778826707270914
    ],
    "hips": [
      -0.17083525641196906,
      0.34670091472705433,
      -0.0422549702436833
    ],
    "knees": [
      -0.18206239818337033,
      0.2599206059760129,
      -0.08884498332356745
    ],
    "ankles": [
      -0.28859299705833613,
      0.17168822570914885,
      -0.08760670235627206
    ]
  },
  "angles": {
    "knee": 79.48952079861917,
    "hip": 155.53472305983271,
    "shoulder": 35.290899680265774,
    "elbow": 143.66983644978114
  },
  "analysis_scores": {
    "alignment": 0.7279447645962893,
    "balance": 0.7567515300517317,
    "form": 0.800392556038234,
    "stability": 0.7443090307389203,
    "coordination": 0.9065273670227252,
    "precision": 0.6790780221461664,
    "power": 0.7536222118114242,
    "efficiency": 0.8311499028156171,
    "safety": 0.9251657695108308,
    "overall": 0.6972615658814715,
    "shoulder": 0.7713652517825013,
    "elbow": 0.659620513579464,
    "wrist": 0.7680115634795983,
    "hip": 0.8984048535860826,
    "knee": 0.8302100522344997,
    "ankle": 0.6924646105819003,
    "back": 0.7737608362088488,
    "neck": 0.7495111698903755
  },
  "recommendations": {
    "form": "Focus on maintaining proper joint angles during movement",
    "alignment": "Good alignment, maintain current technique",
    "stability": "Good stability, continue with current technique",
    "power": "Good power output, maintain current intensity"
  },
  "safety_considerations": [
    "Maintain proper elbow alignment to prevent tennis elbow"
  ]
}