{
  "power_generation": {
    "explosiveness": 0.800426044246942,
    "force_transfer": 0.8308221923486625,
    "efficiency": 0.6432967704030792
  },
  "technical_metrics": {
    "precision": 0.8586619786964569,
    "consistency": 0.5402380020640505,
    "fluidity": 0.9260690432897536
  },
  "biomechanical_metrics": {
    "joint_loading": 0.6941454045890366,
    "muscle_activation": 0.9643910087399772,
    "energy_efficiency": 0.8345708461402495
  }
}