{
  "key_points": {
    "shoulders": [
      -0.17841855379160587,
      0.6785834292801384,
      0.040391261952262864
    ],
    "elbows": [
      -0.12773194679059738,
      0.5305899270912919,
      0.05237582299345714
    ],
    "wrists": [
      -0.32295436653884435,
      0.49165180250198226,
      -0.04673157927010101
    ],
    "hips": [
      0.08690808629342939,
      0.4821500506816663,
      -0.0606687225742911
    ],
    "knees": [
      -0.1140667579692094,
      0.3676021209270072,
      -0.00738143482441625
    ],
    "ankles": [
      -0.2444485423543438,
      0.24171519032289562,
      -0.03727096213061119
    ]
  },
  "angles": {
    "knee": 124.30367303963625,
    "hip": 58.58460593024648,
    "shoulder": 64.73710039894365,
    "elbow": 159.1220685094663
  },
  "analysis_scores": {
    "alignment": 0.7491862272916572,
    "balance": 0.7218249382094312,
    "form": 0.7091398648661553,
    "stability": 0.6101973418466216,
    "coordination": 0.746598937382819,
    "precision": 0.8153599528957652,
    "power": 0.6738445326812744,
    "efficiency": 0.7918569141615341,
    "safety": 0.9623072744050675,
    "overall": 0.9652476060564295,
    "shoulder": 0.7969982305936862,
    "elbow": 0.7946381250745165,
    "wrist": 0.9252436993697686,
    "hip": 0.6368487822564886,
    "knee": 0.8979274374244656,
    "ankle": 0.7668559937657882,
    "back": 0.9655490491317762,
    "neck": 0.866008310454257
  },
  "recommendations": {
    "form": "Good form, continue practicing with current technique",
    "alignment": "Good alignment, maintain current technique",
    "stability": "Good stability, continue with current technique",
    "power": "Good power output, maintain current intensity"
  },
  "safety_considerations": []
}