{
  "power_generation": {
    "explosiveness": 0.7006859984166871,
    "force_transfer": 0.5246239956390681,
    "efficiency": 0.6538081927045909
  },
  "technical_metrics": {
    "precision": 0.8432461890789671,
    "consistency": 0.8216441799554586,
    "fluidity": 0.8994937343057947
  },
  "biomechanical_metrics": {
    "joint_loading": 0.7432095396414629,
    "muscle_activation": 0.7686247567487033,
    "energy_efficiency": 0.5288883982005302
  }
}