{
  "key_points": {
    "shoulders": [
      0.041513583288547984,
      0.6608983543713531,
      -0.04830757945186475
    ],
    "elbows": [
      0.048552422898830494,
      0.5768660776995688,
      -0.003895875259103912
    ],
    "wrists": [
      0.22975235760996016,
      0.49600035986335417,
      -0.038374876620589964
    ],
    "hips": [
      0.08446114277656636,
      0.4014549236251243,
      -0.06878379975513967
    ],
    "knees": [
      -0.2870579518864606,
      0.21925910187485323,
      -0.007434120284986329
    ],
    "ankles": [
      0.3178268867538562,
      0.13957514541688773,
      0.03545534764308764
    ]
  },
  "angles": {
    "knee": 49.5358530121885,
    "hip": 60.6747050230689,
    "shoulder": 60.11125695243174,
    "elbow": 99.28995626599377
  },
  "analysis_scores": {
    "alignment": 0.6252879065262674,
    "balance": 0.696049574055641,
    "form": 0.8979679311762878,
    "stability": 0.8004821331515642,
    "coordination": 0.7213196332312296,
    "precision": 0.7723956194023259,
    "power": 0.8604071332143152,
    "efficiency": 0.6378939045314457,
    "safety": 0.9093812389993559,
    "overall": 0.6963934574648952,
    "shoulder": 0.696673407438766,
    "elbow": 0.9019547884164395,
    "wrist": 0.8227658974605915,
    "hip": 0.8365199002252364,
    "knee": 0.7707232372565134,
    "ankle": 0.9827374094543764,
    "back": 0.8038933441822351,
    "neck": 0.7237241122422309
  },
  "recommendations": {
    "form": "Focus on maintaining proper joint angles during movement",
    "alignment": "Good alignment, maintain current technique",
    "stability": "Good stability, continue with current technique",
    "power": "Good power output, maintain current intensity"
  },
  "safety_considerations": []
}