{
  "power_generation": {
    "explosiveness": 0.5059771162004677,
    "force_transfer": 0.5401674333797396,
    "efficiency": 0.5201870440065344
  },
  "technical_metrics": {
    "precision": 0.7552549815513477,
    "consistency": 0.8529023900758005,
    "fluidity": 0.5321035947870192
  },
  "biomechanical_metrics": {
    "joint_loading": 0.7092280341155466,
    "muscle_activation": 0.7055170995618856,
    "energy_efficiency": 0.8574429142347259
  }
}