{
  "key_points": {
    "shoulders": [
      -0.17641156683784193,
      0.5728014541940828,
      0.09809117174082096
    ],
    "elbows": [
      0.1708106456047182,
      0.44391634551895315,
      -0.04358024647308807
    ],
    "wrists": [
      -0.36965076252084295,
      0.3188937045952241,
      -0.07103021055899555
    ],
    "hips": [
      -0.13379186017764946,
      0.3892861262197341,
      0.07454229850221047
    ],
    "knees": [
      0.1508055946585316,
      0.2900397986463444,
      0.0312625760355445
    ],
    "ankles": [
      0.35371700817922835,
      0.2799030749299492,
      0.044430293355406075
    ]
  },
  "angles": {
    "knee": 50.40299768213407,
    "hip": 73.17580455875817,
    "shoulder": 72.13039618418136,
    "elbow": 112.15594994424295
  },
  "analysis_scores": {
    "alignment": 0.8893927344114381,
    "balance": 0.9933431585658595,
    "form": 0.9947867718706288,
    "stability": 0.7433485352411036,
    "coordination": 0.7270997065824674,
    "precision": 0.970675772830778,
    "power": 0.7875443735399701,
    "efficiency": 0.8189984817550473,
    "safety": 0.9041652963895087,
    "overall": 0.8330371125741467,
    "shoulder": 0.8463479000211767,
    "elbow": 0.8117721918401837,
    "wrist": 0.7683507804119653,
    "hip": 0.9100429130933787,
    "knee": 0.6927435916013245,
    "ankle": 0.7291525676326728,
    "back": 0.9286247362378173,
    "neck": 0.7245472816013376
  },
  "recommendations": {
    "form": "Good form, continue practicing with current technique",
    "alignment": "Work on maintaining symmetrical movement patterns",
    "stability": "Focus on maintaining proper posture and balance",
    "power": "Good power output, maintain current intensity"
  },
  "safety_considerations": []
}