{
  "power_generation": {
    "explosiveness": 0.8369837270246456,
    "force_transfer": 0.985273898046556,
    "efficiency": 0.7078261142668516
  },
  "technical_metrics": {
    "precision": 0.8193143067507508,
    "consistency": 0.5408401400531455,
    "fluidity": 0.6259102089330288
  },
  "biomechanical_metrics": {
    "joint_loading": 0.8278900507017081,
    "muscle_activation": 0.639197536349025,
    "energy_efficiency": 0.6129330649815656
  }
}