{
  "key_points": {
    "shoulders": [
      0.10499777935699339,
      0.6882935996067043,
      0.09199642374958905
    ],
    "elbows": [
      -0.3283808545914174,
      0.5224193005383944,
      0.09806912054660682
    ],
    "wrists": [
      0.03138781275606217,
      0.47650304060055265,
      0.061995497706339
    ],
    "hips": [
      -0.22441239898635956,
      0.32136000458713004,
      -0.06021377637721606
    ]
  },
  "angles": {
    "shoulder": 24.470576415254644,
    "elbow": 24.65499825383149
  },
  "analysis_scores": {
    "alignment": 0.9448007989841357,
    "balance": 0.6406999872125404,
    "form": 0.7725084216770696,
    "stability": 0.8238936576278711,
    "coordination": 0.8619624968950181,
    "precision": 0.6500581271774803,
    "power": 0.8455219316248322,
    "efficiency": 0.8360567481729533,
    "safety": 0.7943849985199929,
    "overall": 0.6396432938145781,
    "shoulder": 0.8280082266668407,
    "elbow": 1.0,
    "wrist": 1.0,
    "hip": 0.7247499620992153,
    "knee": 0.8244319981089335,
    "ankle": 0.9657338660629169,
    "back": 0.6207164808820195,
    "neck": 0.9620319295735636
  },
  "recommendations": {
    "form": "Good form, continue practicing with current technique",
    "alignment": "Good alignment, maintain current technique",
    "stability": "Good stability, continue with current technique",
    "power": "Good power output, maintain current intensity"
  },
  "safety_considerations": []
}