{
  "power_generation": {
    "explosiveness": 0.9071473266053056,
    "force_transfer": 0.9788768984213719,
    "efficiency": 0.642412673259454
  },
  "technical_metrics": {
    "precision": 0.9606657102212186,
    "consistency": 0.9792644422788466,
    "fluidity": 0.6622534726490419
  },
  "biomechanical_metrics": {
    "joint_loading": 0.6345403745560094,
    "muscle_activation": 0.8067145686524498,
    "energy_efficiency": 0.8723134839530258
  }
}