{
  "key_points": {
    "shoulders": [
      0.04100844971044054,
      0.5014894985875714,
      0.06581143779912266
    ],
    "elbows": [
      -0.2017948464856143,
      0.44435251130141223,
      0.011723875827578167
    ],
    "wrists": [
      0.24443654329751563,
      0.3138999369984924,
      0.09751373231067706
    ],
    "hips": [
      0.07565106450505055,
      0.38749690273266946,
      -0.018377322405944724
    ],
    "knees": [
      0.12518059670039577,
      0.28665160696089365,
      -0.02455546214610163
    ],
    "ankles": [
      -0.07020694972235575,
      0.15656355945627676,
      -0.04088176814625551
    ]
  },
  "angles": {
    "knee": 23.027414906943864,
    "hip": 147.58284852849064,
    "shoulder": 29.93895147836898,
    "elbow": 81.41834302282571
  },
  "analysis_scores": {
    "alignment": 0.6005721306797854,
    "balance": 0.6955536940260422,
    "form": 0.9247219802150621,
    "stability": 0.6625517145032034,
    "coordination": 0.7283439392126005,
    "precision": 0.7521257376509755,
    "power": 0.9727075125253366,
    "efficiency": 0.9792146125687198,
    "safety": 0.6670018989248833,
    "overall": 0.6219987698464295,
    "shoulder": 0.8246181152428713,
    "elbow": 0.7486466599368461,
    "wrist": 0.7250235510400392,
    "hip": 0.698602482215207,
    "knee": 0.7869260975925639,
    "ankle": 0.8937354212523658,
    "back": 0.9138001491816612,
    "neck": 0.9225780368682911
  },
  "recommendations": {
    "form": "Good form, continue practicing with current technique",
    "alignment": "Work on maintaining symmetrical movement patterns",
    "stability": "Focus on maintaining proper posture and balance",
    "power": "Good power output, maintain current intensity"
  },
  "safety_considerations": [
    "Ensure knees track over toes to prevent knee injuries",
    "Maintain proper hip alignment to prevent lower back strain"
  ]
}