{
  "power_generation": {
    "explosiveness": 0.783906013556511,
    "force_transfer": 0.5149216098072225,
    "efficiency": 0.7459834407418215
  },
  "technical_metrics": {
    "precision": 0.894124074358128,
    "consistency": 0.6242341377207199,
    "fluidity": 0.6316052154986547
  },
  "biomechanical_metrics": {
    "joint_loading": 0.6232242567897581,
    "muscle_activation": 0.7390240737699937,
    "energy_efficiency": 0.7367339490570888
  }
}